# run 1
CHANGE	eras/age_V/annals/age_V_01.json:EV-1007.body	the bridge at Cathair dhearg	->	Drochaid Cathair dhearg	|	 sent up by Pike, comes to the smiths' lane below the bridge at Cathair dhearg and works through the autumn 
CHANGE	eras/age_V/annals/age_V_02.json:EV-1532.body	the meeting of the ships	->	Coinneachadh nan Long	|	enn, rowed west by fishers of Achadh àrsaidh past the meeting of the ships, sees it sink below the sea's
CHANGE	eras/age_V/annals/age_V_02.json:EV-1537.title	the high custodian's	->	Ceann a' Chùraim's	|	Tull draws the high custodian's tooth
CHANGE	eras/age_V/annals/age_V_03.json:EV-2035.body	The Company's	->	A' Chompanaidh's	|	The Company's men at Ros dhomhain give up H
CHANGE	eras/age_V/annals/age_V_03.json:EV-2036.body	the Company	->	A' Chompanaidh	|	 dhearg, in their own tongue and under seal, that the Company has passed wholly to Thomas P
CHANGE	eras/age_V/annals/age_V_03.json:EV-2037.body	the Company	->	A' Chompanaidh	|	, its share of the vein-dues now paid in marks by the Company and fewer than before, finds 
CHANGE	eras/age_V/annals/age_V_03.json:EV-2038.body	the Company's	->	A' Chompanaidh's	|	oal by the sack at the market of Cathair mhòr off the Company's carts. Pàdraig Cam counts the
CHANGE	eras/age_V/annals/age_V_03.json:EV-2007.body	the Residency	->	Taigh an Àrd-mhaoir	|	ers it as read and filed. The same sitting grants the Residency leave to widen the road to Mu
CHANGE	eras/age_V/annals/age_V_03.json:EV-2040.body	the Small-Burning Law	->	Lagh an Loscaidh Bhig	|	est from Dùn dhearg with her letter in defence of the Small-Burning Law sewn in calfskin. She lodges 
CHANGE	eras/age_V/annals/age_V_03.json:EV-2008.title	The Company's	->	A' Chompanaidh's	|	The Company's agents seize the hawk sermon 
CHANGE	eras/age_V/annals/age_V_03.json:EV-2008.body	The Company's	->	A' Chompanaidh's	|	The Company's agents at Muileann chrom go f
CHANGE	eras/age_V/annals/age_V_03.json:EV-2045.title	The Company's	->	A' Chompanaidh's	|	The Company's accounts filed beside the def
CHANGE	eras/age_V/annals/age_V_03.json:EV-2045.body	the Company's	->	A' Chompanaidh's	|	The copy of the Company's half-year accounts, sent in a
CHANGE	eras/age_V/annals/age_V_03.json:EV-2046.body	the Commissioner's	->	An t-Àrd-mhaor's	|	dox comes before the council at Cathair dhearg in the Commissioner's carriage, greets each custodi
CHANGE	eras/age_V/annals/age_V_03.json:EV-2046.body	the Company's	->	A' Chompanaidh's	|	ouble the yield of the pits. He does not speak of the Company's letter promising him a share 
CHANGE	eras/age_V/annals/age_V_03.json:EV-2009.body	the Company's	->	A' Chompanaidh's	|	Before the Company's fellers come, the woodreeve o
CHANGE	eras/age_V/annals/age_V_03.json:EV-2009.body	the Holy Age	->	An Aois Naomh	|	ring lot had fallen on, as the town had cut since the Holy Age, and plant six acorns in the 
CHANGE	eras/age_V/annals/age_V_03.json:EV-2047.body	the Company's	->	A' Chompanaidh's	|	 that the custodians of Cathair fhada, in debt to the Company's store for seed, had the right
CHANGE	eras/age_V/annals/age_V_04.json:EV-2513.body	the dry cough	->	An Casad Tioram	|	With the dry cough running through the summer am
CHANGE	eras/age_V/annals/age_V_04.json:EV-2514.body	the dry cough	->	An Casad Tioram	|	At the harvests after the fall and after the dry cough the crews of Muileann chrom a
CHANGE	eras/age_V/annals/age_V_04.json:EV-2515.body	the dry cough	->	An Casad Tioram	|	hòmhnaill drives fourteen orphans of the fall and the dry cough in a borrowed cart from Muile
CHANGE	eras/age_V/annals/age_V_05.json:EV-3045.body	the house of disputation	->	Taigh na Deasbaid	|	In the autumn three students of the house of disputation at Dùn thais walk over the hi
CHANGE	eras/age_V/annals/age_V_05.json:EV-3007.body	the charter of Cathair gheal	->	Cairt Chathair gheal	|	The council at Cathair dhearg protests the charter of Cathair gheal, which names no custodian, an
CHANGE	eras/age_V/annals/age_V_05.json:EV-3007.body	the Company's	->	A' Chompanaidh's	|	of the carting families, who worked five years at the Company's weigh-house.
CHANGE	eras/age_V/annals/age_V_05.json:EV-3047.body	The Mission's	->	Teachdaireachd na h-Eaglaise's	|	he spring, they sell no more, and give no reason. The Mission's letters speak of a coolness a
CHANGE	eras/age_V/annals/age_V_05.json:EV-3048.body	a Company ship	->	a ship of A' Chompanaidh	|	n of Eachann Mòr, thirteen years old, goes aboard a Company ship at the quay below the Residen
CHANGE	eras/age_V/annals/age_V_05.json:EV-3048.body	the Residency	->	Taigh an Àrd-mhaoir	|	old, goes aboard a Company ship at the quay below the Residency at Ros dhomhain with the Miss
CHANGE	eras/age_V/annals/age_V_05.json:EV-3048.body	the Mission's	->	Teachdaireachd na h-Eaglaise's	|	the quay below the Residency at Ros dhomhain with the Mission's letter and a purse of marks s
CHANGE	eras/age_V/annals/age_V_05.json:EV-3008.body	the Mission school	->	Scoil na Teachdaireachd	|	 writes to his son in Dia-thìris, pays a pupil of the Mission school to put it into the humans' to
CHANGE	eras/age_V/annals/age_V_05.json:EV-3049.body	the Mission's	->	Teachdaireachd na h-Eaglaise's	|	father's parish. The custodians of Inis bhàn keep the Mission's complaint about their pupils 
CHANGE	eras/age_V/annals/age_V_05.json:EV-3009.title	the Company's	->	A' Chompanaidh's	|	The passenger line read at the Company's counter
CHANGE	eras/age_V/annals/age_V_05.json:EV-3009.body	the Company's	->	A' Chompanaidh's	|	ird year after his son sailed Eachann Mòr asks at the Company's counter at Ros dhomhain after
CHANGE	eras/age_V/annals/age_V_05.json:EV-3051.body	the house of disputation	->	Taigh na Deasbaid	|	be harmed by a road it was not on, to the door of the house of disputation at Dùn thais beside the carve
CHANGE	eras/age_V/annals/age_V_05.json:EV-3052.body	The Company's	->	A' Chompanaidh's	|	The Company's search party of eight men goe
CHANGE	eras/age_V/annals/age_V_05.json:EV-3052.body	the Residency	->	Taigh an Àrd-mhaoir	|	o further for pay or threats. The agent writes to the Residency that the men are idle.
CHANGE	eras/age_V/annals/age_V_05.json:EV-3054.body	the Mission	->	Teachdaireachd na h-Eaglaise	|	Ros dhomhain quays at two and twenty, sent out by the Mission with a chest of linen and ins
CHANGE	eras/age_V/annals/age_V_05.json:EV-3055.body	A Mission pupil	->	A pupil of Teachdaireachd na h-Eaglaise	|	A Mission pupil of fifteen, Barabal nic Dhùgh
CHANGE	eras/age_V/annals/age_V_05.json:EV-3010.title	The Company's	->	A' Chompanaidh's	|	The Company's surgeon visits once
CHANGE	eras/age_V/annals/age_V_05.json:EV-3010.body	The Company's	->	A' Chompanaidh's	|	The Company's own surgeon comes to the chap
CHANGE	eras/age_V/annals/age_V_05.json:EV-3058.body	the Mission's	->	Teachdaireachd na h-Eaglaise's	|	Anne Colby has the Mission's chapel at Ros dhomhain opened
CHANGE	eras/age_V/annals/age_V_05.json:EV-3062.title	The Company	->	A' Chompanaidh	|	The Company fines Seann Vell for the shut
CHANGE	eras/age_V/annals/age_V_05.json:EV-3063.title	the Residency	->	Taigh an Àrd-mhaoir	|	Arthur Lisle dies at the Residency
CHANGE	eras/age_V/annals/age_V_05.json:EV-3063.body	the Residency	->	Taigh an Àrd-mhaoir	|	Arthur Lisle dies at the Residency above Ros dhomhain of a fever
CHANGE	eras/age_V/annals/age_V_05.json:EV-3063.body	Commissioner	->	Àrd-mhaor	|	 signing papers to the last. He is one and sixty, Commissioner twenty years, remembered by t
CHANGE	eras/age_V/annals/age_V_05.json:EV-3064.body	the Company	->	A' Chompanaidh	|	dies at two and seventy in the slate-roofed house the Company built him above the pit he fi
CHANGE	eras/age_V/annals/age_V_05.json:EV-3065.title	The Company	->	A' Chompanaidh	|	The Company gives Dòmhnall his father's s
CHANGE	eras/age_V/annals/age_V_05.json:EV-3066.body	The Mission	->	Teachdaireachd na h-Eaglaise	|	The Mission sends the cleric Edwin Lowe u
CHANGE	eras/age_V/annals/age_V_06.json:EV-3514.body	the Company's	->	A' Chompanaidh's	|	Martha Gale brings the Company's offer of partnership to the s
CHANGE	eras/age_V/annals/age_V_06.json:EV-3514.body	the silver guild	->	Comann an Airgid	|	Gale brings the Company's offer of partnership to the silver guild hall at Muileann chiar. A cle
CHANGE	eras/age_V/annals/age_V_06.json:EV-3515.body	the obelisk at Cnoc bheag	->	Carragh Cnoc bheag	|	noc chiar pillar beside Samuel Wren's old copy of the obelisk at Cnoc bheag and judges the two hands are 
CHANGE	eras/age_V/annals/age_V_06.json:EV-3516.body	his Company glazing	->	his glazing of A' Chompanaidh	|	When his Company glazing contract ends, Peter Voss doe
CHANGE	eras/age_V/annals/age_V_06.json:EV-3518.body	the column at Cnoc ghorm	->	Calbh Cnoc ghorm	|	takes ship at Ros dhomhain the year after copying the column at Cnoc ghorm, his notebooks sealed under h
CHANGE	eras/age_V/annals/age_V_06.json:EV-3519.title	the Company's	->	A' Chompanaidh's	|	Ùna nic Choinnich questions the Company's beam
CHANGE	eras/age_V/annals/age_V_06.json:EV-3519.body	the Company's	->	A' Chompanaidh's	|	ch, some eighty winters old, has the paragraph on the Company's weighing-beam read a third ti
CHANGE	eras/age_V/annals/age_V_06.json:EV-3520.body	the Company's	->	A' Chompanaidh's	|	The guild hall at Muileann chiar refuses the Company's partnership by every hand but
CHANGE	eras/age_V/annals/age_V_06.json:EV-3523.body	a Company contract	->	a contract of A' Chompanaidh	|	cil of Dùn chiar votes twenty-six to nine to take a Company contract for camp canvas, against the 
CHANGE	eras/age_V/annals/age_V_06.json:EV-3525.body	the Company's	->	A' Chompanaidh's	|	After the Company's great steelyard is hung at Ro
CHANGE	eras/age_V/annals/age_V_06.json:EV-3527.body	the silver guild	->	Comann an Airgid	|	Muileann chiar, eighty-five years old, having led the silver guild since before the strangers' f
CHANGE	eras/age_V/annals/age_V_06.json:EV-3527.body	the strangers' fever	->	Fiabhras nan Coigreach	|	ars old, having led the silver guild since before the strangers' fever and twice put the Company's o
CHANGE	eras/age_V/annals/age_V_06.json:EV-3527.body	the Company's	->	A' Chompanaidh's	|	d since before the strangers' fever and twice put the Company's offers to a show of hands and
CHANGE	eras/age_V/annals/age_V_06.json:EV-3529.title	the green acre	->	An Acair Uaine	|	The first grave dug in the green acre
CHANGE	eras/age_V/annals/age_V_06.json:EV-3530.body	the Company agent	->	A' Chompanaidh's agent	|	 with its bedding before the next nightfall, over the Company agent's written protest at the loss
CHANGE	eras/age_V/annals/age_V_06.json:EV-3531.body	the Green Death	->	A' Phlàigh Uaine	|	k who keeps the roll of settlements with cases of the Green Death leaves a blank line after the
CHANGE	eras/age_V/annals/age_V_06.json:EV-3507.body	Commissioner	->	Àrd-mhaor	|	Commissioner Crane walks the worst of the 
CHANGE	eras/age_V/annals/age_V_06.json:EV-3532.body	the Green Death's	->	A' Phlàigh Uaine's	|	uled black-bound book of the lungs he weighs from the Green Death's dead, with the custodians' le
CHANGE	eras/age_V/annals/age_V_06.json:EV-3509.body	the Mission	->	Teachdaireachd na h-Eaglaise	|	Anne Colby, unsent by the Mission and unasked by any custodian,
CHANGE	eras/age_V/annals/age_V_06.json:EV-3509.body	the Green Death	->	A' Phlàigh Uaine	|	eitris Bhàn what her own hands have taught her of the Green Death. The two begin washing the ca
CHANGE	eras/age_V/annals/age_V_06.json:EV-3534.body	the Mission	->	Teachdaireachd na h-Eaglaise	|	s weighing in other men's lungs, and is buried by the Mission apart from the green acre and
CHANGE	eras/age_V/annals/age_V_06.json:EV-3534.body	the green acre	->	An Acair Uaine	|	's lungs, and is buried by the Mission apart from the green acre and the field at Cnoc naomh. 
CHANGE	eras/age_V/annals/age_V_06.json:EV-3534.body	the Residency	->	Taigh an Àrd-mhaoir	|	and the field at Cnoc naomh. His book is filed at the Residency and never taken up by any phy
CHANGE	eras/age_V/annals/age_V_07.json:EV-4001.body	the Green Death	->	A' Phlàigh Uaine	|	we to close the third and fourth galleries, where the Green Death struck worst, until the surge
CHANGE	eras/age_V/annals/age_V_07.json:EV-4011.title	the green acre	->	An Acair Uaine	|	The shrine women keep the green acre through the stoppage
CHANGE	eras/age_V/annals/age_V_07.json:EV-4011.body	the green acre	->	An Acair Uaine	|	men go on leaving dishes of meal on the mounds of the green acre where the Green Death's dead 
CHANGE	eras/age_V/annals/age_V_07.json:EV-4011.body	the Green Death's	->	A' Phlàigh Uaine's	|	hes of meal on the mounds of the green acre where the Green Death's dead were laid, finding a lit
CHANGE	eras/age_V/annals/age_V_07.json:EV-4017.body	every Company pit	->	every pit of A' Chompanaidh	|	With her savings spent and refused work at every Company pit, Catrìona nic Eachainn takes 
CHANGE	eras/age_V/annals/age_V_07.json:EV-4018.title	The silver guild's	->	Comann an Airgid's	|	The silver guild's hands vote to take Catrìona o
CHANGE	eras/age_V/annals/age_V_07.json:EV-4019.title	The Company	->	A' Chompanaidh	|	The Company writes to Muileann chiar for 
CHANGE	eras/age_V/annals/age_V_07.json:EV-4019.body	the silver guild	->	Comann an Airgid	|	anaidh's counting-house at Ros dhomhain writes to the silver guild asking that Catrìona nic Each
CHANGE	eras/age_V/annals/age_V_07.json:EV-4004.body	the Residency's	->	Taigh an Àrd-mhaoir's	|	oin. Beathag Ruadh lets it pass unremarked before the Residency's clerk, and tells Fearghas mac
CHANGE	eras/age_V/annals/age_V_07.json:EV-4020.title	the Residency's	->	Taigh an Àrd-mhaoir's	|	The order blesses the Residency's first coin
CHANGE	eras/age_V/annals/age_V_07.json:EV-4020.body	the Residency clerk	->	Taigh an Àrd-mhaoir's clerk	|	s his place and says the words, though he watches the Residency clerk carry the satchel out and fin
CHANGE	eras/age_V/annals/age_V_07.json:EV-4021.title	the warm springs	->	Fuarain Theth Muileann ruadh	|	A penny at the door of the warm springs
CHANGE	eras/age_V/annals/age_V_07.json:EV-4021.body	the Administration	->	Riaghaltas nan Coigreach	|	The bath-house the Administration built at the warm springs nea
CHANGE	eras/age_V/annals/age_V_07.json:EV-4021.body	the warm springs	->	Fuarain Theth Muileann ruadh	|	The bath-house the Administration built at the warm springs near Muileann ruadh opens to 
CHANGE	eras/age_V/annals/age_V_07.json:EV-4005.body	The Council of Custodians	->	Comhairle a' Chùraim	|	The Council of Custodians, unable to agree a head since
CHANGE	eras/age_V/annals/age_V_07.json:EV-4005.body	high custodian	->	Ceann a' Chùraim	|	h, seats Artair mac Iain of the eastern shires as high custodian, six-and-fifty years old, in 
CHANGE	eras/age_V/annals/age_V_07.json:EV-4005.body	the treaty	->	Cùmhnant Cathair dhearg	|	, in the hall where Tormod mac Ailein once signed the treaty. Fearghas mac Mhuirich says t
CHANGE	eras/age_V/annals/age_V_07.json:EV-4022.body	the silver guild	->	Comann an Airgid	|	As Muileann chiar's lanes fill past holding, the silver guild raises a second town a mile t
CHANGE	eras/age_V/annals/age_V_07.json:EV-4023.title	the Company's	->	A' Chompanaidh's	|	The guild refuses the Company's price a third time
CHANGE	eras/age_V/annals/age_V_07.json:EV-4023.body	The Company	->	A' Chompanaidh	|	The Company asks a third time that the si
CHANGE	eras/age_V/annals/age_V_07.json:EV-4023.body	the silver guild	->	Comann an Airgid	|	The Company asks a third time that the silver guild sell at the Company's own pri
CHANGE	eras/age_V/annals/age_V_07.json:EV-4023.body	the Company's	->	A' Chompanaidh's	|	y asks a third time that the silver guild sell at the Company's own price, naming a magistrat
CHANGE	eras/age_V/annals/age_V_07.json:EV-4024.body	A Residency crier	->	A crier of Taigh an Àrd-mhaoir	|	A Residency crier reads the second cheapening o
CHANGE	eras/age_V/annals/age_V_07.json:EV-4025.body	The Company	->	A' Chompanaidh	|	arket and load it for their own crossing instead. The Company, holding the only deep-water 
CHANGE	eras/age_V/annals/age_V_07.json:EV-4026.body	the Company	->	A' Chompanaidh	|	 by selling boats. Eleven of two-and-twenty go to the Company at its own asking price, and 
CHANGE	eras/age_V/annals/age_V_07.json:EV-4026.body	Company contracts	->	A' Chompanaidh's contracts	|	 them go into the pits the following season under Company contracts.
CHANGE	eras/age_V/annals/age_V_07.json:EV-4006.title	The Residency	->	Taigh an Àrd-mhaoir	|	The Residency notes the order divided
CHANGE	eras/age_V/annals/age_V_07.json:EV-4006.body	the Residency	->	Taigh an Àrd-mhaoir	|	Word of Fearghas mac Mhuirich's refusal reaches the Residency within the month. Tolley, nea
CHANGE	eras/age_V/annals/age_V_07.json:EV-4006.body	the Residency's	->	Taigh an Àrd-mhaoir's	|	ey, near his own retiring, does not send for him; the Residency's letter-book records only that
CHANGE	eras/age_V/annals/age_V_07.json:EV-4028.body	the Administration's	->	Riaghaltas nan Coigreach's	|	Asked to bless the Administration's larger second coin as the fir
CHANGE	eras/age_V/annals/age_V_07.json:EV-4030.body	the sacred forest at Cnoc bheag	->	Coille Naomh Cnoc bheag	|	with eleven of the order who think as he does, to the sacred forest at Cnoc bheag. Griogair, eldest of those wh
CHANGE	eras/age_V/annals/age_V_07.json:EV-4031.body	the first fire	->	Teine a' Chlachair	|	vening of the spring Fearghas mac Mhuirich lights the first fire there and says the rite of th
CHANGE	eras/age_V/annals/age_V_07.json:EV-4007.title	The Levy	->	An Togail	|	The Levy read at Cnoc thais
CHANGE	eras/age_V/annals/age_V_07.json:EV-4007.body	The Levy's	->	An Togail's	|	The Levy's officers read their list at C
CHANGE	eras/age_V/annals/age_V_07.json:EV-4033.title	the Levy	->	An Togail	|	The concession's human farmers spared the Levy
CHANGE	eras/age_V/annals/age_V_07.json:EV-4033.body	the Levy	->	An Togail	|	In the northern concession the Levy falls on every Dia-thìreach h
CHANGE	eras/age_V/annals/age_V_07.json:EV-4033.body	the Administration's	->	Riaghaltas nan Coigreach's	|	 Levy falls on every Dia-thìreach household while the Administration's own leaseholders pay nothing,
CHANGE	eras/age_V/annals/age_V_07.json:EV-4033.body	the Administration's	->	Riaghaltas nan Coigreach's	|	he reason that the concession's tenants answer to the Administration's leave alone.
CHANGE	eras/age_V/annals/age_V_07.json:EV-4034.body	The Levy	->	An Togail	|	The Levy is read at the market cross o
CHANGE	eras/age_V/annals/age_V_08.json:EV-4513.body	the Company's	->	A' Chompanaidh's	|	he coast's custom, and sends him to the camps for the Company's ration rather than keep him a
CHANGE	eras/age_V/annals/age_V_08.json:EV-4514.body	the Mission kitchen	->	Teachdaireachd na h-Eaglaise's kitchen	|	is fed through the second winter of the hunger by the Mission kitchen at the harbour, which serves 
CHANGE	eras/age_V/annals/age_V_08.json:EV-4515.title	the Residency	->	Taigh an Àrd-mhaoir	|	Anne Colby's letter to the Residency
CHANGE	eras/age_V/annals/age_V_08.json:EV-4515.body	the Residency	->	Taigh an Àrd-mhaoir	|	 relief ship idle at anchor, Anne Colby writes to the Residency at Ros dhomhain asking only w
CHANGE	eras/age_V/annals/age_V_08.json:EV-4515.body	Commissioner	->	Àrd-mhaor	|	ames no one and settles nothing, noting only that Commissioner Tolley has heard her concern.
CHANGE	eras/age_V/annals/age_V_08.json:EV-4516.body	the Residency	->	Taigh an Àrd-mhaoir	|	f ship's holds are opened at last when a clerk of the Residency and a clerk of the Company se
CHANGE	eras/age_V/annals/age_V_08.json:EV-4516.body	the Company	->	A' Chompanaidh	|	last when a clerk of the Residency and a clerk of the Company set men to the work themselve
CHANGE	eras/age_V/annals/age_V_08.json:EV-4517.body	the Mission's	->	Teachdaireachd na h-Eaglaise's	|	Anne Colby goes north to Baile chrom to run the Mission's kitchen in a net-shed by the 
CHANGE	eras/age_V/annals/age_V_08.json:EV-4518.body	the Mission's	->	Teachdaireachd na h-Eaglaise's	|	en Anne Colby keeps a book of her own, apart from the Mission's, writing every name she feeds
CHANGE	eras/age_V/annals/age_V_08.json:EV-4519.title	The Levy	->	An Togail	|	The Levy read ended at Baile chrom
CHANGE	eras/age_V/annals/age_V_08.json:EV-4519.body	the Levy	->	An Togail	|	The clerk who first read the Levy at the market cross of Baile 
CHANGE	eras/age_V/annals/age_V_08.json:EV-4504.body	the Levy's	->	An Togail's	|	ys, carrying her cloak and her village's slate of the Levy's and the famine's dead rolled 
CHANGE	eras/age_V/annals/age_V_08.json:EV-4522.body	the Company's	->	A' Chompanaidh's	|	Once the tithe goes up on the Company's boards before any custodian's
CHANGE	eras/age_V/annals/age_V_08.json:EV-4523.body	the Company's	->	A' Chompanaidh's	|	e eastern coast tells the gathered custodians how the Company's store at Seann Dunn, opened a
CHANGE	eras/age_V/annals/age_V_08.json:EV-4505.title	the Residency	->	Taigh an Àrd-mhaoir	|	Peigi Ghlas at the Residency
CHANGE	eras/age_V/annals/age_V_08.json:EV-4525.body	the Residency's	->	Taigh an Àrd-mhaoir's	|	clerk receives her, Peigi Ghlas is turned back at the Residency's gate once and kept waiting a 
CHANGE	eras/age_V/annals/age_V_08.json:EV-4530.body	the Levy	->	An Togail	|	àrd sings his first finished song, four verses on the Levy and the famine, at the pit-mo
CHANGE	eras/age_V/annals/age_V_08.json:EV-4532.body	the silver guild's	->	Comann an Airgid's	|	Riding east on the silver guild's business, Fearchar Bàrd sits 
CHANGE	eras/age_V/annals/age_V_08.json:EV-4532.body	six Company carters	->	six carters of A' Chompanaidh	|	 sits unknown at An Taigh-òsta Grianach and hears six Company carters sing his granary song through
CHANGE	eras/age_V/annals/age_V_08.json:EV-4533.body	the silver guild's	->	Comann an Airgid's	|	Fearchar Bàrd, at Ros dhomhain on the silver guild's errand, watches the Company's
CHANGE	eras/age_V/annals/age_V_08.json:EV-4533.body	the Company's	->	A' Chompanaidh's	|	os dhomhain on the silver guild's errand, watches the Company's first iron steamship take on 
CHANGE	eras/age_V/annals/age_V_08.json:EV-4535.body	The Company	->	A' Chompanaidh	|	The Company rings the pithead at Baile th
CHANGE	eras/age_V/annals/age_V_08.json:EV-4509.body	high custodian	->	Ceann a' Chùraim	|	Artair mac Iain, high custodian for twenty and four years, di
CHANGE	eras/age_V/annals/age_V_08.json:EV-4540.title	The Administration's	->	Riaghaltas nan Coigreach's	|	The Administration's watchman recalled from Allt a
CHANGE	eras/age_V/annals/age_V_08.json:EV-4540.body	The Administration posts	->	Riaghaltas nan Coigreach's posts	|	The Administration posts a watchman at Allt an Àigh to
CHANGE	eras/age_V/annals/age_V_08.json:EV-4511.body	The Mission's	->	Teachdaireachd na h-Eaglaise's	|	The Mission's physician at Baile Mòr ruadh,
CHANGE	eras/age_V/annals/age_V_08.json:EV-4511.body	the Mission's	->	Teachdaireachd na h-Eaglaise's	|	d its deep wells were sunk through. His report to the Mission's house at Cathair dhearg is th
CHANGE	eras/age_V/annals/age_V_08.json:EV-4512.body	Commissioner	->	Àrd-mhaor	|	f the ten drought districts' custodians petitions Commissioner Haskins in her own hand, unkn
CHANGE	eras/age_V/annals/age_V_08.json:EV-4512.body	the Company's	->	A' Chompanaidh's	|	 her own hand, unknown to the others, asking that the Company's quota be set aside until two 
CHANGE	eras/age_V/annals/age_V_08.json:EV-4512.body	the Residency	->	Taigh an Àrd-mhaoir	|	ted. Iseabail nic Leòid rides her own petition to the Residency and is told, as every other h
CHANGE	eras/age_V/annals/age_V_08.json:EV-4542.title	The Mission	->	Teachdaireachd na h-Eaglaise	|	The Mission bores wells that hold at Acha
CHANGE	eras/age_V/annals/age_V_08.json:EV-4542.body	the Mission	->	Teachdaireachd na h-Eaglaise	|	Following Coll's report, the Mission bores new wells at Achadh she
CHANGE	eras/age_V/annals/age_V_08.json:EV-4542.body	the Mission's	->	Teachdaireachd na h-Eaglaise's	|	 custodians of the drought country begin entering the Mission's wells and the Company's unmov
CHANGE	eras/age_V/annals/age_V_08.json:EV-4542.body	the Company's	->	A' Chompanaidh's	|	ht country begin entering the Mission's wells and the Company's unmoved quota on facing pages
CHANGE	eras/age_V/annals/age_V_08.json:EV-4543.title	The Mission's	->	Teachdaireachd na h-Eaglaise's	|	The Mission's rig strikes water at Achadh s
CHANGE	eras/age_V/annals/age_V_08.json:EV-4543.body	the Mission's	->	Teachdaireachd na h-Eaglaise's	|	A third well bored by the Mission's rig on the moor above Achadh 
CHANGE	eras/age_V/annals/age_V_09.json:EV-5010.title	The Company's	->	A' Chompanaidh's	|	The Company's survey marks the Hale cutting
CHANGE	eras/age_V/annals/age_V_09.json:EV-5010.body	the Company's	->	A' Chompanaidh's	|	Hale a small sum to sign it over rather than test the Company's claim.
CHANGE	eras/age_V/annals/age_V_09.json:EV-5011.body	the Company's	->	A' Chompanaidh's	|	ile dhìreach to Ros dhomhain and files a claim at the Company's court, a copy of his grandmot
CHANGE	eras/age_V/annals/age_V_09.json:EV-5012.body	the Company's	->	A' Chompanaidh's	|	o that Thomas Hale may carry proof of the line to the Company's court.
CHANGE	eras/age_V/annals/age_V_09.json:EV-5013.title	the Company's	->	A' Chompanaidh's	|	Dunstan's ruling read at the Company's counter
CHANGE	eras/age_V/annals/age_V_09.json:EV-5013.body	the Administration	->	Riaghaltas nan Coigreach	|	n a custodian's roll, however old, creates a line the Administration recognises, and confirms the 
CHANGE	eras/age_V/annals/age_V_09.json:EV-5013.body	the Company	->	A' Chompanaidh	|	istration recognises, and confirms the cutting to the Company.
CHANGE	eras/age_V/annals/age_V_09.json:EV-5001.body	Dunstan's rule	->	Riaghailt Dunstan	|	hìrich and humans in her roll, judging that under Dunstan's rule such an entry has become a pa
CHANGE	eras/age_V/annals/age_V_09.json:EV-5016.body	the Company's	->	A' Chompanaidh's	|	r of the Cnoc chaol sorting-floor, is taken up by the Company's constables over a dispute at 
CHANGE	eras/age_V/annals/age_V_09.json:EV-5016.body	the Company's	->	A' Chompanaidh's	|	t-weighted cartload he did not cut. He is held in the Company's lock-up pending a hearing nev
CHANGE	eras/age_V/annals/age_V_09.json:EV-5002.body	the Company's	->	A' Chompanaidh's	|	Griogair mac Ailein dies in the Company's lock-up at Cnoc chaol of a fe
CHANGE	eras/age_V/annals/age_V_09.json:EV-5002.body	the Company's	->	A' Chompanaidh's	|	in the Company's lock-up at Cnoc chaol of a fever the Company's own surgeon records as alread
CHANGE	eras/age_V/annals/age_V_09.json:EV-5003.body	the Administration's	->	Riaghaltas nan Coigreach's	|	own along the coast for his hard-won knowledge of the Administration's law, to stand at Griogair mac
CHANGE	eras/age_V/annals/age_V_09.json:EV-5003.body	the Company surgeon	->	A' Chompanaidh's surgeon	|	stand at Griogair mac Ailein's graveside and read the Company surgeon's note releasing the body.
CHANGE	eras/age_V/annals/age_V_09.json:EV-5017.body	The burial club	->	Comann an Adhlacaidh	|	The burial club newly begun among the pit cre
CHANGE	eras/age_V/annals/age_V_09.json:EV-5017.body	the Lamp-Watch	->	Faire nan Lòchran	|	ews of Baile thais and Cnoc chaol, calling itself the Lamp-Watch among its own members, gather
CHANGE	eras/age_V/annals/age_V_09.json:EV-5017.body	the Company's	->	A' Chompanaidh's	|	, meaning his burying to be seen done properly in the Company's own eye.
CHANGE	eras/age_V/annals/age_V_09.json:EV-5018.body	the Company's	->	A' Chompanaidh's	|	Hale reads Griogair mac Ailein's release aloud in the Company's own tongue before some thirty
CHANGE	eras/age_V/annals/age_V_09.json:EV-5018.body	the Company's	->	A' Chompanaidh's	|	rk may afterward say the burying was done without the Company's leave.
CHANGE	eras/age_V/annals/age_V_09.json:EV-5019.body	Commissioner	->	Àrd-mhaor	|	Robert Haskins, sixty-nine years old and Commissioner nine years, sails from Ros dh
CHANGE	eras/age_V/annals/age_V_09.json:EV-5019.body	the Company	->	A' Chompanaidh	|	ars, sails from Ros dhomhain after a quarrel with the Company over the price of a steamship
CHANGE	eras/age_V/annals/age_V_09.json:EV-5020.body	Commissioner	->	Àrd-mhaor	|	ng in Dia-thìris, badly and unprompted, the first Commissioner in living memory to do so wit
CHANGE	eras/age_V/annals/age_V_09.json:EV-5004.body	the Mission's	->	Teachdaireachd na h-Eaglaise's	|	 to Comhairle a' Chùraim before finishing through the Mission's interpreter, telling the coun
CHANGE	eras/age_V/annals/age_V_09.json:EV-5021.body	night-shift order	->	Àithne na h-Oidhche	|	Vane's night-shift order is read at every pit-mouth fr
CHANGE	eras/age_V/annals/age_V_09.json:EV-5023.body	The Company	->	A' Chompanaidh	|	The Company brings crews up the tram-road
CHANGE	eras/age_V/annals/age_V_09.json:EV-5025.body	the Company's	->	A' Chompanaidh's	|	The potteries of Baile ghorm take the Company's contract for clay coal-lamp b
CHANGE	eras/age_V/annals/age_V_09.json:EV-5005.title	The Lamp-Watch's	->	Faire nan Lòchran's	|	The Lamp-Watch's purse runs dry
CHANGE	eras/age_V/annals/age_V_09.json:EV-5005.body	The Lamp-Watch	->	Faire nan Lòchran	|	The Lamp-Watch, keeping the households of th
CHANGE	eras/age_V/annals/age_V_09.json:EV-5026.body	the Company	->	A' Chompanaidh	|	' own scripture asks of a field. He does not name the Company; the chapel knows his meaning
CHANGE	eras/age_V/annals/age_V_09.json:EV-5027.body	the Company's	->	A' Chompanaidh's	|	Recalled within the season on the Company's complaint, Matthew Dunne, thr
CHANGE	eras/age_V/annals/age_V_09.json:EV-5027.body	The Lamp-Watch	->	Faire nan Lòchran	|	d goes down to the Ros dhomhain quay in the rain. The Lamp-Watch has a copy of his fallow-year
CHANGE	eras/age_V/annals/age_V_09.json:EV-5028.title	Donnchadh's cough	->	Casad Dhonnchaidh	|	The camps begin saying Donnchadh's cough
CHANGE	eras/age_V/annals/age_V_09.json:EV-5028.body	the lung-rot	->	Grodadh nan Scamhan	|	Among the Dia-thìrich hewers of Cnoc chaol the lung-rot spares more than it takes, un
CHANGE	eras/age_V/annals/age_V_09.json:EV-5028.body	Donnchadh's cough	->	Casad Dhonnchaidh	|	ter was born, call any such cough among their own Donnchadh's cough, and say no more.
CHANGE	eras/age_V/annals/age_V_09.json:EV-5006.body	The Residency	->	Taigh an Àrd-mhaoir	|	The Residency answers Iain Maor's letter wi
CHANGE	eras/age_V/annals/age_V_09.json:EV-5029.body	The Company's	->	A' Chompanaidh's	|	The Company's iron road opens from the pits
CHANGE	eras/age_V/annals/age_V_09.json:EV-5030.body	the cellar at Muileann chaol	->	Seilear Muileann chaol	|	an among the ordinary births of the year, reaches the cellar at Muileann chaol folded into a roll like any o
CHANGE	eras/age_V/annals/age_V_09.json:EV-5007.body	the three households	->	Na Trì Teaghlaichean	|	 with a plain hand at his letters, is taken on by the three households of the cellar when Seònag Bhà
CHANGE	eras/age_V/annals/age_V_09.json:EV-5031.body	The Administration's count of the people	->	Cunntas an Riaghaltais	|	The Administration's count of the people passes through the cellar amo
CHANGE	eras/age_V/annals/age_V_09.json:EV-5031.body	the Residency's	->	Taigh an Àrd-mhaoir's	|	unt of the people passes through the cellar among the Residency's business the custodians think
CHANGE	eras/age_V/annals/age_V_09.json:EV-5032.body	the Administration's	->	Riaghaltas nan Coigreach's	|	A letter reaching the cellar notes that the Administration's surveyors, walking the edge o
CHANGE	eras/age_V/annals/age_V_09.json:EV-5034.body	the three households	->	Na Trì Teaghlaichean	|	Winter on winter the three households of the cellar copy the whole 
CHANGE	eras/age_V/annals/age_V_09.json:EV-5035.body	The three households	->	Na Trì Teaghlaichean	|	receipt for a delivery the cellar never received. The three households learn only then that a second
CHANGE	eras/age_V/annals/age_V_10.json:EV-5510.body	the cellar at Muileann chaol	->	Seilear Muileann chaol	|	Copying the roll of the camp at Àth ìseal in the cellar at Muileann chaol, Cailean mac Eachainn reads p
CHANGE	eras/age_V/annals/age_V_10.json:EV-5511.title	the Line of Aisling	->	Sloinneadh Aisling	|	Ealasaid of Clann na Ceiste says the Line of Aisling
CHANGE	eras/age_V/annals/age_V_10.json:EV-5513.title	the Residency	->	Taigh an Àrd-mhaoir	|	The custodians' first return to the Residency: none
CHANGE	eras/age_V/annals/age_V_10.json:EV-5513.body	the Residency orders	->	Taigh an Àrd-mhaoir's orders	|	When the Residency orders every coal-touched child repo
CHANGE	eras/age_V/annals/age_V_10.json:EV-5513.body	the Commissioner's	->	An t-Àrd-mhaor's	|	dency orders every coal-touched child reported to the Commissioner's office, the custodians from C
CHANGE	eras/age_V/annals/age_V_10.json:EV-5514.title	the Company's	->	A' Chompanaidh's	|	A custodian of Cill ghlas answers the Company's agent
CHANGE	eras/age_V/annals/age_V_10.json:EV-5514.body	a Company agent	->	an agent of A' Chompanaidh	|	Asked by a Company agent whether she knows of any coal
CHANGE	eras/age_V/annals/age_V_10.json:EV-5503.body	the Residency	->	Taigh an Àrd-mhaoir	|	week before her death and said that she had asked the Residency once and meant to leave the a
CHANGE	eras/age_V/annals/age_V_10.json:EV-5517.title	the Residency	->	Taigh an Àrd-mhaoir	|	Edward Vane dies at the Residency
CHANGE	eras/age_V/annals/age_V_10.json:EV-5517.body	Commissioner	->	Àrd-mhaor	|	Commissioner Edward Vane, born at the Resi
CHANGE	eras/age_V/annals/age_V_10.json:EV-5517.body	the Residency	->	Taigh an Àrd-mhaoir	|	Commissioner Edward Vane, born at the Residency above Ros dhomhain, dies ther
CHANGE	eras/age_V/annals/age_V_10.json:EV-5518.body	the Company's	->	A' Chompanaidh's	|	ound and clears the village of every debt it owes the Company's own store, to the written com
CHANGE	eras/age_V/annals/age_V_10.json:EV-5518.body	the Company's	->	A' Chompanaidh's	|	 Company's own store, to the written complaint of the Company's agent.
CHANGE	eras/age_V/annals/age_V_10.json:EV-5519.body	the Mission's	->	Teachdaireachd na h-Eaglaise's	|	Obadiah Renn, the Mission's minister at Cathair gheal's c
CHANGE	eras/age_V/annals/age_V_10.json:EV-5519.body	the Mission's	->	Teachdaireachd na h-Eaglaise's	|	inding no scripture that knows a goose, writes to the Mission's house that the practice is ir
CHANGE	eras/age_V/annals/age_V_10.json:EV-5521.body	the wild goose of the Spirit	->	an Gèadh Fiadhaich	|	ls her the goose she keeps is an Gèadh Fiadhaich, the wild goose of the Spirit, wandered from Manannan's own
CHANGE	eras/age_V/annals/age_V_10.json:EV-5521.body	(appositive)	->	an Gèadh Fiadhaich	|	dropped the English gloss beside an Gèadh Fiadhaich
CHANGE	eras/age_V/annals/age_V_10.json:EV-5522.body	The Company posts	->	A' Chompanaidh's posts	|	The Company posts a new toll on every ton loade
CHANGE	eras/age_V/annals/age_V_10.json:EV-5524.body	The Company	->	A' Chompanaidh	|	The Company takes the names of every huma
CHANGE	eras/age_V/annals/age_V_10.json:EV-5508.title	the Lamp-Watch's	->	Faire nan Lòchran's	|	Eilidh nic Raghnaill given a seat at the Lamp-Watch's table
CHANGE	eras/age_V/annals/age_V_10.json:EV-5508.body	the Lamp-Watch	->	Faire nan Lòchran	|	ed, for the first time, to sit at the table where the Lamp-Watch keeps its business, and copie
CHANGE	eras/age_V/annals/age_V_10.json:EV-5508.body	no Company clerk	->	no clerk of A' Chompanaidh	|	 a second book kept in her own linen chest, where no Company clerk would think to look.
CHANGE	eras/age_V/annals/age_V_10.json:EV-5525.body	The Company engineer	->	A' Chompanaidh's engineer	|	The Company engineer Robert Fairley writes the cus
CHANGE	eras/age_V/annals/age_V_10.json:EV-5526.body	a Company ship	->	a ship of A' Chompanaidh	|	l ìseal counts forty casks of blasting-powder off a Company ship, told to her carters as lamp-
CHANGE	eras/age_V/annals/age_V_10.json:EV-5526.body	the cellar at Muileann chaol	->	Seilear Muileann chaol	|	t her hand to them. Her line goes unanswered into the cellar at Muileann chaol with the rest of the year's r
CHANGE	eras/age_V/annals/age_V_10.json:EV-5509.body	the Lamp-Watch's	->	Faire nan Lòchran's	|	 closed ground. She writes nothing of the hour in the Lamp-Watch's book.
CHANGE	eras/age_V/annals/age_V_10.json:EV-5527.title	The Rending	->	Scàineadh Cill ghlas	|	The Rending kills the thirty-one
CHANGE	eras/age_V/annals/age_V_10.json:EV-5528.title	The Company fences	->	A' Chompanaidh's fences	|	The Company fences the closed district
CHANGE	eras/age_V/annals/age_V_10.json:EV-5528.body	the Residency's	->	Taigh an Àrd-mhaoir's	|	ce the district from Cill ghlas to Àth chaol, and the Residency's order forbids any wage or wor
CHANGE	eras/age_V/annals/age_V_10.json:EV-5531.body	the Administration's	->	Riaghaltas nan Coigreach's	|	At the Administration's inquiry at Ros dhomhain, the 
CHANGE	eras/age_V/annals/age_V_10.json:EV-5531.body	the Company's	->	A' Chompanaidh's	|	n, the fourth Steward Mòrag nic Iain Maor carries the Company's own staff into the room and t
CHANGE	eras/age_V/annals/age_V_11.json:EV-6010.body	any Company surveyor	->	any surveyor of A' Chompanaidh	|	 is the only settlement of the age raised without any Company surveyor's hand in it.
CHANGE	eras/age_V/annals/age_V_11.json:EV-6011.title	The Lamp-Watch	->	Faire nan Lòchran	|	The Lamp-Watch keeps the struck copy
CHANGE	eras/age_V/annals/age_V_11.json:EV-6011.body	the Company's	->	A' Chompanaidh's	|	A Dia-thìreach clerk who keeps the Company's own file copy of the inquiry'
CHANGE	eras/age_V/annals/age_V_11.json:EV-6011.body	the Lamp-Watch's	->	Faire nan Lòchran's	|	Eilidh nic Raghnaill copies it a second time into the Lamp-Watch's linen-chest book, the stricke
CHANGE	eras/age_V/annals/age_V_11.json:EV-6001.title	the grey fever	->	Am Fiabhras Glas	|	Tormod Buidhe's sister's boy dies of the grey fever
CHANGE	eras/age_V/annals/age_V_11.json:EV-6001.body	the grey fever	->	Am Fiabhras Glas	|	boy not yet old enough for his first wage dies of the grey fever at Baile thais under Eilidh n
CHANGE	eras/age_V/annals/age_V_11.json:EV-6001.body	the burial club's	->	Comann an Adhlacaidh's	|	what month it was. His mother keeps his name from the burial club's book, and Eilidh does not ask
CHANGE	eras/age_V/annals/age_V_11.json:EV-6002.title	the burial club's	->	Comann an Adhlacaidh's	|	Eilidh nic Raghnaill begins the burial club's book
CHANGE	eras/age_V/annals/age_V_11.json:EV-6002.body	the burial club	->	Comann an Adhlacaidh	|	ll begins keeping a plain hand-written record for the burial club at Baile thais, answering to 
CHANGE	eras/age_V/annals/age_V_11.json:EV-6012.title	the second petition	->	An Dàrna Athchuinge	|	Eilidh nic Raghnaill drafts the second petition
CHANGE	eras/age_V/annals/age_V_11.json:EV-6012.body	the burial club's	->	Comann an Adhlacaidh's	|	In the burial club's room at Baile thais, Eilidh n
CHANGE	eras/age_V/annals/age_V_11.json:EV-6012.body	the second petition	->	An Dàrna Athchuinge	|	 room at Baile thais, Eilidh nic Raghnaill drafts the second petition over three nights by a single
CHANGE	eras/age_V/annals/age_V_11.json:EV-6013.title	The Company	->	A' Chompanaidh	|	The Company dismisses Coinneach Ruadh at 
CHANGE	eras/age_V/annals/age_V_11.json:EV-6013.body	The Company's	->	A' Chompanaidh's	|	The Company's agent at Cnoc dhìreach delive
CHANGE	eras/age_V/annals/age_V_11.json:EV-6013.body	the second petition	->	An Dàrna Athchuinge	|	 the week's flour queue, the day his signature to the second petition dries. He is offered twice th
CHANGE	eras/age_V/annals/age_V_11.json:EV-6014.title	The Residency's	->	Taigh an Àrd-mhaoir's	|	The Residency's clerk underlines the petition
CHANGE	eras/age_V/annals/age_V_11.json:EV-6014.body	the Residency	->	Taigh an Àrd-mhaoir	|	A clerk of the Residency underlines in red ink the sec
CHANGE	eras/age_V/annals/age_V_11.json:EV-6014.body	the second petition's	->	An Dàrna Athchuinge's	|	A clerk of the Residency underlines in red ink the second petition's last sentence, that the hill 
CHANGE	eras/age_V/annals/age_V_11.json:EV-6014.body	the Administration	->	Riaghaltas nan Coigreach	|	e custodians afterward agree it is the first sign the Administration has read a Dia-thìrich word a
CHANGE	eras/age_V/annals/age_V_11.json:EV-6003.body	the burial club	->	Comann an Adhlacaidh	|	ell inside the new wall. Eilidh nic Raghnaill and the burial club watch the company make camp o
CHANGE	eras/age_V/annals/age_V_11.json:EV-6017.title	the Lamp-Watch	->	Faire nan Lòchran	|	dh nic Raghnaill reads Ìomhar Seabhag's sermon to the Lamp-Watch
CHANGE	eras/age_V/annals/age_V_11.json:EV-6017.body	the burial club's	->	Comann an Adhlacaidh's	|	 copy of Ìomhar Seabhag's Seann Skell sermon with the burial club's door-keeper at Baile thais, a
CHANGE	eras/age_V/annals/age_V_11.json:EV-6017.body	the second petition	->	An Dàrna Athchuinge	|	it aloud to the room by the same lamp she drafted the second petition by. For once she does not wri
CHANGE	eras/age_V/annals/age_V_11.json:EV-6019.body	the Administration's	->	Riaghaltas nan Coigreach's	|	ork, in silver struck in an Tìr Thall rather than the Administration's coin. None of it is ever spen
CHANGE	eras/age_V/annals/age_V_11.json:EV-6019.body	a Company clerk	->	a clerk of A' Chompanaidh	|	nistration's coin. None of it is ever spent where a Company clerk might see it change hands.
CHANGE	eras/age_V/annals/age_V_11.json:EV-6020.body	the Company's	->	A' Chompanaidh's	|	 Taigh-seinnse Reòta is never once found empty by the Company's carters passing through, and 
CHANGE	eras/age_V/annals/age_V_11.json:EV-6021.body	the coal road	->	Rathad na Mèinne	|	ks for the loft at An Taigh-seinnse Mòr travel up the coal road folded inside a psalter, as i
CHANGE	eras/age_V/annals/age_V_11.json:EV-6022.body	the coal road	->	Rathad na Mèinne	|	ing spring, and three years pass before anyone on the coal road speaks openly of what the fir
CHANGE	eras/age_V/annals/age_V_11.json:EV-6023.body	The Company's	->	A' Chompanaidh's	|	The Company's agent at the idle quay of Cao
CHANGE	eras/age_V/annals/age_V_11.json:EV-6023.body	the coal road	->	Rathad na Mèinne	|	os dhomhain that he has been forgotten. So far as the coal road ever hears, no answer comes b
CHANGE	eras/age_V/annals/age_V_11.json:EV-6024.body	the Residency's	->	Taigh an Àrd-mhaoir's	|	are while Lionel Strake's commission is read from the Residency's steps: it names the Company a
CHANGE	eras/age_V/annals/age_V_11.json:EV-6024.body	the Company	->	A' Chompanaidh	|	sion is read from the Residency's steps: it names the Company and the Administration in an 
CHANGE	eras/age_V/annals/age_V_11.json:EV-6024.body	the Administration	->	Riaghaltas nan Coigreach	|	m the Residency's steps: it names the Company and the Administration in an Tìr Thall, and, for the
CHANGE	eras/age_V/annals/age_V_11.json:EV-6024.body	Commissioner's	->	Àrd-mhaor's	|	n in an Tìr Thall, and, for the first time in any Commissioner's commission, does not name the
CHANGE	eras/age_V/annals/age_V_11.json:EV-6024.body	the Council of Custodians	->	Comhairle a' Chùraim	|	e in any Commissioner's commission, does not name the Council of Custodians at all.
CHANGE	eras/age_V/annals/age_V_11.json:EV-6007.body	the edict of seizure	->	Àithne a' Ghlacaidh	|	own doorstone by constables clearing houses under the edict of seizure asks only that it be written 
CHANGE	eras/age_V/annals/age_V_11.json:EV-6026.body	the Company's	->	A' Chompanaidh's	|	ivate hand her father taught her, kept apart from the Company's own tally, the same hand in w
CHANGE	eras/age_V/annals/age_V_11.json:EV-6026.body	the Lamp-Watch	->	Faire nan Lòchran	|	 at the pithead inquiry had first been copied for the Lamp-Watch.
CHANGE	eras/age_V/annals/age_V_11.json:EV-6028.body	The Company's	->	A' Chompanaidh's	|	 rows for clearance before the new gallery mouth. The Company's agent Osgood carries it to Mò
CHANGE	eras/age_V/annals/age_V_11.json:EV-6029.body	the Company	->	A' Chompanaidh	|	rather than be the one overseer left holding wood the Company has marked for treachery.
CHANGE	eras/age_V/annals/age_V_11.json:EV-6031.body	the silver guild's	->	Comann an Airgid's	|	hip was taken, brings Mòrag nic Iain Maor word of the silver guild's rifles and of a single counci
CHANGE	eras/age_V/annals/age_V_11.json:EV-6031.body	the sacred forest at Cnoc bheag	->	Coille Naomh Cnoc bheag	|	ouncil the custodians and priests mean to hold in the sacred forest at Cnoc bheag before autumn.
CHANGE	eras/age_V/annals/age_V_11.json:EV-6032.body	the sacred forest at Cnoc bheag	->	Coille Naomh Cnoc bheag	|	twenty-eight miles by night off the ridge road to the sacred forest at Cnoc bheag, and is among those who raise
CHANGE	eras/age_V/annals/age_V_11.json:EV-6008.body	the Residency	->	Taigh an Àrd-mhaoir	|	ed across every mining district at once, and that the Residency has already had its answer th
CHANGE	eras/age_V/annals/age_V_12.json:EV-6515.body	The Company's	->	A' Chompanaidh's	|	The Company's harbour-master at Ceann fhada
CHANGE	eras/age_V/annals/age_V_12.json:EV-6515.body	the Residency's	->	Taigh an Àrd-mhaoir's	|	nd set aboard a boat for any harbour still flying the Residency's flag, unharmed, on the crews'
CHANGE	eras/age_V/annals/age_V_12.json:EV-6517.body	the forest council	->	Comhairle na Coille	|	 nic Raghnaill's written order, carried down from the forest council by a girl of fourteen, Seumas
CHANGE	eras/age_V/annals/age_V_12.json:EV-6520.body	the Residency's	->	Taigh an Àrd-mhaoir's	|	The custodians of Cathair dhearg break the Residency's locks on their own council-ha
CHANGE	eras/age_V/annals/age_V_12.json:EV-6521.body	the Company's	->	A' Chompanaidh's	|	athair dhearg barricade the coal-cart bridge with the Company's own carts, turned on their si
CHANGE	eras/age_V/annals/age_V_12.json:EV-6522.body	the Company's	->	A' Chompanaidh's	|	Lionel Strake writes to the Company's directors over the sea that t
CHANGE	eras/age_V/annals/age_V_12.json:EV-6522.body	the Residency	->	Taigh an Àrd-mhaoir	|	irectors over the sea that the harbour town below the Residency holds itself apart from the f
CHANGE	eras/age_V/annals/age_V_12.json:EV-6524.body	the Company	->	A' Chompanaidh	|	per gate Dùghall Dubh, once a weigher of coal for the Company, keeps the council's tally of
CHANGE	eras/age_V/annals/age_V_12.json:EV-6526.body	the Company's	->	A' Chompanaidh's	|	's captains whether the harbour quarter can reach the Company's counting-house without a shot
CHANGE	eras/age_V/annals/age_V_12.json:EV-6527.body	the Company's	->	A' Chompanaidh's	|	 harbour quarter cross the net-loft roof-ridge to the Company's counting-house on hands and k
CHANGE	eras/age_V/annals/age_V_12.json:EV-6530.title	the fight at Cnoc ghorm	->	Blàr Cnoc ghorm	|	Fearchar Beag sights the fight at Cnoc ghorm
CHANGE	eras/age_V/annals/age_V_12.json:EV-6505.title	the Residency	->	Taigh an Àrd-mhaoir	|	The letter-books found whole at the Residency
CHANGE	eras/age_V/annals/age_V_12.json:EV-6505.body	the Residency's	->	Taigh an Àrd-mhaoir's	|	 the river by night, Dùghall Dubh finds a room of the Residency's letter-books left standing un
CHANGE	eras/age_V/annals/age_V_12.json:EV-6505.body	the Administration's	->	Riaghaltas nan Coigreach's	|	g untouched on an unlocked shelf, thirty years of the Administration's own correspondence with an Tì
CHANGE	eras/age_V/annals/age_V_12.json:EV-6506.body	the Residency	->	Taigh an Àrd-mhaoir	|	Dùghall Dubh learns from a clerk taken at the Residency that Prentice, who weighed co
CHANGE	eras/age_V/annals/age_V_12.json:EV-6506.body	the Residency	->	Taigh an Àrd-mhaoir	|	 down the river with Strake's household the night the Residency fell, leaving the ledgers he 
CHANGE	eras/age_V/annals/age_V_12.json:EV-6532.title	the Residency's	->	Taigh an Àrd-mhaoir's	|	Clerks of the council begin to read the Residency's letter-books
CHANGE	eras/age_V/annals/age_V_12.json:EV-6532.body	the Residency	->	Taigh an Àrd-mhaoir	|	By the morning after the Residency falls, a table stands in its 
CHANGE	eras/age_V/annals/age_V_12.json:EV-6507.body	the Company's	->	A' Chompanaidh's	|	sed on the river since boyhood and no stranger to the Company's rule over his own family, put
CHANGE	eras/age_V/annals/age_V_12.json:EV-6509.body	the Leaden Hawk company	->	Buidheann an t-Seabhaig Luaidhe	|	Passing through Baile thais, the Leaden Hawk company is shown by a boy of nine or 
CHANGE	eras/age_V/annals/age_V_12.json:EV-6537.body	The Leaden Hawk company	->	Buidheann an t-Seabhaig Luaidhe	|	The Leaden Hawk company lies eleven hours in the long
CHANGE	eras/age_V/annals/age_V_12.json:EV-6539.title	the Stone	->	Òrd na Cloiche	|	The priests of the Stone hear the letter
CHANGE	eras/age_V/annals/age_V_12.json:EV-6539.body	the Company's	->	A' Chompanaidh's	|	nce and will send no men, but shut the harbour to the Company's ships and open the Fianna's o
CHANGE	eras/age_V/annals/age_V_12.json:EV-6539.body	the Fianna's	->	an Fhianna's	|	 shut the harbour to the Company's ships and open the Fianna's own roads to the hawk-faithfu
CHANGE	eras/age_V/annals/age_V_12.json:EV-6540.body	the Leaden Hawk	->	Buidheann an t-Seabhaig Luaidhe	|	, with one name: Buidheann an t-Seabhaig Luaidhe, the Leaden Hawk.
CHANGE	eras/age_V/annals/age_V_12.json:EV-6540.body	(appositive)	->	Buidheann an t-Seabhaig Luaidhe	|	dropped the English gloss beside Buidheann an t-Seabhaig Luaidhe
CHANGE	eras/age_V/annals/age_V_12.json:EV-6542.body	the Leaden Hawk	->	Buidheann an t-Seabhaig Luaidhe	|	At the Seann Skell muster the Leaden Hawk hears that the townsfolk of I
CHANGE	eras/age_V/annals/age_V_12.json:EV-6542.body	a Company ship	->	a ship of A' Chompanaidh	|	 mhòr fired their own coal stacks rather than let a Company ship carry them off to burn agains
CHANGE	eras/age_V/annals/age_V_12.json:EV-6544.body	the Commissioner	->	An t-Àrd-mhaor	|	er the sea puts a single sealed letter ashore for the Commissioner at Ros bheag before filling h
CHANGE	eras/age_V/annals/age_V_12.json:EV-6545.body	the forest council	->	Comhairle na Coille	|	At the meeting-house of Àth àrsaidh, envoys of the forest council and of the Administration set
CHANGE	eras/age_V/annals/age_V_12.json:EV-6545.body	the Administration	->	Riaghaltas nan Coigreach	|	 Àth àrsaidh, envoys of the forest council and of the Administration set down the truce of the wit
CHANGE	eras/age_V/annals/age_V_12.json:EV-6548.body	The five beacons	->	Fàinne nan Teintean-rabhaidh	|	The five beacons burn again from Baile chrom t
CHANGE	eras/age_V/book/02_of_forty_words_for_the_colours_of_coal.md:11	the land beyond	->	an Tìr Thall	|	ing a thing they could not reach: *an Tìr Thall*, the land beyond. On {{date:IV-0007}} the cler
CHANGE	eras/age_V/book/05_of_the_five_headlands.md:135	the meeting of the ships	->	Coinneachadh nan Long	|	w who would take him west in their boat, out past the meeting of the ships, as far into the open sea as 
CHANGE	eras/age_V/book/07_of_the_fever_and_the_sacks_of_coal.md:169	the cellar at Muileann chaol	->	Seilear Muileann chaol	|	d it is still so entered in the copy that lies in the cellar at Muileann chaol, the first coal of the vein i
CHANGE	eras/age_V/book/08_of_the_door_at_doire_mhor.md:9	the cellar at Muileann chaol	->	Seilear Muileann chaol	|	 the rolls of the hill villages that came down to the cellar at Muileann chaol, the roll of Doire mhòr for t
CHANGE	eras/age_V/book/08_of_the_door_at_doire_mhor.md:167	the seven houses	->	Na Seachd Taighean	|	stubble over the wall, and beyond it the roofs of the seven houses, and above them the oaks. Now
CHANGE	eras/age_V/book/08_of_the_door_at_doire_mhor.md:183	The light at Tobar dhearg	->	Taigh-solais Tobar dhearg	|	 is not there. They meant that the count is true. The light at Tobar dhearg was paid for by A' Chompanaid
CHANGE	eras/age_V/book/08_of_the_door_at_doire_mhor.md:195	the seven houses	->	Na Seachd Taighean	|	am ran loud at the ford. Up the hill the smoke of the seven houses went straight up into the sti
CHANGE	eras/age_V/book/10_of_the_law_that_went_out.md:7	its Diosal year	->	its year of An Diosal	|	more than once. At its head the clerk has written its Diosal year and the moon, and under them 
CHANGE	eras/age_V/book/10_of_the_law_that_went_out.md:11	high custodian	->	Ceann a' Chùraim	|	dians to hear Coinneach Glas, who had been chosen high custodian at the turn of the year, afte
CHANGE	eras/age_V/book/10_of_the_law_that_went_out.md:11	the Crossing	->	An t-Aiseag	|	ast road, and he had spent the twenty years since the Crossing dealing with the humans at on
CHANGE	eras/age_V/book/10_of_the_law_that_went_out.md:11	the Mission	->	Teachdaireachd na h-Eaglaise	|	mhain, where she had business with Samuel Wren at the Mission. Fionnghal went, for she had 
CHANGE	eras/age_V/book/10_of_the_law_that_went_out.md:13	the Residency	->	Taigh an Àrd-mhaoir	|	the first, of sawn timber and dressed stone, with the Residency above it on the rise and the 
CHANGE	eras/age_V/book/10_of_the_law_that_went_out.md:13	the Company's	->	A' Chompanaidh's	|	 Harrow's ship was a month past her day, and that the Company's men had given her up that mor
CHANGE	eras/age_V/book/10_of_the_law_that_went_out.md:19	the Residency	->	Taigh an Àrd-mhaoir	|	n his careful Dia-thìris, what the letter-book at the Residency would say of Harrow, for he h
CHANGE	eras/age_V/book/10_of_the_law_that_went_out.md:29	the Harbour Articles	->	Puingean a' Chalaidh	|	 her name to Puingean a' Chalaidh and had watched the Harbour Articles take force on the quay withou
CHANGE	eras/age_V/book/10_of_the_law_that_went_out.md:31	the Company	->	A' Chompanaidh	|	Within the month the Company was Pike's alone, and the hum
CHANGE	eras/age_V/book/10_of_the_law_that_went_out.md:37	the Company	->	A' Chompanaidh	|	 When the contracts came in, the cuttings went to the Company by the ton, and the Company p
CHANGE	eras/age_V/book/10_of_the_law_that_went_out.md:37	the Company	->	A' Chompanaidh	|	 the cuttings went to the Company by the ton, and the Company paid the council for them in 
CHANGE	eras/age_V/book/10_of_the_law_that_went_out.md:37	the Company's	->	A' Chompanaidh's	|	ld shares by the council's reckoning, and more by the Company's; and the council, which had i
CHANGE	eras/age_V/book/10_of_the_law_that_went_out.md:43	the Company's	->	A' Chompanaidh's	|	et of Cathair mhòr, a day's walk to the west, off the Company's carts, by the sack and for ma
CHANGE	eras/age_V/book/10_of_the_law_that_went_out.md:57	Diosal year	->	An Diosal's year	|	es is dated {{date:IV-0065}}, in her own hand, by Diosal year and moon, and it runs to elev
CHANGE	eras/age_V/book/10_of_the_law_that_went_out.md:81	the Small-Burning Law	->	Lagh an Loscaidh Bhig	|	that a letter of the custodian of Dùn dhearg upon the Small-Burning Law was read and filed.
CHANGE	eras/age_V/book/10_of_the_law_that_went_out.md:83	the Residency	->	Taigh an Àrd-mhaoir	|	The next matter was a paper from the Residency, brought up by a young clerk 
CHANGE	eras/age_V/book/10_of_the_law_that_went_out.md:85	the Company's	->	A' Chompanaidh's	|	Gormshuil afterwards on the old bridge, which was the Company's bridge now, of dressed stone,
CHANGE	eras/age_V/book/10_of_the_law_that_went_out.md:99	the Fed Hawk	->	An Seabhag Biadhte	|	 An Aois Naomh. Once, long before, the priests of the Fed Hawk had been driven there from Cn
CHANGE	eras/age_V/book/10_of_the_law_that_went_out.md:99	the Hawk of Acaill	->	Seabhag Acaill	|	 bheag kept it, that the hawk of the rite is Mòd, the Hawk of Acaill, as old as Fionntan and remem
CHANGE	eras/age_V/book/10_of_the_law_that_went_out.md:99	the Hungry Hawk	->	An Seabhag Acrach	|	with him; and that the vein is An Seabhag Acrach, the Hungry Hawk, to be fed the measured handf
CHANGE	eras/age_V/book/10_of_the_law_that_went_out.md:99	(appositive)	->	An Seabhag Acrach	|	dropped the English gloss beside An Seabhag Acrach
CHANGE	eras/age_V/book/10_of_the_law_that_went_out.md:101	the Company's	->	A' Chompanaidh's	|	and to the carters who had come up the coast with the Company's coal for the town's new heart
CHANGE	eras/age_V/book/10_of_the_law_that_went_out.md:115	the Company	->	A' Chompanaidh	|	 of Achadh naomh would be lit with coal bought of the Company. They burned peat, as their g
CHANGE	eras/age_V/book/10_of_the_law_that_went_out.md:129	the Company	->	A' Chompanaidh	|	as sent three custodians to Muileann chrom to ask the Company, in the council's name, that 
CHANGE	eras/age_V/book/10_of_the_law_that_went_out.md:131	the Company's	->	A' Chompanaidh's	|	ground trodden black, and at the head of the rows the Company's agents were going from hut to
CHANGE	eras/age_V/book/10_of_the_law_that_went_out.md:137	The Company's	->	A' Chompanaidh's	|	The Company's chief agent heard them out in
CHANGE	eras/age_V/book/10_of_the_law_that_went_out.md:137	the Company's	->	A' Chompanaidh's	|	t Cathair dhearg in the humans' tongue: a copy of the Company's accounts for the half-year, i
CHANGE	eras/age_V/book/10_of_the_law_that_went_out.md:141	the Company's	->	A' Chompanaidh's	|	tended. He came to it in his closed carriage over the Company's bridge, as he had come for fi
CHANGE	eras/age_V/book/10_of_the_law_that_went_out.md:143	the Company	->	A' Chompanaidh	|	He did not speak of the letter in his pocket from the Company, which promised him a share o
CHANGE	eras/age_V/book/10_of_the_law_that_went_out.md:145	the Company's	->	A' Chompanaidh's	|	thair fhada sold them for marks, being in debt to the Company's store for seed after a wet ha
CHANGE	eras/age_V/book/10_of_the_law_that_went_out.md:155	the Company's	->	A' Chompanaidh's	|	ver the sea that two men worked between them, and the Company's carts waiting on the road bel
CHANGE	eras/age_V/book/11_of_the_eleven_of_cnoc_fhiadhaich.md:7	the cellar at Muileann chaol	->	Seilear Muileann chaol	|	 a leaf in the roll of Taigh na Fèithe, copied in the cellar at Muileann chaol from a page gone brown at the
CHANGE	eras/age_V/book/11_of_the_eleven_of_cnoc_fhiadhaich.md:71	the dry cough	->	An Casad Tioram	|	 and did not. The hill called it An Casad Tioram, the dry cough, and had no other name for it
CHANGE	eras/age_V/book/11_of_the_eleven_of_cnoc_fhiadhaich.md:71	(appositive)	->	An Casad Tioram	|	dropped the English gloss beside An Casad Tioram
CHANGE	eras/age_V/book/12_of_the_green_river_run_black.md:107	the list of the forty colours	->	Clàr nan Dà Fhichead Dath	|	l between them. It was Clàr nan Dà Fhichead Dath: the list of the forty colours of the coal, each with its na
CHANGE	eras/age_V/book/13_of_raghnall_maor.md:51	the dry cough	->	An Casad Tioram	|	enches from the autumn he turned six, the year of the dry cough, and lived, and at twelve had
CHANGE	eras/age_V/book/13_of_raghnall_maor.md:161	the spotted pox	->	A' Bhreac Bhallach	|	ed the first of their dead of A' Bhreac Bhallach, the spotted pox.
CHANGE	eras/age_V/book/13_of_raghnall_maor.md:161	(appositive)	->	A' Bhreac Bhallach	|	dropped the English gloss beside A' Bhreac Bhallach
CHANGE	eras/age_V/book/14_of_the_ledgers_at_the_adit.md:3	the Green Death	->	A' Phlàigh Uaine	|	*Part Three: Of Silver, Steam and the Green Death*
CHANGE	eras/age_V/book/16_of_the_question_at_dun_thais.md:7	The house of disputation	->	Taigh na Deasbaid	|	The house of disputation at Dùn thais, Taigh na Deasba
CHANGE	eras/age_V/book/16_of_the_question_at_dun_thais.md:13	the Company	->	A' Chompanaidh	|	It was the coal of A' Chompanaidh, the Company. He had bought it at the weig
CHANGE	eras/age_V/book/16_of_the_question_at_dun_thais.md:13	(appositive)	->	A' Chompanaidh	|	dropped the English gloss beside A' Chompanaidh
CHANGE	eras/age_V/book/16_of_the_question_at_dun_thais.md:21	the Company's	->	A' Chompanaidh's	|	d it in this hall thirty years ago. The keeper of the Company's books at Ros dhomhain says it
CHANGE	eras/age_V/book/16_of_the_question_at_dun_thais.md:51	their Administration	->	Riaghaltas nan Coigreach	|	or their magistrate and a chapel with a bell, and their Administration, Riaghaltas nan Coigreach, se
CHANGE	eras/age_V/book/16_of_the_question_at_dun_thais.md:51	(appositive)	->	Riaghaltas nan Coigreach	|	dropped the English gloss beside Riaghaltas nan Coigreach
CHANGE	eras/age_V/book/16_of_the_question_at_dun_thais.md:53	the Mission's	->	Teachdaireachd na h-Eaglaise's	|	c ghorm said why, and the humans did not ask; but the Mission's letters speak afterwards of "
CHANGE	eras/age_V/book/16_of_the_question_at_dun_thais.md:55	the Company's	->	A' Chompanaidh's	|	 fish its waters for their own living and not for the Company's table, and the Dia-thìrich fi
CHANGE	eras/age_V/book/16_of_the_question_at_dun_thais.md:55	the Company's	->	A' Chompanaidh's	|	ia-thìrich fishers of that coast, who had watched the Company's boats for fifty years, watche
CHANGE	eras/age_V/book/16_of_the_question_at_dun_thais.md:55	the Company's	->	A' Chompanaidh's	|	 that they hung in their sheds to dry and sold to the Company's ships. By {{year:IV-0122a}} t
CHANGE	eras/age_V/book/16_of_the_question_at_dun_thais.md:57	the Residency	->	Taigh an Àrd-mhaoir	|	il at Cathair dhearg in the humans' tongue, since the Residency sent everything in its own to
CHANGE	eras/age_V/book/16_of_the_question_at_dun_thais.md:65	the Residency	->	Taigh an Àrd-mhaoir	|	ng back. The council agreed with him. It wrote to the Residency. Some weeks later an answer c
CHANGE	eras/age_V/book/16_of_the_question_at_dun_thais.md:67	the Company	->	A' Chompanaidh	|	hat he had said in the hall. He told it well. But the Company had a weigh-house on the rive
CHANGE	eras/age_V/book/16_of_the_question_at_dun_thais.md:69	the count of hands	->	Cunntas nan Làmh	|	ey chose Dùghall. The roll of Ceann àrsaidh gives the count of hands, and it was not close.
CHANGE	eras/age_V/book/16_of_the_question_at_dun_thais.md:81	the Mission	->	Teachdaireachd na h-Eaglaise	|	Teachdaireachd na h-Eaglaise, the Mission of the humans' faith, opened 
CHANGE	eras/age_V/book/16_of_the_question_at_dun_thais.md:81	the Mission	->	Teachdaireachd na h-Eaglaise	|	heir sons to be paid in more of them. Among them, the Mission wrote home with great joy, we
CHANGE	eras/age_V/book/16_of_the_question_at_dun_thais.md:81	(appositive)	->	Teachdaireachd na h-Eaglaise	|	dropped the English gloss beside Teachdaireachd na h-Eaglaise
CHANGE	eras/age_V/book/16_of_the_question_at_dun_thais.md:83	the Mission's	->	Teachdaireachd na h-Eaglaise's	|	d told him so. But he had spoken in the autumn to the Mission's cleric at Ros dhomhain, and t
CHANGE	eras/age_V/book/16_of_the_question_at_dun_thais.md:83	the Residency	->	Taigh an Àrd-mhaoir	|	umans' law and come home able to read any charter the Residency could send. The cleric wrote 
CHANGE	eras/age_V/book/16_of_the_question_at_dun_thais.md:85	the Residency	->	Taigh an Àrd-mhaoir	|	and the coal-dust. The ship lay at the quay below the Residency, a Company ship going home wi
CHANGE	eras/age_V/book/16_of_the_question_at_dun_thais.md:85	a Company ship	->	a ship of A' Chompanaidh	|	st. The ship lay at the quay below the Residency, a Company ship going home with coal and hide
CHANGE	eras/age_V/book/16_of_the_question_at_dun_thais.md:89	the fleet of An Aois Scaraidh	->	Cabhlach an Scaraidh	|	e strangers' first ships had come down by it, and the fleet of An Aois Scaraidh had gone out by it long befor
CHANGE	eras/age_V/book/16_of_the_question_at_dun_thais.md:89	the Mission	->	Teachdaireachd na h-Eaglaise	|	of sight behind the reeds, and then he went up to the Mission and thanked the cleric, and g
CHANGE	eras/age_V/book/16_of_the_question_at_dun_thais.md:93	The Mission's	->	Teachdaireachd na h-Eaglaise's	|	The Mission's cleric had said a letter woul
CHANGE	eras/age_V/book/16_of_the_question_at_dun_thais.md:95	the Company's	->	A' Chompanaidh's	|	mhain when the autumn ships were in, and stood at the Company's counter and asked, through a 
CHANGE	eras/age_V/book/16_of_the_question_at_dun_thais.md:95	the Mission school	->	Scoil na Teachdaireachd	|	e Company's counter and asked, through a pupil of the Mission school whom he paid a penny, whether
CHANGE	eras/age_V/book/16_of_the_question_at_dun_thais.md:99	the Mission's	->	Teachdaireachd na h-Eaglaise's	|	0122}}. They said openly that it was an answer to the Mission's. They taught the old reckonin
CHANGE	eras/age_V/book/16_of_the_question_at_dun_thais.md:99	the Mission	->	Teachdaireachd na h-Eaglaise	|	e boundaries of his own parish, and the next year the Mission complained in writing to the 
CHANGE	eras/age_V/book/16_of_the_question_at_dun_thais.md:101	the Company's	->	A' Chompanaidh's	|	In the third year Eachann went down to the Company's counter again and asked for t
CHANGE	eras/age_V/book/16_of_the_question_at_dun_thais.md:107	the Company	->	A' Chompanaidh	|	While Eachann Mòr waited at Ceann àrsaidh, the Company came east.
CHANGE	eras/age_V/book/16_of_the_question_at_dun_thais.md:109	the Company's	->	A' Chompanaidh's	|	ss had grown up between the stones. In the spring the Company's masons came and rebuilt it fo
CHANGE	eras/age_V/book/16_of_the_question_at_dun_thais.md:117	The Company	->	A' Chompanaidh	|	om at the river's mouth, where the ships took it. The Company deepened the river at the qua
CHANGE	eras/age_V/book/16_of_the_question_at_dun_thais.md:117	the Company's	->	A' Chompanaidh's	|	 mhin had its first houses of stone, built out of the Company's money by the men who loaded t
CHANGE	eras/age_V/book/16_of_the_question_at_dun_thais.md:117	the Company's	->	A' Chompanaidh's	|	 out of the Company's money by the men who loaded the Company's coal.
CHANGE	eras/age_V/book/16_of_the_question_at_dun_thais.md:119	the Company's	->	A' Chompanaidh's	|	 had watched the bridge go up and made ready. But the Company's road ran down to the river qu
CHANGE	eras/age_V/book/16_of_the_question_at_dun_thais.md:123	the Residency	->	Taigh an Àrd-mhaoir	|	There were things in those years the clerks of the Residency never knew where to put.
CHANGE	eras/age_V/book/16_of_the_question_at_dun_thais.md:125	a Company brig	->	a brig of A' Chompanaidh	|	In the spring of {{year:IV-0127}} the crew of a Company brig came into Ceann mhòr with the
CHANGE	eras/age_V/book/16_of_the_question_at_dun_thais.md:125	the Residency	->	Taigh an Àrd-mhaoir	|	looked at them, and gone down. The report went to the Residency, as all reports did, and the 
CHANGE	eras/age_V/book/16_of_the_question_at_dun_thais.md:127	the Company's	->	A' Chompanaidh's	|	IV-0127a}} her master made his report. Thereafter the Company's charts marked the northern pa
CHANGE	eras/age_V/book/16_of_the_question_at_dun_thais.md:129	the Company	->	A' Chompanaidh	|	dered the oil in pots on the shore and sold it to the Company for its lamps. After {{date:I
CHANGE	eras/age_V/book/16_of_the_question_at_dun_thais.md:131	the Company's	->	A' Chompanaidh's	|	And in the summer of {{year:IV-0128}} two of the Company's surveyors came up to Doire ua
CHANGE	eras/age_V/book/16_of_the_question_at_dun_thais.md:133	The Company	->	A' Chompanaidh	|	The Company sent a search party of eight 
CHANGE	eras/age_V/book/16_of_the_question_at_dun_thais.md:133	the Residency	->	Taigh an Àrd-mhaoir	|	not one of them would say why. The agent wrote to the Residency that the men were idle.
CHANGE	eras/age_V/book/16_of_the_question_at_dun_thais.md:135	The Company's	->	A' Chompanaidh's	|	nd left them on a flat stone there, for the sìth. The Company's agent for that country heard 
CHANGE	eras/age_V/book/16_of_the_question_at_dun_thais.md:135	The Company's	->	A' Chompanaidh's	|	 that the villagers left salt alone on the stone. The Company's men came up the next season a
CHANGE	eras/age_V/book/16_of_the_question_at_dun_thais.md:141	the house of disputation	->	Taigh na Deasbaid	|	al-road. He asked in the street for the master of the house of disputation. They sent him up the hill to
CHANGE	eras/age_V/book/16_of_the_question_at_dun_thais.md:145	the Mission's	->	Teachdaireachd na h-Eaglaise's	|	to the council: the choosing at the crossing, and the Mission's letter, and the purse sewn in
CHANGE	eras/age_V/book/16_of_the_question_at_dun_thais.md:147	the Company's	->	A' Chompanaidh's	|	at the basket, which was still on the table, with the Company's coal in it. "Five years he ha
CHANGE	eras/age_V/book/16_of_the_question_at_dun_thais.md:169	the Company's	->	A' Chompanaidh's	|	on the table in the hall through the winter, with the Company's coal in it, and the students 
CHANGE	eras/age_V/book/17_of_the_tithe_and_the_flux.md:7	the Residency	->	Taigh an Àrd-mhaoir	|	The paper came down from the Residency in am Gearran of that year, f
CHANGE	eras/age_V/book/17_of_the_tithe_and_the_flux.md:7	the Administration's	->	Riaghaltas nan Coigreach's	|	ran of that year, folded in three and sealed with the Administration's wax, and the custodian who br
CHANGE	eras/age_V/book/17_of_the_tithe_and_the_flux.md:9	the Mission's	->	Teachdaireachd na h-Eaglaise's	|	the schedule follows below.* The council sent for the Mission's pupil, a girl of fifteen call
CHANGE	eras/age_V/book/17_of_the_tithe_and_the_flux.md:11	The Administration's	->	Riaghaltas nan Coigreach's	|	What it came to was this. The Administration's part of the mined coal, which
CHANGE	eras/age_V/book/17_of_the_tithe_and_the_flux.md:21	her Mission	->	Teachdaireachd na h-Eaglaise	|	 find a board. Barabal stood at the foot of it in her Mission grey with the three sheets in
CHANGE	eras/age_V/book/17_of_the_tithe_and_the_flux.md:23	the Residency's	->	Taigh an Àrd-mhaoir's	|	er there was anything above the fold, any mark of the Residency's council or seal beyond Lisle'
CHANGE	eras/age_V/book/17_of_the_tithe_and_the_flux.md:23	the Administration's	->	Riaghaltas nan Coigreach's	|	ouncil or seal beyond Lisle's own hand. There was the Administration's wax and nothing else. He sat 
CHANGE	eras/age_V/book/17_of_the_tithe_and_the_flux.md:25	the silver guild's	->	Comann an Airgid's	|	e new customs house at Ros gheal, and a note that the silver guild's compact must on no account be
CHANGE	eras/age_V/book/17_of_the_tithe_and_the_flux.md:27	the Administration's	->	Riaghaltas nan Coigreach's	|	 own tongue, made by one of its own, and not only the Administration's sealed sheets that few could 
CHANGE	eras/age_V/book/17_of_the_tithe_and_the_flux.md:41	the Residency	->	Taigh an Àrd-mhaoir	|	heir own, since no name for it had come down from the Residency: *deachamh an deachaimh*, the
CHANGE	eras/age_V/book/17_of_the_tithe_and_the_flux.md:45	the Mission's	->	Teachdaireachd na h-Eaglaise's	|	:IV-0130}}, twenty-two years old, with a chest of the Mission's linen and a case of instrumen
CHANGE	eras/age_V/book/17_of_the_tithe_and_the_flux.md:47	the Company	->	A' Chompanaidh	|	e and the steelyard slept eight and ten to a room the Company let them for what it cost the
CHANGE	eras/age_V/book/17_of_the_tithe_and_the_flux.md:47	the Company	->	A' Chompanaidh	|	n to a room the Company let them for what it cost the Company nothing to build. By the seco
CHANGE	eras/age_V/book/17_of_the_tithe_and_the_flux.md:47	the Mission's	->	Teachdaireachd na h-Eaglaise's	|	n fouled, though no one owned to knowing how; and the Mission's chapel, the long timber hall 
CHANGE	eras/age_V/book/17_of_the_tithe_and_the_flux.md:49	the Mission	->	Teachdaireachd na h-Eaglaise	|	laid down what straw she could buy and what linen the Mission would give her, and she and t
CHANGE	eras/age_V/book/17_of_the_tithe_and_the_flux.md:51	the spotted pox	->	A' Bhreac Bhallach	|	had lost a husband to the sea and two children to the spotted pox years before Colby ever lande
CHANGE	eras/age_V/book/17_of_the_tithe_and_the_flux.md:53	the Company's	->	A' Chompanaidh's	|	nt the forenoon at the lodgings themselves, since the Company's own physician would not go in
CHANGE	eras/age_V/book/17_of_the_tithe_and_the_flux.md:53	the Mission	->	Teachdaireachd na h-Eaglaise	|	and in the afternoon she boiled linen in a copper the Mission had once used for washing alt
CHANGE	eras/age_V/book/17_of_the_tithe_and_the_flux.md:53	the Mission	->	Teachdaireachd na h-Eaglaise	|	 comings and goings as it noted little else about the Mission, records that she was seen to
CHANGE	eras/age_V/book/17_of_the_tithe_and_the_flux.md:53	the Mission	->	Teachdaireachd na h-Eaglaise	|	ly on a bench in the yard rather than in the room the Mission had given her in the town, si
CHANGE	eras/age_V/book/17_of_the_tithe_and_the_flux.md:55	the Company's	->	A' Chompanaidh's	|	She was told by the Company's own surgeon, who came once an
CHANGE	eras/age_V/book/17_of_the_tithe_and_the_flux.md:57	the Company's	->	A' Chompanaidh's	|	it was, whatever the man's manners, the only help the Company's own physician ever sent her.
CHANGE	eras/age_V/book/17_of_the_tithe_and_the_flux.md:59	the Company's	->	A' Chompanaidh's	|	edits her for, was to learn the sick by name. Not the Company's names for them, which were th
CHANGE	eras/age_V/book/17_of_the_tithe_and_the_flux.md:69	The Company	->	A' Chompanaidh	|	The Company fined them for it. The letter
CHANGE	eras/age_V/book/17_of_the_tithe_and_the_flux.md:69	the Company's	->	A' Chompanaidh's	|	t season on the rise above it, and said only that the Company's letter had been well timed, i
CHANGE	eras/age_V/book/17_of_the_tithe_and_the_flux.md:71	the Company	->	A' Chompanaidh	|	things it does not trust plain words to say, that the Company had weighed a season's coin a
CHANGE	eras/age_V/book/17_of_the_tithe_and_the_flux.md:77	the Residency	->	Taigh an Àrd-mhaoir	|	Arthur Lisle died at the Residency on {{date:IV-0135}}, of a fev
CHANGE	eras/age_V/book/17_of_the_tithe_and_the_flux.md:77	the Residency's	->	Taigh an Àrd-mhaoir's	|	}, of a fever that settled in his chest and then, the Residency's own physician wrote, in his h
CHANGE	eras/age_V/book/17_of_the_tithe_and_the_flux.md:77	the Residency	->	Taigh an Àrd-mhaoir	|	ice at forty-one and never in his twenty years at the Residency raised his voice at a council
CHANGE	eras/age_V/book/17_of_the_tithe_and_the_flux.md:79	the Company's	->	A' Chompanaidh's	|	Walter Crane, who had been the Company's chief agent at the pits since
CHANGE	eras/age_V/book/17_of_the_tithe_and_the_flux.md:79	the Residency's	->	Taigh an Àrd-mhaoir's	|	agent at the pits since before Lisle's time, took the Residency's seal within the month. He was
CHANGE	eras/age_V/book/17_of_the_tithe_and_the_flux.md:79	the Residency's	->	Taigh an Àrd-mhaoir's	|	h dhomhain and Muileann chrom better than he knew the Residency's own corridors. He came to the
CHANGE	eras/age_V/book/17_of_the_tithe_and_the_flux.md:81	the Company's	->	A' Chompanaidh's	|	Crane was the first man to hold the Company's office and the Administration
CHANGE	eras/age_V/book/17_of_the_tithe_and_the_flux.md:81	the Administration's	->	Riaghaltas nan Coigreach's	|	as the first man to hold the Company's office and the Administration's one after the other, and the 
CHANGE	eras/age_V/book/17_of_the_tithe_and_the_flux.md:83	the Residency	->	Taigh an Àrd-mhaoir	|	Crane's first order from the Residency, given within the week, was t
CHANGE	eras/age_V/book/17_of_the_tithe_and_the_flux.md:83	Commissioner	->	Àrd-mhaor	|	the pits should not slacken for the change of one Commissioner to another. His second, given
CHANGE	eras/age_V/book/17_of_the_tithe_and_the_flux.md:83	the Company's	->	A' Chompanaidh's	|	o another. His second, given the same week, moved the Company's pay office for the southern w
CHANGE	eras/age_V/book/17_of_the_tithe_and_the_flux.md:97	the Company	->	A' Chompanaidh	|	 seventy-two years old, in the slate-roofed house the Company had built him above the pit h
CHANGE	eras/age_V/book/17_of_the_tithe_and_the_flux.md:97	Company men	->	A' Chompanaidh's men	|	ve the pit he had first walked into as a guide to Company men who did not know one seam of 
CHANGE	eras/age_V/book/17_of_the_tithe_and_the_flux.md:101	the Company	->	A' Chompanaidh	|	n on the pit-head, so that a man lying in the bed the Company had given him could watch, if
CHANGE	eras/age_V/book/17_of_the_tithe_and_the_flux.md:105	the dry cough	->	An Casad Tioram	|	d had broken his first coal at six in the year of the dry cough and lived, which the custodia
CHANGE	eras/age_V/book/17_of_the_tithe_and_the_flux.md:107	The Company	->	A' Chompanaidh	|	The Company gave him his father's staff w
CHANGE	eras/age_V/book/17_of_the_tithe_and_the_flux.md:109	the Company's	->	A' Chompanaidh's	|	der Raghnall's first gallery and watched him take the Company's pay to keep his crews at the 
CHANGE	eras/age_V/book/17_of_the_tithe_and_the_flux.md:111	the Company	->	A' Chompanaidh	|	d the town had kept for its own dead since before the Company came, on a morning of thin ra
CHANGE	eras/age_V/book/17_of_the_tithe_and_the_flux.md:111	the Company	->	A' Chompanaidh	|	s both shifts at once stops its coal as well, and the Company had never before let that be 
CHANGE	eras/age_V/book/17_of_the_tithe_and_the_flux.md:113	the Mission	->	Teachdaireachd na h-Eaglaise	|	or of the custodians nor, any longer, entirely of the Mission either, but something the coa
CHANGE	eras/age_V/book/17_of_the_tithe_and_the_flux.md:115	the Company	->	A' Chompanaidh	|	he pit did not stop for a burying any longer than the Company judged it must, any more than
CHANGE	eras/age_V/book/17_of_the_tithe_and_the_flux.md:117	the Residency	->	Taigh an Àrd-mhaoir	|	hedules and tithes and pay offices come down from the Residency without a single name attache
CHANGE	eras/age_V/book/18_of_lowes_spade.md:13	a Company mule	->	a mule of A' Chompanaidh	|	p from Ros dhomhain to see it that winter, riding a Company mule with a satchel of paper acros
CHANGE	eras/age_V/book/18_of_lowes_spade.md:13	the Mission	->	Teachdaireachd na h-Eaglaise	|	with a satchel of paper across his knees, sent by the Mission to look into a complaint the 
CHANGE	eras/age_V/book/18_of_lowes_spade.md:13	his Church	->	An Eaglais	|	h was proof, of one kind or another, that the god his Church preached had been here before
CHANGE	eras/age_V/book/18_of_lowes_spade.md:15	the Mission's	->	Teachdaireachd na h-Eaglaise's	|	f men whose first errand fails them quietly, into the Mission's smaller work: the copying of 
CHANGE	eras/age_V/book/18_of_lowes_spade.md:15	the Residency	->	Taigh an Àrd-mhaoir	|	e copying of custodians' rolls that some clerk in the Residency wanted translated, the measur
CHANGE	eras/age_V/book/18_of_lowes_spade.md:15	the Company's	->	A' Chompanaidh's	|	 for, the answering of complaints too strange for the Company's own agents to be troubled wit
CHANGE	eras/age_V/book/18_of_lowes_spade.md:15	a Mission cleric	->	a cleric of Teachdaireachd na h-Eaglaise	|	e trust, a man who asked the custodians questions a Mission cleric had no business asking and wr
CHANGE	eras/age_V/book/18_of_lowes_spade.md:27	the Company's	->	A' Chompanaidh's	|	what he liked in his own lamp, and the beacon was the Company's now in all but the keeping of
CHANGE	eras/age_V/book/18_of_lowes_spade.md:39	the Mission	->	Teachdaireachd na h-Eaglaise	|	s' letters, a single line that he did not send to the Mission with the rest: *I begin to th
CHANGE	eras/age_V/book/18_of_lowes_spade.md:41	the Company	->	A' Chompanaidh	|	irst sent was withdrawn in a second letter, which the Company kept beside the first, and ne
CHANGE	eras/age_V/book/18_of_lowes_spade.md:47	Company labourers	->	A' Chompanaidh's labourers	|	He got Company labourers for the digging, six men off 
CHANGE	eras/age_V/book/18_of_lowes_spade.md:71	the Mission	->	Teachdaireachd na h-Eaglaise	|	e wrote afterward, in the letter-book he kept for the Mission and did send: *They agree wit
CHANGE	eras/age_V/book/18_of_lowes_spade.md:87	the obelisk at Cnoc bheag	->	Carragh Cnoc bheag	|	e set her answer beside Samuel Wren's old copy of the obelisk at Cnoc bheag, made some forty years before
CHANGE	eras/age_V/book/18_of_lowes_spade.md:87	the Company's	->	A' Chompanaidh's	|	n checked against the paper, for he did not trust the Company's post with the original and wo
CHANGE	eras/age_V/book/18_of_lowes_spade.md:91	a Company ship	->	a ship of A' Chompanaidh	|	He left Dia-thìr the following year, on a Company ship out of Ros dhomhain, with his
CHANGE	eras/age_V/book/18_of_lowes_spade.md:91	the Mission	->	Teachdaireachd na h-Eaglaise	|	at he had not paid for. He did not write again to the Mission that had sent him, nor, so fa
CHANGE	eras/age_V/book/18_of_lowes_spade.md:95	the cellar at Muileann chaol	->	Seilear Muileann chaol	|	*Here the copyists of the cellar at Muileann chaol leave Lowe at the rail of his
CHANGE	eras/age_V/book/18_of_lowes_spade.md:97	Company contract	->	A' Chompanaidh's contract	|	er Voss had come to the island as a glazier under Company contract, to set the Residency's windo
CHANGE	eras/age_V/book/18_of_lowes_spade.md:97	the Residency's	->	Taigh an Àrd-mhaoir's	|	sland as a glazier under Company contract, to set the Residency's windows and the panes of the 
CHANGE	eras/age_V/book/18_of_lowes_spade.md:113	a Company agent	->	an agent of A' Chompanaidh	|	g of the sixty-seventh year, on {{date:IV-0143}}, a Company agent of thirty-seven with a paper 
CHANGE	eras/age_V/book/18_of_lowes_spade.md:113	the Company's	->	A' Chompanaidh's	|	own letter-book called generous, and generous, by the Company's reckoning, it was: a partners
CHANGE	eras/age_V/book/18_of_lowes_spade.md:113	the Company	->	A' Chompanaidh	|	silver of the guild's own vein, half the yield to the Company and half kept by the guild, w
CHANGE	eras/age_V/book/18_of_lowes_spade.md:113	the Company's	->	A' Chompanaidh's	|	d to the Company and half kept by the guild, with the Company's beam to weigh it and the Comp
CHANGE	eras/age_V/book/18_of_lowes_spade.md:113	the Company's	->	A' Chompanaidh's	|	he guild, with the Company's beam to weigh it and the Company's road to carry it, in place of
CHANGE	eras/age_V/book/18_of_lowes_spade.md:117	the Company's	->	A' Chompanaidh's	|	t it voted on. Ùna made him read the paragraph on the Company's beam a third time, slowly, an
CHANGE	eras/age_V/book/18_of_lowes_spade.md:121	the Company's	->	A' Chompanaidh's	|	Gale said there was the Company's protection, in years when the
CHANGE	eras/age_V/book/18_of_lowes_spade.md:121	the Company's	->	A' Chompanaidh's	|	rotection, in years when the silver ran thin, and the Company's markets, which reached furthe
CHANGE	eras/age_V/book/18_of_lowes_spade.md:123	your Company	->	A' Chompanaidh	|	"We have had thin years before your Company came to this island," said Ùn
CHANGE	eras/age_V/book/18_of_lowes_spade.md:131	the Company's	->	A' Chompanaidh's	|	The deep galleries that the Company's surveys had marked below the 
CHANGE	eras/age_V/book/18_of_lowes_spade.md:133	The Company	->	A' Chompanaidh	|	The Company built nothing there that firs
CHANGE	eras/age_V/book/18_of_lowes_spade.md:137	a Company contract	->	a contract of A' Chompanaidh	|	Aois Naomh and had never, in all that time, taken a Company contract, holding, as their eldest wea
CHANGE	eras/age_V/book/19_of_the_smoke_in_the_gallery.md:7	the Company	->	A' Chompanaidh	|	t had houses before it had a name that anyone but the Company used. Beitris Bhàn came to it
CHANGE	eras/age_V/book/19_of_the_smoke_in_the_gallery.md:9	The Company	->	A' Chompanaidh	|	She found the camp built of itself. The Company had sunk its shaft into the h
CHANGE	eras/age_V/book/19_of_the_smoke_in_the_gallery.md:13	the Company	->	A' Chompanaidh	|	 worked the far end of the deepest gallery, where the Company had run its air-shaft down fr
CHANGE	eras/age_V/book/19_of_the_smoke_in_the_gallery.md:13	the Company's	->	A' Chompanaidh's	|	d Beathag Dhubh of Doire mhòr on the day she sent the Company's man back down the hill unansw
CHANGE	eras/age_V/book/19_of_the_smoke_in_the_gallery.md:13	the Company	->	A' Chompanaidh	|	ried water up to Doire mhòr for two summers after the Company took the stream, and then gon
CHANGE	eras/age_V/book/19_of_the_smoke_in_the_gallery.md:15	the Company	->	A' Chompanaidh	|	he nine of that first winter were laid in a field the Company had not yet found a use for, 
CHANGE	eras/age_V/book/19_of_the_smoke_in_the_gallery.md:19	The Company	->	A' Chompanaidh	|	The Company put its road in before it put
CHANGE	eras/age_V/book/19_of_the_smoke_in_the_gallery.md:21	the Company	->	A' Chompanaidh	|	The next year the Company raised a great steelyard on t
CHANGE	eras/age_V/book/19_of_the_smoke_in_the_gallery.md:21	a Company clerk	->	a clerk of A' Chompanaidh	|	ut in tons and hundredweights read off a scale by a Company clerk who had never gone below in h
CHANGE	eras/age_V/book/19_of_the_smoke_in_the_gallery.md:21	the silver guild's	->	Comann an Airgid's	|	 and then it did not. Ùna nic Choinnich, who kept the silver guild's own scales at Muileann chiar 
CHANGE	eras/age_V/book/19_of_the_smoke_in_the_gallery.md:21	the Company's	->	A' Chompanaidh's	|	ileann chiar and had refused twice already to let the Company's weights anywhere near her own
CHANGE	eras/age_V/book/19_of_the_smoke_in_the_gallery.md:23	the Company	->	A' Chompanaidh	|	That was also the year the Company opened its second coal stage,
CHANGE	eras/age_V/book/19_of_the_smoke_in_the_gallery.md:23	the Company	->	A' Chompanaidh	|	 by men who had seen her, that within a few years the Company would send nothing else, and 
CHANGE	eras/age_V/book/19_of_the_smoke_in_the_gallery.md:39	the Company	->	A' Chompanaidh	|	f the camp, at the far end of the deepest gallery the Company had opened, with his lamp hun
CHANGE	eras/age_V/book/19_of_the_smoke_in_the_gallery.md:41	the Hollow Man	->	Marbh-bheò	|	ove all his life, at his grandmother's knee, with the Hollow Man and the white stag and the re
CHANGE	eras/age_V/book/19_of_the_smoke_in_the_gallery.md:61	the Mission's	->	Teachdaireachd na h-Eaglaise's	|	at day, his wife said, black, and grown thin, and the Mission's surgeon at the camp had liste
CHANGE	eras/age_V/book/19_of_the_smoke_in_the_gallery.md:61	the lung-rot	->	Grodadh nan Scamhan	|	pits of their own country, which the crews called the lung-rot among themselves, and had giv
CHANGE	eras/age_V/book/19_of_the_smoke_in_the_gallery.md:69	the Ford of Blood	->	Àth na Fala	|	ng four thousand years and more before he fell at the Ford of Blood, and whose children, the tale
CHANGE	eras/age_V/book/19_of_the_smoke_in_the_gallery.md:79	the silver guild	->	Comann an Airgid	|	uileann chiar that Ùna nic Choinnich, who had led the silver guild for near forty years and had 
CHANGE	eras/age_V/book/19_of_the_smoke_in_the_gallery.md:79	the Company	->	A' Chompanaidh	|	r guild for near forty years and had twice turned the Company away from its seam, once at t
CHANGE	eras/age_V/book/19_of_the_smoke_in_the_gallery.md:79	the Commissioner	->	An t-Àrd-mhaor	|	r own bed, eighty-five years old, having outlived the Commissioner who signed her compact. The c
CHANGE	eras/age_V/book/19_of_the_smoke_in_the_gallery.md:79	Commissioners	->	Àrd-mhaoir	|	s dying with more feeling than they had shown for Commissioners who had actually ridden throu
CHANGE	eras/age_V/book/19_of_the_smoke_in_the_gallery.md:81	the Company	->	A' Chompanaidh	|	s through those years as it had always kept them, the Company suffering the custom because 
CHANGE	eras/age_V/book/19_of_the_smoke_in_the_gallery.md:81	the Company	->	A' Chompanaidh	|	efore they carried the rest to the steelyard, and the Company let the practice stand, for a
CHANGE	eras/age_V/book/19_of_the_smoke_in_the_gallery.md:81	the Company's	->	A' Chompanaidh's	|	ills, tending the stone and the flame there while the Company's new shafts went down all arou
CHANGE	eras/age_V/book/19_of_the_smoke_in_the_gallery.md:83	a Commissioner	->	an Àrd-mhaor	|	ecause the cost was smaller still or because even a Commissioner who could not see the colour 
CHANGE	eras/age_V/book/20_of_the_green_death.md:17	the green acre	->	An Acair Uaine	|	ithout anyone deciding it should: an Acair Uaine, the green acre. Beitris helped dig the first
CHANGE	eras/age_V/book/20_of_the_green_death.md:29	The Company's	->	A' Chompanaidh's	|	of, walls, bedding and all, before the next dark. The Company's agent at Àth ghlas protested 
CHANGE	eras/age_V/book/20_of_the_green_death.md:29	the Company's	->	A' Chompanaidh's	|	e with the same line copied out fresh: the hut is the Company's; the ground under it is the c
CHANGE	eras/age_V/book/20_of_the_green_death.md:35	the Administration's	->	Riaghaltas nan Coigreach's	|	Nathaniel Bright had been the Administration's physician at Muileann chrom n
CHANGE	eras/age_V/book/20_of_the_green_death.md:37	the Mission's	->	Teachdaireachd na h-Eaglaise's	|	 summer of the sickness, in the small room behind the Mission's dispensary at Muileann chrom 
CHANGE	eras/age_V/book/20_of_the_green_death.md:39	the Administration	->	Riaghaltas nan Coigreach	|	begun keeping without being asked to by anyone in the Administration, because nobody else was keep
CHANGE	eras/age_V/book/20_of_the_green_death.md:47	the Mission	->	Teachdaireachd na h-Eaglaise	|	ann chrom the following spring, and was buried by the Mission with the honours the Administ
CHANGE	eras/age_V/book/20_of_the_green_death.md:47	the Administration	->	Riaghaltas nan Coigreach	|	g, and was buried by the Mission with the honours the Administration gave its own, in ground apart
CHANGE	eras/age_V/book/20_of_the_green_death.md:47	the green acre	->	An Acair Uaine	|	Administration gave its own, in ground apart from the green acre and the field at Cnoc naomh, 
CHANGE	eras/age_V/book/20_of_the_green_death.md:51	Commissioner	->	Àrd-mhaor	|	Walter Crane had been Commissioner twelve years when the sicknes
CHANGE	eras/age_V/book/20_of_the_green_death.md:53	the Residency	->	Taigh an Àrd-mhaoir	|	 visit. Before the winter was out he was dead, at the Residency above Ros dhomhain, in a bed 
CHANGE	eras/age_V/book/20_of_the_green_death.md:53	the Company's	->	A' Chompanaidh's	|	 twice got out of to answer letters. Martha Gale, the Company's agent, held his seal for the 
CHANGE	eras/age_V/book/20_of_the_green_death.md:55	the Residency	->	Taigh an Àrd-mhaoir	|	ce, without apparent discomfort, to the clerks of the Residency on his first morning, that th
CHANGE	eras/age_V/book/20_of_the_green_death.md:57	the Residency	->	Taigh an Àrd-mhaoir	|	ess ran its worst. He kept his own letter-book at the Residency, in a fair clerk's hand that 
CHANGE	eras/age_V/book/20_of_the_green_death.md:57	the Green Death	->	A' Phlàigh Uaine	|	n at last he set down his opinion of the cause of the Green Death for the Company's directors o
CHANGE	eras/age_V/book/20_of_the_green_death.md:57	the Company's	->	A' Chompanaidh's	|	n his opinion of the cause of the Green Death for the Company's directors over the sea, he ga
CHANGE	eras/age_V/book/20_of_the_green_death.md:61	the Green Death	->	A' Phlàigh Uaine	|	em in every other way they could. In the years of the Green Death, the overseers' own reports, 
CHANGE	eras/age_V/book/20_of_the_green_death.md:61	the Administration	->	Riaghaltas nan Coigreach	|	ts, kept with more care than almost anything else the Administration wrote down in those years, si
CHANGE	eras/age_V/book/20_of_the_green_death.md:63	Commissioner	->	Àrd-mhaor	|	eport and was, so far as anyone below the rank of Commissioner ever discovered, entirely tru
CHANGE	eras/age_V/book/20_of_the_green_death.md:75	the Mission	->	Teachdaireachd na h-Eaglaise	|	Beitris Bhàn's door for the first time. No one at the Mission had sent her and no custodian
CHANGE	eras/age_V/book/20_of_the_green_death.md:75	the Green Death's	->	A' Phlàigh Uaine's	|	e layer-out at Achadh dhomhain had washed more of the Green Death's dead with her own hands than 
CHANGE	eras/age_V/book/20_of_the_green_death.md:79	the Company	->	A' Chompanaidh	|	ver the dead of Achadh dhomhain since long before the Company came, said now for a woman wh
CHANGE	eras/age_V/book/20_of_the_green_death.md:89	the Administration	->	Riaghaltas nan Coigreach	|	s most weeks. Neither of them ever spoke of it to the Administration or to the custodians as anyth
CHANGE	eras/age_V/book/20_of_the_green_death.md:89	the two who washed together	->	An Dithis a Nigh Còmhla	|	hat grew up around it, *An Dithis a Nigh Còmhla*, the two who washed together, was said in the camps for ye
CHANGE	eras/age_V/book/20_of_the_green_death.md:93	the Residency	->	Taigh an Àrd-mhaoir	|	ght's book, with its broken-off row, was filed at the Residency and never taken up again by a
CHANGE	eras/age_V/book/20_of_the_green_death.md:95	the Company's	->	A' Chompanaidh's	|	George Tolley's letter to the Company's directors, the one setting th
CHANGE	eras/age_V/book/20_of_the_green_death.md:95	the Residency	->	Taigh an Àrd-mhaoir	|	he order he believed them to stand, was copied at the Residency into the bound letter-book th
CHANGE	eras/age_V/book/20_of_the_green_death.md:95	Commissioner	->	Àrd-mhaor	|	r-book that Lisle's successor had begun and every Commissioner after kept, each adding his o
CHANGE	eras/age_V/book/20_of_the_green_death.md:95	a Commissioner	->	an Àrd-mhaor	|	since that at least could not be laid at any door a Commissioner might one day wish to walk th
CHANGE	eras/age_V/book/20_of_the_green_death.md:97	Commissioner's	->	Àrd-mhaor's	|	 asked to breathe so much of the hill at once, no Commissioner's letter-book ever said a plain
CHANGE	eras/age_V/book/20_of_the_green_death.md:97	the green acre	->	An Acair Uaine	|	amps needed no letter-book to tell them. They had the green acre, and the field at Cnoc naomh 
CHANGE	eras/age_V/book/21_of_the_eleven_days_of_baile_thais.md:3	the Levy	->	An Togail	|	*Part Four: Of the Levy, the Hunger and the Drought*
CHANGE	eras/age_V/book/21_of_the_eleven_days_of_baile_thais.md:13	the Mission's	->	Teachdaireachd na h-Eaglaise's	|	n sending a servant to do it, which was more than the Mission's own ministers had done.
CHANGE	eras/age_V/book/21_of_the_eleven_days_of_baile_thais.md:21	The high custodian's	->	Ceann a' Chùraim's	|	hearg to write to about any of it, not that year. The high custodian's seat, Ceann a' Chùraim, had s
CHANGE	eras/age_V/book/21_of_the_eleven_days_of_baile_thais.md:25	the Green Death	->	A' Phlàigh Uaine	|	the deepest gallery working through the height of the Green Death, on the word of a surveyor fr
CHANGE	eras/age_V/book/21_of_the_eleven_days_of_baile_thais.md:97	the old reverence	->	An Seann Urram	|	ls to the paler grey of the silver country, where the old reverence for the vein still held in a 
CHANGE	eras/age_V/book/21_of_the_eleven_days_of_baile_thais.md:99	the silver guild	->	Comann an Airgid	|	Comann an Airgid, the silver guild, had never worked easily with
CHANGE	eras/age_V/book/21_of_the_eleven_days_of_baile_thais.md:99	(appositive)	->	Comann an Airgid	|	dropped the English gloss beside Comann an Airgid
CHANGE	eras/age_V/book/21_of_the_eleven_days_of_baile_thais.md:101	the silver guild	->	Comann an Airgid	|	 went, and that Catrìona nic Eachainn, refiner of the silver guild from that autumn to the end o
CHANGE	eras/age_V/book/22_of_the_priced_silver_and_the_blessed_coin.md:9	the Company	->	A' Chompanaidh	|	h nothing but the clothes she stood in and a name the Company had marked as one not to be h
CHANGE	eras/age_V/book/22_of_the_priced_silver_and_the_blessed_coin.md:9	no Company clerk	->	no clerk of A' Chompanaidh	|	uched it, how to keep the ledger that answered to no Company clerk, how the guild's own price fo
CHANGE	eras/age_V/book/22_of_the_priced_silver_and_the_blessed_coin.md:15	the Administration	->	Riaghaltas nan Coigreach	|	own, where the burn ran warm out of the hillside, the Administration had built a bath-house that a
CHANGE	eras/age_V/book/22_of_the_priced_silver_and_the_blessed_coin.md:17	the Company's	->	A' Chompanaidh's	|	sk of the island's own barley beer went out under the Company's mark, but a Muileann bhàn bro
CHANGE	eras/age_V/book/22_of_the_priced_silver_and_the_blessed_coin.md:19	The Company	->	A' Chompanaidh	|	The Company asked, that same year and the
CHANGE	eras/age_V/book/22_of_the_priced_silver_and_the_blessed_coin.md:19	the Company's	->	A' Chompanaidh's	|	 next, whether the guild would sell its silver at the Company's price rather than its own, an
CHANGE	eras/age_V/book/22_of_the_priced_silver_and_the_blessed_coin.md:25	no Residency clerk	->	no clerk of Taigh an Àrd-mhaoir	|	one, and had said among itself, in the hearing of no Residency clerk, that an empty seat answered 
CHANGE	eras/age_V/book/22_of_the_priced_silver_and_the_blessed_coin.md:25	the Administration	->	Riaghaltas nan Coigreach	|	pty seat answered no letters and signed no papers the Administration might afterward hold against 
CHANGE	eras/age_V/book/22_of_the_priced_silver_and_the_blessed_coin.md:27	the Residency	->	Taigh an Àrd-mhaoir	|	ad never once, in all that time, been summoned to the Residency for anything. He took the sea
CHANGE	eras/age_V/book/22_of_the_priced_silver_and_the_blessed_coin.md:27	the treaty in one tongue	->	Cùmhnant Cathair dhearg	|	 the same hall where Tormod mac Ailein had signed the treaty in one tongue, under the same beams, and sa
CHANGE	eras/age_V/book/22_of_the_priced_silver_and_the_blessed_coin.md:33	Macha's order	->	Òrd Mhacha	|	ver a thing that could not say it for itself, and Macha's order had said such words at Cathai
CHANGE	eras/age_V/book/22_of_the_priced_silver_and_the_blessed_coin.md:33	the Stone Kings	->	Rìghrean na Cloiche	|	ad said such words at Cathair dhearg since before the Stone Kings were a memory anyone kept who
CHANGE	eras/age_V/book/22_of_the_priced_silver_and_the_blessed_coin.md:35	the Residency	->	Taigh an Àrd-mhaoir	|	The letter was carried up from the Residency by a boy in a Company coat wh
CHANGE	eras/age_V/book/22_of_the_priced_silver_and_the_blessed_coin.md:35	a Company coat	->	a coat of A' Chompanaidh	|	ter was carried up from the Residency by a boy in a Company coat who did not know what he carr
CHANGE	eras/age_V/book/22_of_the_priced_silver_and_the_blessed_coin.md:35	the Administration	->	Riaghaltas nan Coigreach	|	it for an answer. It asked, in the courteous hand the Administration used for everything it meant 
CHANGE	eras/age_V/book/22_of_the_priced_silver_and_the_blessed_coin.md:45	the Residency's	->	Taigh an Àrd-mhaoir's	|	 with the whole order in their grey and black and the Residency's clerk standing at the door wi
CHANGE	eras/age_V/book/22_of_the_priced_silver_and_the_blessed_coin.md:45	a Commissioner's	->	an Àrd-mhaor's	|	 did not come; he sent word that the ordinance of a Commissioner's presence would overweight a r
CHANGE	eras/age_V/book/22_of_the_priced_silver_and_the_blessed_coin.md:49	the Residency's	->	Taigh an Àrd-mhaoir's	|	th was not a woman to make an example in front of the Residency's clerk. But that night, over t
CHANGE	eras/age_V/book/22_of_the_priced_silver_and_the_blessed_coin.md:53	the Residency's	->	Taigh an Àrd-mhaoir's	|	he stopped walking the lower town on the mornings the Residency's clerks changed their coin at 
CHANGE	eras/age_V/book/22_of_the_priced_silver_and_the_blessed_coin.md:53	a Residency satchel	->	a satchel of Taigh an Àrd-mhaoir	|	d did not again stand at the temple door to watch a Residency satchel carried out into the town, th
CHANGE	eras/age_V/book/22_of_the_priced_silver_and_the_blessed_coin.md:57	a Residency crier	->	a crier of Taigh an Àrd-mhaoir	|	r the blessing, read out at every market cross by a Residency crier who did not trouble to soften
CHANGE	eras/age_V/book/22_of_the_priced_silver_and_the_blessed_coin.md:57	the Administration	->	Riaghaltas nan Coigreach	|	d down a second time against the mark, on a table the Administration alone had drawn, and no custo
CHANGE	eras/age_V/book/22_of_the_priced_silver_and_the_blessed_coin.md:63	the Company's	->	A' Chompanaidh's	|	g boats. It sold eleven of its two-and-twenty, at the Company's own asking price, which was l
CHANGE	eras/age_V/book/22_of_the_priced_silver_and_the_blessed_coin.md:63	the Company	->	A' Chompanaidh	|	 Company's own asking price, which was low, since the Company was the only buyer on that co
CHANGE	eras/age_V/book/22_of_the_priced_silver_and_the_blessed_coin.md:63	the Company's	->	A' Chompanaidh's	|	ats went into the pits the following season under the Company's contracts, because a man who 
CHANGE	eras/age_V/book/22_of_the_priced_silver_and_the_blessed_coin.md:65	the Company	->	A' Chompanaidh	|	e was coming to understand the shape of the thing the Company was building, one small cheap
CHANGE	eras/age_V/book/22_of_the_priced_silver_and_the_blessed_coin.md:69	The Administration	->	Riaghaltas nan Coigreach	|	The Administration struck a new coin the year af
CHANGE	eras/age_V/book/22_of_the_priced_silver_and_the_blessed_coin.md:69	the Residency's	->	Taigh an Àrd-mhaoir's	|	the second time, larger than the old and stamped, the Residency's letter said, so that no forge
CHANGE	eras/age_V/book/22_of_the_priced_silver_and_the_blessed_coin.md:85	the Residency	->	Taigh an Àrd-mhaoir	|	Word of the refusal reached the Residency within the month, as such wor
CHANGE	eras/age_V/book/22_of_the_priced_silver_and_the_blessed_coin.md:85	the Residency's	->	Taigh an Àrd-mhaoir's	|	very market on the island with or without it. But the Residency's letter-book that year notes, 
CHANGE	eras/age_V/book/22_of_the_priced_silver_and_the_blessed_coin.md:85	Administration papers	->	Riaghaltas nan Coigreach's papers	|	say what the nicety was, which is as much as most Administration papers ever granted the order's reas
CHANGE	eras/age_V/book/22_of_the_priced_silver_and_the_blessed_coin.md:91	the Ford of Blood	->	Àth na Fala	|	hom the gods crowned in the grove and who fell at the Ford of Blood; and most of those who said i
CHANGE	eras/age_V/book/22_of_the_priced_silver_and_the_blessed_coin.md:93	the Administration	->	Riaghaltas nan Coigreach	|	 these years, to keep out of their rolls whatever the Administration might read as a claim, and a 
CHANGE	eras/age_V/book/22_of_the_priced_silver_and_the_blessed_coin.md:97	the sacred forest	->	Coille Naomh Cnoc bheag	|	 as he did, and walked north to Cnoc bheag, where the sacred forest had stood since before the or
CHANGE	eras/age_V/book/22_of_the_priced_silver_and_the_blessed_coin.md:101	the Company's	->	A' Chompanaidh's	|	 other towns who had lost their seats outright to the Company's magistrates and the Residency
CHANGE	eras/age_V/book/22_of_the_priced_silver_and_the_blessed_coin.md:101	the Residency's	->	Taigh an Àrd-mhaoir's	|	r seats outright to the Company's magistrates and the Residency's displeasure and had nowhere e
CHANGE	eras/age_V/book/22_of_the_priced_silver_and_the_blessed_coin.md:111	the Mission	->	Teachdaireachd na h-Eaglaise	|	ear, the first of the overseer's line schooled at the Mission at Ros dhomhain, who was said
CHANGE	eras/age_V/book/22_of_the_priced_silver_and_the_blessed_coin.md:111	the Company	->	A' Chompanaidh	|	ep his household in Dia-thìris and his reports to the Company in the humans' own tongue, an
CHANGE	eras/age_V/book/23_of_the_levy_and_the_ring_of_beacons.md:13	the Administration's	->	Riaghaltas nan Coigreach's	|	er as they had burned them the winter before, and the Administration's clerks at Ros dhomhain wrote 
CHANGE	eras/age_V/book/23_of_the_levy_and_the_ring_of_beacons.md:13	Commissioner	->	Àrd-mhaor	|	limbed. It was George Tolley's thirteenth year as Commissioner, and by then he had learned w
CHANGE	eras/age_V/book/23_of_the_levy_and_the_ring_of_beacons.md:13	the Levy	->	An Togail	|	s seal to a single sheet and called it An Togail, the Levy: from every farming village o
CHANGE	eras/age_V/book/23_of_the_levy_and_the_ring_of_beacons.md:13	the Company's	->	A' Chompanaidh's	|	ken for two years, to go down into the pits where the Company's coal was cut. The villages wo
CHANGE	eras/age_V/book/23_of_the_levy_and_the_ring_of_beacons.md:13	(appositive)	->	An Togail	|	dropped the English gloss beside An Togail
CHANGE	eras/age_V/book/23_of_the_levy_and_the_ring_of_beacons.md:17	the Company's	->	A' Chompanaidh's	|	orning, four of them and a wagon, with a guard of the Company's men the town had not asked fo
CHANGE	eras/age_V/book/23_of_the_levy_and_the_ring_of_beacons.md:19	the Levy	->	An Togail	|	with a bad hip who had held the post since before the Levy was thought of, wrote at the 
CHANGE	eras/age_V/book/23_of_the_levy_and_the_ring_of_beacons.md:19	the Administration's	->	Riaghaltas nan Coigreach's	|	ght of, wrote at the end of it a single line that the Administration's own reader, when the roll cro
CHANGE	eras/age_V/book/23_of_the_levy_and_the_ring_of_beacons.md:21	the Administration	->	Riaghaltas nan Coigreach	|	rd, so that the roll of Caol mhòr and the roll of the Administration disagree to this hour on how 
CHANGE	eras/age_V/book/23_of_the_levy_and_the_ring_of_beacons.md:27	The Levy's	->	An Togail's	|	The Levy's writ ran over the whole west 
CHANGE	eras/age_V/book/23_of_the_levy_and_the_ring_of_beacons.md:27	the Administration	->	Riaghaltas nan Coigreach	|	e humans' flocks two generations before, and that the Administration had since leased whole to its
CHANGE	eras/age_V/book/23_of_the_levy_and_the_ring_of_beacons.md:27	the Levy	->	An Togail	|	ach household within the concession's bounds paid the Levy in full, while the human farm
CHANGE	eras/age_V/book/23_of_the_levy_and_the_ring_of_beacons.md:27	the Administration	->	Riaghaltas nan Coigreach	|	hat the concession's leaseholders were tenants of the Administration and its charter, and the Levy
CHANGE	eras/age_V/book/23_of_the_levy_and_the_ring_of_beacons.md:27	the Levy	->	An Togail	|	enants of the Administration and its charter, and the Levy touched the Administration's 
CHANGE	eras/age_V/book/23_of_the_levy_and_the_ring_of_beacons.md:27	the Administration's	->	Riaghaltas nan Coigreach's	|	inistration and its charter, and the Levy touched the Administration's own subjects only by the Admi
CHANGE	eras/age_V/book/23_of_the_levy_and_the_ring_of_beacons.md:27	the Administration's	->	Riaghaltas nan Coigreach's	|	touched the Administration's own subjects only by the Administration's own leave, and that leave had
CHANGE	eras/age_V/book/23_of_the_levy_and_the_ring_of_beacons.md:31	the Levy's	->	An Togail's	|	for the manner of its failing. Its custodians met the Levy's officers before the reading a
CHANGE	eras/age_V/book/23_of_the_levy_and_the_ring_of_beacons.md:31	the Company's granary	->	Sìol-lann na Companaidh	|	d that it had been honoured as an offering toward the Company's granary, and that the Levy answered t
CHANGE	eras/age_V/book/23_of_the_levy_and_the_ring_of_beacons.md:31	the Levy	->	An Togail	|	n offering toward the Company's granary, and that the Levy answered to no offering a tow
CHANGE	eras/age_V/book/23_of_the_levy_and_the_ring_of_beacons.md:31	the Residency	->	Taigh an Àrd-mhaoir	|	 complaint that Muileann naomh sent after them to the Residency at Ros dhomhain was received,
CHANGE	eras/age_V/book/23_of_the_levy_and_the_ring_of_beacons.md:33	the Administration	->	Riaghaltas nan Coigreach	|	into every town they had not yet reached, and did the Administration more harm, in the way such ta
CHANGE	eras/age_V/book/23_of_the_levy_and_the_ring_of_beacons.md:39	Commissioner's	->	Àrd-mhaor's	|	In the same season, and by the same Commissioner's hand though under a different
CHANGE	eras/age_V/book/23_of_the_levy_and_the_ring_of_beacons.md:39	the Deer hall	->	Feallsanachd an Fhèidh's hall	|	ommissioner's hand though under a different seal, the Deer hall of the druid school at Dùn th
CHANGE	eras/age_V/book/23_of_the_levy_and_the_ring_of_beacons.md:39	the druid school	->	Scoiltean nan Draoidhean	|	d though under a different seal, the Deer hall of the druid school at Dùn thais was shut. Its of
CHANGE	eras/age_V/book/23_of_the_levy_and_the_ring_of_beacons.md:41	The Administration's	->	Riaghaltas nan Coigreach's	|	ok as proof that the matter had been well chosen. The Administration's clerk who was sent to note it
CHANGE	eras/age_V/book/23_of_the_levy_and_the_ring_of_beacons.md:43	the Administration	->	Riaghaltas nan Coigreach	|	, where the white stag was said to walk and where the Administration had no hall to shut, having n
CHANGE	eras/age_V/book/23_of_the_levy_and_the_ring_of_beacons.md:43	the Deer hall	->	Feallsanachd an Fhèidh's hall	|	those trees was the very question that had closed the Deer hall, taken up again from where th
CHANGE	eras/age_V/book/23_of_the_levy_and_the_ring_of_beacons.md:53	the Levy	->	An Togail	|	tilled that whole year for want of the very hands the Levy had taken to build a light th
CHANGE	eras/age_V/book/23_of_the_levy_and_the_ring_of_beacons.md:61	the Levy	->	An Togail	|	or the fields it had cost him. He did not forgive the Levy. A tower, he thought, climbin
CHANGE	eras/age_V/book/23_of_the_levy_and_the_ring_of_beacons.md:63	the Levy's	->	An Togail's	|	nly wage of that kind either of them ever got for the Levy's taking.
CHANGE	eras/age_V/book/23_of_the_levy_and_the_ring_of_beacons.md:69	The Company's	->	A' Chompanaidh's	|	sight before the next one rose to take its place. The Company's clerks at Ros dhomhain called
CHANGE	eras/age_V/book/23_of_the_levy_and_the_ring_of_beacons.md:71	the Company's	->	A' Chompanaidh's	|	 within a few years of the ring's completion, for the Company's steamers no longer needed to 
CHANGE	eras/age_V/book/23_of_the_levy_and_the_ring_of_beacons.md:73	The Levy	->	An Togail	|	The Levy held Dùghall's crew at Baile 
CHANGE	eras/age_V/book/23_of_the_levy_and_the_ring_of_beacons.md:73	the Administration's	->	Riaghaltas nan Coigreach's	|	hirty years old that autumn, chosen for the post, the Administration's letter said, on the recommend
CHANGE	eras/age_V/book/23_of_the_levy_and_the_ring_of_beacons.md:79	the Company's	->	A' Chompanaidh's	|	rs' daybooks would show, within a very few years, the Company's sailings past that headland d
CHANGE	eras/age_V/book/24_of_gorta_baile_chrom.md:13	the Company	->	A' Chompanaidh	|	grown men and women, for two years, to work under the Company, paid in marks at the new rat
CHANGE	eras/age_V/book/24_of_gorta_baile_chrom.md:28	the Company	->	A' Chompanaidh	|	's young people south to the camps for the ration the Company gave its crews, which was mor
CHANGE	eras/age_V/book/24_of_gorta_baile_chrom.md:32	The Mission's	->	Teachdaireachd na h-Eaglaise's	|	arity came, and did not plant that spring at all. The Mission's kitchen at the harbour, which
CHANGE	eras/age_V/book/24_of_gorta_baile_chrom.md:40	the Church's	->	An Eaglais's	|	 of grain was crossing from an Tìr Thall, sent by the Church's own people who had heard, fro
CHANGE	eras/age_V/book/24_of_gorta_baile_chrom.md:40	their Mission	->	Teachdaireachd na h-Eaglaise	|	h's own people who had heard, from the letters of their Mission, what was happening on the co
CHANGE	eras/age_V/book/24_of_gorta_baile_chrom.md:40	the Residency	->	Taigh an Àrd-mhaoir	|	e roads a full month with its holds unopened, for the Residency held that unloading and carri
CHANGE	eras/age_V/book/24_of_gorta_baile_chrom.md:40	the Company's	->	A' Chompanaidh's	|	e Residency held that unloading and carriage were the Company's charge, being the party whose
CHANGE	eras/age_V/book/24_of_gorta_baile_chrom.md:40	the Company	->	A' Chompanaidh	|	 the party whose Levy had emptied the fields, and the Company held that famine relief was t
CHANGE	eras/age_V/book/24_of_gorta_baile_chrom.md:40	the Administration's	->	Riaghaltas nan Coigreach's	|	elds, and the Company held that famine relief was the Administration's office and none of its own, b
CHANGE	eras/age_V/book/24_of_gorta_baile_chrom.md:42	the Administration	->	Riaghaltas nan Coigreach	|	who had made the crossing twice before with cargo the Administration wanted badly enough to have i
CHANGE	eras/age_V/book/24_of_gorta_baile_chrom.md:44	the Residency	->	Taigh an Àrd-mhaoir	|	She wrote to the Residency herself, once, a short letter
CHANGE	eras/age_V/book/24_of_gorta_baile_chrom.md:44	Commissioner	->	Àrd-mhaor	|	r consideration between the two offices, and that Commissioner Tolley had noted her concern.
CHANGE	eras/age_V/book/24_of_gorta_baile_chrom.md:48	the Residency	->	Taigh an Àrd-mhaoir	|	n the first days of the new year, when a clerk at the Residency and a clerk of the Company be
CHANGE	eras/age_V/book/24_of_gorta_baile_chrom.md:48	the Company	->	A' Chompanaidh	|	ear, when a clerk at the Residency and a clerk of the Company between them, and neither by 
CHANGE	eras/age_V/book/24_of_gorta_baile_chrom.md:48	the Mission	->	Teachdaireachd na h-Eaglaise	|	ut by cart in the following weeks to the kitchens the Mission had by then opened at Cathair
CHANGE	eras/age_V/book/24_of_gorta_baile_chrom.md:52	the Mission's	->	Teachdaireachd na h-Eaglaise's	|	 summer with whatever the relief ship's grain and the Mission's own store could supply, stret
CHANGE	eras/age_V/book/24_of_gorta_baile_chrom.md:58	the Mission's	->	Teachdaireachd na h-Eaglaise's	|	rivate book of her own at the kitchen, apart from the Mission's, with every name she fed writ
CHANGE	eras/age_V/book/24_of_gorta_baile_chrom.md:60	the Company	->	A' Chompanaidh	|	 behind them on the headland, whether she thought the Company knew what its Levy had done t
CHANGE	eras/age_V/book/24_of_gorta_baile_chrom.md:60	its Levy	->	An Togail	|	adland, whether she thought the Company knew what its Levy had done to the ploughing.
CHANGE	eras/age_V/book/24_of_gorta_baile_chrom.md:74	the Company's	->	A' Chompanaidh's	|	eneration had asked the beacon built against, and the Company's trade would falter, and perha
CHANGE	eras/age_V/book/24_of_gorta_baile_chrom.md:78	the Levy	->	An Togail	|	ocks below would drown men who had no more say in the Levy than Alasdair Ruadh had, deck
CHANGE	eras/age_V/book/24_of_gorta_baile_chrom.md:88	the Levy	->	An Togail	|	rked out how to feed themselves without the hands the Levy had never meant to give back.
CHANGE	eras/age_V/book/24_of_gorta_baile_chrom.md:88	The Levy	->	An Togail	|	, in the same plain hand he kept for everything: *The Levy read ended at Baile chrom thi
CHANGE	eras/age_V/book/24_of_gorta_baile_chrom.md:90	the Levy	->	An Togail	|	 in the summer of the ninety-seventh year, though the Levy was by then set aside, the wh
CHANGE	eras/age_V/book/24_of_gorta_baile_chrom.md:90	the Company's	->	A' Chompanaidh's	|	r, the old carried and the young walking, to take the Company's ration and the Company's work
CHANGE	eras/age_V/book/24_of_gorta_baile_chrom.md:90	the Company's	->	A' Chompanaidh's	|	e young walking, to take the Company's ration and the Company's work rather than starve waiti
CHANGE	eras/age_V/book/25_of_the_petition_on_the_bench.md:13	the Residency	->	Taigh an Àrd-mhaoir	|	 time she had watched three things come down from the Residency wearing the shape of good new
CHANGE	eras/age_V/book/25_of_the_petition_on_the_bench.md:15	the Company's	->	A' Chompanaidh's	|	It stood an hour's climb above Baile thais, where the Company's galleries went deepest and th
CHANGE	eras/age_V/book/25_of_the_petition_on_the_bench.md:17	the Levy	->	An Togail	|	 household of Cill ghlas that had lost someone to the Levy, the fever, or the two winter
CHANGE	eras/age_V/book/25_of_the_petition_on_the_bench.md:21	every Company store	->	every store of A' Chompanaidh	|	he asking, the tithe had gone up on the boards at every Company store from Baile thais to the coast
CHANGE	eras/age_V/book/25_of_the_petition_on_the_bench.md:23	the Levy	->	An Togail	|	 the way the granary order had been let pass, and the Levy after it; and that he had it 
CHANGE	eras/age_V/book/25_of_the_petition_on_the_bench.md:37	a Company store	->	a store of A' Chompanaidh	|	, on the coast below Coinneach Òg's own town, and a Company store beside it, the first store th
CHANGE	eras/age_V/book/25_of_the_petition_on_the_bench.md:37	the Company's	->	A' Chompanaidh's	|	nst a bad year and tools against a broken one, on the Company's note, to be paid back in fish
CHANGE	eras/age_V/book/25_of_the_petition_on_the_bench.md:37	the Levy's	->	An Togail's	|	ehind it, the hunger years and the two winters of the Levy's taking, and by now, Coinneach
CHANGE	eras/age_V/book/25_of_the_petition_on_the_bench.md:43	the Levy	->	An Togail	|	apes of it: the granary, the store at Seann Dunn, the Levy that had taken hands from eve
CHANGE	eras/age_V/book/25_of_the_petition_on_the_bench.md:49	the Residency	->	Taigh an Àrd-mhaoir	|	e voice at all, rather than each writing alone to the Residency and each being answered alone
CHANGE	eras/age_V/book/25_of_the_petition_on_the_bench.md:49	the treaty	->	Cùmhnant Cathair dhearg	|	h had been the way of it since the first years of the treaty.
CHANGE	eras/age_V/book/25_of_the_petition_on_the_bench.md:53	the Levy	->	An Togail	|	d without the asking that had been promised; that the Levy, though set aside in the dist
CHANGE	eras/age_V/book/25_of_the_petition_on_the_bench.md:53	Commissioner's	->	Àrd-mhaor's	|	r been repealed and could be laid on again at any Commissioner's word; that the granary built 
CHANGE	eras/age_V/book/25_of_the_petition_on_the_bench.md:53	the Company's	->	A' Chompanaidh's	|	store between the west and starving, and had been the Company's the whole time; and that the 
CHANGE	eras/age_V/book/25_of_the_petition_on_the_bench.md:53	the Residency's	->	Taigh an Àrd-mhaoir's	|	uadh's clerk had found for it in an old letter of the Residency's own, for their council to be 
CHANGE	eras/age_V/book/25_of_the_petition_on_the_bench.md:73	the Company's	->	A' Chompanaidh's	|	the capital as a girl: the harbour full of masts, the Company's sheds along the quay, and abo
CHANGE	eras/age_V/book/25_of_the_petition_on_the_bench.md:83	the Residency's	->	Taigh an Àrd-mhaoir's	|	f their own, humans mostly, in the black coats of the Residency's clerks, and one or two Dia-th
CHANGE	eras/age_V/book/25_of_the_petition_on_the_bench.md:105	The Levy	->	An Togail	|	 the rate it had been fixed at before the asking. The Levy stayed unrepealed on its shel
CHANGE	eras/age_V/book/25_of_the_petition_on_the_bench.md:105	the Residency	->	Taigh an Àrd-mhaoir	|	 one another, for the first bad harvest that gave the Residency an excuse to take it down aga
CHANGE	eras/age_V/book/25_of_the_petition_on_the_bench.md:105	the Residency	->	Taigh an Àrd-mhaoir	|	en into a petition or not. Aonghas Ruadh wrote to the Residency twice more, in his own name, 
CHANGE	eras/age_V/book/25_of_the_petition_on_the_bench.md:107	the Levy	->	An Togail	|	 to it, none of them, this time, of the famine or the Levy, but of the ordinary business
CHANGE	eras/age_V/book/25_of_the_petition_on_the_bench.md:111	the Levy	->	An Togail	|	s and answers not given, as it had burned through the Levy and the Green Death and the y
CHANGE	eras/age_V/book/25_of_the_petition_on_the_bench.md:111	the Green Death	->	A' Phlàigh Uaine	|	 not given, as it had burned through the Levy and the Green Death and the years before either, 
CHANGE	eras/age_V/book/25_of_the_petition_on_the_bench.md:113	Commissioner's	->	Àrd-mhaor's	|	ed a world before the coin, would live to see any Commissioner's answer at all, or whether his
CHANGE	eras/age_V/book/26_of_fearchar_bards_songs.md:25	the Company's	->	A' Chompanaidh's	|	him besides coal, since the coal itself went into the Company's cart and was never seen again
CHANGE	eras/age_V/book/26_of_fearchar_bards_songs.md:33	the Levy	->	An Togail	|	It was a short thing, four verses on the Levy and what it had cost the vill
CHANGE	eras/age_V/book/26_of_fearchar_bards_songs.md:35	Company ground	->	A' Chompanaidh's ground	|	 it and told the song was not to be sung again on Company ground.
CHANGE	eras/age_V/book/26_of_fearchar_bards_songs.md:43	Company hand	->	A' Chompanaidh's hand	|	ld be shown to be forbidden, he made, in his neat Company hand, the only complete copy of Fe
CHANGE	eras/age_V/book/26_of_fearchar_bards_songs.md:43	the Company's	->	A' Chompanaidh's	|	it kept it only in their heads. It sits now among the Company's own confiscation orders, file
CHANGE	eras/age_V/book/26_of_fearchar_bards_songs.md:47	the Company's	->	A' Chompanaidh's	|	nn dhearg and the coast and had no more idea than the Company's clerk what they were carrying
CHANGE	eras/age_V/book/26_of_fearchar_bards_songs.md:49	six Company carters	->	six carters of A' Chompanaidh	|	ench with a cup he could barely afford, and heard six Company carters at the next table sing his ow
CHANGE	eras/age_V/book/26_of_fearchar_bards_songs.md:55	Company carters	->	A' Chompanaidh's carters	|	of her business to say so aloud in a room full of Company carters. It was as much acknowledgmen
CHANGE	eras/age_V/book/26_of_fearchar_bards_songs.md:59	The Company's	->	A' Chompanaidh's	|	The Company's new quay went up at Ros dhomh
CHANGE	eras/age_V/book/26_of_fearchar_bards_songs.md:76	the Company	->	A' Chompanaidh	|	p through the summer, drawn by cart from a quarry the Company had opened for the purpose, a
CHANGE	eras/age_V/book/26_of_fearchar_bards_songs.md:78	the Company	->	A' Chompanaidh	|	horter than the other and unfit for the face, and the Company had given him the gate as a k
CHANGE	eras/age_V/book/26_of_fearchar_bards_songs.md:84	the silver guild	->	Comann an Airgid	|	uileann chiar, an old woman by then, a refiner of the silver guild to the last day she could sta
CHANGE	eras/age_V/book/26_of_fearchar_bards_songs.md:86	the Company	->	A' Chompanaidh	|	 walk east to her burying, and were given it, and the Company docked every one of them a da
CHANGE	eras/age_V/book/26_of_fearchar_bards_songs.md:94	The Company's	->	A' Chompanaidh's	|	unnamed, though plainly they had someone in mind. The Company's own inquiry, when its finding
CHANGE	eras/age_V/book/26_of_fearchar_bards_songs.md:96	Company ground	->	A' Chompanaidh's ground	|	not tell them, and found that a song forbidden on Company ground could travel further inside t
CHANGE	eras/age_V/book/26_of_fearchar_bards_songs.md:96	the Company's	->	A' Chompanaidh's	|	den on Company ground could travel further inside the Company's own mouths than it had ever t
CHANGE	eras/age_V/book/26_of_fearchar_bards_songs.md:98	high custodian	->	Ceann a' Chùraim	|	 the capital and the coast: that Artair mac Iain, high custodian these twenty and four years, 
CHANGE	eras/age_V/book/26_of_fearchar_bards_songs.md:98	the Council of Custodians	->	Comhairle a' Chùraim	|	ead at Cathair dhearg, eighty years old, and that the Council of Custodians, called to choose the next as
CHANGE	eras/age_V/book/26_of_fearchar_bards_songs.md:100	high custodian's	->	Ceann a' Chùraim's	|	ch that followed, and the one after, with the old high custodian's chair left where it had alway
CHANGE	eras/age_V/book/26_of_fearchar_bards_songs.md:100	the Residency	->	Taigh an Àrd-mhaoir	|	say who had first said it, that Robert Haskins at the Residency had written home across the s
CHANGE	eras/age_V/book/27_of_the_long_drought.md:13	The Administration	->	Riaghaltas nan Coigreach	|	The Administration kept no count of its own. Ise
CHANGE	eras/age_V/book/27_of_the_long_drought.md:13	the Company	->	A' Chompanaidh	|	had asked at the pay office at Ceann mhin whether the Company meant to do anything for the 
CHANGE	eras/age_V/book/27_of_the_long_drought.md:21	the Administration	->	Riaghaltas nan Coigreach	|	ng it, the way she had begun to mark every answer the Administration gave her. She had ninety-one 
CHANGE	eras/age_V/book/27_of_the_long_drought.md:39	the Administration	->	Riaghaltas nan Coigreach	|	It was in that same summer that the Administration set a watchman at the spring,
CHANGE	eras/age_V/book/27_of_the_long_drought.md:47	The Mission's	->	Teachdaireachd na h-Eaglaise's	|	The Mission's physician at Baile Mòr ruadh,
CHANGE	eras/age_V/book/27_of_the_long_drought.md:47	the Mission's	->	Teachdaireachd na h-Eaglaise's	|	cannot now unknow, and it was his report, sent to the Mission's house at Cathair dhearg that 
CHANGE	eras/age_V/book/27_of_the_long_drought.md:49	The Mission	->	Teachdaireachd na h-Eaglaise	|	The Mission bored new wells at Achadh she
CHANGE	eras/age_V/book/27_of_the_long_drought.md:49	the Mission's	->	Teachdaireachd na h-Eaglaise's	|	do without any of them having agreed to it aloud: the Mission's wells on one page, the Compan
CHANGE	eras/age_V/book/27_of_the_long_drought.md:49	the Company's	->	A' Chompanaidh's	|	eed to it aloud: the Mission's wells on one page, the Company's quota on the other, the quota
CHANGE	eras/age_V/book/27_of_the_long_drought.md:53	the Company's	->	A' Chompanaidh's	|	e he told his own mother, that he had signed with the Company's agent at Ceann mhin for a hew
CHANGE	eras/age_V/book/27_of_the_long_drought.md:63	the Company's	->	A' Chompanaidh's	|	hundred and ninth year, a single page asking that the Company's quota for the drought distric
CHANGE	eras/age_V/book/27_of_the_long_drought.md:65	The Residency	->	Taigh an Àrd-mhaoir	|	The Residency kept her waiting the better p
CHANGE	eras/age_V/book/27_of_the_long_drought.md:67	the Residency's	->	Taigh an Àrd-mhaoir's	|	eaning nothing at all for as long as anyone above the Residency's stair found it convenient tha
CHANGE	eras/age_V/book/27_of_the_long_drought.md:69	the Mission's	->	Teachdaireachd na h-Eaglaise's	|	he had the names and by number where she did not; the Mission's wells that held against the C
CHANGE	eras/age_V/book/27_of_the_long_drought.md:69	the Company's	->	A' Chompanaidh's	|	he did not; the Mission's wells that held against the Company's quota that had not moved; the
CHANGE	eras/age_V/book/27_of_the_long_drought.md:69	the Administration's	->	Riaghaltas nan Coigreach's	|	three dry years had actually cost a district that the Administration's own ledgers had never trouble
CHANGE	eras/age_V/book/27_of_the_long_drought.md:73	the Mission's	->	Teachdaireachd na h-Eaglaise's	|	hen a rider came from Achadh shean with word that the Mission's new rig, boring a third well 
CHANGE	eras/age_V/book/27_of_the_long_drought.md:75	the Residency's	->	Taigh an Àrd-mhaoir's	|	, in its own season, and not because anyone above the Residency's stair troubled to make it so.
CHANGE	eras/age_V/book/28_of_the_law_of_one_line.md:9	the Residency	->	Taigh an Àrd-mhaoir	|	Iseabail nic Leòid's forty pages reached the Residency at Ros dhomhain in the spring
CHANGE	eras/age_V/book/28_of_the_law_of_one_line.md:9	a Company ledger	->	a ledger of A' Chompanaidh	|	 took up side by side, the one nearly as thick as a Company ledger, the other four words and a s
CHANGE	eras/age_V/book/28_of_the_law_of_one_line.md:11	the Administration	->	Riaghaltas nan Coigreach	|	t Thomas Hale first put his name to paper against the Administration, in a matter that had nothing
CHANGE	eras/age_V/book/28_of_the_law_of_one_line.md:11	the Residency's	->	Taigh an Àrd-mhaoir's	|	dhomhain court's own record, kept afterward among the Residency's letter-books, that the copyis
CHANGE	eras/age_V/book/28_of_the_law_of_one_line.md:19	the Company	->	A' Chompanaidh	|	th a paper naming every holding on the slope that the Company judged owed to it, the narrow
CHANGE	eras/age_V/book/28_of_the_law_of_one_line.md:23	the Company's	->	A' Chompanaidh's	|	young man named Pryce who had been three years in the Company's survey office and had learned
CHANGE	eras/age_V/book/28_of_the_law_of_one_line.md:25	the Company	->	A' Chompanaidh	|	orked this ground," Pryce said, "under no charter the Company recognises. I am not saying y
CHANGE	eras/age_V/book/28_of_the_law_of_one_line.md:25	the Company's	->	A' Chompanaidh's	|	 I am not saying you have done wrong. I am saying the Company's claim runs beneath the distri
CHANGE	eras/age_V/book/28_of_the_law_of_one_line.md:25	the Company's	->	A' Chompanaidh's	|	nd yours does not run beneath anything at all, in the Company's law, unless you can show it d
CHANGE	eras/age_V/book/28_of_the_law_of_one_line.md:27	the Company	->	A' Chompanaidh	|	has been my mother's people's ground since before the Company had a name," Thomas said. "Th
CHANGE	eras/age_V/book/28_of_the_law_of_one_line.md:29	the Company	->	A' Chompanaidh	|	may be true and still be no showing, in the court the Company will bring this to if you ref
CHANGE	eras/age_V/book/28_of_the_law_of_one_line.md:29	the Company	->	A' Chompanaidh	|	l enough that Thomas understood, hearing it, that the Company had already reckoned the seam
CHANGE	eras/age_V/book/28_of_the_law_of_one_line.md:33	the Company's	->	A' Chompanaidh's	|	o tongues, one page, the custodian's own hand. If the Company's law knows anything of lines a
CHANGE	eras/age_V/book/28_of_the_law_of_one_line.md:35	the Company's	->	A' Chompanaidh's	|	 the third month of the year to file his claim at the Company's court.
CHANGE	eras/age_V/book/28_of_the_law_of_one_line.md:39	the Company's	->	A' Chompanaidh's	|	 asked to answer. He had no lawyer, no letters of the Company's tongue beyond what his grandf
CHANGE	eras/age_V/book/28_of_the_law_of_one_line.md:39	the Residency	->	Taigh an Àrd-mhaoir	|	andfather's house had given him, and no friend at the Residency to tell him what manner of he
CHANGE	eras/age_V/book/28_of_the_law_of_one_line.md:41	the Residency's	->	Taigh an Àrd-mhaoir's	|	call there more often than the old sail ever had; the Residency's long grey front with its rows
CHANGE	eras/age_V/book/28_of_the_law_of_one_line.md:41	Company men	->	A' Chompanaidh's men	|	 streets nearest the court, clerks and agents and Company men moving at a pace no coast tow
CHANGE	eras/age_V/book/28_of_the_law_of_one_line.md:41	the Company's	->	A' Chompanaidh's	|	 had housed men come to argue every kind of claim the Company's court would hear, and that in
CHANGE	eras/age_V/book/28_of_the_law_of_one_line.md:43	the Company's	->	A' Chompanaidh's	|	t morning, was a clerk's fee, four marks, paid in the Company's own coin over a table no wide
CHANGE	eras/age_V/book/28_of_the_law_of_one_line.md:43	no Company agent	->	no agent of A' Chompanaidh	|	st allowed, and that a claim from a district with no Company agent resident in it went, as a rul
CHANGE	eras/age_V/book/28_of_the_law_of_one_line.md:51	the Company's	->	A' Chompanaidh's	|	r Dunstan, magistrate at Ros dhomhain, had sat on the Company's bench at that town for six ye
CHANGE	eras/age_V/book/28_of_the_law_of_one_line.md:53	Company clerks	->	A' Chompanaidh's clerks	|	oom that held perhaps thirty people, most of them Company clerks with business of their own on
CHANGE	eras/age_V/book/28_of_the_law_of_one_line.md:53	the Company	->	A' Chompanaidh	|	y four generations of one family. Pryce spoke for the Company, briefly and without heat, la
CHANGE	eras/age_V/book/28_of_the_law_of_one_line.md:57	the Company's	->	A' Chompanaidh's	|	The ruling came a fortnight later, posted at the Company's counter along with a dozen ot
CHANGE	eras/age_V/book/28_of_the_law_of_one_line.md:57	the Administration's	->	Riaghaltas nan Coigreach's	|	ustomary rights of the kind claimed descended, in the Administration's law, only through a line the 
CHANGE	eras/age_V/book/28_of_the_law_of_one_line.md:57	the Administration	->	Riaghaltas nan Coigreach	|	 in the Administration's law, only through a line the Administration recognised as continuous in i
CHANGE	eras/age_V/book/28_of_the_law_of_one_line.md:57	any Company grant	->	any grant of A' Chompanaidh	|	it did on custom and on a marriage rather than on any Company grant, therefore failed; and that t
CHANGE	eras/age_V/book/28_of_the_law_of_one_line.md:63	the Company's	->	A' Chompanaidh's	|	and alone. Within three years of Dunstan's ruling the Company's agents had brought eleven fur
CHANGE	eras/age_V/book/28_of_the_law_of_one_line.md:63	the Company's	->	A' Chompanaidh's	|	 kind before the Ros dhomhain bench, each resting the Company's title on some marriage, gener
CHANGE	eras/age_V/book/28_of_the_law_of_one_line.md:63	the Administration	->	Riaghaltas nan Coigreach	|	rst set out: that no such marriage created a line the Administration recognised, whatever the cust
CHANGE	eras/age_V/book/28_of_the_law_of_one_line.md:65	the Company	->	A' Chompanaidh	|	 own roll, when the ruling reached her, only that the Company had found a use, at last, for
CHANGE	eras/age_V/book/28_of_the_law_of_one_line.md:67	the Crossing's	->	An t-Aiseag's	|	ree generations back, to a human pilot off one of the Crossing's own ships, the marriage enter
CHANGE	eras/age_V/book/28_of_the_law_of_one_line.md:67	the Company	->	A' Chompanaidh	|	d a second time by a magistrate junior to him, to the Company without further hearing at al
CHANGE	eras/age_V/book/28_of_the_law_of_one_line.md:69	Dunstan's rule	->	Riaghailt Dunstan	|	 marriage written into the roll had become, under Dunstan's rule, a paper a family's enemies c
CHANGE	eras/age_V/book/28_of_the_law_of_one_line.md:69	the Administration's	->	Riaghaltas nan Coigreach's	|	d failed, because no custodian any longer trusted the Administration's court with it.
CHANGE	eras/age_V/book/28_of_the_law_of_one_line.md:71	the Company	->	A' Chompanaidh	|	nerations, had become the very door through which the Company had walked to take eleven oth
CHANGE	eras/age_V/book/28_of_the_law_of_one_line.md:75	the Administration's	->	Riaghaltas nan Coigreach's	|	who understood, better than most, exactly how far the Administration's law would and would not reach
CHANGE	eras/age_V/book/28_of_the_law_of_one_line.md:75	the Company's	->	A' Chompanaidh's	|	e and speak for a man of the club who had died in the Company's lock-up at Cnoc chaol, and wh
CHANGE	eras/age_V/book/28_of_the_law_of_one_line.md:75	the Company's	->	A' Chompanaidh's	|	e burying the club meant to see done properly, in the Company's own eye as well as the distri
CHANGE	eras/age_V/book/28_of_the_law_of_one_line.md:77	the Company's	->	A' Chompanaidh's	|	eeded a night shift, and who had been taken up by the Company's watchmen in the autumn of tha
CHANGE	eras/age_V/book/28_of_the_law_of_one_line.md:77	the Company's	->	A' Chompanaidh's	|	up before any hearing was set for him, of a fever the Company's own surgeon recorded as alrea
CHANGE	eras/age_V/book/28_of_the_law_of_one_line.md:77	the Company's	->	A' Chompanaidh's	|	 stand at the graveside who could read, aloud, in the Company's own tongue, the surgeon's not
CHANGE	eras/age_V/book/28_of_the_law_of_one_line.md:77	the Company's	->	A' Chompanaidh's	|	rward could say the burying had been done without the Company's own leave.
CHANGE	eras/age_V/book/28_of_the_law_of_one_line.md:79	the Company money	->	A' Chompanaidh's money	|	penly and not merely filed. "A man who dies owing the Company money," Dòmhnall said, "is a man th
CHANGE	eras/age_V/book/28_of_the_law_of_one_line.md:79	the Company	->	A' Chompanaidh	|	wing the Company money," Dòmhnall said, "is a man the Company is glad enough to forget, and
CHANGE	eras/age_V/book/28_of_the_law_of_one_line.md:79	the Lamp-Watch	->	Faire nan Lòchran	|	had itself been forgotten, were the whole of what the Lamp-Watch could promise anyone yet, and
CHANGE	eras/age_V/book/28_of_the_law_of_one_line.md:81	the Lamp-Watch	->	Faire nan Lòchran	|	 that Thomas never asked after either, to call it the Lamp-Watch among its own members and not
CHANGE	eras/age_V/book/28_of_the_law_of_one_line.md:81	the Company's	->	A' Chompanaidh's	|	 as a burial club at all, though the name it gave the Company's clerks stayed the same.
CHANGE	eras/age_V/book/28_of_the_law_of_one_line.md:83	the Company's	->	A' Chompanaidh's	|	winter at Ros dhomhain had left him. The seam was the Company's now, and the eleven cuttings 
CHANGE	eras/age_V/book/28_of_the_law_of_one_line.md:83	the Administration's	->	Riaghaltas nan Coigreach's	|	f a ruling that had taught him exactly how little the Administration's law honoured any custom, and 
CHANGE	eras/age_V/book/29_of_the_night_shift.md:7	the Company	->	A' Chompanaidh	|	 hundred and fourteenth year, over a quarrel with the Company about the price of a steamshi
CHANGE	eras/age_V/book/29_of_the_night_shift.md:7	the Residency	->	Taigh an Àrd-mhaoir	|	not afterward agree what it had been. He had held the Residency sixteen years and never once,
CHANGE	eras/age_V/book/29_of_the_night_shift.md:9	a Commissioner	->	an Àrd-mhaor	|	ane was a thing Ros dhomhain had not seen before: a Commissioner who had been born there. Not 
CHANGE	eras/age_V/book/29_of_the_night_shift.md:9	Commissioner	->	Àrd-mhaor	|	orn in an Tìr Thall and sent over grown, as every Commissioner before him had been, but born
CHANGE	eras/age_V/book/29_of_the_night_shift.md:9	the Residency	->	Taigh an Àrd-mhaoir	|	ery Commissioner before him had been, but born at the Residency, four-and-forty years before,
CHANGE	eras/age_V/book/29_of_the_night_shift.md:9	Commissioner	->	Àrd-mhaor	|	ris, unprompted, with no clerk beside him, and no Commissioner had done that in living memor
CHANGE	eras/age_V/book/29_of_the_night_shift.md:11	the high custodian's	->	Ceann a' Chùraim's	|	irle a' Chùraim sat for him in the crown's place, the high custodian's seat empty still, as it had b
CHANGE	eras/age_V/book/29_of_the_night_shift.md:11	the Mission's	->	Teachdaireachd na h-Eaglaise's	|	him and he finished in the humans' speech through the Mission's interpreter. What he said, in
CHANGE	eras/age_V/book/29_of_the_night_shift.md:11	a Commissioner	->	an Àrd-mhaor	|	e it was the first time in the roll's memory that a Commissioner had used the word at all, hom
CHANGE	eras/age_V/book/29_of_the_night_shift.md:13	the Residency	->	Taigh an Àrd-mhaoir	|	He kept a room at the Residency that Haskins had never used, 
CHANGE	eras/age_V/book/29_of_the_night_shift.md:13	the Mission's	->	Teachdaireachd na h-Eaglaise's	|	ll chamber off the counting-house with a shelf of the Mission's Dia-thìris grammars in it, wo
CHANGE	eras/age_V/book/29_of_the_night_shift.md:15	Commissioners	->	Àrd-mhaoir	|	ar who had buried three husbands and outlived two Commissioners already, said within Vane's o
CHANGE	eras/age_V/book/29_of_the_night_shift.md:19	the Company	->	A' Chompanaidh	|	he coal port at Ros dhìreach, drawn by mule teams the Company shipped in from an Tìr Thall 
CHANGE	eras/age_V/book/29_of_the_night_shift.md:19	the Company	->	A' Chompanaidh	|	crates that stank the length of the quay. It cost the Company less in a season to move coal
CHANGE	eras/age_V/book/29_of_the_night_shift.md:21	the Residency	->	Taigh an Àrd-mhaoir	|	ne, too, who signed the order that came down from the Residency in an Lùnastal of the year af
CHANGE	eras/age_V/book/29_of_the_night_shift.md:21	The Company's	->	A' Chompanaidh's	|	n over to rest at all. The order named no reason. The Company's own letter-book, which the cu
CHANGE	eras/age_V/book/29_of_the_night_shift.md:21	the Company money	->	A' Chompanaidh's money	|	e day shifts alone could cut, and idle rails cost the Company money the way idle hands never had.
CHANGE	eras/age_V/book/29_of_the_night_shift.md:31	The Company	->	A' Chompanaidh	|	The Company answered it in a week with cr
CHANGE	eras/age_V/book/29_of_the_night_shift.md:33	The Company's	->	A' Chompanaidh's	|	ng by no hand the custodian troubled to guess at. The Company's overseers housed the new crew
CHANGE	eras/age_V/book/29_of_the_night_shift.md:33	the Company's	->	A' Chompanaidh's	|	pany's overseers housed the new crews in barns of the Company's own outside the town, and sev
CHANGE	eras/age_V/book/29_of_the_night_shift.md:35	The Lamp-Watch	->	Faire nan Lòchran	|	The Lamp-Watch, the fellowship of pit crews 
CHANGE	eras/age_V/book/29_of_the_night_shift.md:39	the Mission's	->	Teachdaireachd na h-Eaglaise's	|	Matthew Dunne had held the Mission's chapel at Ros dhomhain three 
CHANGE	eras/age_V/book/29_of_the_night_shift.md:39	the night-shift order	->	Àithne na h-Oidhche	|	Mission's chapel at Ros dhomhain three years when the night-shift order came down, a narrow young man
CHANGE	eras/age_V/book/29_of_the_night_shift.md:39	the Mission	->	Teachdaireachd na h-Eaglaise	|	thirty with a Dia-thìris better than any minister the Mission had sent before him and a tem
CHANGE	eras/age_V/book/29_of_the_night_shift.md:39	the Green Death	->	A' Phlàigh Uaine	|	way Walter Crane had once walked the sick-rows of the Green Death, on his own feet and without 
CHANGE	eras/age_V/book/29_of_the_night_shift.md:39	the Residency	->	Taigh an Àrd-mhaoir	|	d come to know the camps better than any human at the Residency, Vane not excepted.
CHANGE	eras/age_V/book/29_of_the_night_shift.md:41	Company clerks	->	A' Chompanaidh's clerks	|	 at Ros dhomhain before a congregation half of it Company clerks and half of it dockers, he sa
CHANGE	eras/age_V/book/29_of_the_night_shift.md:41	the Company	->	A' Chompanaidh	|	iven leave to say for themselves: that the ground the Company dug was owed a season of quie
CHANGE	eras/age_V/book/29_of_the_night_shift.md:43	the Company's	->	A' Chompanaidh's	|	fter and from the other side of the water, not of the Company's answer, which he had judged r
CHANGE	eras/age_V/book/29_of_the_night_shift.md:43	the Mission's	->	Teachdaireachd na h-Eaglaise's	|	m the first, but of standing in a pulpit built by the Mission's own money and telling the men
CHANGE	eras/age_V/book/29_of_the_night_shift.md:45	The Company's	->	A' Chompanaidh's	|	The Company's agent at Ros dhomhain wrote t
CHANGE	eras/age_V/book/29_of_the_night_shift.md:45	the Mission's	->	Teachdaireachd na h-Eaglaise's	|	The Company's agent at Ros dhomhain wrote to the Mission's own house in an Tìr Thall wit
CHANGE	eras/age_V/book/29_of_the_night_shift.md:45	the Company	->	A' Chompanaidh	|	hat the minister be recalled before his words did the Company more harm than his ministry d
CHANGE	eras/age_V/book/29_of_the_night_shift.md:45	The Mission	->	Teachdaireachd na h-Eaglaise	|	 Company more harm than his ministry did it good. The Mission, which depended on the Compan
CHANGE	eras/age_V/book/29_of_the_night_shift.md:45	the Company's	->	A' Chompanaidh's	|	istry did it good. The Mission, which depended on the Company's ships for every letter and ev
CHANGE	eras/age_V/book/29_of_the_night_shift.md:47	The Lamp-Watch	->	Faire nan Lòchran	|	The Lamp-Watch had a copy of the sermon insi
CHANGE	eras/age_V/book/29_of_the_night_shift.md:47	a Company clerk	->	a clerk of A' Chompanaidh	|	was always said afterward though never proved, by a Company clerk who had sat in the chapel and
CHANGE	eras/age_V/book/29_of_the_night_shift.md:51	the Green Death	->	A' Phlàigh Uaine	|	 was preached, and stayed three years. It was not the Green Death; it killed slowly, over a sea
CHANGE	eras/age_V/book/29_of_the_night_shift.md:53	the Mission's	->	Teachdaireachd na h-Eaglaise's	|	the same galleries in the same lamp-lit dark, and the Mission's own physician, a careful man 
CHANGE	eras/age_V/book/29_of_the_night_shift.md:55	Donnchadh's cough	->	Casad Dhonnchaidh	|	called any such cough among the Dia-thìrich crews Donnchadh's cough, and would say no more. The C
CHANGE	eras/age_V/book/29_of_the_night_shift.md:55	The Company	->	A' Chompanaidh	|	h crews Donnchadh's cough, and would say no more. The Company, for its part, paid the widow
CHANGE	eras/age_V/book/29_of_the_night_shift.md:55	the Company's	->	A' Chompanaidh's	|	 agent's letter says without apology, a matter of the Company's grace and not of any debt owe
CHANGE	eras/age_V/book/29_of_the_night_shift.md:59	the night-shift order	->	Àithne na h-Oidhche	|	with the staff, and at nine-and-sixty, the winter the night-shift order fell hardest on his own galle
CHANGE	eras/age_V/book/29_of_the_night_shift.md:59	the Company	->	A' Chompanaidh	|	d done in the office's whole history: he wrote to the Company that its own order was costin
CHANGE	eras/age_V/book/29_of_the_night_shift.md:61	the Mission	->	Teachdaireachd na h-Eaglaise	|	te it in the humans' tongue, in the schooled hand the Mission had given him as a boy, and h
CHANGE	eras/age_V/book/29_of_the_night_shift.md:61	the Company	->	A' Chompanaidh	|	ter than the coal they cut in the dark was paying the Company back, counting the cost of ev
CHANGE	eras/age_V/book/29_of_the_night_shift.md:61	the Mission	->	Teachdaireachd na h-Eaglaise	|	ery widow's household falling onto the parish and the Mission both, and the slower cutting 
CHANGE	eras/age_V/book/29_of_the_night_shift.md:63	the Residency	->	Taigh an Àrd-mhaoir	|	 who found the answer when it came: a notice from the Residency, unlike any reply to a letter
CHANGE	eras/age_V/book/29_of_the_night_shift.md:67	the Company	->	A' Chompanaidh	|	th. There was no other overseer at Muileann chrom the Company trusted with the galleries, a
CHANGE	eras/age_V/book/29_of_the_night_shift.md:67	the Company's	->	A' Chompanaidh's	|	e so far below what the night shift demanded that the Company's own agent wrote up the road t
CHANGE	eras/age_V/book/29_of_the_night_shift.md:67	the Company	->	A' Chompanaidh	|	eady to hand to anyone at his table who asked how the Company answered a true thing said to
CHANGE	eras/age_V/book/29_of_the_night_shift.md:67	the Company's	->	A' Chompanaidh's	|	h the dismissal that had answered it, survives in the Company's own files for that reason alo
CHANGE	eras/age_V/book/29_of_the_night_shift.md:71	the Company's	->	A' Chompanaidh's	|	The potteries of Baile ghorm took the Company's contract for lamp-bodies in t
CHANGE	eras/age_V/book/29_of_the_night_shift.md:71	the Residency	->	Taigh an Àrd-mhaoir	|	arefully as any custodian's roll though nobody at the Residency thought to call it one, notes
CHANGE	eras/age_V/book/29_of_the_night_shift.md:73	the Company's	->	A' Chompanaidh's	|	hed. In am Màrt of the hundred and twentieth year the Company's iron road opened from the pit
CHANGE	eras/age_V/book/29_of_the_night_shift.md:75	the coal line	->	Slighe a' Ghuail	|	 the iron chariot, and calling the road it ran on the coal line, and both names outlasted eve
CHANGE	eras/age_V/book/29_of_the_night_shift.md:75	the Company's	->	A' Chompanaidh's	|	he coal line, and both names outlasted every name the Company's own letter-book ever gave eit
CHANGE	eras/age_V/book/30_of_the_cellar_at_muileann_chaol.md:13	the Residency's	->	Taigh an Àrd-mhaoir's	|	loft anything they wished to be certain of, since the Residency's writ did not reach into an ol
CHANGE	eras/age_V/book/30_of_the_cellar_at_muileann_chaol.md:23	the Residency	->	Taigh an Àrd-mhaoir	|	 copies, kept in three different houses in a town the Residency had no cause to visit, could 
CHANGE	eras/age_V/book/30_of_the_cellar_at_muileann_chaol.md:23	the Company's	->	A' Chompanaidh's	|	mes, every fine and fever and every shift lost to the Company's pits, came in time to know th
CHANGE	eras/age_V/book/30_of_the_cellar_at_muileann_chaol.md:25	the Residency	->	Taigh an Àrd-mhaoir	|	ad one word for the whole arrangement long before the Residency ever heard of it, called it s
CHANGE	eras/age_V/book/30_of_the_cellar_at_muileann_chaol.md:27	the three households	->	Na Trì Teaghlaichean	|	gan to fail her past the point of close work, and the three households, needing a hand that could be
CHANGE	eras/age_V/book/30_of_the_cellar_at_muileann_chaol.md:35	the Administration	->	Riaghaltas nan Coigreach	|	 the copying began, word went round the east that the Administration had ordered a count made of e
CHANGE	eras/age_V/book/30_of_the_cellar_at_muileann_chaol.md:37	the Residency's	->	Taigh an Àrd-mhaoir's	|	of it reached the cellar the following year among the Residency's other business that the custo
CHANGE	eras/age_V/book/30_of_the_cellar_at_muileann_chaol.md:37	the Administration's	->	Riaghaltas nan Coigreach's	|	r inland, where the hill villages ran together in the Administration's own maps into districts with 
CHANGE	eras/age_V/book/30_of_the_cellar_at_muileann_chaol.md:41	the Administration's	->	Riaghaltas nan Coigreach's	|	wn, the roll of a village of forty-one souls that the Administration's own count gave as a round hun
CHANGE	eras/age_V/book/30_of_the_cellar_at_muileann_chaol.md:43	the Administration	->	Riaghaltas nan Coigreach	|	custodians' letters said, of anywhere closer that the Administration cared to build an office. The
CHANGE	eras/age_V/book/30_of_the_cellar_at_muileann_chaol.md:49	the Deer	->	Feallsanachd an Fhèidh	|	ld remember hearing otherwise, the last master of the Deer to teach openly in that age: 
CHANGE	eras/age_V/book/30_of_the_cellar_at_muileann_chaol.md:49	the Residency	->	Taigh an Àrd-mhaoir	|	d listen, as the schools had always taught before the Residency and the Mission between them 
CHANGE	eras/age_V/book/30_of_the_cellar_at_muileann_chaol.md:49	the Mission	->	Teachdaireachd na h-Eaglaise	|	chools had always taught before the Residency and the Mission between them made open teachi
CHANGE	eras/age_V/book/30_of_the_cellar_at_muileann_chaol.md:49	a Commissioner's	->	an Àrd-mhaor's	|	ve said, that a philosophy that could not survive a Commissioner's displeasure had never been wo
CHANGE	eras/age_V/book/30_of_the_cellar_at_muileann_chaol.md:65	the three households	->	Na Trì Teaghlaichean	|	ent north on foot in am Cèitean, with a letter of the three households' own seal and nothing else, f
CHANGE	eras/age_V/book/30_of_the_cellar_at_muileann_chaol.md:73	the cellar at Muileann chaol	->	Seilear Muileann chaol	|	 took him in for a story of the road, and reached the cellar at Muileann chaol with his feet raw and the che
CHANGE	eras/age_V/book/30_of_the_cellar_at_muileann_chaol.md:73	the three households	->	Na Trì Teaghlaichean	|	e a seal that was not his to break was no copyist the three households wanted at their table. Fearch
CHANGE	eras/age_V/book/30_of_the_cellar_at_muileann_chaol.md:83	the three households	->	Na Trì Teaghlaichean	|	in the rolls, here and there, since before any of the three households were born to the work: a birt
CHANGE	eras/age_V/book/30_of_the_cellar_at_muileann_chaol.md:87	the three households	->	Na Trì Teaghlaichean	|	, late at a table with the peat gone low, whether the three households ought to put a word of their 
CHANGE	eras/age_V/book/30_of_the_cellar_at_muileann_chaol.md:101	the Company's	->	A' Chompanaidh's	|	, under the wind, Cailean could hear the pumps of the Company's newer galleries lower down th
CHANGE	eras/age_V/book/30_of_the_cellar_at_muileann_chaol.md:109	the Residency's	->	Taigh an Àrd-mhaoir's	|	ing without a door could not be walked through by the Residency's clerks or the Mission's physi
CHANGE	eras/age_V/book/30_of_the_cellar_at_muileann_chaol.md:109	the Mission's	->	Teachdaireachd na h-Eaglaise's	|	ot be walked through by the Residency's clerks or the Mission's physicians or anyone else who
CHANGE	eras/age_V/book/30_of_the_cellar_at_muileann_chaol.md:123	the Residency's	->	Taigh an Àrd-mhaoir's	|	at day forward, in the custodians' hand or, where the Residency's clerks required it, in the hu
CHANGE	eras/age_V/book/31_of_the_line_of_aisling.md:7	the cellar at Muileann chaol	->	Seilear Muileann chaol	|	Cailean mac Eachainn had been two years in the cellar at Muileann chaol before he learned to stop rea
CHANGE	eras/age_V/book/31_of_the_line_of_aisling.md:9	the three households	->	Na Trì Teaghlaichean	|	son anyone taught him. Seònag Bhàn, the eldest of the three households, told him only that a hand co
CHANGE	eras/age_V/book/31_of_the_line_of_aisling.md:11	the Residency's	->	Taigh an Àrd-mhaoir's	|	ee others from the eastern custodians whose rolls the Residency's own clerks could not be trust
CHANGE	eras/age_V/book/31_of_the_line_of_aisling.md:11	the Residency	->	Taigh an Àrd-mhaoir	|	down to Muileann chaol to be made again in a hand the Residency never saw. Àth ìseal was a sm
CHANGE	eras/age_V/book/31_of_the_line_of_aisling.md:57	The Mason's line	->	Clann a' Chlachair	|	ven at a naming, from the child back to the fire. The Mason's line has kept the years of its dea
CHANGE	eras/age_V/book/31_of_the_line_of_aisling.md:61	the Company	->	A' Chompanaidh	|	hòr, who stood behind Beathag Dhubh when she sent the Company down the hill;
CHANGE	eras/age_V/book/31_of_the_line_of_aisling.md:66	the First Flame	->	A' Chiad Lasair	|	> son of Gille-Brìde, who carried a coal of the First Flame home to the hills; and all th
CHANGE	eras/age_V/book/31_of_the_line_of_aisling.md:70	the Ford of Blood	->	Àth na Fala	|	d in the grove, and who was king until he fell at the Ford of Blood; and all the days of Ailean M
CHANGE	eras/age_V/book/31_of_the_line_of_aisling.md:73	the Inquisitors of the Mystic Coal	->	Luchd-ceasnachaidh a' Ghuail Dhìomhair	|	> son of Colla, in whose days they called us the Inquisitors of the Mystic Coal; and fifteen fathers;
CHANGE	eras/age_V/book/31_of_the_line_of_aisling.md:79	the Keeper	->	Coimhdeach na Fine	|	> son of Diarmad, who spoke with the Keeper in the grove; and thirty-four
CHANGE	eras/age_V/book/31_of_the_line_of_aisling.md:82	the godfolk	->	an Dia-shluagh	|	> son of the godfolk, who grew out of the island l
CHANGE	eras/age_V/book/31_of_the_line_of_aisling.md:97	The Residency	->	Taigh an Àrd-mhaoir	|	The Residency heard of the word the custodi
CHANGE	eras/age_V/book/31_of_the_line_of_aisling.md:97	the Residency	->	Taigh an Àrd-mhaoir	|	ord the custodians had agreed within the year, as the Residency heard most things that were s
CHANGE	eras/age_V/book/31_of_the_line_of_aisling.md:97	the three households	->	Na Trì Teaghlaichean	|	s, though by what road neither the custodians nor the three households of the cellar ever learned. W
CHANGE	eras/age_V/book/31_of_the_line_of_aisling.md:97	the Administration	->	Riaghaltas nan Coigreach	|	at reached it was not the line, which no clerk of the Administration would have believed if he had
CHANGE	eras/age_V/book/31_of_the_line_of_aisling.md:99	the Commissioner's	->	An t-Àrd-mhaor's	|	 end of the hundred and twenty-seventh year, over the Commissioner's own seal, and was read out to
CHANGE	eras/age_V/book/31_of_the_line_of_aisling.md:99	the Commissioner's	->	An t-Àrd-mhaor's	|	ns had lately named was to be reported at once to the Commissioner's office, with the child's name
CHANGE	eras/age_V/book/31_of_the_line_of_aisling.md:99	the Administration	->	Riaghaltas nan Coigreach	|	 with the child's name, place and parentage, that the Administration might keep its own account of
CHANGE	eras/age_V/book/31_of_the_line_of_aisling.md:101	the Residency	->	Taigh an Àrd-mhaoir	|	 the physicians had settled on, where no clerk of the Residency thought to look for it. A cus
CHANGE	eras/age_V/book/31_of_the_line_of_aisling.md:101	a Company agent	->	an agent of A' Chompanaidh	|	 for it. A custodian at Cill ghlas, asked once by a Company agent whether she knew of any such 
CHANGE	eras/age_V/book/31_of_the_line_of_aisling.md:107	the Residency's	->	Taigh an Àrd-mhaoir's	|	had gone on regardless in a hundred quiet corners the Residency's clerks never fully reached: c
CHANGE	eras/age_V/book/31_of_the_line_of_aisling.md:107	the Administration	->	Riaghaltas nan Coigreach	|	n the spring of the hundred and twenty-ninth year the Administration struck barter down as lawful 
CHANGE	eras/age_V/book/31_of_the_line_of_aisling.md:107	the Residency	->	Taigh an Àrd-mhaoir	|	d, their keepers turned to other work. A clerk of the Residency, setting the closure into the
CHANGE	eras/age_V/book/31_of_the_line_of_aisling.md:107	the Company's	->	A' Chompanaidh's	|	g the closure into the year's account, wrote that the Company's ledgers were now, for the fir
CHANGE	eras/age_V/book/31_of_the_line_of_aisling.md:109	The Company's	->	A' Chompanaidh's	|	or marks they had not asked for and did not want. The Company's own clerks, coming down to th
CHANGE	eras/age_V/book/31_of_the_line_of_aisling.md:111	the Company's	->	A' Chompanaidh's	|	n to spare, began borrowing them at interest from the Company's own stores, the only lender w
CHANGE	eras/age_V/book/31_of_the_line_of_aisling.md:111	the Company	->	A' Chompanaidh	|	rs most of the villages about Muileann chrom owed the Company more marks than a year's crop
CHANGE	eras/age_V/book/31_of_the_line_of_aisling.md:113	the Company	->	A' Chompanaidh	|	 each other directly since An Aois Naomh, without the Company or the Administration standin
CHANGE	eras/age_V/book/31_of_the_line_of_aisling.md:113	the Administration	->	Riaghaltas nan Coigreach	|	ectly since An Aois Naomh, without the Company or the Administration standing between them, closed
CHANGE	eras/age_V/book/31_of_the_line_of_aisling.md:117	the Residency	->	Taigh an Àrd-mhaoir	|	 as having said, near the end, that she had asked the Residency for an answer once, and meant
CHANGE	eras/age_V/book/31_of_the_line_of_aisling.md:121	The Company	->	A' Chompanaidh	|	lie across his knees at every supper of my life." The Company wrote to confirm her within t
CHANGE	eras/age_V/book/31_of_the_line_of_aisling.md:121	the Company's	->	A' Chompanaidh's	|	 one another afterward with an expression none of the Company's clerks would have cared to se
CHANGE	eras/age_V/book/31_of_the_line_of_aisling.md:125	the Residency	->	Taigh an Àrd-mhaoir	|	er her name: that somewhere on a roll no clerk of the Residency had ever read, a girl who did
CHANGE	eras/age_V/book/32_of_the_grey_goose_and_the_dockers.md:7	the Residency	->	Taigh an Àrd-mhaoir	|	Edward Vane died at the Residency above Ros dhomhain late in an
CHANGE	eras/age_V/book/32_of_the_grey_goose_and_the_dockers.md:7	Commissioner	->	Àrd-mhaor	|	had been born in sixty-two years before, the only Commissioner Dia-thìr ever gave a birth as
CHANGE	eras/age_V/book/32_of_the_grey_goose_and_the_dockers.md:7	the Residency	->	Taigh an Àrd-mhaoir	|	d himself to feel, and the custodians who came to the Residency in the old form to acknowledg
CHANGE	eras/age_V/book/32_of_the_grey_goose_and_the_dockers.md:9	the Commissioner's	->	An t-Àrd-mhaor's	|	old, courteously, that they were constables under the Commissioner's own commission, sworn to keep
CHANGE	eras/age_V/book/32_of_the_grey_goose_and_the_dockers.md:11	the Administration	->	Riaghaltas nan Coigreach	|	"It is the first standing force the Administration has kept here," said Mòrag ni
CHANGE	eras/age_V/book/32_of_the_grey_goose_and_the_dockers.md:11	Commissioner	->	Àrd-mhaor	|	ad ridden down from Muileann chrom to see the new Commissioner land, more from a wish to loo
CHANGE	eras/age_V/book/32_of_the_grey_goose_and_the_dockers.md:11	the Company	->	A' Chompanaidh	|	ing anything from it. "A hundred and twenty years the Company kept order with an agent's si
CHANGE	eras/age_V/book/32_of_the_grey_goose_and_the_dockers.md:13	the Company	->	A' Chompanaidh	|	"A hundred and twenty years the Company had no cause to do otherwise,
CHANGE	eras/age_V/book/32_of_the_grey_goose_and_the_dockers.md:15	the Company	->	A' Chompanaidh	|	ownsfolk noted without much surprise, from timber the Company had felled and never paid the
CHANGE	eras/age_V/book/32_of_the_grey_goose_and_the_dockers.md:15	the Company's	->	A' Chompanaidh's	|	and used the money, with a thoroughness that made the Company's agent write two letters of co
CHANGE	eras/age_V/book/32_of_the_grey_goose_and_the_dockers.md:15	the Company's	->	A' Chompanaidh's	|	n, to buy the village clear of every debt it owed the Company's own store.
CHANGE	eras/age_V/book/32_of_the_grey_goose_and_the_dockers.md:23	the coal line	->	Slighe a' Ghuail	|	untry behind Baile chrom at nineteen, in the year the coal line opened, following a brother t
CHANGE	eras/age_V/book/32_of_the_grey_goose_and_the_dockers.md:23	a Company tenant-farmer	->	a tenant-farmer of A' Chompanaidh	|	, and she kept, in the small room she rented from a Company tenant-farmer, a single object of any value
CHANGE	eras/age_V/book/32_of_the_grey_goose_and_the_dockers.md:25	the Company's	->	A' Chompanaidh's	|	aw a living from the island's own sea rather than the Company's table, and among them an old 
CHANGE	eras/age_V/book/32_of_the_grey_goose_and_the_dockers.md:31	the Mission	->	Teachdaireachd na h-Eaglaise	|	who've kept it longer than anyone can say, though the Mission would have it we invented it 
CHANGE	eras/age_V/book/32_of_the_grey_goose_and_the_dockers.md:37	the Mission's	->	Teachdaireachd na h-Eaglaise's	|	 she could not find, at first, the constellations the Mission's calendar named for her. She d
CHANGE	eras/age_V/book/32_of_the_grey_goose_and_the_dockers.md:39	the Mission's	->	Teachdaireachd na h-Eaglaise's	|	the byre two nights running and told the story at the Mission's rest-day meeting more from wo
CHANGE	eras/age_V/book/32_of_the_grey_goose_and_the_dockers.md:43	The Mission	->	Teachdaireachd na h-Eaglaise	|	The Mission at Cathair gheal took the mat
CHANGE	eras/age_V/book/32_of_the_grey_goose_and_the_dockers.md:55	the Mission's	->	Teachdaireachd na h-Eaglaise's	|	and it went, as such letters did, up the chain to the Mission's house at Cathair gheal and fr
CHANGE	eras/age_V/book/32_of_the_grey_goose_and_the_dockers.md:65	the Mission's	->	Teachdaireachd na h-Eaglaise's	|	 far from its beginning as yours has. I have told the Mission's man at Cathair gheal, though,
CHANGE	eras/age_V/book/32_of_the_grey_goose_and_the_dockers.md:69	the Company	->	A' Chompanaidh	|	nted out to him at the week's end than for a crop the Company priced after the fact. He wor
CHANGE	eras/age_V/book/32_of_the_grey_goose_and_the_dockers.md:69	the coal line	->	Slighe a' Ghuail	|	ths, loading the steamships that had begun, since the coal line opened, to carry more coal in
CHANGE	eras/age_V/book/32_of_the_grey_goose_and_the_dockers.md:71	the Company's	->	A' Chompanaidh's	|	pring of the hundred and thirty-fourth year, that the Company's agent had posted a new tariff
CHANGE	eras/age_V/book/32_of_the_grey_goose_and_the_dockers.md:79	the Company's	->	A' Chompanaidh's	|	 that spring, a new toll on every ton loaded that the Company's agent said was owed the harbo
CHANGE	eras/age_V/book/32_of_the_grey_goose_and_the_dockers.md:79	the Company's	->	A' Chompanaidh's	|	r works and the dockers said was owed nothing but the Company's own accounts, and the two peo
CHANGE	eras/age_V/book/32_of_the_grey_goose_and_the_dockers.md:81	a Company clerk	->	a clerk of A' Chompanaidh	|	"You're mad to stand with them," a Company clerk told Daniel Webb on the secon
CHANGE	eras/age_V/book/32_of_the_grey_goose_and_the_dockers.md:85	The Company	->	A' Chompanaidh	|	of standing against thirty grey coats might cost. The Company took the names of every human
CHANGE	eras/age_V/book/32_of_the_grey_goose_and_the_dockers.md:85	the Company's	->	A' Chompanaidh's	|	 once, in a notice read to the men on the quay by the Company's agent himself, courteous and 
CHANGE	eras/age_V/book/32_of_the_grey_goose_and_the_dockers.md:89	the Residency	->	Taigh an Àrd-mhaoir	|	beside a coal-yard standing full, which no one at the Residency troubled to explain in writin
CHANGE	eras/age_V/book/32_of_the_grey_goose_and_the_dockers.md:93	the Mission	->	Teachdaireachd na h-Eaglaise	|	thers, the shape of it settled now into something the Mission had stopped writing letters a
CHANGE	eras/age_V/book/32_of_the_grey_goose_and_the_dockers.md:95	the Residency	->	Taigh an Àrd-mhaoir	|	column, and nothing more, and reported neither to the Residency.
CHANGE	eras/age_V/book/32_of_the_grey_goose_and_the_dockers.md:97	the Residency's	->	Taigh an Àrd-mhaoir's	|	l. The custodians' rolls kept the four names, and the Residency's register, which asked for the
CHANGE	eras/age_V/book/33_of_the_rending_of_cill_ghlas.md:13	the Company's	->	A' Chompanaidh's	|	 on his coat and asked, through the clerk who did the Company's Dia-thìris, that no charge be
CHANGE	eras/age_V/book/33_of_the_rending_of_cill_ghlas.md:15	the Company	->	A' Chompanaidh	|	ill there, and told them, through the clerk, that the Company had it marked and would keep 
CHANGE	eras/age_V/book/33_of_the_rending_of_cill_ghlas.md:25	the cellar at Muileann chaol	->	Seilear Muileann chaol	|	t went unanswered, as such lines mostly did, into the cellar at Muileann chaol with everything else.
CHANGE	eras/age_V/book/33_of_the_rending_of_cill_ghlas.md:29	the burial club's	->	Comann an Adhlacaidh's	|	one from outside the family. She kept a room over the burial club's hall, two streets up from the
CHANGE	eras/age_V/book/33_of_the_rending_of_cill_ghlas.md:29	the Keeper	->	Coimhdeach na Fine	|	 where another woman might have hung a carving of the Keeper or a sprig of dried heather f
CHANGE	eras/age_V/book/33_of_the_rending_of_cill_ghlas.md:35	the burial club	->	Comann an Adhlacaidh	|	It was in that winter, in the room over the burial club, that she was first asked to 
CHANGE	eras/age_V/book/33_of_the_rending_of_cill_ghlas.md:35	the Lamp-Watch	->	Faire nan Lòchran	|	hat she was first asked to sit at the table where the Lamp-Watch kept its business. The Lamp-W
CHANGE	eras/age_V/book/33_of_the_rending_of_cill_ghlas.md:35	The Lamp-Watch	->	Faire nan Lòchran	|	the table where the Lamp-Watch kept its business. The Lamp-Watch had begun, twenty years and m
CHANGE	eras/age_V/book/33_of_the_rending_of_cill_ghlas.md:35	the burial club's	->	Comann an Adhlacaidh's	|	Watch had begun, twenty years and more before, as the burial club's own purse stretched a little 
CHANGE	eras/age_V/book/33_of_the_rending_of_cill_ghlas.md:35	the Company's	->	A' Chompanaidh's	|	 the constables, for the passage of a letter that the Company's post would not carry. By the 
CHANGE	eras/age_V/book/33_of_the_rending_of_cill_ghlas.md:35	the Company's	->	A' Chompanaidh's	|	 copy its entries into a second book kept nowhere the Company's clerks would think to look, w
CHANGE	eras/age_V/book/33_of_the_rending_of_cill_ghlas.md:47	the three households	->	Na Trì Teaghlaichean	|	 chaol, one above the other on the same page, and the three households who copy there have never agr
CHANGE	eras/age_V/book/33_of_the_rending_of_cill_ghlas.md:53	a Company clerk	->	a clerk of A' Chompanaidh	|	t the eldest of them, not in the town hall, where a Company clerk sat most days on other busine
CHANGE	eras/age_V/book/33_of_the_rending_of_cill_ghlas.md:53	the meeting on the moor road	->	Coinneachadh a' Mhonaidh	|	ever names such things: Coinneachadh a' Mhonaidh, the meeting on the moor road, and the stone has been calle
CHANGE	eras/age_V/book/33_of_the_rending_of_cill_ghlas.md:53	(appositive)	->	Coinneachadh a' Mhonaidh	|	dropped the English gloss beside Coinneachadh a' Mhonaidh
CHANGE	eras/age_V/book/33_of_the_rending_of_cill_ghlas.md:55	any Company clerk	->	any clerk of A' Chompanaidh	|	r of A' Chompanaidh's setting foot on it, without any Company clerk's hand in its laying out, hou
CHANGE	eras/age_V/book/33_of_the_rending_of_cill_ghlas.md:59	the Rending	->	Scàineadh Cill ghlas	|	naill walked to Cill ghlas in the fortnight after the Rending, though there was no house of
CHANGE	eras/age_V/book/33_of_the_rending_of_cill_ghlas.md:59	the Lamp-Watch's	->	Faire nan Lòchran's	|	 linen chest. It was the one thing in those years the Lamp-Watch's minutes never held.
CHANGE	eras/age_V/book/33_of_the_rending_of_cill_ghlas.md:65	the Company's	->	A' Chompanaidh's	|	 coal, and in the last week of an t-Ògmhios, with the Company's own stores at Seann Toll draw
CHANGE	eras/age_V/book/33_of_the_rending_of_cill_ghlas.md:69	the Company's	->	A' Chompanaidh's	|	 up. She was forty-two that year, and had carried the Company's staff, the one her great-gran
CHANGE	eras/age_V/book/33_of_the_rending_of_cill_ghlas.md:79	the Residency	->	Taigh an Àrd-mhaoir	|	, on {{date:IV-0275}}, in a long panelled room in the Residency that Mòrag had never before h
CHANGE	eras/age_V/book/33_of_the_rending_of_cill_ghlas.md:79	the Company's	->	A' Chompanaidh's	|	dark dress, the one kept for burials, and carried the Company's staff with her into the room,
CHANGE	eras/age_V/book/33_of_the_rending_of_cill_ghlas.md:87	the Company's	->	A' Chompanaidh's	|	d copy of the inquiry's minutes, the one made for the Company's own file and not for the Resi
CHANGE	eras/age_V/book/33_of_the_rending_of_cill_ghlas.md:87	the Residency's	->	Taigh an Àrd-mhaoir's	|	e one made for the Company's own file and not for the Residency's, was a Dia-thìreach woman of 
CHANGE	eras/age_V/book/33_of_the_rending_of_cill_ghlas.md:87	the Lamp-Watch's	->	Faire nan Lòchran's	|	ìreach woman of Ros dhomhain whose brother sat at the Lamp-Watch's table beside Eilidh's own sea
CHANGE	eras/age_V/book/33_of_the_rending_of_cill_ghlas.md:87	the burial club	->	Comann an Adhlacaidh	|	 and all, had made its way north to the room over the burial club at Baile thais, folded small 
CHANGE	eras/age_V/book/33_of_the_rending_of_cill_ghlas.md:87	the Residency	->	Taigh an Àrd-mhaoir	|	d see exactly what had been said and exactly what the Residency had chosen not to hear.
CHANGE	eras/age_V/book/33_of_the_rending_of_cill_ghlas.md:89	the Lamp-Watch's	->	Faire nan Lòchran's	|	She was given a seat of her own at the Lamp-Watch's table that same winter, no lo
CHANGE	eras/age_V/book/33_of_the_rending_of_cill_ghlas.md:93	The Company's	->	A' Chompanaidh's	|	The Company's letter-books show Robert Fair
CHANGE	eras/age_V/book/34_of_the_warning_and_the_constables.md:3	the War of the Hills	->	Cogadh nam Beann	|	*Part Six: Of the War of the Hills*
CHANGE	eras/age_V/book/34_of_the_warning_and_the_constables.md:11	the burial club's	->	Comann an Adhlacaidh's	|	 she led at the pit-mouth, and to the room behind the burial club's hall where six or seven met a
CHANGE	eras/age_V/book/34_of_the_warning_and_the_constables.md:11	a Company roll	->	a roll of A' Chompanaidh	|	ause a thing with no name could not be struck off a Company roll. She had taken her father's p
CHANGE	eras/age_V/book/34_of_the_warning_and_the_constables.md:13	The Mission's	->	Teachdaireachd na h-Eaglaise's	|	 carried them up from the hold were coughing too. The Mission's clerk who wrote the entry cal
CHANGE	eras/age_V/book/34_of_the_warning_and_the_constables.md:13	the Residency	->	Taigh an Àrd-mhaoir	|	 long experience of fevers and which no one below the Residency could explain. It ran inland 
CHANGE	eras/age_V/book/34_of_the_warning_and_the_constables.md:15	the burial club's	->	Comann an Adhlacaidh's	|	s first wage. She sat with them by turns, because the burial club's rule was that no one died wat
CHANGE	eras/age_V/book/34_of_the_warning_and_the_constables.md:21	the burial club's	->	Comann an Adhlacaidh's	|	She had kept the burial club's rule of sitting long before i
CHANGE	eras/age_V/book/34_of_the_warning_and_the_constables.md:21	the Company's	->	A' Chompanaidh's	|	back to the pit-head within the fortnight because the Company's wage did not wait on a man's 
CHANGE	eras/age_V/book/34_of_the_warning_and_the_constables.md:23	the Residency	->	Taigh an Àrd-mhaoir	|	some towns than others for reasons no clerk below the Residency could set down with any confi
CHANGE	eras/age_V/book/34_of_the_warning_and_the_constables.md:27	the Administration	->	Riaghaltas nan Coigreach	|	Dùn thais in the last days of an Dùbhlachd, where the Administration had for once sent a physician
CHANGE	eras/age_V/book/34_of_the_warning_and_the_constables.md:27	the Mission	->	Teachdaireachd na h-Eaglaise	|	r than leaving the sickness to the custodians and the Mission between them. He took the fev
CHANGE	eras/age_V/book/34_of_the_warning_and_the_constables.md:27	the Mission's	->	Teachdaireachd na h-Eaglaise's	|	ating and died of it inside the month, and two of the Mission's nursing sisters with him, in 
CHANGE	eras/age_V/book/34_of_the_warning_and_the_constables.md:27	the burial club's	->	Comann an Adhlacaidh's	|	in the book anyway, because the book's rule, like the burial club's, was that a name went in whet
CHANGE	eras/age_V/book/34_of_the_warning_and_the_constables.md:37	the Residency's	->	Taigh an Àrd-mhaoir's	|	dh began the thing that would carry her name into the Residency's letter-books whether she wish
CHANGE	eras/age_V/book/34_of_the_warning_and_the_constables.md:39	The first petition	->	A' Chiad Athchuinge	|	The first petition, the one drawn up at Ceann àr
CHANGE	eras/age_V/book/34_of_the_warning_and_the_constables.md:39	the Residency	->	Taigh an Àrd-mhaoir	|	up at Ceann àrsaidh and carried by Peigi Ghlas to the Residency forty years before, which had
CHANGE	eras/age_V/book/34_of_the_warning_and_the_constables.md:41	the burial club's	->	Comann an Adhlacaidh's	|	She drafted the new petition in the burial club's room by a single coal lamp, o
CHANGE	eras/age_V/book/34_of_the_warning_and_the_constables.md:41	the Levy	->	An Togail	|	ver years and the drought years before them, what the Levy had cost before that and been
CHANGE	eras/age_V/book/34_of_the_warning_and_the_constables.md:41	the Company's	->	A' Chompanaidh's	|	, in tens counted plainly and not rounded the way the Company's own returns rounded them. Not
CHANGE	eras/age_V/book/34_of_the_warning_and_the_constables.md:41	the first petition	->	A' Chiad Athchuinge	|	n it was new. Its last line repeated the sentence the first petition had buried in the middle of a
CHANGE	eras/age_V/book/34_of_the_warning_and_the_constables.md:41	the Residency's	->	Taigh an Àrd-mhaoir's	|	ad buried in the middle of a long paragraph where the Residency's clerks could read past it wit
CHANGE	eras/age_V/book/34_of_the_warning_and_the_constables.md:45	the Company store	->	A' Chompanaidh's store	|	ad kept the post for eleven years and clerked for the Company store besides, out of the same door
CHANGE	eras/age_V/book/34_of_the_warning_and_the_constables.md:49	The Company's	->	A' Chompanaidh's	|	The Company's agent at Cnoc dhìreach had th
CHANGE	eras/age_V/book/34_of_the_warning_and_the_constables.md:49	the Company's	->	A' Chompanaidh's	|	under that petition was worth to a man who needed the Company's wage to feed a family. Coinne
CHANGE	eras/age_V/book/34_of_the_warning_and_the_constables.md:53	Company work	->	A' Chompanaidh's work	|	He was one of eleven signatories who lost Company work that season for the names the
CHANGE	eras/age_V/book/34_of_the_warning_and_the_constables.md:55	the Administration	->	Riaghaltas nan Coigreach	|	nly that eleven clerkships were a cheap price for the Administration to pay for silence and a dear
CHANGE	eras/age_V/book/34_of_the_warning_and_the_constables.md:57	the Residency	->	Taigh an Àrd-mhaoir	|	he hill camps to the coast, it went up at last to the Residency in a fair copy Eilidh made he
CHANGE	eras/age_V/book/34_of_the_warning_and_the_constables.md:57	The Residency's	->	Taigh an Àrd-mhaoir's	|	s name had been put to words she had not written. The Residency's clerk who received it underli
CHANGE	eras/age_V/book/34_of_the_warning_and_the_constables.md:57	the humans' Administration	->	Riaghaltas nan Coigreach	|	he custodians afterward agreed was the first sign the humans' Administration had ever given of having read
CHANGE	eras/age_V/book/34_of_the_warning_and_the_constables.md:67	the Commissioner's	->	An t-Àrd-mhaor's	|	went round the coal roads that Merriman, who held the Commissioner's seat and had held it, by then
CHANGE	eras/age_V/book/34_of_the_warning_and_the_constables.md:69	the Administration's	->	Riaghaltas nan Coigreach's	|	e twenty-fifth of that same Gearran, forty men in the Administration's grey with a wagon of timber a
CHANGE	eras/age_V/book/34_of_the_warning_and_the_constables.md:73	Company store	->	A' Chompanaidh's store	|	in the fortnight, walled and barred where the old Company store had stood open on three sides
CHANGE	eras/age_V/book/34_of_the_warning_and_the_constables.md:75	the Administration's	->	Riaghaltas nan Coigreach's	|	 on the other, and listened to a paper written in the Administration's flattest hand explain that th
CHANGE	eras/age_V/book/34_of_the_warning_and_the_constables.md:83	the Administration	->	Riaghaltas nan Coigreach	|	n, built to hold two hundred men against a rising the Administration had apparently decided, on th
CHANGE	eras/age_V/book/34_of_the_warning_and_the_constables.md:91	the Residency	->	Taigh an Àrd-mhaoir	|	-priests had their own answer, and it was not one the Residency had asked for.
CHANGE	eras/age_V/book/34_of_the_warning_and_the_constables.md:93	the Company	->	A' Chompanaidh	|	ned at last toward those who had done the eating: the Company, and the Administration behin
CHANGE	eras/age_V/book/34_of_the_warning_and_the_constables.md:93	the Administration	->	Riaghaltas nan Coigreach	|	d those who had done the eating: the Company, and the Administration behind it, and every hand tha
CHANGE	eras/age_V/book/34_of_the_warning_and_the_constables.md:97	the Company's	->	A' Chompanaidh's	|	ere the hawk-faithful fishing families had chased the Company's first customs officers off th
CHANGE	eras/age_V/book/34_of_the_warning_and_the_constables.md:99	the druid school	->	Scoiltean nan Draoidhean	|	 and mostly among themselves, the disputations of the druid school that the Administration had s
CHANGE	eras/age_V/book/34_of_the_warning_and_the_constables.md:99	the Administration	->	Riaghaltas nan Coigreach	|	selves, the disputations of the druid school that the Administration had shut at Dùn thais years b
CHANGE	eras/age_V/book/34_of_the_warning_and_the_constables.md:101	the Mission's	->	Teachdaireachd na h-Eaglaise's	|	a-thìreach villages beside them. At Cathair gheal the Mission's hospital filled past anything
CHANGE	eras/age_V/book/34_of_the_warning_and_the_constables.md:103	a Mission clerk	->	a clerk of Teachdaireachd na h-Eaglaise	|	 ago," she wrote, in a letter set down for her by a Mission clerk that went the rounds of the b
CHANGE	eras/age_V/book/34_of_the_warning_and_the_constables.md:105	the Mission's	->	Teachdaireachd na h-Eaglaise's	|	t rolled under the boy's head, and had said, when the Mission's sister thanked him for it in 
CHANGE	eras/age_V/book/34_of_the_warning_and_the_constables.md:111	the Administration	->	Riaghaltas nan Coigreach	|	of how much easier, in the end, it had proved for the Administration to build a wall for men who w
CHANGE	eras/age_V/book/34_of_the_warning_and_the_constables.md:113	the burial club's	->	Comann an Adhlacaidh's	|	hose, in the end, to bring before the room behind the burial club's hall, on an evening in Giblea
CHANGE	eras/age_V/book/34_of_the_warning_and_the_constables.md:115	the burial club's	->	Comann an Adhlacaidh's	|	on the lamp rather than on her, an old woman from the burial club's own rolls nodding at the part
CHANGE	eras/age_V/book/35_of_the_houses_on_the_roads.md:10	the coal road	->	Rathad na Mèinne	|	use again in the first years of the digging, when the coal road was new mud and the carters s
CHANGE	eras/age_V/book/35_of_the_houses_on_the_roads.md:14	the coal road	->	Rathad na Mèinne	|	It began, as most things on the coal road began, with a man Aonghas had
CHANGE	eras/age_V/book/35_of_the_houses_on_the_roads.md:14	a Company cart	->	a cart of A' Chompanaidh	|	se. A crew-leader from Baile thais came down with a Company cart of scrap iron and asked, over
CHANGE	eras/age_V/book/35_of_the_houses_on_the_roads.md:16	the coal road	->	Rathad na Mèinne	|	m what was on the list. It was not a thing men on the coal road asked one another in those ye
CHANGE	eras/age_V/book/35_of_the_houses_on_the_roads.md:18	The Administration	->	Riaghaltas nan Coigreach	|	The Administration called none of this by any na
CHANGE	eras/age_V/book/35_of_the_houses_on_the_roads.md:18	a Company board	->	a board of A' Chompanaidh	|	e. There was no order posted, no notice nailed to a Company board, because there was nothing ye
CHANGE	eras/age_V/book/35_of_the_houses_on_the_roads.md:22	any Company chart	->	any chart of A' Chompanaidh	|	, there was a harbour too small to have a name in any Company chart, though the fishermen who wor
CHANGE	eras/age_V/book/35_of_the_houses_on_the_roads.md:22	the Company's	->	A' Chompanaidh's	|	nder than herring and the odd cargo of slate, and the Company's agents, who counted every bar
CHANGE	eras/age_V/book/35_of_the_houses_on_the_roads.md:24	the silver guild's	->	Comann an Airgid's	|	ights' work that were never spoken of as work, in the silver guild's bar, cut small, rather than i
CHANGE	eras/age_V/book/35_of_the_houses_on_the_roads.md:24	the Administration	->	Riaghaltas nan Coigreach	|	r guild's bar, cut small, rather than in the coin the Administration minted at Ros dhomhain. Nobod
CHANGE	eras/age_V/book/35_of_the_houses_on_the_roads.md:24	a Company clerk	->	a clerk of A' Chompanaidh	|	 the fishermen, was fool enough to spend it where a Company clerk might see it change hands. It
CHANGE	eras/age_V/book/35_of_the_houses_on_the_roads.md:26	the Company's	->	A' Chompanaidh's	|	road was never once, in two years, found empty by the Company's carters passing through, and 
CHANGE	eras/age_V/book/35_of_the_houses_on_the_roads.md:26	the coal road	->	Rathad na Mèinne	|	g to say and a truer one than most things said on the coal road in those years, and he carrie
CHANGE	eras/age_V/book/35_of_the_houses_on_the_roads.md:30	the Company	->	A' Chompanaidh	|	, moved slower than silver and faster than either the Company or the Administration ever ma
CHANGE	eras/age_V/book/35_of_the_houses_on_the_roads.md:30	the Administration	->	Riaghaltas nan Coigreach	|	than silver and faster than either the Company or the Administration ever managed to learn. It mov
CHANGE	eras/age_V/book/35_of_the_houses_on_the_roads.md:30	the silver guild	->	Comann an Airgid	|	per took his rent, openly and by the season, from the silver guild of Muileann chiar, and who ne
CHANGE	eras/age_V/book/35_of_the_houses_on_the_roads.md:30	the Lamp-Watch	->	Faire nan Lòchran	|	t a letter that was worth the losing. Through him the Lamp-Watch sent its word to the guild an
CHANGE	eras/age_V/book/35_of_the_houses_on_the_roads.md:30	the Administration	->	Riaghaltas nan Coigreach	|	the guild and the guild sent its silver back, and the Administration, whose own post rode the same
CHANGE	eras/age_V/book/35_of_the_houses_on_the_roads.md:40	the Company's	->	A' Chompanaidh's	|	or place now, its households few since it refused the Company's first contract and lost its w
CHANGE	eras/age_V/book/35_of_the_houses_on_the_roads.md:44	the Administration's	->	Riaghaltas nan Coigreach's	|	hour, without a single order carried by any rider the Administration's own scouts could find. At Mui
CHANGE	eras/age_V/book/35_of_the_houses_on_the_roads.md:44	the Administration	->	Riaghaltas nan Coigreach	|	all the same; their crew-leaders were among those the Administration later took and never gave bac
CHANGE	eras/age_V/book/35_of_the_houses_on_the_roads.md:44	the Lamp-Watch	->	Faire nan Lòchran	|	Quarrymen at Cnoc gheal, who cut no coal and owed the Lamp-Watch no debt that any ledger recor
CHANGE	eras/age_V/book/35_of_the_houses_on_the_roads.md:46	The Administration's	->	Riaghaltas nan Coigreach's	|	ame hour the smoke went up from Cnoc an Rabhaidh. The Administration's own agents, writing it down a
CHANGE	eras/age_V/book/35_of_the_houses_on_the_roads.md:46	the Company's	->	A' Chompanaidh's	|	ation's own agents, writing it down afterward for the Company's ledgers, called it the first 
CHANGE	eras/age_V/book/35_of_the_houses_on_the_roads.md:52	The coal road	->	Rathad na Mèinne	|	he house had seen in any six days of his keeping. The coal road itself stood nearly empty; th
CHANGE	eras/age_V/book/35_of_the_houses_on_the_roads.md:54	the Company's	->	A' Chompanaidh's	|	At Ros dhomhain the Company's steamships lay six days at th
CHANGE	eras/age_V/book/35_of_the_houses_on_the_roads.md:56	the Company's	->	A' Chompanaidh's	|	reement. As the year went out the constables shut the Company's stores in every district of t
CHANGE	eras/age_V/book/35_of_the_houses_on_the_roads.md:56	the Administration	->	Riaghaltas nan Coigreach	|	rty-two of them were let go inside the fortnight, the Administration having found, on reflection, 
CHANGE	eras/age_V/book/35_of_the_houses_on_the_roads.md:56	a Company ship	->	a ship of A' Chompanaidh	|	their own ground. The remaining eight went aboard a Company ship at Ros dhomhain and were carr
CHANGE	eras/age_V/book/35_of_the_houses_on_the_roads.md:62	the five beacons	->	Fàinne nan Teintean-rabhaidh	|	d is everywhere at once. The keepers' daybooks at the five beacons of the ring, whose only busin
CHANGE	eras/age_V/book/35_of_the_houses_on_the_roads.md:62	the Company's	->	A' Chompanaidh's	|	ds that built them had troubles of their own that the Company's letters never named outright,
CHANGE	eras/age_V/book/35_of_the_houses_on_the_roads.md:64	the Company's	->	A' Chompanaidh's	|	, who had for two generations sold nothing but by the Company's weight and at the Company's p
CHANGE	eras/age_V/book/35_of_the_houses_on_the_roads.md:64	the Company's	->	A' Chompanaidh's	|	s sold nothing but by the Company's weight and at the Company's price, began quietly, against
CHANGE	eras/age_V/book/35_of_the_houses_on_the_roads.md:64	the Company's	->	A' Chompanaidh's	|	 the north. At Caol bheag, on the northern coast, the Company's quay, built at no small cost 
CHANGE	eras/age_V/book/35_of_the_houses_on_the_roads.md:64	the coal road	->	Rathad na Mèinne	|	 had been forgotten, and got, so far as anyone on the coal road ever heard, no answer at all.
CHANGE	eras/age_V/book/35_of_the_houses_on_the_roads.md:68	the Residency's	->	Taigh an Àrd-mhaoir's	|	square, more by chance than by design, on the day the Residency's notice was read aloud from it
CHANGE	eras/age_V/book/35_of_the_houses_on_the_roads.md:70	the Commissioner's	->	An t-Àrd-mhaor's	|	tice, that Charles Merriman had gone. He had held the Commissioner's seat fourteen years, since th
CHANGE	eras/age_V/book/35_of_the_houses_on_the_roads.md:70	the Administration	->	Riaghaltas nan Coigreach	|	e island had ever sent him. In his fourteen years the Administration had begun, by such small and 
CHANGE	eras/age_V/book/35_of_the_houses_on_the_roads.md:72	the Residency's	->	Taigh an Àrd-mhaoir's	|	e listened, to the reading of his commission from the Residency's own steps, a long document in
CHANGE	eras/age_V/book/35_of_the_houses_on_the_roads.md:72	the Company	->	A' Chompanaidh	|	 the authority under which he held them. It named the Company. It named the Administration 
CHANGE	eras/age_V/book/35_of_the_houses_on_the_roads.md:72	the Administration	->	Riaghaltas nan Coigreach	|	hich he held them. It named the Company. It named the Administration in an Tìr Thall. Nowhere in t
CHANGE	eras/age_V/book/35_of_the_houses_on_the_roads.md:72	the Council of Custodians	->	Comhairle a' Chùraim	|	ll. Nowhere in the whole length of it did it name the Council of Custodians, not once, not even in the ol
CHANGE	eras/age_V/book/35_of_the_houses_on_the_roads.md:72	Commissioner's	->	Àrd-mhaor's	|	mula, *with the leave and counsel of*, that every Commissioner's commission before it, back to
CHANGE	eras/age_V/book/35_of_the_houses_on_the_roads.md:74	the coal road	->	Rathad na Mèinne	|	He bought his salt and his nails and rode home up the coal road in the dark, past An Sligeana
CHANGE	eras/age_V/book/35_of_the_houses_on_the_roads.md:74	the coal road	->	Rathad na Mèinne	|	left nothing, and the house he looked at was only the coal road itself, running east into the
CHANGE	eras/age_V/book/36_of_the_breaking_of_the_staff.md:7	the Administration's	->	Riaghaltas nan Coigreach's	|	into the fight at the pithead, where she had told the Administration's table plainly that the pumps 
CHANGE	eras/age_V/book/36_of_the_breaking_of_the_staff.md:7	The Lamp-Watch	->	Faire nan Lòchran	|	k draw a line through the words as she said them. The Lamp-Watch had a copy of her testimony a
CHANGE	eras/age_V/book/36_of_the_breaking_of_the_staff.md:7	the burial club's	->	Comann an Adhlacaidh's	|	had a copy of her testimony all the same, kept in the burial club's box under the false bottom wi
CHANGE	eras/age_V/book/36_of_the_breaking_of_the_staff.md:13	the Residency	->	Taigh an Àrd-mhaoir	|	tern silver country, and that Strake, new come to the Residency, meant to have on paper what 
CHANGE	eras/age_V/book/36_of_the_breaking_of_the_staff.md:13	the Company's	->	A' Chompanaidh's	|	t to have on paper what the ground would not give the Company's surveyors on foot.
CHANGE	eras/age_V/book/36_of_the_breaking_of_the_staff.md:15	the Residency	->	Taigh an Àrd-mhaoir	|	eave for anything. His commission was read out at the Residency to an empty bench where the C
CHANGE	eras/age_V/book/36_of_the_breaking_of_the_staff.md:15	the Council of Custodians	->	Comhairle a' Chùraim	|	read out at the Residency to an empty bench where the Council of Custodians' seats had always stood, and 
CHANGE	eras/age_V/book/36_of_the_breaking_of_the_staff.md:15	the second petition	->	An Dàrna Athchuinge	|	d lost his clerkship at Cnoc dhìreach for signing the second petition and had taken to riding the d
CHANGE	eras/age_V/book/36_of_the_breaking_of_the_staff.md:17	the Residency	->	Taigh an Àrd-mhaoir	|	 dhearg, doors and all, and the keys gone down to the Residency in a soldier's pocket. The cu
CHANGE	eras/age_V/book/36_of_the_breaking_of_the_staff.md:17	the Residency's	->	Taigh an Àrd-mhaoir's	|	hem in when nobody else in the capital would risk the Residency's temper."
CHANGE	eras/age_V/book/36_of_the_breaking_of_the_staff.md:25	the Residency's	->	Taigh an Àrd-mhaoir's	|	The edict came down in the autumn, printed in the Residency's own press and nailed to the c
CHANGE	eras/age_V/book/36_of_the_breaking_of_the_staff.md:25	the Administration	->	Riaghaltas nan Coigreach	|	g and the edict asked for neither. It claimed for the Administration the right to take any dwellin
CHANGE	eras/age_V/book/36_of_the_breaking_of_the_staff.md:25	the Administration	->	Riaghaltas nan Coigreach	|	dful for the widening of the workings, at a price the Administration itself would set, and it gave
CHANGE	eras/age_V/book/36_of_the_breaking_of_the_staff.md:27	the Company's	->	A' Chompanaidh's	|	llage whose custodian, Beathag Dhubh, had refused the Company's contract at her own door more
CHANGE	eras/age_V/book/36_of_the_breaking_of_the_staff.md:27	the Company	->	A' Chompanaidh	|	s were the first emptied now under the last edict the Company would ever write. She stood a
CHANGE	eras/age_V/book/36_of_the_breaking_of_the_staff.md:33	the Company's	->	A' Chompanaidh's	|	 nearer still, the camp that had been laid out on the Company's own paper before a stone of i
CHANGE	eras/age_V/book/36_of_the_breaking_of_the_staff.md:33	The Company	->	A' Chompanaidh	|	 said the new galleries would need before winter. The Company offered huts at Àth ìseal and
CHANGE	eras/age_V/book/36_of_the_breaking_of_the_staff.md:35	the Company	->	A' Chompanaidh	|	that surprised her almost as much as it surprised the Company.
CHANGE	eras/age_V/book/36_of_the_breaking_of_the_staff.md:39	the Company's	->	A' Chompanaidh's	|	chrom itself in the height of the next summer, on the Company's own printed form with her own
CHANGE	eras/age_V/book/36_of_the_breaking_of_the_staff.md:41	the Company's	->	A' Chompanaidh's	|	erent year for a different widening, and had told the Company's man then that the staff would
CHANGE	eras/age_V/book/36_of_the_breaking_of_the_staff.md:41	a Company surveyor	->	a surveyor of A' Chompanaidh	|	 staff would not do it, and had been overruled by a Company surveyor's letter that made his refusa
CHANGE	eras/age_V/book/36_of_the_breaking_of_the_staff.md:43	the Company's	->	A' Chompanaidh's	|	 steward's house and down through the town toward the Company's office with the staff in her 
CHANGE	eras/age_V/book/36_of_the_breaking_of_the_staff.md:45	the Company's	->	A' Chompanaidh's	|	first what it is about. By the time Mòrag reached the Company's door there were perhaps sixty
CHANGE	eras/age_V/book/36_of_the_breaking_of_the_staff.md:59	the Company	->	A' Chompanaidh	|	week rather than be the one man left holding wood the Company had marked for treachery; the
CHANGE	eras/age_V/book/36_of_the_breaking_of_the_staff.md:61	The Company	->	A' Chompanaidh	|	The Company put humans in all four places
CHANGE	eras/age_V/book/36_of_the_breaking_of_the_staff.md:65	the silver guild's	->	Comann an Airgid's	|	Mòrag was no longer overseer of anything when the silver guild's rifles came ashore, and found
CHANGE	eras/age_V/book/36_of_the_breaking_of_the_staff.md:67	the Company	->	A' Chompanaidh	|	 under a compact a century old, granted back when the Company still troubled to grant thing
CHANGE	eras/age_V/book/36_of_the_breaking_of_the_staff.md:67	no Company gunboat	->	no gunboat of A' Chompanaidh	|	les from the raiders of the eastern waters, where no Company gunboat had patrolled in years for wa
CHANGE	eras/age_V/book/36_of_the_breaking_of_the_staff.md:69	the sacred forest at Cnoc bheag	->	Coille Naomh Cnoc bheag	|	ans who had fled to Macha's dissenting priests in the sacred forest at Cnoc bheag meant to hold a council there
CHANGE	eras/age_V/book/36_of_the_breaking_of_the_staff.md:69	the Company	->	A' Chompanaidh	|	rs and priests together, the first such gathering the Company had never once been able to p
CHANGE	eras/age_V/book/36_of_the_breaking_of_the_staff.md:73	the Company	->	A' Chompanaidh	|	he forest at Cnoc bheag stood older than any road the Company had ever cut, oak and thorn g
CHANGE	eras/age_V/book/36_of_the_breaking_of_the_staff.md:75	Company clerk	->	A' Chompanaidh's clerk	|	ting priests could have gathered without a single Company clerk hearing of it: crew-leaders s
CHANGE	eras/age_V/book/36_of_the_breaking_of_the_staff.md:75	Macha's order	->	Òrd Mhacha	|	w by sight from three other districts, priests of Macha's order with the black-and-grey horse
CHANGE	eras/age_V/book/36_of_the_breaking_of_the_staff.md:75	the second petition's	->	An Dàrna Athchuinge's	|	 her back very straight, whom she recognised from the second petition's underlined sentence before an
CHANGE	eras/age_V/book/36_of_the_breaking_of_the_staff.md:75	the Lamp-Watch	->	Faire nan Lòchran	|	ghnaill was crew-leader of Baile thais and one of the Lamp-Watch, and had drafted the words th
CHANGE	eras/age_V/book/36_of_the_breaking_of_the_staff.md:75	the Residency	->	Taigh an Àrd-mhaoir	|	 one of the Lamp-Watch, and had drafted the words the Residency itself had thought worth unde
CHANGE	eras/age_V/book/36_of_the_breaking_of_the_staff.md:79	the forest council	->	Comhairle na Coille	|	Strake learned of the forest council within the month all the same
CHANGE	eras/age_V/book/36_of_the_breaking_of_the_staff.md:79	a Commissioner	->	an Àrd-mhaor	|	ver troubled to ask, and answered it the only way a Commissioner with no council left to argue
CHANGE	eras/age_V/book/36_of_the_breaking_of_the_staff.md:81	the forest council	->	Comhairle na Coille	|	med Eilidh nic Raghnaill first and the members of the forest council after her, and the constables
CHANGE	eras/age_V/book/36_of_the_breaking_of_the_staff.md:85	the Administration's	->	Riaghaltas nan Coigreach's	|	d carried ahead of the order by hands faster than the Administration's own post, taking nothing from
CHANGE	eras/age_V/book/36_of_the_breaking_of_the_staff.md:85	the Residency's	->	Taigh an Àrd-mhaoir's	|	now she had gone, and gone whole, and gone before the Residency's hand closed on the place wher
CHANGE	eras/age_V/book/36_of_the_breaking_of_the_staff.md:89	the Residency	->	Taigh an Àrd-mhaoir	|	l left at Cathair dhearg to bring it before, only the Residency, and the Residency has had it
CHANGE	eras/age_V/book/36_of_the_breaking_of_the_staff.md:89	the Residency	->	Taigh an Àrd-mhaoir	|	hearg to bring it before, only the Residency, and the Residency has had its answer this morni
CHANGE	eras/age_V/book/36_of_the_breaking_of_the_staff.md:91	the coal road	->	Rathad na Mèinne	|	ing to ask why, and toward the ridge beyond which the coal road ran, empty now of every cart 
CHANGE	eras/age_V/book/36_of_the_breaking_of_the_staff.md:91	Company coal	->	A' Chompanaidh's coal	|	an, empty now of every cart that had ever carried Company coal down it, and understood, with
CHANGE	eras/age_V/book/37_of_the_rising_in_the_hills.md:11	the Company's	->	A' Chompanaidh's	|	ad broken the overseer's staff across her knee on the Company's own step the summer before, a
CHANGE	eras/age_V/book/37_of_the_rising_in_the_hills.md:13	the Company	->	A' Chompanaidh	|	, because no one in Muileann chrom had ever given the Company cause to drop one. She had th
CHANGE	eras/age_V/book/37_of_the_rising_in_the_hills.md:21	a Company pound	->	a pound of A' Chompanaidh	|	poil-road to the weigh-house that had not weighed a Company pound in a fortnight and would not 
CHANGE	eras/age_V/book/37_of_the_rising_in_the_hills.md:23	the Lamp-Watch	->	Faire nan Lòchran	|	d Ceann fhada by midday, carried by a runner from the Lamp-Watch who had not slept the night b
CHANGE	eras/age_V/book/37_of_the_rising_in_the_hills.md:23	The Company's	->	A' Chompanaidh's	|	e night before and did not sleep that one either. The Company's coal quay at Ceann fhada had 
CHANGE	eras/age_V/book/37_of_the_rising_in_the_hills.md:29	the forest council	->	Comhairle na Coille	|	crew-leader before him had gone to Cnoc bheag for the forest council and not come back to the pit,
CHANGE	eras/age_V/book/37_of_the_rising_in_the_hills.md:37	the Company's	->	A' Chompanaidh's	|	w said afterward, to the same pole that had flown the Company's own flag the week before. The
CHANGE	eras/age_V/book/37_of_the_rising_in_the_hills.md:39	the forest council	->	Comhairle na Coille	|	Word had come down to Seumas from the forest council two days before that, carried
CHANGE	eras/age_V/book/37_of_the_rising_in_the_hills.md:41	a Company hut	->	a hut of A' Chompanaidh	|	hose brother had died of the coughing sickness in a Company hut the winter the walls went up,
CHANGE	eras/age_V/book/37_of_the_rising_in_the_hills.md:45	The Residency's	->	Taigh an Àrd-mhaoir's	|	The Residency's letter-books, when Strake's c
CHANGE	eras/age_V/book/37_of_the_rising_in_the_hills.md:45	the Residency	->	Taigh an Àrd-mhaoir	|	 the garrison had been spared. It was not a mercy the Residency had looked for, and it was no
CHANGE	eras/age_V/book/37_of_the_rising_in_the_hills.md:45	the Residency	->	Taigh an Àrd-mhaoir	|	 Residency had looked for, and it was not a mercy the Residency returned.
CHANGE	eras/age_V/book/37_of_the_rising_in_the_hills.md:51	the coal road	->	Rathad na Mèinne	|	udged guard enough, and every one of them reached the coal road inside two days, footsore and
CHANGE	eras/age_V/book/37_of_the_rising_in_the_hills.md:53	the Company's	->	A' Chompanaidh's	|	, who had spent most of those three years turning the Company's own blasting-powder, bought a
CHANGE	eras/age_V/book/37_of_the_rising_in_the_hills.md:53	a Company chit	->	a chit of A' Chompanaidh	|	's own blasting-powder, bought a keg at a time on a Company chit for work that was never quite
CHANGE	eras/age_V/book/37_of_the_rising_in_the_hills.md:53	the Company	->	A' Chompanaidh	|	ork that was never quite finished, into something the Company had not sold him and would no
CHANGE	eras/age_V/book/37_of_the_rising_in_the_hills.md:55	Company mules	->	A' Chompanaidh's mules	|	e that year, a broad, quiet man who had shod more Company mules than he could count and had g
CHANGE	eras/age_V/book/37_of_the_rising_in_the_hills.md:55	the Company	->	A' Chompanaidh	|	ount and had grown, over the counting, to dislike the Company rather more than he disliked 
CHANGE	eras/age_V/book/37_of_the_rising_in_the_hills.md:59	The coal road	->	Rathad na Mèinne	|	The coal road that ran from the capital up 
CHANGE	eras/age_V/book/37_of_the_rising_in_the_hills.md:59	the Company's	->	A' Chompanaidh's	|	 than any innkeeper's licence allowed and telling the Company's inspectors, when they asked, 
CHANGE	eras/age_V/book/37_of_the_rising_in_the_hills.md:63	the Residency's	->	Taigh an Àrd-mhaoir's	|	e came did not wait to be asked twice. They broke the Residency's locks on the council-hall doo
CHANGE	eras/age_V/book/37_of_the_rising_in_the_hills.md:65	the Company	->	A' Chompanaidh	|	 townsfolk of Cathair dhearg held the bridge that the Company had built for its own coal-ca
CHANGE	eras/age_V/book/37_of_the_rising_in_the_hills.md:67	the Company	->	A' Chompanaidh	|	hain the townsfolk broke open the stone warehouse the Company had raised along the lake sho
CHANGE	eras/age_V/book/37_of_the_rising_in_the_hills.md:67	the treaty	->	Cùmhnant Cathair dhearg	|	raised along the lake shore in the first years of the treaty, the first building the stran
CHANGE	eras/age_V/book/37_of_the_rising_in_the_hills.md:69	Company coal	->	A' Chompanaidh's coal	|	pital by night as steadily as it had ever carried Company coal down by day.
CHANGE	eras/age_V/book/37_of_the_rising_in_the_hills.md:71	the Administration	->	Riaghaltas nan Coigreach	|	Ros dhomhain, Lionel Strake drew what remained of the Administration back inside the Residency's w
CHANGE	eras/age_V/book/37_of_the_rising_in_the_hills.md:71	the Residency's	->	Taigh an Àrd-mhaoir's	|	w what remained of the Administration back inside the Residency's walls and fortified the Compa
CHANGE	eras/age_V/book/37_of_the_rising_in_the_hills.md:71	the Company's	->	A' Chompanaidh's	|	n back inside the Residency's walls and fortified the Company's own quarter of the harbour, s
CHANGE	eras/age_V/book/37_of_the_rising_in_the_hills.md:71	the Residency's	->	Taigh an Àrd-mhaoir's	|	o stand where he could watch them. The town below the Residency's hill, Dia-thìrich almost to t
CHANGE	eras/age_V/book/37_of_the_rising_in_the_hills.md:75	the Residency's	->	Taigh an Àrd-mhaoir's	|	It could not last, from the Residency's side of it, without an answer
CHANGE	eras/age_V/book/37_of_the_rising_in_the_hills.md:75	Company guards	->	A' Chompanaidh's guards	|	was Major Peter Ashdown, with what constables and Company guards could be spared from the harb
CHANGE	eras/age_V/book/37_of_the_rising_in_the_hills.md:75	the coal road	->	Rathad na Mèinne	|	rds could be spared from the harbour, marching up the coal road to open it again and relieve 
CHANGE	eras/age_V/book/37_of_the_rising_in_the_hills.md:77	the coal road	->	Rathad na Mèinne	|	ack that ran down to the ford at Àth chiar, where the coal road crossed the river before clim
CHANGE	eras/age_V/book/37_of_the_rising_in_the_hills.md:81	the forest council's	->	Comhairle na Coille's	|	d brought his Baile thais men down to the ford at the forest council's summons and stood with them t
CHANGE	eras/age_V/book/38_of_the_leaden_hawk.md:11	The silver guild	->	Comann an Airgid	|	e with names attached and names could be checked. The silver guild at Muileann chiar had declare
CHANGE	eras/age_V/book/38_of_the_leaden_hawk.md:11	the Company's	->	A' Chompanaidh's	|	ileann chiar had declared for the council and put the Company's agents on the road east with 
CHANGE	eras/age_V/book/38_of_the_leaden_hawk.md:11	the Small-Burning Law	->	Lagh an Loscaidh Bhig	|	sentence Fionnghal nic Artair had written against the Small-Burning Law a hundred and twenty-seven ye
CHANGE	eras/age_V/book/38_of_the_leaden_hawk.md:11	the coal road	->	Rathad na Mèinne	|	 have the lower galleries back, and the bridge on the coal road there, which Coinneach had cr
CHANGE	eras/age_V/book/38_of_the_leaden_hawk.md:13	a Company ship	->	a ship of A' Chompanaidh	|	rd that stopped the fire's talk dead for a night: a Company ship had come up the Abhainn uaine
CHANGE	eras/age_V/book/38_of_the_leaden_hawk.md:21	the Hawk coast	->	Oirthir an t-Seabhaig	|	led, and told only that the letters went north to the Hawk coast, to Ìomhar Seabhag at the shr
CHANGE	eras/age_V/book/38_of_the_leaden_hawk.md:33	the Hawk coast	->	Oirthir an t-Seabhaig	|	Along the Hawk coast the road ran easier, a track 
CHANGE	eras/age_V/book/38_of_the_leaden_hawk.md:57	the Stone	->	Òrd na Cloiche	|	even were told and none thought to ask, said that the Stone would send no men to the hill
CHANGE	eras/age_V/book/38_of_the_leaden_hawk.md:57	the Stone	->	Òrd na Cloiche	|	 to the hill country's war, for that was not what the Stone was for. But she said also, t
CHANGE	eras/age_V/book/38_of_the_leaden_hawk.md:57	the Company's	->	A' Chompanaidh's	|	e fire, that Inis thais would shut its harbour to the Company's ships from that night, and th
CHANGE	eras/age_V/book/38_of_the_leaden_hawk.md:57	the Fianna's	->	an Fhianna's	|	wk-faithful, wherever their roads led, would find the Fianna's own ways open to them from he
CHANGE	eras/age_V/book/38_of_the_leaden_hawk.md:59	the Leaden Hawk's	->	Buidheann an t-Seabhaig Luaidhe's	|	There the Leaden Hawk's road, as the letters had carr
CHANGE	eras/age_V/book/38_of_the_leaden_hawk.md:59	the Leaden Hawk	->	Buidheann an t-Seabhaig Luaidhe	|	, with one name: Buidheann an t-Seabhaig Luaidhe, the Leaden Hawk.
CHANGE	eras/age_V/book/38_of_the_leaden_hawk.md:59	(appositive)	->	Buidheann an t-Seabhaig Luaidhe	|	dropped the English gloss beside Buidheann an t-Seabhaig Luaidhe
CHANGE	eras/age_V/book/38_of_the_leaden_hawk.md:61	the Company's	->	A' Chompanaidh's	|	 The coal stacked on the quays of Inis mhòr, that the Company's ships had meant to burn in th
CHANGE	eras/age_V/book/38_of_the_leaden_hawk.md:61	a Company coaster	->	a coaster of A' Chompanaidh	|	wns called Seann Chwen, sailing by night, boarded a Company coaster at anchor and burned her wher
CHANGE	eras/age_V/book/38_of_the_leaden_hawk.md:61	the Company	->	A' Chompanaidh	|	aster at anchor and burned her where she lay, and the Company drew what shipping it had lef
CHANGE	eras/age_V/book/38_of_the_leaden_hawk.md:63	the Company's	->	A' Chompanaidh's	|	ith her own hand rather than let it go on guiding the Company's ships along a coast the counc
CHANGE	eras/age_V/book/38_of_the_leaden_hawk.md:63	Two Company ships	->	Two ships of A' Chompanaidh	|	arg and Baile ìseal followed her within the week. Two Company ships, feeling their way along that
CHANGE	eras/age_V/book/38_of_the_leaden_hawk.md:65	the Residency	->	Taigh an Àrd-mhaoir	|	the hills, the east, and the capital; Strake held the Residency, the harbour quarter below it
CHANGE	eras/age_V/book/39_of_the_burning_of_the_ledgers.md:10	the Company	->	A' Chompanaidh	|	ed carts before, in the years he weighed coal for the Company at the Ros dhomhain scales, a
CHANGE	eras/age_V/book/39_of_the_burning_of_the_ledgers.md:18	the Residency	->	Taigh an Àrd-mhaoir	|	ng. The harbour quarter of Ros dhomhain sat below the Residency and above the Company's quays
CHANGE	eras/age_V/book/39_of_the_burning_of_the_ledgers.md:18	the Company's	->	A' Chompanaidh's	|	of Ros dhomhain sat below the Residency and above the Company's quays, close enough to the hu
CHANGE	eras/age_V/book/39_of_the_burning_of_the_ledgers.md:18	the Company	->	A' Chompanaidh	|	street, three doors from the counting-house where the Company had kept its tithe rolls sinc
CHANGE	eras/age_V/book/39_of_the_burning_of_the_ledgers.md:28	Company clerks	->	A' Chompanaidh's clerks	|	e thing in different words: that they had watched Company clerks carry the tithe books past th
CHANGE	eras/age_V/book/39_of_the_burning_of_the_ledgers.md:34	the Company	->	A' Chompanaidh	|	the yard. Dùghall had weighed coal by the ton for the Company once and thought he had lost 
CHANGE	eras/age_V/book/39_of_the_burning_of_the_ledgers.md:46	the Company	->	A' Chompanaidh	|	liest contract, the whole long reckoning by which the Company had known, to the ton and the
CHANGE	eras/age_V/book/39_of_the_burning_of_the_ledgers.md:54	a Company advance	->	an advance of A' Chompanaidh	|	out its work not knowing whether the smoke marked a Company advance or a Company defeat. It was F
CHANGE	eras/age_V/book/39_of_the_burning_of_the_ledgers.md:54	a Company defeat	->	a defeat of A' Chompanaidh	|	ing whether the smoke marked a Company advance or a Company defeat. It was Fearchar Beag, sent u
CHANGE	eras/age_V/book/39_of_the_burning_of_the_ledgers.md:54	Company guards	->	A' Chompanaidh's guards	|	a fisherman, who brought the answer down at noon: Company guards and constables, sallied out f
CHANGE	eras/age_V/book/39_of_the_burning_of_the_ledgers.md:56	the Administration	->	Riaghaltas nan Coigreach	|	It was the last such attempt the Administration made in the whole of that war
CHANGE	eras/age_V/book/39_of_the_burning_of_the_ledgers.md:60	the council's companies	->	Buidhnean na Comhairle	|	year without doing, and opened its lower gates to the council's companies waiting beyond them.
CHANGE	eras/age_V/book/39_of_the_burning_of_the_ledgers.md:62	the Residency's	->	Taigh an Àrd-mhaoir's	|	by the plain arithmetic of a quarter that had fed the Residency's kitchens for thirty years and
CHANGE	eras/age_V/book/39_of_the_burning_of_the_ledgers.md:62	the council's companies	->	Buidhnean na Comhairle	|	of the drawing had not fallen to him, and watched the council's companies come up from the quays in goo
CHANGE	eras/age_V/book/39_of_the_burning_of_the_ledgers.md:64	the Company's	->	A' Chompanaidh's	|	 the lower streets, men of the quarter went up to the Company's shed above the town where the
CHANGE	eras/age_V/book/39_of_the_burning_of_the_ledgers.md:68	the Residency	->	Taigh an Àrd-mhaoir	|	 and it ran by water: the Abhainn gheal down from the Residency to the sea, and along it the 
CHANGE	eras/age_V/book/39_of_the_burning_of_the_ledgers.md:70	the Residency	->	Taigh an Àrd-mhaoir	|	nd is opened all the same. Whichever way it went, the Residency after that could be fed, if i
CHANGE	eras/age_V/book/39_of_the_burning_of_the_ledgers.md:74	The Residency	->	Taigh an Àrd-mhaoir	|	The Residency fell to the council's compani
CHANGE	eras/age_V/book/39_of_the_burning_of_the_ledgers.md:74	the council's companies	->	Buidhnean na Comhairle	|	The Residency fell to the council's companies without a shot on the morning
CHANGE	eras/age_V/book/39_of_the_burning_of_the_ledgers.md:74	every Company uniform	->	every uniform of A' Chompanaidh	|	ighed coal in half his working life, now empty of every Company uniform but for a handful of clerks t
CHANGE	eras/age_V/book/39_of_the_burning_of_the_ledgers.md:76	the Mission's	->	Teachdaireachd na h-Eaglaise's	|	d what it had not. Strake had taken his officers, the Mission's clergy and the Company's own 
CHANGE	eras/age_V/book/39_of_the_burning_of_the_ledgers.md:76	the Company's	->	A' Chompanaidh's	|	 had taken his officers, the Mission's clergy and the Company's own agents down the water roa
CHANGE	eras/age_V/book/39_of_the_burning_of_the_ledgers.md:78	the Residency's	->	Taigh an Àrd-mhaoir's	|	ed with something the tithe books had never held, the Residency's own correspondence back to an
CHANGE	eras/age_V/book/39_of_the_burning_of_the_ledgers.md:78	Commissioner's	->	Àrd-mhaor's	|	rrespondence back to an Tìr Thall since the first Commissioner's day, every dispatch sent and 
CHANGE	eras/age_V/book/39_of_the_burning_of_the_ledgers.md:80	the Company's	->	A' Chompanaidh's	|	e had been set up in the same stripped hall where the Company's long board had stood, with th
CHANGE	eras/age_V/book/39_of_the_burning_of_the_ledgers.md:82	the Residency	->	Taigh an Àrd-mhaoir	|	him. Prentice, he had heard from a clerk taken at the Residency that morning, had gone down t
CHANGE	eras/age_V/book/40_of_the_truce_and_the_closing_of_the_crossing.md:10	the Administration	->	Riaghaltas nan Coigreach	|	By an Dàmhair there was no seat left to the Administration but Ros bheag.
CHANGE	eras/age_V/book/40_of_the_truce_and_the_closing_of_the_crossing.md:12	the council's companies	->	Buidhnean na Comhairle	|	Ros dhomhain was gone to the council's companies, the harbour quarter first an
CHANGE	eras/age_V/book/40_of_the_truce_and_the_closing_of_the_crossing.md:12	the Residency	->	Taigh an Àrd-mhaoir	|	l's companies, the harbour quarter first and then the Residency, stripped of its letter-books
CHANGE	eras/age_V/book/40_of_the_truce_and_the_closing_of_the_crossing.md:12	Commissioner	->	Àrd-mhaor	|	d. Lionel Strake, fifty years old that autumn and Commissioner of a government that now gove
CHANGE	eras/age_V/book/40_of_the_truce_and_the_closing_of_the_crossing.md:12	the Mission's	->	Teachdaireachd na h-Eaglaise's	|	d a wall, took what was left of it, his officers, the Mission's clergy, a handful of clerks w
CHANGE	eras/age_V/book/40_of_the_truce_and_the_closing_of_the_crossing.md:12	Company men	->	A' Chompanaidh's men	|	y, a handful of clerks who had nowhere else to be Company men, down the Abhainn gheal by wa
CHANGE	eras/age_V/book/40_of_the_truce_and_the_closing_of_the_crossing.md:12	a Commissioner	->	an Àrd-mhaor	|	o house. He had been a soldier before he was ever a Commissioner, sent out young to a war he h
CHANGE	eras/age_V/book/40_of_the_truce_and_the_closing_of_the_crossing.md:14	Company carts	->	A' Chompanaidh's carts	|	ens of thousands, walking or riding or carried in Company carts with what they could load in 
CHANGE	eras/age_V/book/40_of_the_truce_and_the_closing_of_the_crossing.md:14	Company officers	->	A' Chompanaidh's officers	|	eir own market cross through three generations of Company officers coming and going at the quay 
CHANGE	eras/age_V/book/40_of_the_truce_and_the_closing_of_the_crossing.md:16	Company officers	->	A' Chompanaidh's officers	|	Ros àrsaidh, who had watched three generations of Company officers come and go through their gat
CHANGE	eras/age_V/book/40_of_the_truce_and_the_closing_of_the_crossing.md:16	the Company's	->	A' Chompanaidh's	|	stodians shut the harbour to every ship that flew the Company's colours, and set nothing furt
CHANGE	eras/age_V/book/40_of_the_truce_and_the_closing_of_the_crossing.md:18	the Company store	->	A' Chompanaidh's store	|	le's daughter, who carried Strake's order down to the Company store on the quay in the first days
CHANGE	eras/age_V/book/40_of_the_truce_and_the_closing_of_the_crossing.md:24	the Administration's	->	Riaghaltas nan Coigreach's	|	hat was neither wholly the custodians' nor wholly the Administration's, three of each, chosen by the
CHANGE	eras/age_V/book/40_of_the_truce_and_the_closing_of_the_crossing.md:24	the Residency	->	Taigh an Àrd-mhaoir	|	hrough the burning of the ledgers and the fall of the Residency and the shutting of Cuan shea
CHANGE	eras/age_V/book/40_of_the_truce_and_the_closing_of_the_crossing.md:38	the Commissioner	->	An t-Àrd-mhaor	|	oll set down afterward, was one sealed letter for the Commissioner, carried up from the boat by 
CHANGE	eras/age_V/book/40_of_the_truce_and_the_closing_of_the_crossing.md:44	the forest council	->	Comhairle na Coille	|	Envoys of the forest council and of what remained of the A
CHANGE	eras/age_V/book/40_of_the_truce_and_the_closing_of_the_crossing.md:44	the Administration	->	Riaghaltas nan Coigreach	|	oys of the forest council and of what remained of the Administration met at Àth àrsaidh, on the ed
CHANGE	eras/age_V/book/40_of_the_truce_and_the_closing_of_the_crossing.md:46	the Administration	->	Riaghaltas nan Coigreach	|	 council had no crown to speak in the name of and the Administration, by then, had scarcely a gove
CHANGE	eras/age_V/book/40_of_the_truce_and_the_closing_of_the_crossing.md:52	the forest council's	->	Comhairle na Coille's	|	est, walking the western roads under the guard of the forest council's companies, in columns that to
CHANGE	eras/age_V/book/40_of_the_truce_and_the_closing_of_the_crossing.md:64	the Green Death	->	A' Phlàigh Uaine	|	in his own youth and kept it through the years of the Green Death, and had died with the dayboo
CHANGE	eras/age_V/book/40_of_the_truce_and_the_closing_of_the_crossing.md:66	Commissioner	->	Àrd-mhaor	|	th hand by the time it reached him, that the last Commissioner had gone down to Cuan shean t
CHANGE	eras/age_V/book/40_of_the_truce_and_the_closing_of_the_crossing.md:66	a Commissioner	->	an Àrd-mhaor	|	her kept any book at all. Lachlann had never seen a Commissioner, nor any human of rank higher
CHANGE	eras/age_V/book/40_of_the_truce_and_the_closing_of_the_crossing.md:74	the Administration's	->	Riaghaltas nan Coigreach's	|	saidh, the three ports of the north that had kept the Administration's charts and tallies since the 
CHANGE	eras/age_V/book/40_of_the_truce_and_the_closing_of_the_crossing.md:82	The forest council	->	Comhairle na Coille	|	The forest council, once the truce was signed an
CHANGE	eras/age_V/book/40_of_the_truce_and_the_closing_of_the_crossing.md:82	the five beacons	->	Fàinne nan Teintean-rabhaidh	|	e was signed and the columns on the road, ordered the five beacons lit again from Baile chrom ro
CHANGE	eras/age_V/book/40_of_the_truce_and_the_closing_of_the_crossing.md:82	the Levy	->	An Togail	|	he same ring that had burned through the years of the Levy to count human ships coming i
CHANGE	eras/age_V/book/40_of_the_truce_and_the_closing_of_the_crossing.md:92	the three households	->	Na Trì Teaghlaichean	|	 Eachainn was fifty-three that winter, copyist of the three households of Muileann chaol since befor
CHANGE	eras/age_V/gazetteer/01_west_coast_and_capital.json:282.history	the strangers' fever	->	Fiabhras nan Coigreach	|	one of its sail-lofts in those first winters, and the strangers' fever went out from its quays into 
CHANGE	eras/age_V/gazetteer/01_west_coast_and_capital.json:282.history	every Company ship	->	every ship of A' Chompanaidh	|	umn of the age its custodians shut the harbour to every Company ship, and it was from its quay tha
CHANGE	eras/age_V/gazetteer/01_west_coast_and_capital.json:19.history	the Council of Custodians	->	Comhairle a' Chùraim	|	The capital held the Council of Custodians through all the years of the 
CHANGE	eras/age_V/gazetteer/01_west_coast_and_capital.json:19.history	the treaty	->	Cùmhnant Cathair dhearg	|	words across a table, with a cup and a loaf; here the treaty was read in one tongue and si
CHANGE	eras/age_V/gazetteer/01_west_coast_and_capital.json:19.history	high custodian	->	Ceann a' Chùraim	|	ue and signed, and here the council sat without a high custodian for ten years. When Lionel St
CHANGE	eras/age_V/gazetteer/01_west_coast_and_capital.json:19.history	the Residency	->	Taigh an Àrd-mhaoir	|	 custodian for ten years. When Lionel Strake came the Residency locked the council hall and t
CHANGE	eras/age_V/gazetteer/01_west_coast_and_capital.json:19.history	the Company's	->	A' Chompanaidh's	|	ownsfolk broke the locks with a coal-hammer, held the Company's bridge with overturned carts,
CHANGE	eras/age_V/gazetteer/01_west_coast_and_capital.json:19.history	high custodian	->	Ceann a' Chùraim	|	 the mason in the first years. Tormod mac Ailein, high custodian when the ships came, was buri
CHANGE	eras/age_V/gazetteer/01_west_coast_and_capital.json:27.history	the Residency	->	Taigh an Àrd-mhaoir	|	the first. Pike's trading post stood on its quay, the Residency on the rise above it, and the
CHANGE	eras/age_V/gazetteer/01_west_coast_and_capital.json:27.history	the Mission's	->	Teachdaireachd na h-Eaglaise's	|	its quay, the Residency on the rise above it, and the Mission's chapel below. The mark and it
CHANGE	eras/age_V/gazetteer/01_west_coast_and_capital.json:27.history	the Residency's	->	Taigh an Àrd-mhaoir's	|	e inquiry into the flood at Muileann chrom sat in the Residency's panelled room. In the war the
CHANGE	eras/age_V/gazetteer/01_west_coast_and_capital.json:27.history	the council's companies	->	Buidhnean na Comhairle	|	ting-house by night and opened the lower gates to the council's companies. The Residency was found stri
CHANGE	eras/age_V/gazetteer/01_west_coast_and_capital.json:27.history	The Residency	->	Taigh an Àrd-mhaoir	|	pened the lower gates to the council's companies. The Residency was found stripped at the end
CHANGE	eras/age_V/gazetteer/01_west_coast_and_capital.json:27.history	The Mission's	->	Teachdaireachd na h-Eaglaise's	|	ard and counting-house scales weighed every load. The Mission's chaplains kept their register
CHANGE	eras/age_V/gazetteer/01_west_coast_and_capital.json:27.history	the Residency	->	Taigh an Àrd-mhaoir	|	pt their register of the dead in the chapel below the Residency, and Hannah Webb's brother Da
CHANGE	eras/age_V/gazetteer/01_west_coast_and_capital.json:242.history	the three ships	->	Na Trì Longan	|	r western shore sent out the boats that first met the three ships, under the steersman Lachlann
CHANGE	eras/age_V/gazetteer/01_west_coast_and_capital.json:242.history	the Sea-Watcher	->	Uilebheist na Mara	|	ll kept it, and they fished the same waters under the Sea-Watcher through all the years the str
CHANGE	eras/age_V/gazetteer/01_west_coast_and_capital.json:242.history	the Great Hunger	->	Gorta Baile chrom	|	 the strangers held the coast. Gorta Baile chrom, the Great Hunger that began in the north-west 
CHANGE	eras/age_V/gazetteer/01_west_coast_and_capital.json:242.history	(appositive)	->	Gorta Baile chrom	|	dropped the English gloss beside Gorta Baile chrom
CHANGE	eras/age_V/gazetteer/01_west_coast_and_capital.json:17.history	the Company's	->	A' Chompanaidh's	|	ights learned to build in the humans' fashion for the Company's coasting trade, and its fishw
CHANGE	eras/age_V/gazetteer/01_west_coast_and_capital.json:17.history	the Company's	->	A' Chompanaidh's	|	the mark was law. In the war the townsfolk burned the Company's coal where it lay stacked on 
CHANGE	eras/age_V/gazetteer/01_west_coast_and_capital.json:17.history	the Levy	->	An Togail	|	the Abhainn ghorm to the sea, and in the years of the Levy its carpenters were among the
CHANGE	eras/age_V/gazetteer/01_west_coast_and_capital.json:17.history	the Administration	->	Riaghaltas nan Coigreach	|	ars of the Levy its carpenters were among the men the Administration took for the building of the 
CHANGE	eras/age_V/gazetteer/01_west_coast_and_capital.json:64.history	The Company	->	A' Chompanaidh	|	ent the long way round to avoid Strake's patrols. The Company tried twice to buy the pans o
CHANGE	eras/age_V/gazetteer/02_western_harbours.json:105.history	the Company	->	A' Chompanaidh	|	eoples, six of each, and lost its harbour dues to the Company in the years of the Levy. Tho
CHANGE	eras/age_V/gazetteer/02_western_harbours.json:105.history	the Levy	->	An Togail	|	t its harbour dues to the Company in the years of the Levy. Thomas Hale first set his na
CHANGE	eras/age_V/gazetteer/02_western_harbours.json:105.history	the Administration	->	Riaghaltas nan Coigreach	|	. Thomas Hale first set his name to paper against the Administration here. In the last autumn each
CHANGE	eras/age_V/gazetteer/02_western_harbours.json:134.history	the three ships	->	Na Trì Longan	|	The harbour town up the western coast heard of the three ships within two days of their comi
CHANGE	eras/age_V/gazetteer/02_western_harbours.json:1.history	the Company's	->	A' Chompanaidh's	|	nd for two generations its merchants sold wool by the Company's weight and at the Company's p
CHANGE	eras/age_V/gazetteer/02_western_harbours.json:1.history	the Company's	->	A' Chompanaidh's	|	erchants sold wool by the Company's weight and at the Company's price. When the humans' ships
CHANGE	eras/age_V/gazetteer/02_western_harbours.json:1.history	the treaty's	->	Cùmhnant Cathair dhearg's	|	y sent the first wool-ship to the humans' post in the treaty's second year.
CHANGE	eras/age_V/gazetteer/02_western_harbours.json:398.history	the Administration	->	Riaghaltas nan Coigreach	|	 from Baile chrom. Its first keeper was chosen by the Administration on the custodians' word. In t
CHANGE	eras/age_V/gazetteer/02_western_harbours.json:398.history	the Company's	->	A' Chompanaidh's	|	, before any order reached her, rather than guide the Company's ships along a coast the counc
CHANGE	eras/age_V/gazetteer/02_western_harbours.json:26.history	the treaty's	->	Cùmhnant Cathair dhearg's	|	ia-thìr: the stone warehouse Pike raised there in the treaty's first summer to keep A' Chomp
CHANGE	eras/age_V/gazetteer/02_western_harbours.json:26.history	The Company's	->	A' Chompanaidh's	|	 of reach of the harbour thieves of Ros dhomhain. The Company's surgeon came to its sick only
CHANGE	eras/age_V/gazetteer/02_western_harbours.json:26.history	the strangers' fever	->	Fiabhras nan Coigreach	|	e Company's surgeon came to its sick only once in the strangers' fever, and it was here that Anne Co
CHANGE	eras/age_V/gazetteer/02_western_harbours.json:26.history	the council's companies	->	Buidhnean na Comhairle	|	en and carried off its rope, nails and powder for the council's companies, and left its doors swinging.
CHANGE	eras/age_V/gazetteer/02_western_harbours.json:433.history	the Stone	->	Òrd na Cloiche	|	The walled town of the Stone, where the panther road passe
CHANGE	eras/age_V/gazetteer/02_western_harbours.json:433.history	the panther road	->	Imrich nam Pantar	|	The walled town of the Stone, where the panther road passes, did in the first feve
CHANGE	eras/age_V/gazetteer/02_western_harbours.json:433.history	The Administration	->	Riaghaltas nan Coigreach	|	talked of: it turned the fever back at its gates. The Administration fined it for hindering trade,
CHANGE	eras/age_V/gazetteer/03_east_and_north.json:351.history	Company surveyors	->	A' Chompanaidh's surveyors	|	mhòr, held its foreshore in common, and the first Company surveyors found it covered with their o
CHANGE	eras/age_V/gazetteer/03_east_and_north.json:351.history	the Company's	->	A' Chompanaidh's	|	ills by water again in the age. Its pilots guided the Company's barges through the shoals bel
CHANGE	eras/age_V/gazetteer/03_east_and_north.json:422.history	the Small-Burning Law	->	Lagh an Loscaidh Bhig	|	 the early years, and hers is the only defence of the Small-Burning Law that survives from the time i
CHANGE	eras/age_V/gazetteer/03_east_and_north.json:132.history	the Hawk bay	->	Bàgh an t-Seabhaig	|	The walled harbour of the Hawk bay heard Murchadh Seabhag preach
CHANGE	eras/age_V/gazetteer/03_east_and_north.json:132.history	the Company's	->	A' Chompanaidh's	|	were proud to the end of the age of having chased the Company's first customs men off their h
CHANGE	eras/age_V/gazetteer/03_east_and_north.json:132.history	the Company's	->	A' Chompanaidh's	|	o the camps by fishermen. Its harbour was shut to the Company's shipping in the war.
CHANGE	eras/age_V/gazetteer/03_east_and_north.json:297.history	the Company's	->	A' Chompanaidh's	|	follows Macha, and its oak woods had been cut for the Company's pit-props since the first con
CHANGE	eras/age_V/gazetteer/03_east_and_north.json:23.history	The grey fever	->	Am Fiabhras Glas	|	eason after the rest of the country had given in. The grey fever came to it in the high summer
CHANGE	eras/age_V/gazetteer/03_east_and_north.json:23.history	the Company's	->	A' Chompanaidh's	|	 that refused the coin gave way at last only when the Company's tool-sellers would not cross 
CHANGE	eras/age_V/gazetteer/03_east_and_north.json:77.history	the druid school	->	Scoiltean nan Draoidhean	|	hill city of the north-east kept the last hall of the druid school, and Samuel Wren spent a wint
CHANGE	eras/age_V/gazetteer/03_east_and_north.json:77.history	The grey fever	->	Am Fiabhras Glas	|	aill was the last of its masters to teach openly. The grey fever came to it at the dark of a l
CHANGE	eras/age_V/gazetteer/03_east_and_north.json:77.history	the Administration	->	Riaghaltas nan Coigreach	|	he dark of a later year, and killed the physician the Administration had sent. The school's last m
CHANGE	eras/age_V/gazetteer/03_east_and_north.json:77.known_for	the druid school	->	Scoiltean nan Draoidhean	|	the shut hall of the druid school
CHANGE	eras/age_V/gazetteer/04_the_coal_hill.json:354.history	the Company's	->	A' Chompanaidh's	|	fter him, until Mòrag broke it across her knee on the Company's step in the hundred and forty
CHANGE	eras/age_V/gazetteer/04_the_coal_hill.json:280.history	the Company's	->	A' Chompanaidh's	|	around Doire mhòr was cut through its ground, and the Company's huts followed. The wall of it
CHANGE	eras/age_V/gazetteer/04_the_coal_hill.json:109.history	the forest council	->	Comhairle na Coille	|	he priests who had left the capital's temple, and the forest council of the war sat among its fire
CHANGE	eras/age_V/gazetteer/04_the_coal_hill.json:383.history	a Company store	->	a store of A' Chompanaidh	|	lways put the carts across in the wet season, and a Company store where the clerk had no book f
CHANGE	eras/age_V/gazetteer/04_the_coal_hill.json:383.history	the spotted pox	->	A' Bhreac Bhallach	|	 mhòr and the hill villages went to its huts, and the spotted pox and the fever were worst amon
CHANGE	eras/age_V/gazetteer/04_the_coal_hill.json:383.history	the spotted pox	->	A' Bhreac Bhallach	|	 of rows beside the old crossing. Its chaplain in the spotted pox wrote every dead man, woman a
CHANGE	eras/age_V/gazetteer/04_the_coal_hill.json:383.known_for	Company camp	->	A' Chompanaidh's camp	|	the first Company camp
CHANGE	eras/age_V/gazetteer/04_the_coal_hill.json:313.history	a Company ship	->	a ship of A' Chompanaidh	|	re than a century. In the first winter of the war a Company ship came up the river and shelled
CHANGE	eras/age_V/gazetteer/04_the_coal_hill.json:313.history	The Leaden Hawk	->	Buidheann an t-Seabhaig Luaidhe	|	ned island coal to do it. Its walls follow Macha. The Leaden Hawk passed the burned stage on th
CHANGE	eras/age_V/gazetteer/04_the_coal_hill.json:224.history	the Company's	->	A' Chompanaidh's	|	he camp town of the deep workings was laid out on the Company's paper before a stone of it wa
CHANGE	eras/age_V/gazetteer/04_the_coal_hill.json:224.history	the edict of seizure	->	Àithne a' Ghlacaidh	|	eyor. Two of its streets came down in the year of the edict of seizure for a spoil-tip, and the fami
CHANGE	eras/age_V/gazetteer/04_the_coal_hill.json:224.history	the Company	->	A' Chompanaidh	|	rid of its streets was the pattern for every camp the Company drew after it.
CHANGE	eras/age_V/gazetteer/05_silver_and_the_north_west.json:419.history	the Company's	->	A' Chompanaidh's	|	ent its bar to the sea by Seann Bhral rather than the Company's quays, paid for the mark in s
CHANGE	eras/age_V/gazetteer/05_silver_and_the_north_west.json:110.history	the Company's	->	A' Chompanaidh's	|	on every bar. When a collier burned off the coast the Company's agents said at its quays that
CHANGE	eras/age_V/gazetteer/05_silver_and_the_north_west.json:110.history	the Company's	->	A' Chompanaidh's	|	 that coast, and in the war its custodians turned the Company's coasters away without a shot 
CHANGE	eras/age_V/gazetteer/05_silver_and_the_north_west.json:258.history	the Company's	->	A' Chompanaidh's	|	e first daybook of the five lights, so plain that the Company's clerk who read it called its 
CHANGE	eras/age_V/gazetteer/05_silver_and_the_north_west.json:476.history	Its Mission	->	Teachdaireachd na h-Eaglaise	|	ession made it their market in the fiftieth year. Its Mission kept a chapel and, in the fev
CHANGE	eras/age_V/gazetteer/05_silver_and_the_north_west.json:476.history	its Mission	->	Teachdaireachd na h-Eaglaise	|	's keys at the end. Obadiah Renn, the minister of its Mission, sat with Hannah Webb in the 
CHANGE	eras/age_V/gazetteer/05_silver_and_the_north_west.json:476.history	the Mission's	->	Teachdaireachd na h-Eaglaise's	|	 in the chapel over her vigil, and wrote of it to the Mission's house at Cathair dhearg.
CHANGE	eras/age_V/gazetteer/05_silver_and_the_north_west.json:143.history	the grey night	->	Oidhche Glaise	|	ncession farms behind it. Manannan's priests kept the grey night on its quay, and Ruth Pallant
CHANGE	eras/age_V/gazetteer/05_silver_and_the_north_west.json:371.history	the Mission's	->	Teachdaireachd na h-Eaglaise's	|	 of its own in the fifty-second year in answer to the Mission's, and taught the old reckoning
CHANGE	eras/age_V/gazetteer/05_silver_and_the_north_west.json:371.history	the Mission	->	Teachdaireachd na h-Eaglaise	|	e rolls and the names of the hills; the next year the Mission complained in writing that th
CHANGE	eras/age_V/gazetteer/05_silver_and_the_north_west.json:371.history	the Mission's	->	Teachdaireachd na h-Eaglaise's	|	ans' school beside the names of those who went to the Mission's.
CHANGE	eras/age_V/gazetteer/05_silver_and_the_north_west.json:371.known_for	the Mission's	->	Teachdaireachd na h-Eaglaise's	|	its school, and the Mission's complaint
CHANGE	eras/age_V/gazetteer/06_the_green_death_country.json:135.history	the spotted pox	->	A' Bhreac Bhallach	|	s hill, and it was the worst place on the hill in the spotted pox. Beitris Bhàn laid out its de
CHANGE	eras/age_V/gazetteer/06_the_green_death_country.json:135.history	the Green Death	->	A' Phlàigh Uaine	|	Colby kept her sick-house of canvas there through the Green Death, which began among its huts. 
CHANGE	eras/age_V/gazetteer/06_the_green_death_country.json:135.history	the Green Death	->	A' Phlàigh Uaine	|	and the roll of the camp keeps the first cases of the Green Death under her name.
CHANGE	eras/age_V/gazetteer/06_the_green_death_country.json:135.known_for	the Green Death	->	A' Phlàigh Uaine	|	the camp where the Green Death began
CHANGE	eras/age_V/gazetteer/06_the_green_death_country.json:461.history	The Company	->	A' Chompanaidh	|	t the first piece of coal from every new gallery. The Company suffered the custom, since it
CHANGE	eras/age_V/gazetteer/06_the_green_death_country.json:461.history	a Company quarrel	->	a quarrel of A' Chompanaidh	|	d the shrine through the whole of the age without a Company quarrel.
CHANGE	eras/age_V/gazetteer/06_the_green_death_country.json:393.history	the Green Death	->	A' Phlàigh Uaine	|	r mhòr is remembered for Sìne Ruadh, custodian in the Green Death, who ordered every hut where 
CHANGE	eras/age_V/gazetteer/06_the_green_death_country.json:393.history	The Company	->	A' Chompanaidh	|	t where a death had been burned with its bedding. The Company protested the loss of its pro
CHANGE	eras/age_V/gazetteer/06_the_green_death_country.json:318.history	the Green Death	->	A' Phlàigh Uaine	|	e holy hill south of the capital laid the dead of the Green Death in its shrine's burial ground
CHANGE	eras/age_V/gazetteer/06_the_green_death_country.json:366.history	Commissioner	->	Àrd-mhaor	|	strait was chosen by Tolley in his first month as Commissioner for a quarantine station, hol
CHANGE	eras/age_V/gazetteer/07_baile_thais_and_the_middle_country.json:44.history	the Lamp-Watch	->	Faire nan Lòchran	|	ch for an old law of rest. Its burial club became the Lamp-Watch, which kept a purse, a book a
CHANGE	eras/age_V/gazetteer/07_baile_thais_and_the_middle_country.json:44.history	The Company	->	A' Chompanaidh	|	nic Raghnaill led a crew there and kept the book. The Company walled its pithead, and in th
CHANGE	eras/age_V/gazetteer/07_baile_thais_and_the_middle_country.json:44.history	The Company's granary	->	Sìol-lann na Companaidh	|	e marched to the coast unharmed on Eilidh's word. The Company's granary built there against a stoppag
CHANGE	eras/age_V/gazetteer/07_baile_thais_and_the_middle_country.json:502.history	the coal road	->	Rathad na Mèinne	|	Where the coal road from the eastern diggings met
CHANGE	eras/age_V/gazetteer/07_baile_thais_and_the_middle_country.json:502.history	the coal road	->	Rathad na Mèinne	|	a under its own name. It stands at the meeting of the coal road and the mills with a citadel 
CHANGE	eras/age_V/gazetteer/07_baile_thais_and_the_middle_country.json:20.history	the Mission	->	Teachdaireachd na h-Eaglaise	|	tral country and heart of the hawk-faithful asked the Mission for a copy of Wren's grammar 
CHANGE	eras/age_V/gazetteer/07_baile_thais_and_the_middle_country.json:20.history	the Leaden Hawk	->	Buidheann an t-Seabhaig Luaidhe	|	s bears the most notes in the margins. In the war the Leaden Hawk slept a night in a byre near 
CHANGE	eras/age_V/gazetteer/07_baile_thais_and_the_middle_country.json:20.history	the Hawk coast	->	Oirthir an t-Seabhaig	|	wk slept a night in a byre near it on the road to the Hawk coast. It lies on the Abhainn ìseal
CHANGE	eras/age_V/gazetteer/07_baile_thais_and_the_middle_country.json:269.history	the Levy	->	An Togail	|	The damp hill of the north-west heard of the Levy as a rumour before it came as
CHANGE	eras/age_V/gazetteer/07_baile_thais_and_the_middle_country.json:269.history	the Levy's	->	An Togail's	|	 a list. In the high summer of the ninetieth year the Levy's officers took its masons, Dùg
CHANGE	eras/age_V/gazetteer/07_baile_thais_and_the_middle_country.json:269.history	the Levy's	->	An Togail's	|	t of the country of the two Muileann àrsaidh, and the Levy's officers came to it again in 
CHANGE	eras/age_V/gazetteer/07_baile_thais_and_the_middle_country.json:95.history	the Levy	->	An Togail	|	rs first raised the land, took the first tally of the Levy, when the officers read the n
CHANGE	eras/age_V/gazetteer/07_baile_thais_and_the_middle_country.json:95.history	the Company's	->	A' Chompanaidh's	|	t, as a first grief is. Its yards took timber for the Company's hulls, and the Levy's officer
CHANGE	eras/age_V/gazetteer/07_baile_thais_and_the_middle_country.json:95.history	the Levy's	->	An Togail's	|	ts yards took timber for the Company's hulls, and the Levy's officers used its quay as the
CHANGE	eras/age_V/gazetteer/08_the_hunger_and_the_drought.json:305.history	the Great Hunger	->	Gorta Baile chrom	|	three words *Cha tàinig long*. Gorta Baile chrom, the Great Hunger, took its name from the town 
CHANGE	eras/age_V/gazetteer/08_the_hunger_and_the_drought.json:305.history	the grey fever	->	Am Fiabhras Glas	|	nd it from the hundred and thirty-third year, and the grey fever settled hardest round it. Lac
CHANGE	eras/age_V/gazetteer/08_the_hunger_and_the_drought.json:305.history	Commissioner's	->	Àrd-mhaor's	|	ttled hardest round it. Lachlann watched the last Commissioner's ship stand out past its headl
CHANGE	eras/age_V/gazetteer/08_the_hunger_and_the_drought.json:305.history	The Levy	->	An Togail	|	 Commissioner's ship stand out past its headland. The Levy that built its tower was set 
CHANGE	eras/age_V/gazetteer/08_the_hunger_and_the_drought.json:305.history	(appositive)	->	Gorta Baile chrom	|	dropped the English gloss beside Gorta Baile chrom
CHANGE	eras/age_V/gazetteer/08_the_hunger_and_the_drought.json:305.known_for	the Great Hunger	->	Gorta Baile chrom	|	its light, and the Great Hunger
CHANGE	eras/age_V/gazetteer/08_the_hunger_and_the_drought.json:209.history	the Keeper	->	Coimhdeach na Fine	|	The grey oak grove of the Keeper stood in the hunger's country
CHANGE	eras/age_V/gazetteer/08_the_hunger_and_the_drought.json:209.history	the Company's	->	A' Chompanaidh's	|	illage sent its young folk south to the camps for the Company's ration; by the year's end it 
CHANGE	eras/age_V/gazetteer/08_the_hunger_and_the_drought.json:209.history	the Company's	->	A' Chompanaidh's	|	s half empty. Some of its men had dug for Lowe on the Company's winter wage. Its grove was cu
CHANGE	eras/age_V/gazetteer/08_the_hunger_and_the_drought.json:88.known_for	the first petition	->	A' Chiad Athchuinge	|	the first petition
CHANGE	eras/age_V/gazetteer/08_the_hunger_and_the_drought.json:46.history	the Company's	->	A' Chompanaidh's	|	e whales with the hand-lance, and the oil went to the Company's lamps. It has been a resting 
CHANGE	eras/age_V/gazetteer/08_the_hunger_and_the_drought.json:411.history	the Long Drought	->	Tiormachd Achadh shean	|	The old field gave its name to the Long Drought, which lay on the east from t
CHANGE	eras/age_V/gazetteer/08_the_hunger_and_the_drought.json:411.history	the Mission	->	Teachdaireachd na h-Eaglaise	|	d at Àth mhòr twice a week, and in the third year the Mission sank deep wells there with a 
CHANGE	eras/age_V/gazetteer/08_the_hunger_and_the_drought.json:411.history	the Mission's	->	Teachdaireachd na h-Eaglaise's	|	m an Tìr Thall, and they held. The custodians set the Mission's wells and the Company's talli
CHANGE	eras/age_V/gazetteer/08_the_hunger_and_the_drought.json:411.history	the Company's	->	A' Chompanaidh's	|	 held. The custodians set the Mission's wells and the Company's tallies on facing pages witho
CHANGE	eras/age_V/gazetteer/08_the_hunger_and_the_drought.json:411.known_for	the Long Drought	->	Tiormachd Achadh shean	|	the Long Drought and the Mission's wells
CHANGE	eras/age_V/gazetteer/08_the_hunger_and_the_drought.json:411.known_for	the Mission's	->	Teachdaireachd na h-Eaglaise's	|	the Long Drought and the Mission's wells
CHANGE	eras/age_V/gazetteer/08_the_hunger_and_the_drought.json:387.history	the Mission's	->	Teachdaireachd na h-Eaglaise's	|	pened into the old middens; seventeen died. Coll, the Mission's young physician there, tested
CHANGE	eras/age_V/gazetteer/09_the_cellar_and_the_night_crews.json:415.history	the Company's	->	A' Chompanaidh's	|	t decades of the age. Griogair mac Ailein died in the Company's lock-up there, held for a sho
CHANGE	eras/age_V/gazetteer/09_the_cellar_and_the_night_crews.json:415.history	the Lamp-Watch's	->	Faire nan Lòchran's	|	stood in the yard in silence for the night crews, the Lamp-Watch's purse ran dry keeping the str
CHANGE	eras/age_V/gazetteer/09_the_cellar_and_the_night_crews.json:415.history	The lung-rot	->	Grodadh nan Scamhan	|	en by crews brought in through Muileann dhomhain. The lung-rot was worse there than on any o
CHANGE	eras/age_V/gazetteer/09_the_cellar_and_the_night_crews.json:415.known_for	the night-shift strike	->	Stad-oibre Cnoc chaol	|	the night-shift strike
CHANGE	eras/age_V/gazetteer/09_the_cellar_and_the_night_crews.json:152.history	the Company's	->	A' Chompanaidh's	|	rbour on the straight headland of the gulf became the Company's second coal port in the seven
CHANGE	eras/age_V/gazetteer/09_the_cellar_and_the_night_crews.json:152.history	The Green Death	->	A' Phlàigh Uaine	|	he carting trade of the villages on the old road. The Green Death fell on it among the first of
CHANGE	eras/age_V/gazetteer/09_the_cellar_and_the_night_crews.json:152.history	the Company's	->	A' Chompanaidh's	|	trade, and the drovers kept their own quay beside the Company's coal stage for the whole of t
CHANGE	eras/age_V/gazetteer/09_the_cellar_and_the_night_crews.json:246.history	the three households	->	Na Trì Teaghlaichean	|	l house, the copies of the custodians' rolls that the three households of the town made fair winter 
CHANGE	eras/age_V/gazetteer/09_the_cellar_and_the_night_crews.json:246.history	the Line of Aisling	->	Sloinneadh Aisling	|	he hand at four-and-twenty; it was there he found the Line of Aisling and there, in the last days o
CHANGE	eras/age_V/gazetteer/09_the_cellar_and_the_night_crews.json:202.history	the Company's	->	A' Chompanaidh's	|	lk turned them from every door, and they slept in the Company's barns; several went home the 
CHANGE	eras/age_V/gazetteer/09_the_cellar_and_the_night_crews.json:202.history	the Rending of Cill ghlas	->	Scàineadh Cill ghlas	|	s barns; several went home the next season. After the Rending of Cill ghlas its custodians met the people
CHANGE	eras/age_V/gazetteer/09_the_cellar_and_the_night_crews.json:198.history	Dunstan's rule	->	Riaghailt Dunstan	|	ing held by one family since An Aois Naomh. Under Dunstan's rule the working was taken from th
CHANGE	eras/age_V/gazetteer/09_the_cellar_and_the_night_crews.json:198.history	the Company's	->	A' Chompanaidh's	|	harcoal hills, and its people burned charcoal for the Company's smithies after the cutting wa
CHANGE	eras/age_V/gazetteer/09_the_cellar_and_the_night_crews.json:3.history	the Old Spirits	->	Na Seann Spioradan	|	 for work in the dark by command. Its people kept the Old Spirits through the age. Its fairs br
CHANGE	eras/age_V/gazetteer/10_the_posts_and_the_rending.json:276.history	the Line of Aisling	->	Sloinneadh Aisling	|	ould truly be Donnchadh's own, and came back with the Line of Aisling. Its water runs along a strai
CHANGE	eras/age_V/gazetteer/10_the_posts_and_the_rending.json:438.history	the Company store	->	A' Chompanaidh's store	|	nd with it bought the village out of its debts to the Company store. The post fell with Muileann 
CHANGE	eras/age_V/gazetteer/10_the_posts_and_the_rending.json:389.history	the Company	->	A' Chompanaidh	|	row field was built by the people of the district the Company fenced and closed after the R
CHANGE	eras/age_V/gazetteer/10_the_posts_and_the_rending.json:389.history	the Rending of Cill ghlas	->	Scàineadh Cill ghlas	|	 the district the Company fenced and closed after the Rending of Cill ghlas, on common ground lent them b
CHANGE	eras/age_V/gazetteer/10_the_posts_and_the_rending.json:389.history	Company surveyor	->	A' Chompanaidh's surveyor	|	d it through a spring and summer without a single Company surveyor setting foot on it: a well du
CHANGE	eras/age_V/gazetteer/10_the_posts_and_the_rending.json:29.history	the Company's	->	A' Chompanaidh's	|	ason of the flux and let no barge tie up; it paid the Company's fine from the purse that had 
CHANGE	eras/age_V/gazetteer/10_the_posts_and_the_rending.json:29.history	the dockers' strike	->	Stad-oibre a' Chalaidh	|	walked there to help lay out the last of them. In the dockers' strike of the hundred and thirty-fou
CHANGE	eras/age_V/gazetteer/11_the_roads_and_the_forge.json:255.history	the Company's	->	A' Chompanaidh's	|	e thirty-first year, and the town grew by half on the Company's pay. A barracks was built the
CHANGE	eras/age_V/gazetteer/11_the_roads_and_the_forge.json:462.history	the Administration	->	Riaghaltas nan Coigreach	|	seat of the eastern mining district was walled by the Administration after the strikes. Its custod
CHANGE	eras/age_V/gazetteer/11_the_roads_and_the_forge.json:462.history	the second petition	->	An Dàrna Athchuinge	|	the strikes. Its custodian Coinneach Ruadh signed the second petition in the hundred and thirty-nin
CHANGE	eras/age_V/gazetteer/11_the_roads_and_the_forge.json:462.history	the Company store	->	A' Chompanaidh's store	|	ninth year and was turned out of his clerkship at the Company store within the week, in front of 
CHANGE	eras/age_V/gazetteer/11_the_roads_and_the_forge.json:462.history	Company work	->	A' Chompanaidh's work	|	s flour; he was one of eleven who signed and lost Company work for it, and he rode the distr
CHANGE	eras/age_V/gazetteer/11_the_roads_and_the_forge.json:491.history	the Company's	->	A' Chompanaidh's	|	 before the rising the smith Uilleam Gobha turned the Company's blasting-powder, bought a keg
CHANGE	eras/age_V/gazetteer/11_the_roads_and_the_forge.json:491.history	a Company chit	->	a chit of A' Chompanaidh	|	pany's blasting-powder, bought a keg at a time on a Company chit, into bombs packed in tin fro
CHANGE	eras/age_V/gazetteer/11_the_roads_and_the_forge.json:491.history	The vein-house	->	Taigh na Fèithe	|	 could not have been fought past its first weeks. The vein-house above the town kept the custo
CHANGE	eras/age_V/gazetteer/11_the_roads_and_the_forge.json:491.history	the custody-book	->	Leabhar a' Chùraim	|	s first weeks. The vein-house above the town kept the custody-book of the hill through the long 
CHANGE	eras/age_V/gazetteer/11_the_roads_and_the_forge.json:491.history	the Company's	->	A' Chompanaidh's	|	ough the long centuries, and its keepers set down the Company's coming in the same hand as ev
CHANGE	eras/age_V/gazetteer/11_the_roads_and_the_forge.json:24.history	the Hawk bay	->	Bàgh an t-Seabhaig	|	The largest of the three towns of the Hawk bay has been a hawk town since th
CHANGE	eras/age_V/gazetteer/11_the_roads_and_the_forge.json:12.history	the Lamp-Watch	->	Faire nan Lòchran	|	ainn bhàn, sent its boatmen's sons as runners for the Lamp-Watch in the years before the war, 
CHANGE	eras/age_V/gazetteer/11_the_roads_and_the_forge.json:12.known_for	the Lamp-Watch's	->	Faire nan Lòchran's	|	the Lamp-Watch's runners
CHANGE	eras/age_V/gazetteer/11_the_roads_and_the_forge.json:395.history	the Lamp-Watch's	->	Faire nan Lòchran's	|	tom of An Aois Naomh. In the years before the war the Lamp-Watch's ledgers of the money it had f
CHANGE	eras/age_V/gazetteer/11_the_roads_and_the_forge.json:395.history	the silver guild	->	Comann an Airgid	|	the Lamp-Watch's ledgers of the money it had from the silver guild were kept in the roof-space o
CHANGE	eras/age_V/gazetteer/11_the_roads_and_the_forge.json:395.history	no Company clerk	->	no clerk of A' Chompanaidh	|	 roof-space of its shrine, above the rafters, and no Company clerk ever thought to look for them
CHANGE	eras/age_V/gazetteer/12_the_war_and_the_truce.json:163.history	the coal road	->	Rathad na Mèinne	|	The ford town east of the capital is where the coal road crossed the river before clim
CHANGE	eras/age_V/gazetteer/12_the_war_and_the_truce.json:163.history	The field of Muileann ghlas	->	Àraich Muileann ghlas	|	 whose names the council's clerk read aloud once. The field of Muileann ghlas lies to its south-west. The C
CHANGE	eras/age_V/gazetteer/12_the_war_and_the_truce.json:163.history	The Company's	->	A' Chompanaidh's	|	e field of Muileann ghlas lies to its south-west. The Company's baggage abandoned on the near
CHANGE	eras/age_V/gazetteer/12_the_war_and_the_truce.json:315.history	the silver guild's	->	Comann an Airgid's	|	 constables. Cut off by the rising, it yielded to the silver guild's riflemen after a single excha
CHANGE	eras/age_V/gazetteer/12_the_war_and_the_truce.json:10.history	the Hawk coast	->	Oirthir an t-Seabhaig	|	tridges of Muileann chrom, and sent them north to the Hawk coast; they were Buidheann an t-Sea
CHANGE	eras/age_V/gazetteer/12_the_war_and_the_truce.json:10.history	the Leaden Hawk	->	Buidheann an t-Seabhaig Luaidhe	|	coast; they were Buidheann an t-Seabhaig Luaidhe, the Leaden Hawk, and the boatman Coinneach Be
CHANGE	eras/age_V/gazetteer/12_the_war_and_the_truce.json:10.history	(appositive)	->	Buidheann an t-Seabhaig Luaidhe	|	dropped the English gloss beside Buidheann an t-Seabhaig Luaidhe
CHANGE	eras/age_V/gazetteer/12_the_war_and_the_truce.json:10.known_for	the Leaden Hawk	->	Buidheann an t-Seabhaig Luaidhe	|	the inn where the Leaden Hawk set out
CHANGE	eras/age_V/gazetteer/12_the_war_and_the_truce.json:166.history	the Stone	->	Òrd na Cloiche	|	The walled temple city of the Stone in the south-west declined in
CHANGE	eras/age_V/gazetteer/12_the_war_and_the_truce.json:166.history	the Leaden Hawk's	->	Buidheann an t-Seabhaig Luaidhe's	|	two would be a rule. In the war its priests heard the Leaden Hawk's letter and would send no men,
CHANGE	eras/age_V/gazetteer/12_the_war_and_the_truce.json:166.history	the Stone	->	Òrd na Cloiche	|	er and would send no men, since that was not what the Stone was for, but shut the harbour
CHANGE	eras/age_V/gazetteer/12_the_war_and_the_truce.json:166.history	the Company's	->	A' Chompanaidh's	|	t what the Stone was for, but shut the harbour to the Company's ships and opened the Fianna's
CHANGE	eras/age_V/gazetteer/12_the_war_and_the_truce.json:166.history	the Fianna's	->	an Fhianna's	|	hut the harbour to the Company's ships and opened the Fianna's roads to the hawk-faithful. I
CHANGE	eras/age_V/gazetteer/12_the_war_and_the_truce.json:166.history	the order of the Stone	->	Òrd na Cloiche	|	, the stone that cries out, is the chief house of the order of the Stone, and its priests keep a drift
CHANGE	eras/age_V/gazetteer/12_the_war_and_the_truce.json:63.history	the Administration	->	Riaghaltas nan Coigreach	|	dred and fiftieth year it became the last seat of the Administration, when Strake came down the Ab
CHANGE	eras/age_V/gazetteer/12_the_war_and_the_truce.json:63.history	the Company store	->	A' Chompanaidh's store	|	an short of food within weeks, and Strake ordered the Company store opened to humans and townsfol
CHANGE	eras/age_V/gazetteer/12_the_war_and_the_truce.json:63.history	Company officers	->	A' Chompanaidh's officers	|	eir own market cross through three generations of Company officers at the quay, and found themse
CHANGE	eras/age_V/gazetteer/12_the_war_and_the_truce.json:304.history	the Administration	->	Riaghaltas nan Coigreach	|	ettled, is where the envoys of the council and of the Administration met in its meeting-house in t
CHANGE	eras/age_V/gazetteer/12_the_war_and_the_truce.json:412.history	the Mission	->	Teachdaireachd na h-Eaglaise	|	s' town at the bent ford was one of the two where the Mission sank deep wells in the drough
CHANGE	eras/age_V/gazetteer/12_the_war_and_the_truce.json:489.history	the Leaden Hawk	->	Buidheann an t-Seabhaig Luaidhe	|	hundred and fiftieth year, and where the seven of the Leaden Hawk were told they were one compa
CHANGE	eras/age_V/appendices/A_rulers.md:3	The Council of Custodians	->	Comhairle a' Chùraim	|	r had two heads and would own to neither of them. The Council of Custodians, Comhairle a' Chùraim, sat at
CHANGE	eras/age_V/appendices/A_rulers.md:3	high custodian	->	Ceann a' Chùraim	|	hair dhearg as it had since An Aois Naomh, with a high custodian, Ceann a' Chùraim, at the end
CHANGE	eras/age_V/appendices/A_rulers.md:3	the Administration	->	Riaghaltas nan Coigreach	|	at the end of its table; and from the eighth year the Administration of the strangers, Riaghaltas 
CHANGE	eras/age_V/appendices/A_rulers.md:3	the Residency	->	Taigh an Àrd-mhaoir	|	f the strangers, Riaghaltas nan Coigreach, sat in the Residency above Ros dhomhain under a Co
CHANGE	eras/age_V/appendices/A_rulers.md:3	a Commissioner	->	an Àrd-mhaor	|	ch, sat in the Residency above Ros dhomhain under a Commissioner, An t-Àrd-mhaor, sent from ov
CHANGE	eras/age_V/appendices/A_rulers.md:3	the Company	->	A' Chompanaidh	|	mhaor, sent from over the sea. Between them stood the Company, A' Chompanaidh, which held t
CHANGE	eras/age_V/appendices/A_rulers.md:3	(appositive)	->	Comhairle a' Chùraim	|	dropped the English gloss beside Comhairle a' Chùraim
CHANGE	eras/age_V/appendices/A_rulers.md:3	(appositive)	->	Ceann a' Chùraim	|	dropped the English gloss beside Ceann a' Chùraim
CHANGE	eras/age_V/appendices/A_rulers.md:3	(appositive)	->	A' Chompanaidh	|	dropped the English gloss beside A' Chompanaidh
CHANGE	eras/age_V/appendices/A_rulers.md:7	The high custodian	->	Ceann a' Chùraim	|	The high custodian was chosen by the council fro
CHANGE	eras/age_V/appendices/A_rulers.md:9	high custodian	->	Ceann a' Chùraim	|	**Tormod mac Ailein**, high custodian from the second year to the t
CHANGE	eras/age_V/appendices/A_rulers.md:9	the first written treaty	->	Cùmhnant Cathair dhearg	|	ty-four when he died at Cathair dhearg. He signed the first written treaty for the custodians in the cou
CHANGE	eras/age_V/appendices/A_rulers.md:11	the Small-Burning Law	->	Lagh an Loscaidh Bhig	|	ne. It was in his years that the coin was struck, the Small-Burning Law went out, and the first pits 
CHANGE	eras/age_V/appendices/A_rulers.md:13	the Harbour Articles	->	Puingean a' Chalaidh	|	custodian who had sat on the council since before the Harbour Articles and had voted to sign them; t
CHANGE	eras/age_V/appendices/A_rulers.md:13	the Green Death	->	A' Phlàigh Uaine	|	ces. He held the seat twenty-seven years, through the Green Death, and died at seventy-six.
CHANGE	eras/age_V/appendices/A_rulers.md:15	the Residency	->	Taigh an Àrd-mhaoir	|	 said among itself, in the hearing of no clerk of the Residency, that an empty seat answered 
CHANGE	eras/age_V/appendices/A_rulers.md:15	Commissioners	->	Àrd-mhaoir	|	ty seat answered no letters and signed no papers. Commissioners who wished to address the cou
CHANGE	eras/age_V/appendices/A_rulers.md:17	the Residency	->	Taigh an Àrd-mhaoir	|	 thirty years and had never once been summoned to the Residency. Fearghas mac Mhuirich said t
CHANGE	eras/age_V/appendices/A_rulers.md:17	high custodian	->	Ceann a' Chùraim	|	orses named. He died at Cathair dhearg at eighty, high custodian twenty-four years.
CHANGE	eras/age_V/appendices/A_rulers.md:19	the Residency	->	Taigh an Àrd-mhaoir	|	ad the council hall locked and its keys lodged at the Residency, and the custodians sat on th
CHANGE	eras/age_V/appendices/A_rulers.md:23	the sacred forest	->	Coille Naomh Cnoc bheag	|	who had left the capital's temple met by night in the sacred forest near Cnoc bheag and made one 
CHANGE	eras/age_V/appendices/A_rulers.md:23	the Lamp-Watch	->	Faire nan Lòchran	|	three, crew-leader of Baile thais and a member of the Lamp-Watch, and had drafted the sentence
CHANGE	eras/age_V/appendices/A_rulers.md:23	the second petition	->	An Dàrna Athchuinge	|	f the Lamp-Watch, and had drafted the sentence of the second petition that the Residency had underl
CHANGE	eras/age_V/appendices/A_rulers.md:23	the Residency	->	Taigh an Àrd-mhaoir	|	 drafted the sentence of the second petition that the Residency had underlined. Strake ordere
CHANGE	eras/age_V/appendices/A_rulers.md:23	The forest council's	->	Comhairle na Coille's	|	pt its roll and read the names of its dead aloud. The forest council's envoys signed the truce at Àt
CHANGE	eras/age_V/appendices/A_rulers.md:27	the three ships	->	Na Trì Longan	|	**Edmund Harrow**, captain of the three ships that lay off Cuan shean in th
CHANGE	eras/age_V/appendices/A_rulers.md:27	the Administration	->	Riaghaltas nan Coigreach	|	 A' Chompanaidh with Thomas Pike under licence of the Administration. Once Pell had built the Resi
CHANGE	eras/age_V/appendices/A_rulers.md:27	the Residency	->	Taigh an Àrd-mhaoir	|	icence of the Administration. Once Pell had built the Residency Harrow went back to the sea t
CHANGE	eras/age_V/appendices/A_rulers.md:29	the Company's	->	A' Chompanaidh's	|	 Pike**, trader of the post at Ros dhomhain, kept the Company's counter on the quay from the 
CHANGE	eras/age_V/appendices/A_rulers.md:29	the Company	->	A' Chompanaidh	|	n the quay from the first years and was master of the Company after Harrow. He chose the gr
CHANGE	eras/age_V/appendices/A_rulers.md:29	The Company's	->	A' Chompanaidh's	|	al before anyone on the island called it a trade. The Company's later masters sat over the se
CHANGE	eras/age_V/appendices/A_rulers.md:33	The Commissioner	->	An t-Àrd-mhaor	|	The Commissioner was appointed over the sea an
CHANGE	eras/age_V/appendices/A_rulers.md:33	the Administration	->	Riaghaltas nan Coigreach	|	sioner was appointed over the sea and answered to the Administration there. His commission, read a
CHANGE	eras/age_V/appendices/A_rulers.md:33	the Residency	->	Taigh an Àrd-mhaoir	|	ministration there. His commission, read aloud at the Residency on his landing, named his pow
CHANGE	eras/age_V/appendices/A_rulers.md:33	the Council of Custodians	->	Comhairle a' Chùraim	|	ers and, until the last, the leave and counsel of the Council of Custodians.
CHANGE	eras/age_V/appendices/A_rulers.md:35	Commissioner	->	Àrd-mhaor	|	| Commissioner | Years | Age at taking offic
CHANGE	eras/age_V/appendices/A_rulers.md:48	the Residency	->	Taigh an Àrd-mhaoir	|	**Josiah Pell** built the Residency of dressed stone on the rise 
CHANGE	eras/age_V/appendices/A_rulers.md:48	the treaty	->	Cùmhnant Cathair dhearg	|	ssed stone on the rise above Ros dhomhain, signed the treaty, and sailed home at the end o
CHANGE	eras/age_V/appendices/A_rulers.md:48	the Residency	->	Taigh an Àrd-mhaoir	|	ne part in five to one part in three, and died at the Residency of a fever of the heart. **Wa
CHANGE	eras/age_V/appendices/A_rulers.md:48	the Company's	->	A' Chompanaidh's	|	ever of the heart. **Walter Crane**, who had been the Company's chief agent at the pits, walk
CHANGE	eras/age_V/appendices/A_rulers.md:48	the Green Death	->	A' Phlàigh Uaine	|	ent at the pits, walked the camps in the worst of the Green Death and died of it at the Residen
CHANGE	eras/age_V/appendices/A_rulers.md:48	the Residency	->	Taigh an Àrd-mhaoir	|	in the worst of the Green Death and died of it at the Residency. **Martha Gale**, the Company
CHANGE	eras/age_V/appendices/A_rulers.md:48	the Company's	->	A' Chompanaidh's	|	and died of it at the Residency. **Martha Gale**, the Company's agent at Ros dhomhain, held t
CHANGE	eras/age_V/appendices/A_rulers.md:48	the silver guild	->	Comann an Airgid	|	s death and Tolley's landing; eight years before, the silver guild had refused her partnership b
CHANGE	eras/age_V/appendices/A_rulers.md:48	the Levy	->	An Togail	|	ked Macha's priests to bless the new coin, issued the Levy, and retired with honours. **
CHANGE	eras/age_V/appendices/A_rulers.md:48	Commissioner	->	Àrd-mhaor	|	odian's petition alone. **Edward Vane**, the only Commissioner born on the island, at the Re
CHANGE	eras/age_V/appendices/A_rulers.md:48	the Residency	->	Taigh an Àrd-mhaoir	|	e**, the only Commissioner born on the island, at the Residency itself, laid the tram-road to
CHANGE	eras/age_V/appendices/A_rulers.md:48	the edict of seizure	->	Àithne a' Ghlacaidh	|	 sent the iron bird over the coal country, issued the edict of seizure and the order to take the for
CHANGE	eras/age_V/appendices/A_rulers.md:48	the forest council	->	Comhairle na Coille	|	issued the edict of seizure and the order to take the forest council, held the Residency through t
CHANGE	eras/age_V/appendices/A_rulers.md:48	the Residency	->	Taigh an Àrd-mhaoir	|	re and the order to take the forest council, held the Residency through the first year of the
CHANGE	eras/age_V/appendices/A_rulers.md:56	the strike at Baile thais	->	Stad-oibre Baile thais	|	at sixty-seven. He signed the granary order after the strike at Baile thais.
CHANGE	eras/age_V/appendices/A_rulers.md:58	the Mission	->	Teachdaireachd na h-Eaglaise	|	f at thirty-seven, the first overseer schooled at the Mission, and held it until his death 
CHANGE	eras/age_V/appendices/A_rulers.md:58	the Administration	->	Riaghaltas nan Coigreach	|	ntil his death at eighty-one. He wrote letters to the Administration for which he was dismissed, a
CHANGE	eras/age_V/appendices/A_rulers.md:60	the Company	->	A' Chompanaidh	|	ff at thirty-six, the first woman to hold it, and the Company approved her in a letter as a
CHANGE	eras/age_V/appendices/A_rulers.md:60	the Company's	->	A' Chompanaidh's	|	households and broke the staff across her knee on the Company's step. On the twenty-eighth of
CHANGE	eras/age_V/appendices/A_rulers.md:62	the Company	->	A' Chompanaidh	|	laid theirs down in the same season as Mòrag, and the Company set humans in their places.
CHANGE	eras/age_V/appendices/A_rulers.md:66	the Company	->	A' Chompanaidh	|	n seam under a compact older than any contract of the Company, and chose its heads by a cou
CHANGE	eras/age_V/appendices/A_rulers.md:70	The five beacons	->	Fàinne nan Teintean-rabhaidh	|	The five beacons of the coast were built at th
CHANGE	eras/age_V/appendices/A_rulers.md:76	Commissioner's	->	Àrd-mhaor's	|	rty at the close of the age, who watched the last Commissioner's ship stand out north.
CHANGE	eras/age_V/appendices/B_faiths.md:3	Macha's order	->	Òrd Mhacha	|	 orders of Dia-thìr were old when the ships came: Macha's order at the capital and in the sou
CHANGE	eras/age_V/appendices/B_faiths.md:3	the Stone	->	Òrd na Cloiche	|	e: Macha's order at the capital and in the south, the Stone in the south-west, the hawk a
CHANGE	eras/age_V/appendices/B_faiths.md:3	the druid schools	->	Scoiltean nan Draoidhean	|	he north-central coast, Manannan in the harbours, the druid schools of the north-east, and the ol
CHANGE	eras/age_V/appendices/B_faiths.md:3	the Residency	->	Taigh an Àrd-mhaoir	|	y order, and each of them in its own way outlived the Residency that tried it. This appendix 
CHANGE	eras/age_V/appendices/B_faiths.md:7	the Church	->	An Eaglais	|	 the island made into *an Eaglais*. On the island the Church worked through its house, the
CHANGE	eras/age_V/appendices/B_faiths.md:7	the Mission	->	Teachdaireachd na h-Eaglaise	|	n the island the Church worked through its house, the Mission, which answered to its master
CHANGE	eras/age_V/appendices/B_faiths.md:7	the Commissioner	->	An t-Àrd-mhaor	|	h answered to its masters over the sea and not to the Commissioner, though the two were seldom f
CHANGE	eras/age_V/appendices/B_faiths.md:9	the Mission	->	Teachdaireachd na h-Eaglaise	|	 Fhearchair, finished a grammar of Dia-thìris for the Mission, careful and true in most thi
CHANGE	eras/age_V/appendices/B_faiths.md:9	the obelisk near Cnoc bheag	->	Carragh Cnoc bheag	|	's custodians as "keepers of the coal." He copied the obelisk near Cnoc bheag and sent it over the sea, and
CHANGE	eras/age_V/appendices/B_faiths.md:11	The Mission	->	Teachdaireachd na h-Eaglaise	|	The Mission raised the first church on th
CHANGE	eras/age_V/appendices/B_faiths.md:11	the Mission	->	Teachdaireachd na h-Eaglaise	|	before the fleet was out all the same. Thereafter the Mission kept a chapel in every camp a
CHANGE	eras/age_V/appendices/B_faiths.md:11	the spotted pox	->	A' Bhreac Bhallach	|	the dead. It counted four hundred and six dead of the spotted pox, and the custodians counted m
CHANGE	eras/age_V/appendices/B_faiths.md:11	the Mission's	->	Teachdaireachd na h-Eaglaise's	|	ed more and wrote the difference in the margin of the Mission's list. Its nurse Anne Colby ma
CHANGE	eras/age_V/appendices/B_faiths.md:11	the Green Death	->	A' Phlàigh Uaine	|	pt a canvas sick-house at Achadh dhomhain through the Green Death, and came back to the island 
CHANGE	eras/age_V/appendices/B_faiths.md:11	the pillar at Cnoc chiar	->	Colbh Cnoc chiar	|	 Edwin Lowe dug at Làrach an Teampaill and copied the pillar at Cnoc chiar and the column at Cnoc ghorm,
CHANGE	eras/age_V/appendices/B_faiths.md:11	the column at Cnoc ghorm	->	Calbh Cnoc ghorm	|	Teampaill and copied the pillar at Cnoc chiar and the column at Cnoc ghorm, seeking an older faith, and 
CHANGE	eras/age_V/appendices/B_faiths.md:11	the grey fever	->	Am Fiabhras Glas	|	ook in Dia-thìrich and human sick side by side in the grey fever. In the last autumn the Missi
CHANGE	eras/age_V/appendices/B_faiths.md:11	the Mission's	->	Teachdaireachd na h-Eaglaise's	|	ide by side in the grey fever. In the last autumn the Mission's clergy went down the Abhainn 
CHANGE	eras/age_V/appendices/B_faiths.md:13	The Mission	->	Teachdaireachd na h-Eaglaise	|	The Mission counted its first Dia-thìreac
CHANGE	eras/age_V/appendices/B_faiths.md:13	the Mission's	->	Teachdaireachd na h-Eaglaise's	|	thìreach converts among its first pupils. Neither the Mission's register nor the custodians' 
CHANGE	eras/age_V/appendices/B_faiths.md:17	the Company's	->	A' Chompanaidh's	|	, eleven baskets and not twelve, and the crews of the Company's pits went on keeping what the
CHANGE	eras/age_V/appendices/B_faiths.md:17	the Company	->	A' Chompanaidh	|	e first piece of coal from every new gallery, and the Company suffered it since it cost a s
CHANGE	eras/age_V/appendices/B_faiths.md:17	the Company's	->	A' Chompanaidh's	|	ld rites at the mouth of the oldest cutting while the Company's pits deepened round them; it 
CHANGE	eras/age_V/appendices/B_faiths.md:17	The Rending	->	Scàineadh Cill ghlas	|	 the word *fuil-ghuail* for the physicians' book. The Rending swallowed the cutting and the
CHANGE	eras/age_V/appendices/B_faiths.md:19	the Green Death	->	A' Phlàigh Uaine	|	When Tolley's letter-book blamed the Green Death on the dust, the Dia-thìreach
CHANGE	eras/age_V/appendices/B_faiths.md:23	the Hungry Hawk	->	An Seabhag Acrach	|	Òrd an t-Seabhaig keeps Mòd, the Hungry Hawk of Acaill, who starves those 
CHANGE	eras/age_V/appendices/B_faiths.md:23	the Hawk bay	->	Bàgh an t-Seabhaig	|	than the land can feed them. Its houses lie along the Hawk bay at Seann Skell, Ros gheal and
CHANGE	eras/age_V/appendices/B_faiths.md:23	the Mission	->	Teachdaireachd na h-Eaglaise	|	an, and inland at Cnoc bheag, whose priests asked the Mission for Wren's grammar to read wh
CHANGE	eras/age_V/appendices/B_faiths.md:25	the Company	->	A' Chompanaidh	|	e camps, was the first writing of the Dia-thìrich the Company ever seized. Henry Maddox bar
CHANGE	eras/age_V/appendices/B_faiths.md:25	the Green Death	->	A' Phlàigh Uaine	|	carried the sermons in themselves instead, and in the Green Death the overseers' reports list h
CHANGE	eras/age_V/appendices/B_faiths.md:25	the Company's	->	A' Chompanaidh's	|	n. The fishing families of Ros gheal twice chased the Company's customs officer off their har
CHANGE	eras/age_V/appendices/B_faiths.md:27	the grey fever	->	Am Fiabhras Glas	|	In the years of the grey fever Ìomhar Seabhag preached at Se
CHANGE	eras/age_V/appendices/B_faiths.md:27	the Lamp-Watch	->	Faire nan Lòchran	|	awk-shrines of the west became meeting-houses for the Lamp-Watch, and the shrine to Mòd that R
CHANGE	eras/age_V/appendices/B_faiths.md:27	the Leaden Hawk	->	Buidheann an t-Seabhaig Luaidhe	|	fed it; the hawk-shrines became mustering houses, the Leaden Hawk carried the council's letters
CHANGE	eras/age_V/appendices/B_faiths.md:31	the grey fever	->	Am Fiabhras Glas	|	and the school's register ends with her death. In the grey fever the old houses of the masters
CHANGE	eras/age_V/appendices/B_faiths.md:35	the Residency's	->	Taigh an Àrd-mhaoir's	|	ey's asking its priests at Cathair dhearg blessed the Residency's new coin. Fearghas mac Mhuiri
CHANGE	eras/age_V/appendices/B_faiths.md:35	the sacred forest	->	Coille Naomh Cnoc bheag	|	with him left the capital's temple and settled in the sacred forest near Cnoc bheag. There they k
CHANGE	eras/age_V/appendices/B_faiths.md:37	the Council of Custodians	->	Comhairle a' Chùraim	|	le and had blessed the coin opened their floor to the Council of Custodians when Strake locked the counci
CHANGE	eras/age_V/appendices/B_faiths.md:37	the forest council	->	Comhairle na Coille	|	had blessed. The dissenters in the forest took in the forest council of the mining country and sat
CHANGE	eras/age_V/appendices/B_faiths.md:41	the panther road	->	Imrich nam Pantar	|	he oldest shrines of the order at Cnoc àrsaidh on the panther road. It declined the joint counci
CHANGE	eras/age_V/appendices/B_faiths.md:41	the Stone	->	Òrd na Cloiche	|	d send no men to the war, since that was not what the Stone was for; but it shut Inis tha
CHANGE	eras/age_V/appendices/B_faiths.md:41	the Company's	->	A' Chompanaidh's	|	tone was for; but it shut Inis thais's harbour to the Company's ships and opened the Fianna's
CHANGE	eras/age_V/appendices/B_faiths.md:41	the Fianna's	->	an Fhianna's	|	thais's harbour to the Company's ships and opened the Fianna's roads to the hawk-faithful.
CHANGE	eras/age_V/appendices/B_faiths.md:43	the grey night	->	Oidhche Glaise	|	, and at Ceann mhòr the priests of the order kept the grey night with the human fishing famili
CHANGE	eras/age_V/appendices/B_faiths.md:43	the Mission	->	Teachdaireachd na h-Eaglaise	|	he human fishing families of the concession. When the Mission reported that human labourers
CHANGE	eras/age_V/appendices/B_faiths.md:43	the wild goose of the Spirit	->	an Gèadh Fiadhaich	|	under the sign of a grey goose, which they called the wild goose of the Spirit, the priests of Manannan at C
CHANGE	eras/age_V/appendices/B_faiths.md:45	the Old Spirits	->	Na Seann Spioradan	|	 at Àth fhionn and along the coast at Caol ìseal; the Old Spirits, the oldest folk rite of the 
CHANGE	eras/age_V/appendices/B_faiths.md:49	the Residency	->	Taigh an Àrd-mhaoir	|	he close of the age, and reported none of them to the Residency. The camps said a person who 
CHANGE	eras/age_V/appendices/C_hosts_wars.md:3	The Age of Strangers	->	An Aois Choigreach	|	The Age of Strangers was not an age of armies unti
CHANGE	eras/age_V/appendices/C_hosts_wars.md:3	the Administration	->	Riaghaltas nan Coigreach	|	st two years. For a hundred and forty-seven years the Administration kept no standing force of its
CHANGE	eras/age_V/appendices/C_hosts_wars.md:3	the Mission's	->	Teachdaireachd na h-Eaglaise's	|	 appendix sets down, as the custodians' rolls and the Mission's registers give them, the sick
CHANGE	eras/age_V/appendices/C_hosts_wars.md:3	the Mission's	->	Teachdaireachd na h-Eaglaise's	|	, with the dead where the rolls count them. Where the Mission's count and the custodians' dif
CHANGE	eras/age_V/appendices/C_hosts_wars.md:9	The strangers' fever	->	Fiabhras nan Coigreach	|	| The strangers' fever | 9 | Cuan shean and the west
CHANGE	eras/age_V/appendices/C_hosts_wars.md:11	The spotted pox	->	A' Bhreac Bhallach	|	| The spotted pox | 39 | Ros dhomhain, the coal
CHANGE	eras/age_V/appendices/C_hosts_wars.md:11	the coal road	->	Rathad na Mèinne	|	| The spotted pox | 39 | Ros dhomhain, the coal road and the camps; Baile chiar | 
CHANGE	eras/age_V/appendices/C_hosts_wars.md:11	the Mission's	->	Teachdaireachd na h-Eaglaise's	|	the coal road and the camps; Baile chiar | 406 by the Mission's count; more by the custodians
CHANGE	eras/age_V/appendices/C_hosts_wars.md:12	The bloody flux	->	An Scàird Fhuilteach	|	| The bloody flux | 59 | the quays of Ros dhomh
CHANGE	eras/age_V/appendices/C_hosts_wars.md:13	The Green Death	->	A' Phlàigh Uaine	|	| The Green Death, A' Phlàigh Uaine | 73–76 | 2
CHANGE	eras/age_V/appendices/C_hosts_wars.md:13	(appositive)	->	A' Phlàigh Uaine	|	dropped the English gloss beside A' Phlàigh Uaine
CHANGE	eras/age_V/appendices/C_hosts_wars.md:15	The lung-rot	->	Grodadh nan Scamhan	|	| The lung-rot | from 119 | the night crews 
CHANGE	eras/age_V/appendices/C_hosts_wars.md:16	The grey fever	->	Am Fiabhras Glas	|	| The grey fever | 138–140 | the whole island;
CHANGE	eras/age_V/appendices/C_hosts_wars.md:18	The strangers' fever	->	Fiabhras nan Coigreach	|	**The strangers' fever** came ashore with a crowded 
CHANGE	eras/age_V/appendices/C_hosts_wars.md:18	the Administration	->	Riaghaltas nan Coigreach	|	very traveller, and the fever never reached them; the Administration fined them for hindering trad
CHANGE	eras/age_V/appendices/C_hosts_wars.md:20	The Mission's	->	Teachdaireachd na h-Eaglaise's	|	h among the boys who broke coal at the pit-mouth. The Mission's surgeon called it a winter co
CHANGE	eras/age_V/appendices/C_hosts_wars.md:20	the Company	->	A' Chompanaidh	|	 took in the orphans at its own custodians' cost; the Company, asked to give toward the hou
CHANGE	eras/age_V/appendices/C_hosts_wars.md:20	Mission primers	->	Teachdaireachd na h-Eaglaise's primers	|	, asked to give toward the house, sent a crate of Mission primers.
CHANGE	eras/age_V/appendices/C_hosts_wars.md:22	The spotted pox	->	A' Bhreac Bhallach	|	**The spotted pox** came ashore at Ros dhomhain
CHANGE	eras/age_V/appendices/C_hosts_wars.md:22	a Company ship	->	a ship of A' Chompanaidh	|	*The spotted pox** came ashore at Ros dhomhain on a Company ship and climbed the coal road int
CHANGE	eras/age_V/appendices/C_hosts_wars.md:22	the coal road	->	Rathad na Mèinne	|	ore at Ros dhomhain on a Company ship and climbed the coal road into the camps, worst in the 
CHANGE	eras/age_V/appendices/C_hosts_wars.md:22	The Mission	->	Teachdaireachd na h-Eaglaise	|	 in the huts at Àth ìseal and at Achadh dhomhain. The Mission counted four hundred and six 
CHANGE	eras/age_V/appendices/C_hosts_wars.md:22	the Mission's	->	Teachdaireachd na h-Eaglaise's	|	ians wrote the difference between their count and the Mission's in the margin of the Mission'
CHANGE	eras/age_V/appendices/C_hosts_wars.md:22	the Mission's	->	Teachdaireachd na h-Eaglaise's	|	en their count and the Mission's in the margin of the Mission's list. At Baile chiar in the s
CHANGE	eras/age_V/appendices/C_hosts_wars.md:24	the Company's	->	A' Chompanaidh's	|	y quay the town had for the coal traffic and paid the Company's fine from the purse that had 
CHANGE	eras/age_V/appendices/C_hosts_wars.md:26	The Green Death	->	A' Phlàigh Uaine	|	**The Green Death** began at Achadh dhomhain: a
CHANGE	eras/age_V/appendices/C_hosts_wars.md:26	Commissioner	->	Àrd-mhaor	|	d at Muileann chrom and never finished his table. Commissioner Crane, who walked the sick-ro
CHANGE	eras/age_V/appendices/C_hosts_wars.md:28	the Long Drought	->	Tiormachd Achadh shean	|	**The drought-fever** followed the Long Drought into the towns. At Baile Mòr 
CHANGE	eras/age_V/appendices/C_hosts_wars.md:28	the Mission	->	Teachdaireachd na h-Eaglaise	|	d been deepened into the old middens, and Coll of the Mission named the cause rightly. Cnoc
CHANGE	eras/age_V/appendices/C_hosts_wars.md:30	The lung-rot	->	Grodadh nan Scamhan	|	**The lung-rot** was a wasting of the lungs 
CHANGE	eras/age_V/appendices/C_hosts_wars.md:30	the Green Death	->	A' Phlàigh Uaine	|	g of the lungs among the night crews, slower than the Green Death. The Company paid the familie
CHANGE	eras/age_V/appendices/C_hosts_wars.md:30	The Company	->	A' Chompanaidh	|	ong the night crews, slower than the Green Death. The Company paid the families of the dead
CHANGE	eras/age_V/appendices/C_hosts_wars.md:32	The grey fever	->	Am Fiabhras Glas	|	**The grey fever** was a fever of the chest th
CHANGE	eras/age_V/appendices/C_hosts_wars.md:32	the Administration's	->	Riaghaltas nan Coigreach's	|	hòr for the first time in the town's memory, took the Administration's physician at Dùn thais and tw
CHANGE	eras/age_V/appendices/C_hosts_wars.md:32	the Mission's	->	Teachdaireachd na h-Eaglaise's	|	dministration's physician at Dùn thais and two of the Mission's nurses, and came back to sett
CHANGE	eras/age_V/appendices/C_hosts_wars.md:38	the Great Hunger	->	Gorta Baile chrom	|	**Gorta Baile chrom, the Great Hunger**, followed a failed harvest 
CHANGE	eras/age_V/appendices/C_hosts_wars.md:38	the Levy	->	An Togail	|	t from the ninety-fourth year, made worse because the Levy had taken one in five of the 
CHANGE	eras/age_V/appendices/C_hosts_wars.md:38	the Mission	->	Teachdaireachd na h-Eaglaise	|	s mhin ate its seed corn in the second winter and the Mission fed three hundred a day at th
CHANGE	eras/age_V/appendices/C_hosts_wars.md:38	the Residency	->	Taigh an Àrd-mhaoir	|	om an Tìr Thall lay a month at Ros dhomhain while the Residency and the Company disputed who 
CHANGE	eras/age_V/appendices/C_hosts_wars.md:38	the Company	->	A' Chompanaidh	|	y a month at Ros dhomhain while the Residency and the Company disputed who should pay for i
CHANGE	eras/age_V/appendices/C_hosts_wars.md:38	(appositive)	->	Gorta Baile chrom	|	dropped the English gloss beside Gorta Baile chrom
CHANGE	eras/age_V/appendices/C_hosts_wars.md:40	the Long Drought	->	Tiormachd Achadh shean	|	**Tiormachd Achadh shean, the Long Drought**, lay on the east three dry 
CHANGE	eras/age_V/appendices/C_hosts_wars.md:40	(appositive)	->	Tiormachd Achadh shean	|	dropped the English gloss beside Tiormachd Achadh shean
CHANGE	eras/age_V/appendices/C_hosts_wars.md:44	the first strike	->	Stad-oibre Baile thais	|	ys of Baile thais**, in the seventy-seventh year, the first strike of the age: Catrìona nic Each
CHANGE	eras/age_V/appendices/C_hosts_wars.md:44	the Company	->	A' Chompanaidh	|	e age: Catrìona nic Eachainn called the halt when the Company would not close the gallery t
CHANGE	eras/age_V/appendices/C_hosts_wars.md:44	the Green Death	->	A' Phlàigh Uaine	|	halt when the Company would not close the gallery the Green Death had come out of, and it ended
CHANGE	eras/age_V/appendices/C_hosts_wars.md:44	the Company	->	A' Chompanaidh	|	 of, and it ended when the food ran out. After it the Company built its own granary at Muil
CHANGE	eras/age_V/appendices/C_hosts_wars.md:46	The night-shift strike	->	Stad-oibre Cnoc chaol	|	**The night-shift strike** at Cnoc chaol, in the hundr
CHANGE	eras/age_V/appendices/C_hosts_wars.md:46	The Lamp-Watch's	->	Faire nan Lòchran's	|	ain, whose townsfolk turned them from every door. The Lamp-Watch's purse ran dry keeping the str
CHANGE	eras/age_V/appendices/C_hosts_wars.md:48	The dockers' strike	->	Stad-oibre a' Chalaidh	|	**The dockers' strike** at Ros dhomhain, in the hun
CHANGE	eras/age_V/appendices/C_hosts_wars.md:50	The first stoppage together	->	Là Stad nan Sloc	|	**The first stoppage together**, in the hundred and forty-t
CHANGE	eras/age_V/appendices/C_hosts_wars.md:50	the Company's	->	A' Chompanaidh's	|	gheal, unasked. It ended when the constables shut the Company's stores in every district at o
CHANGE	eras/age_V/appendices/C_hosts_wars.md:54	the Administration	->	Riaghaltas nan Coigreach	|	 and thirty-second year, the first standing force the Administration kept on the island. His first
CHANGE	eras/age_V/appendices/C_hosts_wars.md:58	The silver guild's	->	Comann an Airgid's	|	er of Uilleam Gobha's forge at Muileann dhearg. **The silver guild's riflemen**, armed through the
CHANGE	eras/age_V/appendices/C_hosts_wars.md:58	the Leaden Hawk	->	Buidheann an t-Seabhaig Luaidhe	|	 the road between Ros bheag and the north-west; **the Leaden Hawk**, Buidheann an t-Seabhaig Lu
CHANGE	eras/age_V/appendices/C_hosts_wars.md:58	the Hawk coast	->	Oirthir an t-Seabhaig	|	 Muileann chrom, carried the council's letters to the Hawk coast and stood in that company's f
CHANGE	eras/age_V/appendices/C_hosts_wars.md:58	the Administration	->	Riaghaltas nan Coigreach	|	 stood in that company's first rank. Against them the Administration had its constables, the Compa
CHANGE	eras/age_V/appendices/C_hosts_wars.md:58	the Company's	->	A' Chompanaidh's	|	ainst them the Administration had its constables, the Company's guards, a few ships, and what
CHANGE	eras/age_V/appendices/C_hosts_wars.md:63	the Residency	->	Taigh an Àrd-mhaoir	|	 sends its boats to the council. Strake fortifies the Residency and the Company's quarter of 
CHANGE	eras/age_V/appendices/C_hosts_wars.md:63	the Company's	->	A' Chompanaidh's	|	o the council. Strake fortifies the Residency and the Company's quarter of the harbour. The r
CHANGE	eras/age_V/appendices/C_hosts_wars.md:65	The silver guild	->	Comann an Airgid	|	- **The east cleared.** The silver guild declares for the council; the
CHANGE	eras/age_V/appendices/C_hosts_wars.md:66	A Company steamship	->	A steamship of A' Chompanaidh	|	- **Winter, AE 149–150.** A Company steamship shells the coal stage at Sean
CHANGE	eras/age_V/appendices/C_hosts_wars.md:66	the Company's	->	A' Chompanaidh's	|	 at Seann Toll; twenty-three die. Inis mhòr burns the Company's coal on its quays; the fishin
CHANGE	eras/age_V/appendices/C_hosts_wars.md:66	two Company ships	->	two ships of A' Chompanaidh	|	aill's own hand, then Àth dhearg and Baile ìseal; two Company ships are lost on the reefs.
CHANGE	eras/age_V/appendices/C_hosts_wars.md:67	The Leaden Hawk	->	Buidheann an t-Seabhaig Luaidhe	|	- **Spring and summer, AE 150.** The Leaden Hawk walks to the Hawk coast in si
CHANGE	eras/age_V/appendices/C_hosts_wars.md:67	the Hawk coast	->	Oirthir an t-Seabhaig	|	ng and summer, AE 150.** The Leaden Hawk walks to the Hawk coast in six days. The hawk-shrines
CHANGE	eras/age_V/appendices/C_hosts_wars.md:67	the Residency	->	Taigh an Àrd-mhaoir	|	l has the hills, the east and the capital; Strake the Residency, the harbour quarter and the 
CHANGE	eras/age_V/appendices/C_hosts_wars.md:68	the Administration	->	Riaghaltas nan Coigreach	|	om. The sally at Cnoc ghorm driven back, the last the Administration made. The harbour quarter of 
CHANGE	eras/age_V/appendices/C_hosts_wars.md:68	the Company's	->	A' Chompanaidh's	|	os dhomhain opens its lower gates to the council; the Company's flying machine is burned in i
CHANGE	eras/age_V/appendices/C_hosts_wars.md:68	the Residency	->	Taigh an Àrd-mhaoir	|	s shed; Cuan uaine opens its quays. Strake leaves the Residency by water on the twenty-first 
CHANGE	eras/age_V/appendices/C_hosts_wars.md:68	the council's companies	->	Buidhnean na Comhairle	|	by water on the twenty-first of an t-Sultain, and the council's companies find it stripped next morning
CHANGE	eras/age_V/appendices/C_hosts_wars.md:69	The truce of Àth àrsaidh	->	Fosadh Àth àrsaidh	|	h; hunger, and the stores opened to both peoples. The truce of Àth àrsaidh. The columns go north under t
CHANGE	eras/age_V/appendices/D_reckoning.md:7	their Diosal year	->	their year of An Diosal	|	ore the ships the custodians dated their rolls by their Diosal year, counted from the sunwise tur
CHANGE	eras/age_V/appendices/D_reckoning.md:7	the sunwise turn	->	An Diosal	|	ed their rolls by their Diosal year, counted from the sunwise turn of the fleet of the Sundering
CHANGE	eras/age_V/appendices/D_reckoning.md:7	the fleet of the Sundering	->	Cabhlach an Scaraidh	|	eir Diosal year, counted from the sunwise turn of the fleet of the Sundering, and by the moon. They reckon
CHANGE	eras/age_V/appendices/D_reckoning.md:9	the Administration's	->	Riaghaltas nan Coigreach's	|	 it. That wheel, which survives in Wren's list in the Administration's letter-books, is the first wr
CHANGE	eras/age_V/appendices/D_reckoning.md:11	The first written treaty	->	Cùmhnant Cathair dhearg	|	The first written treaty, in the eighth year, was date
CHANGE	eras/age_V/appendices/D_reckoning.md:11	its Diosal year	->	its year of An Diosal	|	ne. The custodians entered it in their roll under its Diosal year and the moon in which it was 
CHANGE	eras/age_V/appendices/D_reckoning.md:11	the Administration	->	Riaghaltas nan Coigreach	|	 moon in which it was signed, and left the day to the Administration. So it went with the Harbour 
CHANGE	eras/age_V/appendices/D_reckoning.md:11	the Harbour Articles	->	Puingean a' Chalaidh	|	ft the day to the Administration. So it went with the Harbour Articles, the Company's charter and ev
CHANGE	eras/age_V/appendices/D_reckoning.md:11	the Company's charter	->	Cairt na Companaidh	|	nistration. So it went with the Harbour Articles, the Company's charter and every contract for the pi
CHANGE	eras/age_V/appendices/D_reckoning.md:11	its Diosal year	->	its year of An Diosal	|	ote the humans' year at the head of each page and its Diosal year beneath it, and kept the moon
CHANGE	eras/age_V/appendices/D_reckoning.md:11	the cellar at Muileann chaol	->	Seilear Muileann chaol	|	 margin where the roll needed it; the copyists of the cellar at Muileann chaol, making their fair copies, se
CHANGE	eras/age_V/appendices/D_reckoning.md:15	The Administration's count of the people	->	Cunntas an Riaghaltais	|	ghts of the full and the dark as they always had. The Administration's count of the people in the hundred and twenty-sec
CHANGE	eras/age_V/appendices/D_reckoning.md:19	the Company's	->	A' Chompanaidh's	|	The week came to the island with the Company's contracts before it came with
CHANGE	eras/age_V/appendices/D_reckoning.md:19	the Mission	->	Teachdaireachd na h-Eaglaise	|	 with the Company's contracts before it came with the Mission. The first contracts paid the
CHANGE	eras/age_V/appendices/D_reckoning.md:19	the Company	->	A' Chompanaidh	|	y of rest, so that the Dia-thìrich who worked for the Company learned the week before any o
CHANGE	eras/age_V/appendices/D_reckoning.md:19	the Mission	->	Teachdaireachd na h-Eaglaise	|	 the week before any of them was christened. When the Mission raised its chapel on the quay
CHANGE	eras/age_V/appendices/D_reckoning.md:21	the Mission	->	Teachdaireachd na h-Eaglaise	|	The hewers made less of the difference than the Mission did. Matthew Dunne, the Missi
CHANGE	eras/age_V/appendices/D_reckoning.md:21	the Mission's	->	Teachdaireachd na h-Eaglaise's	|	e difference than the Mission did. Matthew Dunne, the Mission's own minister at Ros dhomhain,
CHANGE	eras/age_V/appendices/D_reckoning.md:21	the Company	->	A' Chompanaidh	|	 the Mission's own minister at Ros dhomhain, told the Company against the night-shift order
CHANGE	eras/age_V/appendices/D_reckoning.md:21	the night-shift order	->	Àithne na h-Oidhche	|	inister at Ros dhomhain, told the Company against the night-shift order that the Dia-thìrich were rig
CHANGE	eras/age_V/appendices/D_reckoning.md:27	the silver guild	->	Comann an Airgid	|	**Silver for marks.** From the eighty-third year the silver guild of Muileann chiar sold bar si
CHANGE	eras/age_V/appendices/D_reckoning.md:27	the Company	->	A' Chompanaidh	|	silver guild of Muileann chiar sold bar silver to the Company for marks at a price the guil
CHANGE	eras/age_V/appendices/D_reckoning.md:29	the Residency's	->	Taigh an Àrd-mhaoir's	|	g, the priests of Macha at Cathair dhearg blessed the Residency's new coin, and in the eighty-s
CHANGE	eras/age_V/appendices/D_reckoning.md:29	the Administration	->	Riaghaltas nan Coigreach	|	ked down against the coin a second time, on terms the Administration alone set.
CHANGE	eras/age_V/appendices/D_reckoning.md:31	the Crossing	->	An t-Aiseag	|	 fish had changed hands without coin since before the Crossing, were shut by order, and a cl
CHANGE	eras/age_V/appendices/D_reckoning.md:31	the Residency	->	Taigh an Àrd-mhaoir	|	 the Crossing, were shut by order, and a clerk of the Residency wrote that the ledgers were n
CHANGE	eras/age_V/appendices/D_reckoning.md:31	the Company's	->	A' Chompanaidh's	|	The hill villages borrowed marks at interest from the Company's stores to buy seed, and withi
CHANGE	eras/age_V/appendices/D_reckoning.md:31	the Company	->	A' Chompanaidh	|	years most of the villages of Muileann chrom owed the Company more than a year's crop. The 
CHANGE	eras/age_V/appendices/D_reckoning.md:35	the Company's	->	A' Chompanaidh's	|	ton, in iron tools and lamp-oil, and from then on the Company's steelyard stood at every pit-
CHANGE	eras/age_V/appendices/D_reckoning.md:37	The Company	->	A' Chompanaidh	|	The Company measured its crews by the tal
CHANGE	eras/age_V/appendices/D_reckoning.md:37	the Green Death	->	A' Phlàigh Uaine	|	 raise in a season. The tally was not lowered for the Green Death, nor for the drought, nor for
CHANGE	eras/age_V/appendices/D_reckoning.md:39	the Administration's	->	Riaghaltas nan Coigreach's	|	Nathaniel Bright, the Administration's physician, kept one other wei
CHANGE	eras/age_V/appendices/D_reckoning.md:39	the Residency	->	Taigh an Àrd-mhaoir	|	. His book, with its broken-off row, was filed at the Residency and never taken up again.
CHANGE	eras/age_V/appendices/D_reckoning.md:43	The Administration	->	Riaghaltas nan Coigreach	|	The Administration took a share of all the coal 
CHANGE	eras/age_V/appendices/D_reckoning.md:43	the Company	->	A' Chompanaidh	|	oal mined on the island, the tithe, paid to it by the Company and entered against every set
CHANGE	eras/age_V/appendices/D_reckoning.md:43	a Mission pupil	->	a pupil of Teachdaireachd na h-Eaglaise	|	py in the humans' tongue with a rendering made by a Mission pupil. In the next year the tithe-g
CHANGE	eras/age_V/appendices/D_reckoning.md:49	the Company's	->	A' Chompanaidh's	|	s begun at Àth dhearg by Tormod mac Pheadair, and the Company's clerk who read it called its 
CHANGE	eras/age_V/appendices/D_reckoning.md:49	Commissioner's	->	Àrd-mhaor's	|	Baile chrom that the day and the hour of the last Commissioner's leaving are known. On the nig
CHANGE	eras/age_V/appendices/E_words.md:25	the Company	->	A' Chompanaidh	|	**maor** · "steward". Under the Company, a Dia-thìreach set over Dia-
CHANGE	eras/age_V/appendices/E_words.md:37	the Residency	->	Taigh an Àrd-mhaoir	|	he close of the age, and reported none of them to the Residency.
CHANGE	eras/age_V/appendices/E_words.md:69	the edict of seizure	->	Àithne a' Ghlacaidh	|	lifted from his own doorstone at Doire mhòr under the edict of seizure.
CHANGE	eras/age_V/appendices/E_words.md:71	the Mission	->	Teachdaireachd na h-Eaglaise	|	*We keep the sky.* Hannah Webb's answer when the Mission asked what she kept in the fi
CHANGE	eras/age_V/appendices/E_words.md:75	the Residency	->	Taigh an Àrd-mhaoir	|	aid in the council, in the hearing of no clerk of the Residency, in the years it chose no hea
LEFT	eras/age_V/annals/age_V_02.json:EV-1554.body	the Stone	(no "the" before it)	|	Abel Stone and Hugh Mercer come up the road to Mui
LEFT	eras/age_V/annals/age_V_02.json:EV-1555.body	the Stone	(no "the" before it)	|	even days Raghnall mac Dhòmhnaill leads Stone and Mercer through the hills north and 
LEFT	eras/age_V/annals/age_V_02.json:EV-1511.body	the Stone	(no "the" before it)	|	Abel Stone brings the first contract of A' Chompan
LEFT	eras/age_V/annals/age_V_02.json:EV-1512.body	the Stone	(no "the" before it)	|	Abel Stone names Raghnall mac Dhòmhnaill, who walk
LEFT	eras/age_V/annals/age_V_02.json:EV-1558.body	the Stone	(no "the" before it)	|	 At dusk the clerk adds his figures and Stone calls out one ton, the first coal of th
LEFT	eras/age_V/annals/age_V_05.json:EV-3066.body	the beacon at Muileann bheag	(no "the" before it)	|	omplaint laid by the keepers of the new beacon at Muileann bheag. He rides three days by mule-track and 
LEFT	eras/age_V/annals/age_V_07.json:EV-4031.title	the first fire	(no "the" before it)	|	The dissenters' first fire under the oaks
LEFT	eras/age_V/annals/age_V_10.json:EV-5513.body	the coal-touched	(no "the" before it)	|	When the Residency orders every coal-touched child reported to the Commissioner's of
LEFT	eras/age_V/annals/age_V_10.json:EV-5514.body	the coal-touched	(no "the" before it)	|	 Company agent whether she knows of any coal-touched child in her district, a custodian of C
LEFT	eras/age_V/annals/age_V_12.json:EV-6502.body	the coal road	(no "the" before it)	|	ies Uilleam Gobha's grenades up the cut coal road to the crews waiting at the ford of Àth
LEFT	eras/age_V/book/07_of_the_fever_and_the_sacks_of_coal.md:95	the Stone	(no "the" before it)	|	ard across the river; his name was Abel Stone. The other was younger and taller and s
LEFT	eras/age_V/book/07_of_the_fever_and_the_sacks_of_coal.md:99	the Stone	(no "the" before it)	|	 wife lent Mercer a dry shirt. But when Stone spread his hands and said "Coal?" and p
LEFT	eras/age_V/book/07_of_the_fever_and_the_sacks_of_coal.md:103	the Stone	(no "the" before it)	|	Stone had taken a coin out of his purse and l
LEFT	eras/age_V/book/07_of_the_fever_and_the_sacks_of_coal.md:117	the Stone	(no "the" before it)	|	They were eleven days on the hill. Stone and Mercer knew what they were looking 
LEFT	eras/age_V/book/07_of_the_fever_and_the_sacks_of_coal.md:117	the Stone	(no "the" before it)	|	ds that got better as the days went on. Stone wanted water: streams, gullies, the pla
LEFT	eras/age_V/book/07_of_the_fever_and_the_sacks_of_coal.md:119	the Stone	(no "the" before it)	|	It showed. In the second gully Stone went down on his knees in the wet and s
LEFT	eras/age_V/book/07_of_the_fever_and_the_sacks_of_coal.md:119	the Stone	(no "the" before it)	|	e turf like a black river under a bank. Stone broke off a piece and turned it in his 
LEFT	eras/age_V/book/07_of_the_fever_and_the_sacks_of_coal.md:125	the Stone	(no "the" before it)	|	own him a pebble, and said something to Stone, and Stone laughed, not unkindly, and s
LEFT	eras/age_V/book/07_of_the_fever_and_the_sacks_of_coal.md:125	the Stone	(no "the" before it)	|	ebble, and said something to Stone, and Stone laughed, not unkindly, and said a word 
LEFT	eras/age_V/book/07_of_the_fever_and_the_sacks_of_coal.md:127	the Stone	(no "the" before it)	|	e paces from the last. On the fifth day Stone took to walking the seam. He went along
LEFT	eras/age_V/book/07_of_the_fever_and_the_sacks_of_coal.md:129	the Stone	(no "the" before it)	|	ks down on the valley of Abhainn uaine, Stone stopped on a knoll in the evening and l
LEFT	eras/age_V/book/07_of_the_fever_and_the_sacks_of_coal.md:129	the Stone	(no "the" before it)	|	g to Mercer. Mercer wrote it down. Then Stone turned to Raghnall and said, slowly, in
LEFT	eras/age_V/book/07_of_the_fever_and_the_sacks_of_coal.md:135	the Stone	(no "the" before it)	|	ight they camped under a peat-bank, and Stone and Mercer drank from a flask and talke
LEFT	eras/age_V/book/07_of_the_fever_and_the_sacks_of_coal.md:137	the Stone	(no "the" before it)	|	ack on his own back the last miles, and Stone and Mercer each carried one, and all th
LEFT	eras/age_V/book/07_of_the_fever_and_the_sacks_of_coal.md:137	the Stone	(no "the" before it)	|	em were black to the elbow. At the mill Stone paid him the coin. Raghnall took it and
LEFT	eras/age_V/book/07_of_the_fever_and_the_sacks_of_coal.md:149	the Stone	(no "the" before it)	|	t read it either. He counted the sacks. Stone had filled thirteen.
LEFT	eras/age_V/book/07_of_the_fever_and_the_sacks_of_coal.md:175	the Stone	(no "the" before it)	|	Abel Stone brought them. He came up the road to Mu
LEFT	eras/age_V/book/07_of_the_fever_and_the_sacks_of_coal.md:181	the Stone	(no "the" before it)	|	When the reading was done Stone looked round the room and found Raghnal
LEFT	eras/age_V/book/07_of_the_fever_and_the_sacks_of_coal.md:197	the Stone	(no "the" before it)	|	below the old cutting, in a gully where Stone had broken the seam the winter before; 
LEFT	eras/age_V/book/07_of_the_fever_and_the_sacks_of_coal.md:199	the Stone	(no "the" before it)	|	Stone had the beam set up that afternoon at t
LEFT	eras/age_V/book/07_of_the_fever_and_the_sacks_of_coal.md:201	the Stone	(no "the" before it)	|	added his figures and said something to Stone, and Stone turned round to the crew and
LEFT	eras/age_V/book/07_of_the_fever_and_the_sacks_of_coal.md:201	the Stone	(no "the" before it)	|	igures and said something to Stone, and Stone turned round to the crew and held up on
LEFT	eras/age_V/book/11_of_the_eleven_of_cnoc_fhiadhaich.md:25	the Stone	(no "the" before it)	|	e agent could not see it, any more than Stone and Mercer had seen the green in the sa
LEFT	eras/age_V/book/11_of_the_eleven_of_cnoc_fhiadhaich.md:71	the dry cough	(no "the" before it)	|	It was a dry cough. It had no wet in it and no fever, whic
LEFT	eras/age_V/book/18_of_lowes_spade.md:75	the column near Cnoc ghorm	(no "the" before it)	|	iar, weathered past most reading, and a column near Cnoc ghorm that stood a little taller and a little
LEFT	eras/age_V/book/19_of_the_smoke_in_the_gallery.md:83	the Company	(no "the" before it)	|	 and steady against a hard wind, that a Company which begrudged a stone a gallery to th
LEFT	eras/age_V/book/22_of_the_priced_silver_and_the_blessed_coin.md:23	the high custodian of the Council of Custodians	(no "the" before it)	|	en asked to bless: the seating of a new high custodian of the Council of Custodians, the first in ten years.
LEFT	eras/age_V/book/22_of_the_priced_silver_and_the_blessed_coin.md:109	the strike at Baile thais	(no "the" before it)	|	ore than a week's grain against her own strike at Baile thais, years before she ever came east, and t
LEFT	eras/age_V/book/23_of_the_levy_and_the_ring_of_beacons.md:43	the sacred forest	(another thing of the same English name)	|	h took their pupils under the trees, to the sacred forest of Flidais near Muileann chiar, where t
LEFT	eras/age_V/book/24_of_gorta_baile_chrom.md:40	the Levy	(no "the" before it)	|	Company's charge, being the party whose Levy had emptied the fields, and the Company
LEFT	eras/age_V/book/28_of_the_law_of_one_line.md:33	the Residency	(no "the" before it)	|	know what a marriage entered in its own Residency's register is, or say plainly that it doe
LEFT	eras/age_V/book/28_of_the_law_of_one_line.md:75	the burial club	(no "the" before it)	|	oc chaol, calling itself no more than a burial club, the kind of quiet society that put a l
LEFT	eras/age_V/book/28_of_the_law_of_one_line.md:81	the burial club	(no "the" before it)	|	ng there, to be a good deal more than a burial club, though nobody that day said so aloud a
LEFT	eras/age_V/book/28_of_the_law_of_one_line.md:81	the burial club	(no "the" before it)	|	s own members and nothing so plain as a burial club at all, though the name it gave the Com
LEFT	eras/age_V/book/29_of_the_night_shift.md:19	the coal road	(no "the" before it)	|	ten, and it cost the carters of the old coal road their whole trade inside two years; the
LEFT	eras/age_V/book/29_of_the_night_shift.md:35	the burial club	(no "the" before it)	|	egun four years before under cover of a burial club, at Baile thais and at Cnoc chaol both,
LEFT	eras/age_V/book/29_of_the_night_shift.md:65	the Company	(no "the" before it)	|	that same evening; a man who has kept a Company's staff two-and-thirty years learns to re
LEFT	eras/age_V/book/30_of_the_cellar_at_muileann_chaol.md:23	the three households	(no "the" before it)	|	ce by the hand that copies it fair; and three households reading, winter on winter, the whole re
LEFT	eras/age_V/book/30_of_the_cellar_at_muileann_chaol.md:123	the coal-touched	(no "the" before it)	|	s required it, in the humans' tongue as coal-touched.
LEFT	eras/age_V/book/31_of_the_line_of_aisling.md:101	the coal-touched	(no "the" before it)	|	isling, not Fionnan, not any child born coal-touched in the years that followed, though ever
LEFT	eras/age_V/book/31_of_the_line_of_aisling.md:119	the Administration	(no "the" before it)	|	n his last years, writing letters to an Administration that dismissed him for the writing of t
LEFT	eras/age_V/book/32_of_the_grey_goose_and_the_dockers.md:15	the coal road	(no "the" before it)	|	onth, at Muileann shean on the northern coal road: a low stone house with a yard for hors
LEFT	eras/age_V/book/32_of_the_grey_goose_and_the_dockers.md:15	the Residency	(no "the" before it)	|	 for. They called it the humans' second Residency, and did not mean it kindly, and the na
LEFT	eras/age_V/book/32_of_the_grey_goose_and_the_dockers.md:57	the Church	(no "the" before it)	|	own. "We keep no watch with the humans' Church," said the custodian of Baile chrom's l
LEFT	eras/age_V/book/32_of_the_grey_goose_and_the_dockers.md:61	the Spirit	(no "the" before it)	|	h Fiadhaich, the wild goose of your own Spirit, and your minister cannot find it in hi
LEFT	eras/age_V/book/35_of_the_houses_on_the_roads.md:24	the Company	(no "the" before it)	|	 three different flags of custodian and Company both, took to being paid, for certain n
LEFT	eras/age_V/book/38_of_the_leaden_hawk.md:63	the Residency	(no "the" before it)	|	hes and a few crates of cartridges to a Residency that had asked for regiments, and saile
LEFT	eras/age_V/book/40_of_the_truce_and_the_closing_of_the_crossing.md:12	the Administration	(no "the" before it)	|	arliest years, before there had been an Administration to house. He had been a soldier before 
LEFT	eras/age_V/book/40_of_the_truce_and_the_closing_of_the_crossing.md:90	the Residency	(no "the" before it)	|	etter-books left behind in the stripped Residency and whatever else had not gone west wit
LEFT	eras/age_V/gazetteer/01_west_coast_and_capital.json:282.history	the three ships	(no "the" before it)	|	 of Dia-thìr to see the strangers, when three ships lay off its cape in the first year and 
LEFT	eras/age_V/gazetteer/05_silver_and_the_north_west.json:419.history	the count of hands	(no "the" before it)	|	tnership in the sixty-seventh year by a count of hands in its hall, and in the years before th
LEFT	eras/age_V/gazetteer/07_baile_thais_and_the_middle_country.json:44.history	the burial club	(no "the" before it)	|	ag's search for an old law of rest. Its burial club became the Lamp-Watch, which kept a pur
LEFT	eras/age_V/gazetteer/10_the_posts_and_the_rending.json:212.history	the king-lists	(no "the" before it)	|	 mill of the north, whose wheel the old king-lists already call ancient, took Merriman's f
LEFT	eras/age_V/gazetteer/10_the_posts_and_the_rending.json:212.history	the coal road	(no "the" before it)	|	 with a yard for horses on the northern coal road. The townsfolk called it the humans' se
LEFT	eras/age_V/gazetteer/10_the_posts_and_the_rending.json:212.history	the Residency	(no "the" before it)	|	 townsfolk called it the humans' second Residency, and did not mean it kindly. In the fir
LEFT	eras/age_V/appendices/A_rulers.md:66	the count of hands	(no "the" before it)	|	f the Company, and chose its heads by a count of hands in its hall. **Ùna nic Choinnich** stoo
LEFT	eras/age_V/appendices/B_faiths.md:31	the sacred forest	(another thing of the same English name)	|	their own houses and under the trees of the sacred forest of Flidais near Muileann chiar, and hel
LEFT	eras/age_V/appendices/C_hosts_wars.md:20	the dry cough	(no "the" before it)	|	**The coughing sickness** was a dry cough among the boys who broke coal at the pi
LEFT	eras/age_V/appendices/C_hosts_wars.md:54	the coal road	(no "the" before it)	|	 were at Muileann shean on the northern coal road and Tobar ghorm near the northern worki
LEFT	eras/age_V/appendices/D_reckoning.md:3	the treaty	(no "the" before it)	|	ion. Each change came in on paper, in a treaty or a contract or a schedule written in 
LEFT	eras/age_V/appendices/E_words.md:43	the Keeper	(no "the" before it)	|	lding that it was the gift of the kin's Keeper woken in the first king's line. The rol
LEFT	eras/age_V/appendices/E_words.md:61	the Stone	(no "the" before it)	|	r than a man can walk in one day.* Abel Stone's words for the black seam, the only word
# run 2
CHANGE	eras/age_V/book/10_of_the_law_that_went_out.md:43	The Law	->	Lagh an Loscaidh Bhig	|	arts never came up to the granary to be measured. The Law had been made when every coal
CHANGE	eras/age_V/book/10_of_the_law_that_went_out.md:47	the Law	->	Lagh an Loscaidh Bhig	|	The copyists have set that day against the end of the Law, for want of any other, and t
CHANGE	eras/age_V/book/10_of_the_law_that_went_out.md:47	the Law	->	Lagh an Loscaidh Bhig	|	d the keepers at the hill hearths tell the end of the Law as they would tell of a fire 
CHANGE	eras/age_V/book/10_of_the_law_that_went_out.md:49	the Law	->	Lagh an Loscaidh Bhig	|	letter had not come. Theirs was the older half of the Law, the count of the hill: how m
CHANGE	eras/age_V/book/10_of_the_law_that_went_out.md:59	the Law	->	Lagh an Loscaidh Bhig	|	It is the only defence of the Law that has come down. The copyi
CHANGE	eras/age_V/book/10_of_the_law_that_went_out.md:61	The Law	->	Lagh an Loscaidh Bhig	|	*The Law was made for the people more 
CHANGE	eras/age_V/book/10_of_the_law_that_went_out.md:61	the Law	->	Lagh an Loscaidh Bhig	|	t it pay the counters, and write in the roll that the Law stands. Our grandmothers' gra
CHANGE	eras/age_V/book/11_of_the_eleven_of_cnoc_fhiadhaich.md:33	the Law	->	Lagh an Loscaidh Bhig	|	 and the crews had had three hungry winters since the Law lapsed and the custodians' me
CHANGE	eras/age_V/book/22_of_the_priced_silver_and_the_blessed_coin.md:23	high custodian of the Council of Custodians	->	Ceann a' Chùraim	|	but had been asked to bless: the seating of a new high custodian of the Council of Custodians, the first in ten years.
LEFT	eras/age_V/annals/age_V_02.json:EV-1554.body	the Stone	(no "the" before it)	|	Abel Stone and Hugh Mercer come up the road to Mui
LEFT	eras/age_V/annals/age_V_02.json:EV-1555.body	the Stone	(no "the" before it)	|	even days Raghnall mac Dhòmhnaill leads Stone and Mercer through the hills north and 
LEFT	eras/age_V/annals/age_V_02.json:EV-1511.body	the Stone	(no "the" before it)	|	Abel Stone brings the first contract of A' Chompan
LEFT	eras/age_V/annals/age_V_02.json:EV-1512.body	the Stone	(no "the" before it)	|	Abel Stone names Raghnall mac Dhòmhnaill, who walk
LEFT	eras/age_V/annals/age_V_02.json:EV-1558.body	the Stone	(no "the" before it)	|	 At dusk the clerk adds his figures and Stone calls out one ton, the first coal of th
LEFT	eras/age_V/annals/age_V_05.json:EV-3066.body	the beacon at Muileann bheag	(no "the" before it)	|	omplaint laid by the keepers of the new beacon at Muileann bheag. He rides three days by mule-track and 
LEFT	eras/age_V/annals/age_V_07.json:EV-4031.title	the first fire	(no "the" before it)	|	The dissenters' first fire under the oaks
LEFT	eras/age_V/annals/age_V_10.json:EV-5513.body	the coal-touched	(no "the" before it)	|	When Taigh an Àrd-mhaoir's orders every coal-touched child reported to An t-Àrd-mhaor's offi
LEFT	eras/age_V/annals/age_V_10.json:EV-5514.body	the coal-touched	(no "the" before it)	|	A' Chompanaidh whether she knows of any coal-touched child in her district, a custodian of C
LEFT	eras/age_V/annals/age_V_12.json:EV-6502.body	the coal road	(no "the" before it)	|	ies Uilleam Gobha's grenades up the cut coal road to the crews waiting at the ford of Àth
LEFT	eras/age_V/book/07_of_the_fever_and_the_sacks_of_coal.md:95	the Stone	(no "the" before it)	|	ard across the river; his name was Abel Stone. The other was younger and taller and s
LEFT	eras/age_V/book/07_of_the_fever_and_the_sacks_of_coal.md:99	the Stone	(no "the" before it)	|	 wife lent Mercer a dry shirt. But when Stone spread his hands and said "Coal?" and p
LEFT	eras/age_V/book/07_of_the_fever_and_the_sacks_of_coal.md:103	the Stone	(no "the" before it)	|	Stone had taken a coin out of his purse and l
LEFT	eras/age_V/book/07_of_the_fever_and_the_sacks_of_coal.md:117	the Stone	(no "the" before it)	|	They were eleven days on the hill. Stone and Mercer knew what they were looking 
LEFT	eras/age_V/book/07_of_the_fever_and_the_sacks_of_coal.md:117	the Stone	(no "the" before it)	|	ds that got better as the days went on. Stone wanted water: streams, gullies, the pla
LEFT	eras/age_V/book/07_of_the_fever_and_the_sacks_of_coal.md:119	the Stone	(no "the" before it)	|	It showed. In the second gully Stone went down on his knees in the wet and s
LEFT	eras/age_V/book/07_of_the_fever_and_the_sacks_of_coal.md:119	the Stone	(no "the" before it)	|	e turf like a black river under a bank. Stone broke off a piece and turned it in his 
LEFT	eras/age_V/book/07_of_the_fever_and_the_sacks_of_coal.md:125	the Stone	(no "the" before it)	|	own him a pebble, and said something to Stone, and Stone laughed, not unkindly, and s
LEFT	eras/age_V/book/07_of_the_fever_and_the_sacks_of_coal.md:125	the Stone	(no "the" before it)	|	ebble, and said something to Stone, and Stone laughed, not unkindly, and said a word 
LEFT	eras/age_V/book/07_of_the_fever_and_the_sacks_of_coal.md:127	the Stone	(no "the" before it)	|	e paces from the last. On the fifth day Stone took to walking the seam. He went along
LEFT	eras/age_V/book/07_of_the_fever_and_the_sacks_of_coal.md:129	the Stone	(no "the" before it)	|	ks down on the valley of Abhainn uaine, Stone stopped on a knoll in the evening and l
LEFT	eras/age_V/book/07_of_the_fever_and_the_sacks_of_coal.md:129	the Stone	(no "the" before it)	|	g to Mercer. Mercer wrote it down. Then Stone turned to Raghnall and said, slowly, in
LEFT	eras/age_V/book/07_of_the_fever_and_the_sacks_of_coal.md:135	the Stone	(no "the" before it)	|	ight they camped under a peat-bank, and Stone and Mercer drank from a flask and talke
LEFT	eras/age_V/book/07_of_the_fever_and_the_sacks_of_coal.md:137	the Stone	(no "the" before it)	|	ack on his own back the last miles, and Stone and Mercer each carried one, and all th
LEFT	eras/age_V/book/07_of_the_fever_and_the_sacks_of_coal.md:137	the Stone	(no "the" before it)	|	em were black to the elbow. At the mill Stone paid him the coin. Raghnall took it and
LEFT	eras/age_V/book/07_of_the_fever_and_the_sacks_of_coal.md:149	the Stone	(no "the" before it)	|	t read it either. He counted the sacks. Stone had filled thirteen.
LEFT	eras/age_V/book/07_of_the_fever_and_the_sacks_of_coal.md:175	the Stone	(no "the" before it)	|	Abel Stone brought them. He came up the road to Mu
LEFT	eras/age_V/book/07_of_the_fever_and_the_sacks_of_coal.md:181	the Stone	(no "the" before it)	|	When the reading was done Stone looked round the room and found Raghnal
LEFT	eras/age_V/book/07_of_the_fever_and_the_sacks_of_coal.md:197	the Stone	(no "the" before it)	|	below the old cutting, in a gully where Stone had broken the seam the winter before; 
LEFT	eras/age_V/book/07_of_the_fever_and_the_sacks_of_coal.md:199	the Stone	(no "the" before it)	|	Stone had the beam set up that afternoon at t
LEFT	eras/age_V/book/07_of_the_fever_and_the_sacks_of_coal.md:201	the Stone	(no "the" before it)	|	added his figures and said something to Stone, and Stone turned round to the crew and
LEFT	eras/age_V/book/07_of_the_fever_and_the_sacks_of_coal.md:201	the Stone	(no "the" before it)	|	igures and said something to Stone, and Stone turned round to the crew and held up on
LEFT	eras/age_V/book/11_of_the_eleven_of_cnoc_fhiadhaich.md:25	the Stone	(no "the" before it)	|	e agent could not see it, any more than Stone and Mercer had seen the green in the sa
LEFT	eras/age_V/book/11_of_the_eleven_of_cnoc_fhiadhaich.md:71	the dry cough	(no "the" before it)	|	It was a dry cough. It had no wet in it and no fever, whic
LEFT	eras/age_V/book/18_of_lowes_spade.md:75	the column near Cnoc ghorm	(no "the" before it)	|	iar, weathered past most reading, and a column near Cnoc ghorm that stood a little taller and a little
LEFT	eras/age_V/book/19_of_the_smoke_in_the_gallery.md:83	the Company	(no "the" before it)	|	 and steady against a hard wind, that a Company which begrudged a stone a gallery to th
LEFT	eras/age_V/book/22_of_the_priced_silver_and_the_blessed_coin.md:109	the strike at Baile thais	(no "the" before it)	|	ore than a week's grain against her own strike at Baile thais, years before she ever came east, and t
LEFT	eras/age_V/book/23_of_the_levy_and_the_ring_of_beacons.md:43	the sacred forest	(another thing of the same English name)	|	h took their pupils under the trees, to the sacred forest of Flidais near Muileann chiar, where t
LEFT	eras/age_V/book/24_of_gorta_baile_chrom.md:40	the Levy	(no "the" before it)	|	panaidh's charge, being the party whose Levy had emptied the fields, and A' Chompana
LEFT	eras/age_V/book/28_of_the_law_of_one_line.md:33	the Residency	(no "the" before it)	|	know what a marriage entered in its own Residency's register is, or say plainly that it doe
LEFT	eras/age_V/book/28_of_the_law_of_one_line.md:75	the burial club	(no "the" before it)	|	oc chaol, calling itself no more than a burial club, the kind of quiet society that put a l
LEFT	eras/age_V/book/28_of_the_law_of_one_line.md:81	the burial club	(no "the" before it)	|	ng there, to be a good deal more than a burial club, though nobody that day said so aloud a
LEFT	eras/age_V/book/28_of_the_law_of_one_line.md:81	the burial club	(no "the" before it)	|	s own members and nothing so plain as a burial club at all, though the name it gave A' Chom
LEFT	eras/age_V/book/29_of_the_night_shift.md:19	the coal road	(no "the" before it)	|	ten, and it cost the carters of the old coal road their whole trade inside two years; the
LEFT	eras/age_V/book/29_of_the_night_shift.md:35	the burial club	(no "the" before it)	|	egun four years before under cover of a burial club, at Baile thais and at Cnoc chaol both,
LEFT	eras/age_V/book/29_of_the_night_shift.md:65	the Company	(no "the" before it)	|	that same evening; a man who has kept a Company's staff two-and-thirty years learns to re
LEFT	eras/age_V/book/30_of_the_cellar_at_muileann_chaol.md:23	the three households	(no "the" before it)	|	ce by the hand that copies it fair; and three households reading, winter on winter, the whole re
LEFT	eras/age_V/book/30_of_the_cellar_at_muileann_chaol.md:123	the coal-touched	(no "the" before it)	|	s required it, in the humans' tongue as coal-touched.
LEFT	eras/age_V/book/31_of_the_line_of_aisling.md:101	the coal-touched	(no "the" before it)	|	isling, not Fionnan, not any child born coal-touched in the years that followed, though ever
LEFT	eras/age_V/book/31_of_the_line_of_aisling.md:119	the Administration	(no "the" before it)	|	n his last years, writing letters to an Administration that dismissed him for the writing of t
LEFT	eras/age_V/book/32_of_the_grey_goose_and_the_dockers.md:15	the coal road	(no "the" before it)	|	onth, at Muileann shean on the northern coal road: a low stone house with a yard for hors
LEFT	eras/age_V/book/32_of_the_grey_goose_and_the_dockers.md:15	the Residency	(no "the" before it)	|	 for. They called it the humans' second Residency, and did not mean it kindly, and the na
LEFT	eras/age_V/book/32_of_the_grey_goose_and_the_dockers.md:57	the Church	(no "the" before it)	|	own. "We keep no watch with the humans' Church," said the custodian of Baile chrom's l
LEFT	eras/age_V/book/32_of_the_grey_goose_and_the_dockers.md:61	the Spirit	(no "the" before it)	|	h Fiadhaich, the wild goose of your own Spirit, and your minister cannot find it in hi
LEFT	eras/age_V/book/35_of_the_houses_on_the_roads.md:24	the Company	(no "the" before it)	|	 three different flags of custodian and Company both, took to being paid, for certain n
LEFT	eras/age_V/book/38_of_the_leaden_hawk.md:63	the Residency	(no "the" before it)	|	hes and a few crates of cartridges to a Residency that had asked for regiments, and saile
LEFT	eras/age_V/book/40_of_the_truce_and_the_closing_of_the_crossing.md:12	the Administration	(no "the" before it)	|	arliest years, before there had been an Administration to house. He had been a soldier before 
LEFT	eras/age_V/book/40_of_the_truce_and_the_closing_of_the_crossing.md:90	the Residency	(no "the" before it)	|	etter-books left behind in the stripped Residency and whatever else had not gone west wit
LEFT	eras/age_V/gazetteer/01_west_coast_and_capital.json:282.history	the three ships	(no "the" before it)	|	 of Dia-thìr to see the strangers, when three ships lay off its cape in the first year and 
LEFT	eras/age_V/gazetteer/05_silver_and_the_north_west.json:419.history	the count of hands	(no "the" before it)	|	tnership in the sixty-seventh year by a count of hands in its hall, and in the years before th
LEFT	eras/age_V/gazetteer/07_baile_thais_and_the_middle_country.json:44.history	the burial club	(no "the" before it)	|	ag's search for an old law of rest. Its burial club became Faire nan Lòchran, which kept a 
LEFT	eras/age_V/gazetteer/10_the_posts_and_the_rending.json:212.history	the king-lists	(no "the" before it)	|	 mill of the north, whose wheel the old king-lists already call ancient, took Merriman's f
LEFT	eras/age_V/gazetteer/10_the_posts_and_the_rending.json:212.history	the coal road	(no "the" before it)	|	 with a yard for horses on the northern coal road. The townsfolk called it the humans' se
LEFT	eras/age_V/gazetteer/10_the_posts_and_the_rending.json:212.history	the Residency	(no "the" before it)	|	 townsfolk called it the humans' second Residency, and did not mean it kindly. In the fir
LEFT	eras/age_V/appendices/A_rulers.md:66	the count of hands	(no "the" before it)	|	' Chompanaidh, and chose its heads by a count of hands in its hall. **Ùna nic Choinnich** stoo
LEFT	eras/age_V/appendices/B_faiths.md:31	the sacred forest	(another thing of the same English name)	|	their own houses and under the trees of the sacred forest of Flidais near Muileann chiar, and hel
LEFT	eras/age_V/appendices/C_hosts_wars.md:20	the dry cough	(no "the" before it)	|	**The coughing sickness** was a dry cough among the boys who broke coal at the pi
LEFT	eras/age_V/appendices/C_hosts_wars.md:54	the coal road	(no "the" before it)	|	 were at Muileann shean on the northern coal road and Tobar ghorm near the northern worki
LEFT	eras/age_V/appendices/D_reckoning.md:3	the treaty	(no "the" before it)	|	ion. Each change came in on paper, in a treaty or a contract or a schedule written in 
LEFT	eras/age_V/appendices/E_words.md:43	the Keeper	(no "the" before it)	|	lding that it was the gift of the kin's Keeper woken in the first king's line. The rol
LEFT	eras/age_V/appendices/E_words.md:61	the Stone	(no "the" before it)	|	r than a man can walk in one day.* Abel Stone's words for the black seam, the only word
# hand fixes 2026-09-26 00:47
MANUAL	annals/age_V_08.json	Riaghaltas nan Coigreach's posts a watchman	->	Riaghaltas nan Coigreach posts a watchman	(1)
MANUAL	annals/age_V_10.json	A' Chompanaidh's posts a new toll	->	A' Chompanaidh posts a new toll	(1)
MANUAL	annals/age_V_10.json	A' Chompanaidh's fences the closed district	->	A' Chompanaidh fences the closed district	(1)
MANUAL	annals/age_V_10.json	When Taigh an Àrd-mhaoir's orders every coal-touched child reported	->	When Taigh an Àrd-mhaoir orders every child with fuil-ghuail reported	(1)
MANUAL	annals/age_V_10.json	any coal-touched child in her district	->	any child with fuil-ghuail in her district	(1)
MANUAL	annals/age_V_05.json	the keepers of the new beacon at Muileann bheag	->	the keepers of the new Taigh-solais Muileann bheag	(1)
MANUAL	annals/age_V_06.json	Lowe sets the pillar beside Wren's obelisk	->	Lowe sets Colbh Cnoc chiar beside Wren's copy of Carragh Cnoc bheag	(1)
MANUAL	annals/age_V_06.json	his rubbing of the Cnoc chiar pillar beside	->	his rubbing of Colbh Cnoc chiar beside	(1)
MANUAL	annals/age_V_12.json	up the cut coal road to the crews	->	up Rathad na Mèinne, past the cut, to the crews	(1)
MANUAL	book/05_of_the_five_headlands.md	The Coimheadaichean na Lasrach had ruled	->	Coimheadaichean na Lasrach had ruled	(1)
MANUAL	book/21_of_the_eleven_days_of_baile_thais.md	the Lagh an Loscaidh Bhig spoke	->	Lagh an Loscaidh Bhig spoke	(1)
MANUAL	book/25_of_the_petition_on_the_bench.md	An t-Àrd-mhaor Tolley	->	Àrd-mhaor Tolley	(1)
MANUAL	book/25_of_the_petition_on_the_bench.md	the new An t-Àrd-mhaor	->	the new Àrd-mhaor	(1)
MANUAL	book/25_of_the_petition_on_the_bench.md	the council of custodians would be asked	->	Comhairle a' Chùraim would be asked	(1)
MANUAL	book/26_of_fearchar_bards_songs.md	in his neat A' Chompanaidh's hand	->	in the neat hand A' Chompanaidh had taught him	(1)
MANUAL	book/26_of_fearchar_bards_songs.md	with the old Ceann a' Chùraim's chair	->	with the chair of the old Ceann a' Chùraim	(1)
MANUAL	book/34_of_the_warning_and_the_constables.md	where the old A' Chompanaidh's store had stood	->	where A' Chompanaidh's old store had stood	(1)
MANUAL	book/16_of_the_question_at_dun_thais.md	in the last summer before the mist lifted	->	in the last summer before Ceò Mhanannain lifted	(1)
MANUAL	book/39_of_the_burning_of_the_ledgers.md	since the mist first thinned	->	since Ceò Mhanannain first thinned	(1)
MANUAL	book/25_of_the_petition_on_the_bench.md	to the country across the mist	->	to the country across Ceò Mhanannain	(1)
MANUAL	book/18_of_lowes_spade.md	rubbing the pillar's face	->	rubbing the face of Colbh Cnoc chiar	(1)
MANUAL	book/18_of_lowes_spade.md	the only rubbing he had of the obelisk	->	the only rubbing he had of Carragh Cnoc bheag	(1)
MANUAL	book/18_of_lowes_spade.md	he copied the column in four days	->	he copied Calbh Cnoc ghorm in four days	(1)
MANUAL	book/19_of_the_smoke_in_the_gallery.md	that a Company which begrudged a stone a gallery to the shrine at Cill dhìreach had	->	that A' Chompanaidh, which begrudged a stone a gallery to the shrine at Cill dhìreach, had	(1)
MANUAL	book/22_of_the_priced_silver_and_the_blessed_coin.md	her own strike at Baile thais	->	her own Stad-oibre Baile thais	(1)
MANUAL	book/24_of_gorta_baile_chrom.md	being the party whose Levy had emptied the fields	->	being the party whose ordinance, An Togail, had emptied the fields	(1)
MANUAL	book/28_of_the_law_of_one_line.md	its own Residency's register	->	the register of its own Taigh an Àrd-mhaoir	(1)
MANUAL	book/29_of_the_night_shift.md	a man who has kept a Company's staff	->	a man who has kept a staff of A' Chompanaidh	(1)
MANUAL	book/28_of_the_law_of_one_line.md	owing A' Chompanaidh's money	->	owing A' Chompanaidh money	(1)
MANUAL	book/29_of_the_night_shift.md	cost A' Chompanaidh's money	->	cost A' Chompanaidh money	(1)
MANUAL	book/31_of_the_line_of_aisling.md	any child born coal-touched	->	any child born with fuil-ghuail	(1)
MANUAL	book/31_of_the_line_of_aisling.md	writing letters to an Administration that dismissed him	->	writing letters to Riaghaltas nan Coigreach, which dismissed him	(1)
MANUAL	book/32_of_the_grey_goose_and_the_dockers.md	the humans' second Residency	->	the humans' second Taigh an Àrd-mhaoir	(1)
MANUAL	book/32_of_the_grey_goose_and_the_dockers.md	"We keep no watch with the humans' Church,"	->	"We keep no watch with An Eaglais,"	(1)
MANUAL	book/32_of_the_grey_goose_and_the_dockers.md	an Gèadh Fiadhaich, the wild goose of your own Spirit,	->	an Gèadh Fiadhaich, the bird of an Spiorad Naomh, your own,	(1)
MANUAL	book/35_of_the_houses_on_the_roads.md	custodian and Company both	->	custodian and A' Chompanaidh both	(1)
MANUAL	book/38_of_the_leaden_hawk.md	to a Residency that had asked for regiments	->	to Taigh an Àrd-mhaoir, which had asked for regiments	(1)
MANUAL	book/40_of_the_truce_and_the_closing_of_the_crossing.md	before there had been an Administration to house	->	before Riaghaltas nan Coigreach had come into being to be housed there	(1)
MANUAL	book/40_of_the_truce_and_the_closing_of_the_crossing.md	the stripped Residency	->	stripped Taigh an Àrd-mhaoir	(1)
MANUAL	book/23_of_the_levy_and_the_ring_of_beacons.md	Feallsanachd an Fhèidh's hall	->	the hall of Feallsanachd an Fhèidh	(2)
MANUAL	gazetteer/03_east_and_north.json	the first A' Chompanaidh's surveyors	->	A' Chompanaidh's first surveyors	(1)
MANUAL	gazetteer/04_the_coal_hill.json	the first A' Chompanaidh's camp	->	A' Chompanaidh's first camp	(1)
MANUAL	gazetteer/01_west_coast_and_capital.json	when three ships lay off its cape	->	when Na Trì Longan lay off its cape	(1)
MANUAL	gazetteer/10_the_posts_and_the_rending.json	whose wheel the old king-lists already call ancient	->	whose wheel Clàr nan Rìghrean already calls ancient	(1)
MANUAL	gazetteer/10_the_posts_and_the_rending.json	the humans' second Residency	->	the humans' second Taigh an Àrd-mhaoir	(1)
MANUAL	appendices/E_words.md	in the Company's favour	->	in A' Chompanaidh's favour	(1)
MANUAL	appendices/E_words.md	which came with the Company's contracts and the Mission's prayers	->	which came with A' Chompanaidh's contracts and the prayers of Teachdaireachd na h-Eaglaise	(1)
MANUAL	appendices/E_words.md	the Company's flying machine	->	A' Chompanaidh's flying machine	(1)
MANUAL	appendices/E_words.md	the council's letters to the Hawk coast	->	the council's letters to Oirthir an t-Seabhaig	(1)
MANUAL	appendices/A_rulers.md	under an Àrd-mhaor, An t-Àrd-mhaor, sent from	->	under An t-Àrd-mhaor, sent from	(1)
HEADING	book/02_of_forty_words_for_the_colours_of_coal.md	## I. Of the Land Beyond	->	## I. Of an Tìr Thall	(anchor i-of-the-land-beyond -> i-of-an-tir-thall)
HEADING	book/06_of_the_treaty_in_one_tongue.md	# Of the Treaty in One Tongue	->	# Of Cùmhnant Cathair dhearg	(anchor of-the-treaty-in-one-tongue -> of-cumhnant-cathair-dhearg)
HEADING	book/10_of_the_law_that_went_out.md	# Of the Law That Went Out	->	# Of the Going Out of Lagh an Loscaidh Bhig	(anchor of-the-law-that-went-out -> of-the-going-out-of-lagh-an-loscaidh-bhig)
HEADING	book/10_of_the_law_that_went_out.md	## V. Of the Hungry Hawk	->	## V. Of An Seabhag Acrach	(anchor v-of-the-hungry-hawk -> v-of-an-seabhag-acrach)
HEADING	book/18_of_lowes_spade.md	## V. Of the Silver Guild's Answer	->	## V. Of the Answer of Comann an Airgid	(anchor v-of-the-silver-guild-s-answer -> v-of-the-answer-of-comann-an-airgid)
HEADING	book/20_of_the_green_death.md	# Of the Green Death	->	# Of A' Phlàigh Uaine	(anchor of-the-green-death -> of-a-phlaigh-uaine)
HEADING	book/21_of_the_eleven_days_of_baile_thais.md	# Of the Eleven Days of Baile thais	->	# Of Stad-oibre Baile thais	(anchor of-the-eleven-days-of-baile-thais -> of-stad-oibre-baile-thais)
HEADING	book/23_of_the_levy_and_the_ring_of_beacons.md	# Of the Levy and the Ring of Beacons	->	# Of An Togail and Fàinne nan Teintean-rabhaidh	(anchor of-the-levy-and-the-ring-of-beacons -> of-an-togail-and-fainne-nan-teintean-rabhaidh)
HEADING	book/27_of_the_long_drought.md	# Of the Long Drought	->	# Of Tiormachd Achadh shean	(anchor of-the-long-drought -> of-tiormachd-achadh-shean)
HEADING	book/28_of_the_law_of_one_line.md	# Of the Law of One Line	->	# Of Lagh na h-Aon Loidhne	(anchor of-the-law-of-one-line -> of-lagh-na-h-aon-loidhne)
HEADING	book/28_of_the_law_of_one_line.md	## VI. Of the Lamp-Watch and Griogair mac Ailein	->	## VI. Of Faire nan Lòchran and Griogair mac Ailein	(anchor vi-of-the-lamp-watch-and-griogair-mac-ailein -> vi-of-faire-nan-lochran-and-griogair-mac-ailein)
HEADING	book/31_of_the_line_of_aisling.md	# Of the Line of Aisling	->	# Of Sloinneadh Aisling	(anchor of-the-line-of-aisling -> of-sloinneadh-aisling)
HEADING	book/32_of_the_grey_goose_and_the_dockers.md	## I. Of the New Commissioner	->	## I. Of the New Àrd-mhaor	(anchor i-of-the-new-commissioner -> i-of-the-new-ard-mhaor)
HEADING	book/32_of_the_grey_goose_and_the_dockers.md	## III. Of What the Mission and the Priests Said of It	->	## III. Of What Teachdaireachd na h-Eaglaise and the Priests Said of It	(anchor iii-of-what-the-mission-and-the-priests-said-of-it -> iii-of-what-teachdaireachd-na-h-eaglaise-and-the-priests-said-of-it)
HEADING	book/33_of_the_rending_of_cill_ghlas.md	# Of the Rending of Cill ghlas	->	# Of Scàineadh Cill ghlas	(anchor of-the-rending-of-cill-ghlas -> of-scaineadh-cill-ghlas)
HEADING	book/34_of_the_warning_and_the_constables.md	## II. Of the Second Petition	->	## II. Of An Dàrna Athchuinge	(anchor ii-of-the-second-petition -> ii-of-an-darna-athchuinge)
HEADING	book/34_of_the_warning_and_the_constables.md	## IV. Of the Hawk and the Sermon	->	## IV. Of Òrd an t-Seabhaig and the Sermon	(anchor iv-of-the-hawk-and-the-sermon -> iv-of-ord-an-t-seabhaig-and-the-sermon)
HEADING	book/36_of_the_breaking_of_the_staff.md	## II. Of the Edict of Seizure	->	## II. Of Àithne a' Ghlacaidh	(anchor ii-of-the-edict-of-seizure -> ii-of-aithne-a-ghlacaidh)
HEADING	book/37_of_the_rising_in_the_hills.md	## V. Of the Ford of Àth chiar	->	## V. Of Blàr Àth chiar	(anchor v-of-the-ford-of-ath-chiar -> v-of-blar-ath-chiar)
HEADING	book/38_of_the_leaden_hawk.md	# Of the Leaden Hawk	->	# Of Buidheann an t-Seabhaig Luaidhe	(anchor of-the-leaden-hawk -> of-buidheann-an-t-seabhaig-luaidhe)
HEADING	book/38_of_the_leaden_hawk.md	## IV. Of the Hawk Coast and the Roads Off It	->	## IV. Of Oirthir an t-Seabhaig and the Roads Off It	(anchor iv-of-the-hawk-coast-and-the-roads-off-it -> iv-of-oirthir-an-t-seabhaig-and-the-roads-off-it)
HEADING	book/38_of_the_leaden_hawk.md	## VI. Of Inis thais and the Roads of the Fianna	->	## VI. Of Inis thais and the Roads of an Fhianna	(anchor vi-of-inis-thais-and-the-roads-of-the-fianna -> vi-of-inis-thais-and-the-roads-of-an-fhianna)
HEADING	book/39_of_the_burning_of_the_ledgers.md	## VII. Of the Residency Stripped	->	## VII. Of Taigh an Àrd-mhaoir Stripped	(anchor vii-of-the-residency-stripped -> vii-of-taigh-an-ard-mhaoir-stripped)
HEADING	book/40_of_the_truce_and_the_closing_of_the_crossing.md	# Of the Truce and the Closing of the Crossing	->	# Of the Truce and the Closing of An t-Aiseag	(anchor of-the-truce-and-the-closing-of-the-crossing -> of-the-truce-and-the-closing-of-an-t-aiseag)
HEADING	appendices/A_rulers.md	# The Council, the Commissioners and the Overseers	->	# The Council, Na h-Àrd-mhaoir and the Overseers	(anchor the-council-the-commissioners-and-the-overseers -> the-council-na-h-ard-mhaoir-and-the-overseers)
HEADING	appendices/A_rulers.md	## The forest council	->	## Comhairle na Coille	(anchor the-forest-council -> comhairle-na-coille)
HEADING	appendices/A_rulers.md	## The Commissioners	->	## Na h-Àrd-mhaoir	(anchor the-commissioners -> na-h-ard-mhaoir)
HEADING	appendices/A_rulers.md	## The silver guild	->	## Comann an Airgid	(anchor the-silver-guild -> comann-an-airgid)
HEADING	appendices/A_rulers.md	## The Company	->	## A' Chompanaidh	(anchor the-company -> a-chompanaidh)
HEADING	appendices/B_faiths.md	## The druid schools	->	## Scoiltean nan Draoidhean	(anchor the-druid-schools -> scoiltean-nan-draoidhean)
HEADING	appendices/B_faiths.md	## The Church and the Mission	->	## An Eaglais and Teachdaireachd na h-Eaglaise	(anchor the-church-and-the-mission -> an-eaglais-and-teachdaireachd-na-h-eaglaise)
HEADING	appendices/C_hosts_wars.md	# Strikes, Sicknesses and the War of the Hills	->	# Strikes, Sicknesses and Cogadh nam Beann	(anchor strikes-sicknesses-and-the-war-of-the-hills -> strikes-sicknesses-and-cogadh-nam-beann)
HEADING	appendices/E_words.md	# Words of the Age of Strangers	->	# Words of An Aois Choigreach	(anchor words-of-the-age-of-strangers -> words-of-an-aois-choigreach)
# hand fixes 2026-09-26 00:48
MANUAL	book/19_of_the_smoke_in_the_gallery.md	They called her *nighean an rìgh*, the king's daughter, half in jest	->	They called her *nighean an rìgh*, half in jest	(1)
MANUAL	book/22_of_the_priced_silver_and_the_blessed_coin.md	They called her *nighean an rìgh*, the king's daughter, meaning	->	They called her *nighean an rìgh*, meaning	(1)
MANUAL	appendices/B_faiths.md	called her *nighean an rìgh*, the king's daughter, meaning	->	called her *nighean an rìgh*, meaning	(1)
MANUAL	annals/age_V_07.json	The washing-women name the king's daughter	->	The washing-women name nighean an rìgh	(1)
MANUAL	book/30_of_the_cellar_at_muileann_chaol.md	and three households reading, winter on winter	->	and Na Trì Teaghlaichean reading, winter on winter	(1)
MANUAL	gazetteer/07_baile_thais_and_the_middle_country.json	Its burial club became Faire nan Lòchran	->	Its Comann an Adhlacaidh became Faire nan Lòchran	(1)
MANUAL	book/40_of_the_truce_and_the_closing_of_the_crossing.md	that the war was ended and the crossing shut	->	that the war was ended and An t-Aiseag shut	(1)
MANUAL	appendices/C_hosts_wars.md	The war ends, and the crossing is shut.	->	The war ends, and An t-Aiseag is shut.	(1)
HEADING	appendices/B_faiths.md	## The keeper and the king's daughter	->	## The keeper and nighean an rìgh	(anchor the-keeper-and-the-king-s-daughter -> the-keeper-and-nighean-an-righ)
HEADING	appendices/B_faiths.md	## The Stone, Manannan and the old rites	->	## Òrd na Cloiche, Manannan and the old rites	(anchor the-stone-manannan-and-the-old-rites -> ord-na-cloiche-manannan-and-the-old-rites)
MANUAL	appendices/E_words.md	the gift of the kin's Keeper woken	->	the gift of Coimhdeach na Fine woken	(1)
