# run 2026-09-26 01:32: 1800 changes, 240 left
CHANGE	eras/age_III/annals/age_III_01.json:EIII-1016.body	the Mason's line	->	Clann a' Chlachair	|	und on the slope facing the vein; the reciters of the Mason's line, following Seathan Crom of Cl
CHANGE	eras/age_III/annals/age_III_01.json:EIII-1018.body	The knot-keepers	->	Luchd nan Snaidhm	|	The knot-keepers of Dùn ìseal show a long low 
CHANGE	eras/age_III/annals/age_III_01.json:EIII-1018.body	the Mason's line	->	Clann a' Chlachair	|	g the vein as Ailean Mòr's grave; the reciters of the Mason's line tell of another, and of the l
CHANGE	eras/age_III/annals/age_III_01.json:EIII-1019.body	the Mason's line	->	Clann a' Chlachair	|	re of their hut in a covered pot. The reciters of the Mason's line hold that it came down from t
CHANGE	eras/age_III/annals/age_III_01.json:EIII-1019.body	the mason's fire	->	Teine a' Chlachair	|	s of the Mason's line hold that it came down from the mason's fire; the keepers say only that it
CHANGE	eras/age_III/annals/age_III_01.json:EIII-1022.title	the First Flame	->	A' Chiad Lasair	|	Gille-Brìde carries a coal of the First Flame home
CHANGE	eras/age_III/annals/age_III_01.json:EIII-1022.body	the Binding	->	An Ceangal	|	omhairle comes down from the high valleys, swears the Binding last of the king's blood, and
CHANGE	eras/age_III/annals/age_III_01.json:EIII-1023.body	the Binding	->	An Ceangal	|	After the Binding the First Flame is kept in th
CHANGE	eras/age_III/annals/age_III_01.json:EIII-1023.body	the First Flame	->	A' Chiad Lasair	|	After the Binding the First Flame is kept in the keepers' hut o
CHANGE	eras/age_III/annals/age_III_01.json:EIII-1023.body	the coloured coal	->	an gual dathach	|	athering-house at Dùn ìseal, fed with a little of the coloured coal each night.
CHANGE	eras/age_III/annals/age_III_01.json:EIII-1025.body	the Binding	->	An Ceangal	|	On the night after the Binding, while the heirs drink in the
CHANGE	eras/age_III/annals/age_III_01.json:EIII-1033.body	the cord of the heirs	->	Sreang nan Oighrean	|	On the eleventh evening the cord of the heirs, Sreang nan Oighrean, is laid
CHANGE	eras/age_III/annals/age_III_01.json:EIII-1033.body	(appositive)	->	Sreang nan Oighrean	|	dropped the English gloss beside Sreang nan Oighrean
CHANGE	eras/age_III/annals/age_III_01.json:EIII-1034.body	the parting of the kingdom	->	Roinn na Rìoghachd	|	s' quarrel sorts itself into four rival rules for the parting of the kingdom: the eldest to hold and feed 
CHANGE	eras/age_III/annals/age_III_01.json:EIII-1042.title	the Red Share	->	an Earrann Dhearg	|	Four lines protest the Red Share
CHANGE	eras/age_III/annals/age_III_01.json:EIII-1045.body	the salt shore	->	Tràigh an t-Salainn	|	Ailein of the western shore, Artair mac Ailein of the salt shore and Cormac mac Ailein of the 
CHANGE	eras/age_III/annals/age_III_01.json:EIII-1045.body	the nine great shares	->	na h-Earrannan Mòra	|	 and Cormac mac Ailein of the east, agree to hold the nine great shares, with the portion of the dead
CHANGE	eras/age_III/annals/age_III_01.json:EIII-1045.body	the portion of the dead	->	Cuid nam Marbh	|	e east, agree to hold the nine great shares, with the portion of the dead set out of all nine and the R
CHANGE	eras/age_III/annals/age_III_01.json:EIII-1045.body	the Red Share	->	an Earrann Dhearg	|	h the portion of the dead set out of all nine and the Red Share of Ìomhar Dearg let stand.
CHANGE	eras/age_III/annals/age_III_01.json:EIII-1046.body	the cord of the heirs	->	Sreang nan Oighrean	|	The nine lines agree that the cord of the heirs shall be laid on the gatherin
CHANGE	eras/age_III/annals/age_III_01.json:EIII-1046.body	the night of the handful	->	Oidhche an Dòrlaich	|	ng-house floor again and cut into nine lengths at the night of the handful, with the clause against the 
CHANGE	eras/age_III/annals/age_III_01.json:EIII-1046.body	the Hall's	->	Talla na Lasrach's	|	 clause against the name of rìgh and the peace of the Hall's ground sworn once before the 
CHANGE	eras/age_III/annals/age_III_01.json:EIII-1047.title	The cord of the heirs	->	Sreang nan Oighrean	|	The cord of the heirs laid twice round the gatherin
CHANGE	eras/age_III/annals/age_III_01.json:EIII-1047.body	the cord of the heirs	->	Sreang nan Oighrean	|	On Oidhche an Dòrlaich the keepers bring the cord of the heirs down from its chest and lay i
CHANGE	eras/age_III/annals/age_III_01.json:EIII-1048.body	the great share of the north	->	Earrann Mhurchaidh	|	 exactly where he had long meant to, and takes up the great share of the north, from Baile Mòr mhòr to the h
CHANGE	eras/age_III/annals/age_III_01.json:EIII-1050.body	the salt shore	->	Tràigh an t-Salainn	|	Ciorstaidh of the salt shore, whose knot is cut through by
CHANGE	eras/age_III/annals/age_III_01.json:EIII-1052.title	The western share	->	Earrann Ros dhomhain	|	The western share sworn to Fionnghal nic Ailein
CHANGE	eras/age_III/annals/age_III_01.json:EIII-1052.body	the western share	->	Earrann Ros dhomhain	|	ilein cuts her length of the cord clean and takes the western share, with its seat on the harbour
CHANGE	eras/age_III/annals/age_III_01.json:EIII-1053.title	The salt shore	->	Tràigh an t-Salainn	|	The salt shore sworn to Artair mac Ailein
CHANGE	eras/age_III/annals/age_III_01.json:EIII-1053.body	the share of the salt shore	->	Earrann Baile ghorm	|	o had argued least of the nine that summer, takes the share of the salt shore, seated at the western Baile 
CHANGE	eras/age_III/annals/age_III_01.json:EIII-1054.title	The eastern share	->	Earrann Caol shean	|	The eastern share sworn to Cormac mac Ailein
CHANGE	eras/age_III/annals/age_III_01.json:EIII-1054.body	the eastern share	->	Earrann Caol shean	|	Cormac mac Ailein takes the eastern share, seated at Caol shean, in whi
CHANGE	eras/age_III/annals/age_III_01.json:EIII-1055.body	the Hawk bay	->	Bàgh an t-Seabhaig	|	hearg, and Tadhg mac Ailein the Abhainn ìseal and the Hawk bay at Cnoc bheag.
CHANGE	eras/age_III/annals/age_III_01.json:EIII-1056.title	The cord of the heirs	->	Sreang nan Oighrean	|	The cord of the heirs lies in nine pieces
CHANGE	eras/age_III/annals/age_III_01.json:EIII-1057.title	The Red Hill	->	An Cnoc Ruadh	|	The Red Hill declares itself sworn to nobo
CHANGE	eras/age_III/annals/age_III_01.json:EIII-1057.body	the Red Hill	->	An Cnoc Ruadh	|	The holder of the Red Hill, whose line had sworn to Aile
CHANGE	eras/age_III/annals/age_III_01.json:EIII-1057.body	the night of the handful	->	Oidhche an Dòrlaich	|	Mòr alone and to no lord of a share, stands up on the night of the handful and says his oath died with t
CHANGE	eras/age_III/annals/age_III_01.json:EIII-1057.body	the Red Hill	->	An Cnoc Ruadh	|	ul and says his oath died with the king, and that the Red Hill is that night sworn to nobody
CHANGE	eras/age_III/annals/age_III_01.json:EIII-1058.title	the Red Hill	->	An Cnoc Ruadh	|	Three great shares claim the Red Hill
CHANGE	eras/age_III/annals/age_III_01.json:EIII-1058.body	Red Hill	->	An Cnoc Ruadh	|	ne cross the floor at once to claim the ownerless Red Hill. None yields, and none of the
CHANGE	eras/age_III/annals/age_III_01.json:EIII-1059.title	The Hall's	->	Talla na Lasrach's	|	The Hall's ground confirmed in no share
CHANGE	eras/age_III/annals/age_III_01.json:EIII-1059.body	the night of the handful	->	Oidhche an Dòrlaich	|	Aodh Crom reminds the nine, on the night of the handful, that the hill of the slab an
CHANGE	eras/age_III/annals/age_III_01.json:EIII-1059.body	the Binding	->	An Ceangal	|	lked by the keepers, lie in no share, as sworn at the Binding, and are not to be argued afr
CHANGE	eras/age_III/annals/age_III_01.json:EIII-1061.title	The boundary stones	->	Clachan-crìche	|	The boundary stones cut and set along the Roinn
CHANGE	eras/age_III/annals/age_III_01.json:EIII-1061.title	the Roinn	->	Roinn na Rìoghachd	|	The boundary stones cut and set along the Roinn
CHANGE	eras/age_III/annals/age_III_01.json:EIII-1062.body	the Red Share	->	an Earrann Dhearg	|	No steward of the north or of the Red Share will yield Dùn thais to the o
CHANGE	eras/age_III/annals/age_III_01.json:EIII-1062.body	the Red Share	->	an Earrann Dhearg	|	d another on the south bank, cut with the sign of the Red Share, and leave the hill itself be
CHANGE	eras/age_III/annals/age_III_01.json:EIII-1063.body	the Red Share	->	an Earrann Dhearg	|	 on the northern slope above Dùn thais belongs to the Red Share, stone or no stone, and that 
CHANGE	eras/age_III/annals/age_III_02.json:EIII-2004.body	the nine great shares	->	na h-Earrannan Mòra	|	Under each of the nine great shares the households sworn to it ar
CHANGE	eras/age_III/annals/age_III_02.json:EIII-2007.body	the Roinn	->	Roinn na Rìoghachd	|	 pond, and the miller, who built the wheel before the Roinn was thought of, takes to payi
CHANGE	eras/age_III/annals/age_III_02.json:EIII-2009.title	The knot-keepers	->	Luchd nan Snaidhm	|	The knot-keepers count forty-four countries
CHANGE	eras/age_III/annals/age_III_02.json:EIII-2009.body	the knot-keepers	->	Luchd nan Snaidhm	|	he boundaries themselves with cords of their own, the knot-keepers of Dùn ìseal come to a count 
CHANGE	eras/age_III/annals/age_III_02.json:EIII-2009.body	the nine great shares	->	na h-Earrannan Mòra	|	eal come to a count of forty-four countries under the nine great shares, a count that holds for a sea
CHANGE	eras/age_III/annals/age_III_02.json:EIII-2010.body	The knot-keepers	->	Luchd nan Snaidhm	|	The knot-keepers count a hundred and thirty-on
CHANGE	eras/age_III/annals/age_III_02.json:EIII-2010.body	the eastern share	->	Earrann Caol shean	|	ar, though even as it is counted two provinces of the eastern share split into three over a fishi
CHANGE	eras/age_III/annals/age_III_02.json:EIII-2011.title	The knot-keepers	->	Luchd nan Snaidhm	|	The knot-keepers give up the count at the coun
CHANGE	eras/age_III/annals/age_III_02.json:EIII-2012.title	the Hall's	->	Talla na Lasrach's	|	A boundary quarrel brought to the Hall's ground
CHANGE	eras/age_III/annals/age_III_02.json:EIII-2012.body	the Red Share	->	an Earrann Dhearg	|	Stewards of the Red Share and the great share of the no
CHANGE	eras/age_III/annals/age_III_02.json:EIII-2012.body	the great share of the north	->	Earrann Mhurchaidh	|	Stewards of the Red Share and the great share of the north, come to lay a raid and a cat
CHANGE	eras/age_III/annals/age_III_02.json:EIII-2016.body	the Hall	->	Talla na Lasrach	|	om the cairns above Cnoc ghlas, the sign by which the Hall judges when a gallery may saf
CHANGE	eras/age_III/annals/age_III_02.json:EIII-2018.body	the nine hearths	->	Na Naoi Teallaichean	|	, a boy of the northern district, is the first of the nine hearths sent up to sit a season with 
CHANGE	eras/age_III/annals/age_III_02.json:EIII-2020.body	the Hall's	->	Talla na Lasrach's	|	Niall Òg climbs to the Hall's ground alone and offers Beath
CHANGE	eras/age_III/annals/age_III_02.json:EIII-2024.title	The nine hearths	->	Na Naoi Teallaichean	|	The nine hearths raise the hall's walls
CHANGE	eras/age_III/annals/age_III_02.json:EIII-2025.body	the Hall's	->	Talla na Lasrach's	|	At Samhain on the Hall's ground, Ruairidh Glas, who ki
CHANGE	eras/age_III/annals/age_III_02.json:EIII-2028.body	the eastern share	->	Earrann Caol shean	|	Asked by a walker of the eastern share what the households call the 
CHANGE	eras/age_III/annals/age_III_02.json:EIII-2028.body	the Hall	->	Talla na Lasrach	|	and the silence kept on the ridge, old Beitris of the Hall answers for them: Seann Spior
CHANGE	eras/age_III/annals/age_III_02.json:EIII-2031.body	the Hall	->	Talla na Lasrach	|	ried flint enough. His mother carries him down to the Hall herself rather than risk the 
CHANGE	eras/age_III/annals/age_III_02.json:EIII-2032.title	The Hall's	->	Talla na Lasrach's	|	The Hall's hearth opened to the Doire ua
CHANGE	eras/age_III/annals/age_III_02.json:EIII-2032.body	the Keeper's	->	Coimhdeach na Fine's	|	 may bring a sick child or a frost-bitten hand to the Keeper's own hearth at Dùn ìseal, the 
CHANGE	eras/age_III/annals/age_III_02.json:EIII-2033.title	the temple ruin	->	Làrach an Teampaill	|	Beathag Bhàn walks alone to the temple ruin
CHANGE	eras/age_III/annals/age_III_02.json:EIII-2034.body	the temple ruin	->	Làrach an Teampaill	|	After argument over whether the temple ruin should be cleared and watched
CHANGE	eras/age_III/annals/age_III_02.json:EIII-2036.body	The nine hearths	->	Na Naoi Teallaichean	|	The nine hearths gather within the week and na
CHANGE	eras/age_III/annals/age_III_02.json:EIII-2036.body	the Hall	->	Talla na Lasrach	|	to Aodh Crom's own, and he carries the flame into the Hall that same evening.
CHANGE	eras/age_III/annals/age_III_02.json:EIII-2037.body	the nine hearths	->	Na Naoi Teallaichean	|	Muireach Liath asks the nine hearths for a common measure, a lidde
CHANGE	eras/age_III/annals/age_III_02.json:EIII-2040.body	the warm springs	->	Fuarain Theth Muileann ruadh	|	In his fourth year Muireach Liath goes up to the warm springs himself rather than let the h
CHANGE	eras/age_III/annals/age_III_02.json:EIII-2041.body	the Hall's	->	Talla na Lasrach's	|	am running off the vein's own mountain belongs to the Hall's reckoning. His answer, given 
CHANGE	eras/age_III/annals/age_III_02.json:EIII-2042.body	the First Flame	->	A' Chiad Lasair	|	-Brìde of Somhairle's line, who carried a coal of the First Flame home from the Binding and ask
CHANGE	eras/age_III/annals/age_III_02.json:EIII-2042.body	the Binding	->	An Ceangal	|	, who carried a coal of the First Flame home from the Binding and asked for nothing since, 
CHANGE	eras/age_III/annals/age_III_02.json:EIII-2043.body	the First Flame	->	A' Chiad Lasair	|	rìde takes up his father's hearth and the coal of the First Flame kept on it, changing nothing 
CHANGE	eras/age_III/annals/age_III_02.json:EIII-2046.body	the great share of the north	->	Earrann Mhurchaidh	|	òr's eleven sons, none by the same mother, divide the great share of the north among themselves with a knife
CHANGE	eras/age_III/annals/age_III_02.json:EIII-2050.title	the Red Share's	->	an Earrann Dhearg's	|	Eachann Ruadh raids the Red Share's cattle
CHANGE	eras/age_III/annals/age_III_02.json:EIII-2050.body	the boundary stones	->	Clachan-crìche	|	Eachann Ruadh rides a dozen men across the boundary stones into the Red Share's northern
CHANGE	eras/age_III/annals/age_III_02.json:EIII-2050.body	the Red Share's	->	an Earrann Dhearg's	|	rides a dozen men across the boundary stones into the Red Share's northern grazing and drives o
CHANGE	eras/age_III/annals/age_III_02.json:EIII-2051.title	the Hall's	->	Talla na Lasrach's	|	Muireach refuses the Hall's ground to the cattle
CHANGE	eras/age_III/annals/age_III_02.json:EIII-2051.body	the Red Share's	->	an Earrann Dhearg's	|	Asked to shelter the Red Share's recovered cattle on the Hall'
CHANGE	eras/age_III/annals/age_III_02.json:EIII-2051.body	the Hall's	->	Talla na Lasrach's	|	ed to shelter the Red Share's recovered cattle on the Hall's own ground, Muireach Liath re
CHANGE	eras/age_III/annals/age_III_02.json:EIII-2053.body	the Hall	->	Talla na Lasrach	|	 the vein's fires, builds his own fire apart from the Hall on the spur where the stone w
CHANGE	eras/age_III/annals/age_III_02.json:EIII-2053.body	the Hall	->	Talla na Lasrach	|	 metal in Fearchar's hand that answers to no fire the Hall has ever kept.
CHANGE	eras/age_III/annals/age_III_02.json:EIII-2055.body	the Hall	->	Talla na Lasrach	|	 the break as a coal always shows, and rules that the Hall has no claim on a thing that 
CHANGE	eras/age_III/annals/age_III_02.json:EIII-2057.title	the eastern share	->	Earrann Caol shean	|	Two cousins of the eastern share claim the silver ground
CHANGE	eras/age_III/annals/age_III_02.json:EIII-2060.body	the First Flame	->	A' Chiad Lasair	|	Ceallach, who has kept the coal of the First Flame in the high valleys since his
CHANGE	eras/age_III/annals/age_III_02.json:EIII-2060.body	the long years	->	na Bliadhnachan Fada	|	d and forty, the last of Somhairle's line in whom the long years still showed. His household c
CHANGE	eras/age_III/annals/age_III_02.json:EIII-2060.body	the Hall's	->	Talla na Lasrach's	|	ll showed. His household carries the coal down to the Hall's own flame; his children leave
CHANGE	eras/age_III/annals/age_III_03.json:EIII-3001.body	the nine hearths	->	Na Naoi Teallaichean	|	On Muireach Liath's death the nine hearths weigh three households' candi
CHANGE	eras/age_III/annals/age_III_03.json:EIII-3006.title	the holy wood	->	Coille Naomh Muileann chiar	|	Sìleas withdraws to the holy wood
CHANGE	eras/age_III/annals/age_III_03.json:EIII-3009.body	the Red Share's	->	an Earrann Dhearg's	|	Riding to see a moved boundary stone on the Red Share's northern march, Ìomhar Dearg 
CHANGE	eras/age_III/annals/age_III_03.json:EIII-3010.title	The Red Share	->	An Earrann Dhearg	|	The Red Share held whole under Dùghall Dear
CHANGE	eras/age_III/annals/age_III_03.json:EIII-3010.body	the Red Share	->	an Earrann Dhearg	|	Dùghall Dearg mac Ìomhair takes up the Red Share entire the week his father is
CHANGE	eras/age_III/annals/age_III_03.json:EIII-3011.title	the Hall's	->	Talla na Lasrach's	|	Eachann Ruadh flees to the Hall's ground
CHANGE	eras/age_III/annals/age_III_03.json:EIII-3011.body	the Hall of the Flame	->	Talla na Lasrach	|	ough the night from the ford to the ground before the Hall of the Flame, throws down his second spear
CHANGE	eras/age_III/annals/age_III_03.json:EIII-3011.body	the Keeper's	->	Coimheadaiche na Lasrach's	|	pear, and sits within sight of Brìde's fire until the Keeper's cutters come out to him, aski
CHANGE	eras/age_III/annals/age_III_03.json:EIII-3012.title	the Hall's	->	Talla na Lasrach's	|	Gormshuil rules the Hall's ground holds even a killer
CHANGE	eras/age_III/annals/age_III_03.json:EIII-3012.body	the Hall's	->	Talla na Lasrach's	|	pear may follow Eachann Ruadh mac Mhurchaidh past the Hall's boundary stone, though what w
CHANGE	eras/age_III/annals/age_III_03.json:EIII-3012.body	the Hall's	->	Talla na Lasrach's	|	 raise a hut at the ground's edge to cut turf for the Hall's own fires.
CHANGE	eras/age_III/annals/age_III_03.json:EIII-3013.body	the Hall	->	Talla na Lasrach	|	ome from a season's loan to Muileann chiar, tells the Hall in passing that the eastern c
CHANGE	eras/age_III/annals/age_III_03.json:EIII-3016.body	the Hall	->	Talla na Lasrach	|	or thirty-eight years, dies in the small room off the Hall at the age of eighty-seven, h
CHANGE	eras/age_III/annals/age_III_03.json:EIII-3017.body	The nine hearths	->	Na Naoi Teallaichean	|	The nine hearths choose Fionnlagh, blind since
CHANGE	eras/age_III/annals/age_III_03.json:EIII-3018.body	the Hall	->	Talla na Lasrach	|	A boy of ten who has followed Fionnlagh about the Hall since he could walk is brough
CHANGE	eras/age_III/annals/age_III_03.json:EIII-3024.body	the Hall	->	Talla na Lasrach	|	Rather than keep the new cup within the Hall where a favoured keeper's han
CHANGE	eras/age_III/annals/age_III_03.json:EIII-3026.title	the Small-Burning Law	->	Lagh an Loscaidh Bhig	|	The lords swear the Small-Burning Law
CHANGE	eras/age_III/annals/age_III_03.json:EIII-3026.body	the first law	->	Lagh an Loscaidh Bhig	|	each laying a hand on the stone cup itself. It is the first law the island has ever kept the 
CHANGE	eras/age_III/annals/age_III_03.json:EIII-3027.body	the Small-Burning Law	->	Lagh an Loscaidh Bhig	|	e its dried fish and is the first sentenced under the Small-Burning Law: it loses its right to the co
CHANGE	eras/age_III/annals/age_III_03.json:EIII-3028.title	the beacon at Tobar dhearg	->	Taigh-solais Tobar dhearg	|	The question of the beacon at Tobar dhearg
CHANGE	eras/age_III/annals/age_III_03.json:EIII-3029.body	The beacon at Tobar dhearg	->	Taigh-solais Tobar dhearg	|	 and to no boat that might never touch its shore. The beacon at Tobar dhearg is kept after with driftwood 
CHANGE	eras/age_III/annals/age_III_03.json:EIII-3030.body	the nine hearths	->	Na Naoi Teallaichean	|	The council at Dùn ìseal asks the nine hearths' cutters whether any will cut
CHANGE	eras/age_III/annals/age_III_03.json:EIII-3030.body	the Hall	->	Talla na Lasrach	|	ideways on bare rock have turned more ankles than the Hall has troubled to count. Ailean
CHANGE	eras/age_III/annals/age_III_03.json:EIII-3032.body	the Hall's	->	Talla na Lasrach's	|	A party of eleven carriers bound south with the Hall's baskets crosses the ford of t
CHANGE	eras/age_III/annals/age_III_03.json:EIII-3033.title	The Hall	->	Talla na Lasrach	|	The Hall sets the names of the drowned
CHANGE	eras/age_III/annals/age_III_03.json:EIII-3033.body	the salt shore	->	Tràigh an t-Salainn	|	 and a boy the roll gives only as young Tormod of the salt shore, who went on the crossing in 
CHANGE	eras/age_III/annals/age_III_03.json:EIII-3034.body	the Hall	->	Talla na Lasrach	|	e drowning make a joke of their own grief, saying the Hall mourns its coal along with it
CHANGE	eras/age_III/annals/age_III_03.json:EIII-3037.title	the nine hearths	->	Na Naoi Teallaichean	|	Ailean gathers the forty of the nine hearths
CHANGE	eras/age_III/annals/age_III_03.json:EIII-3037.body	the nine hearths	->	Na Naoi Teallaichean	|	winter Ailean draws forty cutters and masons from the nine hearths, none of whom has ever cut an
CHANGE	eras/age_III/annals/age_III_03.json:EIII-3043.body	the Hall's	->	Talla na Lasrach's	|	his own upriver of the western span. A carrier of the Hall's baskets, reaching it after da
CHANGE	eras/age_III/annals/age_III_03.json:EIII-3046.body	the nine hearths	->	Na Naoi Teallaichean	|	Fishers of the nine hearths find old house-footings above
CHANGE	eras/age_III/annals/age_III_03.json:EIII-3049.title	The road-peace	->	Sìth an Rathaid	|	The road-peace kept as custom
CHANGE	eras/age_III/annals/age_III_03.json:EIII-3051.body	the Keepers	->	Coimheadaichean na Lasrach	|	Dall tells Calum Beag he wishes to be laid not on the Keepers' own slope but in the unclaim
CHANGE	eras/age_III/annals/age_III_03.json:EIII-3053.body	The Keepers	->	Coimheadaichean na Lasrach	|	urial there any living hand has set down by name. The Keepers hallow the ground that same s
CHANGE	eras/age_III/annals/age_III_03.json:EIII-3053.body	the Hall's	->	Talla na Lasrach's	|	 passes from belonging to no one to belonging, by the Hall's own reckoning, to everyone.
CHANGE	eras/age_III/annals/age_III_03.json:EIII-3054.body	the Hall	->	Talla na Lasrach	|	ttle by Tuam Cnoc dhìreach to tend the grave, and the Hall pays them one measured handfu
CHANGE	eras/age_III/annals/age_III_03.json:EIII-3054.body	the Small-Burning Law	->	Lagh an Loscaidh Bhig	|	d handful of coal each a season, the only service the Small-Burning Law is ever known to reward in co
CHANGE	eras/age_III/annals/age_III_03.json:EIII-3057.body	the western share	->	Earrann Ros dhomhain	|	At a mason's wedding on the western share, Griogair mac Lachlainn of Sl
CHANGE	eras/age_III/annals/age_III_03.json:EIII-3058.body	the western share's	->	Earrann Ros dhomhain's	|	d for the insult at Ros dhomhain. A barn burns on the western share's ground within the season in a
CHANGE	eras/age_III/annals/age_III_03.json:EIII-3059.body	The nine hearths	->	Na Naoi Teallaichean	|	The nine hearths choose Eimhir nic Mhuirich, o
CHANGE	eras/age_III/annals/age_III_03.json:EIII-3059.body	the Hall	->	Talla na Lasrach	|	lready, to keep the flame at Dùn ìseal. She holds the Hall to its measure through the wi
CHANGE	eras/age_III/annals/age_III_03.json:EIII-3060.title	the Hall's	->	Talla na Lasrach's	|	Tormod mac Ruairidh asks the Hall's blessing on a raid
CHANGE	eras/age_III/annals/age_III_03.json:EIII-3060.body	the Hall	->	Talla na Lasrach	|	eance. She hears him out and refuses, telling him the Hall keeps coal and not grudges, a
CHANGE	eras/age_III/annals/age_III_03.json:EIII-3061.body	the western share	->	Earrann Ros dhomhain	|	 nic Ailein, daughter of Ailean Mòr and holder of the western share since the age's early years, 
CHANGE	eras/age_III/annals/age_III_03.json:EIII-3062.body	The nine hearths	->	Na Naoi Teallaichean	|	 the quarrel's own principals kept their tempers. The nine hearths choose a younger Keeper who h
CHANGE	eras/age_III/annals/age_III_03.json:EIII-3063.body	the salt shore	->	Tràigh an t-Salainn	|	rtair mac Ailein, son of Ailean Mòr and holder of the salt shore at Baile ghorm, dies at his o
CHANGE	eras/age_III/annals/age_III_03.json:EIII-3064.body	the eastern share	->	Earrann Caol shean	|	ormac mac Ailein, son of Ailean Mòr and holder of the eastern share at Caol shean, dies some two 
CHANGE	eras/age_III/annals/age_III_03.json:EIII-3068.body	the Red Share	->	an Earrann Dhearg	|	 the king's kin. His own line, long at peace with the Red Share, takes no fresh quarrel from 
CHANGE	eras/age_III/annals/age_III_03.json:EIII-3069.body	the nine hearths	->	Na Naoi Teallaichean	|	Two elders of the nine hearths walk from Dùn ìseal to Dùn dh
CHANGE	eras/age_III/annals/age_III_03.json:EIII-3069.body	the Red Share's	->	an Earrann Dhearg's	|	aughter's granddaughter of Ìomhar Dearg who keeps the Red Share's granary rolls, whether she wo
CHANGE	eras/age_III/annals/age_III_03.json:EIII-3070.body	the Binding's	->	An Ceangal's	|	sh to force the question of her own blood against the Binding's old rule.
CHANGE	eras/age_III/annals/age_III_04.json:EIII-4001.title	The Keeper	->	Coimhdeach na Fine	|	The Keeper before Eilidh dies at the cup
CHANGE	eras/age_III/annals/age_III_04.json:EIII-4001.body	The Keeper	->	Coimheadaiche na Lasrach	|	The Keeper who held the flame after Eimh
CHANGE	eras/age_III/annals/age_III_04.json:EIII-4001.body	the Hall	->	Talla na Lasrach	|	 the first time in living memory that any lamp in the Hall has been let go dark.
CHANGE	eras/age_III/annals/age_III_04.json:EIII-4002.body	the nine hearths	->	Na Naoi Teallaichean	|	For the better part of a year after the nine hearths choose Eilidh, Sliochd Mhuiri
CHANGE	eras/age_III/annals/age_III_04.json:EIII-4003.body	the Binding's	->	An Ceangal's	|	y some thread of the king's blood by now, so that the Binding's old rule has become a rule ag
CHANGE	eras/age_III/annals/age_III_04.json:EIII-4004.body	the Hall's	->	Talla na Lasrach's	|	The eldest of Sliochd Mhuirich comes to the Hall's threshold and offers a single
CHANGE	eras/age_III/annals/age_III_04.json:EIII-4005.body	the nine hearths	->	Na Naoi Teallaichean	|	Eilidh nic Ìomhair swears before the nine hearths that the stone cup will never
CHANGE	eras/age_III/annals/age_III_04.json:EIII-4006.body	the nine hearths	->	Na Naoi Teallaichean	|	At a gathering of the nine hearths, the eldest of Sliochd Thormo
CHANGE	eras/age_III/annals/age_III_04.json:EIII-4006.body	the Keeper's	->	Coimhdeach na Fine's	|	 as the ground of the house's claim to a voice in the Keeper's office.
CHANGE	eras/age_III/annals/age_III_04.json:EIII-4008.body	the nine hearths	->	Na Naoi Teallaichean	|	Eilidh nic Ìomhair puts to the nine hearths that the Keeper's office be b
CHANGE	eras/age_III/annals/age_III_04.json:EIII-4008.body	the Keeper's	->	Coimhdeach na Fine's	|	Eilidh nic Ìomhair puts to the nine hearths that the Keeper's office be bound from that sea
CHANGE	eras/age_III/annals/age_III_04.json:EIII-4009.body	the Law's	->	Lagh an Loscaidh Bhig's	|	 coal-lamp at Seann Dunn always burns fuller than the Law's measure allows, though no cut
CHANGE	eras/age_III/annals/age_III_04.json:EIII-4010.body	the Small-Burning Law	->	Lagh an Loscaidh Bhig	|	t Seann Tarr, the very town first sentenced under the Small-Burning Law, keeps no galleries and cuts 
CHANGE	eras/age_III/annals/age_III_04.json:EIII-4013.body	the Law	->	Lagh an Loscaidh Bhig	|	adh of Baile chrom is stripped of its right under the Law for a third offence, and goes
CHANGE	eras/age_III/annals/age_III_04.json:EIII-4023.body	the four houses	->	Na Ceithir Taighean	|	In the month of Giblean, the four houses choose Coinneach Mòr mac Torm
CHANGE	eras/age_III/annals/age_III_04.json:EIII-4024.body	the Roinn	->	Roinn na Rìoghachd	|	 refused for want of hearth-right cut in stone at the Roinn. He sits one courtesy season 
CHANGE	eras/age_III/annals/age_III_04.json:EIII-4025.body	the four houses	->	Na Ceithir Taighean	|	f the plain to list every ruin standing on ground the four houses claim, ruling before they lea
CHANGE	eras/age_III/annals/age_III_04.json:EIII-4028.body	the warm springs	->	Fuarain Theth Muileann ruadh	|	After a cousin of his own house is carried to the warm springs half dead of a wasting cough 
CHANGE	eras/age_III/annals/age_III_04.json:EIII-4032.body	the house of Ìomhar's	->	Sliochd Ìomhair's	|	ng no child and no settled answer to which grant, the house of Ìomhar's or the line of Eithne's, shou
CHANGE	eras/age_III/annals/age_III_04.json:EIII-4033.body	The house of Ìomhar	->	Sliochd Ìomhair	|	The house of Ìomhar claims Muireall's marriage-la
CHANGE	eras/age_III/annals/age_III_04.json:EIII-4037.body	the Red Share	->	an Earrann Dhearg	|	A double-sworn household two valleys east chooses the Red Share and is burned to its field-wa
CHANGE	eras/age_III/annals/age_III_04.json:EIII-4038.body	the Red Share's	->	an Earrann Dhearg's	|	 is burned within the year by both hosts in turn, the Red Share's riders taking the barn first 
CHANGE	eras/age_III/annals/age_III_04.json:EIII-4041.body	the Red Share's	->	an Earrann Dhearg's	|	een years old when his company meets a company of the Red Share's riders on a narrow road and t
CHANGE	eras/age_III/annals/age_III_04.json:EIII-4043.title	The Red Share	->	An Earrann Dhearg	|	The Red Share presses its claim after the w
CHANGE	eras/age_III/annals/age_III_04.json:EIII-4043.body	the Red Share	->	an Earrann Dhearg	|	With Torcall Donn dead, the Red Share presses its claim on Muireall
CHANGE	eras/age_III/annals/age_III_04.json:EIII-4046.body	the Red Share's	->	an Earrann Dhearg's	|	In the heat of Lùnastal the Red Share's council and Cathair mhòr's bo
CHANGE	eras/age_III/annals/age_III_04.json:EIII-4050.body	the Red Share	->	an Earrann Dhearg	|	Ruairidh Glas, holder of the Red Share at Dùn dhearg, sends word to 
CHANGE	eras/age_III/annals/age_III_04.json:EIII-4051.body	the Red Share's	->	an Earrann Dhearg's	|	uairidh Glas that she will set foot in no hall of the Red Share's, as he will set foot in none 
CHANGE	eras/age_III/annals/age_III_04.json:EIII-4053.body	the Roinn	->	Roinn na Rìoghachd	|	rly every other soul that remembers the valley of the Roinn, and who tells her, on the ro
CHANGE	eras/age_III/annals/age_III_04.json:EIII-4054.title	The Keeper	->	Coimhdeach na Fine	|	The Keeper drafts and reads the terms of
CHANGE	eras/age_III/annals/age_III_04.json:EIII-4054.body	the Keeper	->	Coimheadaiche na Lasrach	|	sts the other's clerks to write the terms fairly, the Keeper of the flame drafts the peace
CHANGE	eras/age_III/annals/age_III_04.json:EIII-4055.body	the Peace of the Threshold	->	Sìth an Stairsnich	|	Swearing the Peace of the Threshold with his hand still on the st
CHANGE	eras/age_III/annals/age_III_04.json:EIII-4057.body	the Peace	->	Sìth an Stairsnich	|	rter-day market held below Talla na Lasrach after the Peace draws little to sell, the hun
CHANGE	eras/age_III/annals/age_III_04.json:EIII-4057.body	the Red Share	->	an Earrann Dhearg	|	households come only to watch whether a trader of the Red Share can stand at a stall beside o
CHANGE	eras/age_III/annals/age_III_04.json:EIII-4058.body	the Peace	->	Sìth an Stairsnich	|	By the time of the spring sowing after the Peace, the boundary lines that had 
CHANGE	eras/age_III/annals/age_III_05.json:EIII-5001.title	The nine hearths	->	Na Naoi Teallaichean	|	The nine hearths raise Seonaid Chiar to the fl
CHANGE	eras/age_III/annals/age_III_05.json:EIII-5001.body	The nine hearths	->	Na Naoi Teallaichean	|	The nine hearths of Dùn ìseal raise Seonaid Ch
CHANGE	eras/age_III/annals/age_III_05.json:EIII-5001.body	the house of Muireach	->	Sliochd Mhuirich	|	 nine hearths of Dùn ìseal raise Seonaid Chiar of the house of Muireach to the flame at six-and-twent
CHANGE	eras/age_III/annals/age_III_05.json:EIII-5002.title	the Hall's	->	Talla na Lasrach's	|	ee teachers of Cnoc bhàn set an unlit lamp before the Hall's door
CHANGE	eras/age_III/annals/age_III_05.json:EIII-5002.body	the Hall	->	Talla na Lasrach	|	 and swearing to ask nothing of the vein aloud if the Hall will stop asking whether they
CHANGE	eras/age_III/annals/age_III_05.json:EIII-5003.body	the Hall's	->	Talla na Lasrach's	|	d load back, and, hearing neither had, tells them the Hall's grant is a right to carry and
CHANGE	eras/age_III/annals/age_III_05.json:EIII-5004.body	the Red Share	->	an Earrann Dhearg	|	 hundred and ninth year, Ruairidh Glas, holder of the Red Share, asks unasked leave to climb 
CHANGE	eras/age_III/annals/age_III_05.json:EIII-5005.body	the strife of the heirs	->	Aimhreit nan Oighrean	|	hais since the morning he shed the first blood of the strife of the heirs there. He outlives every soul
CHANGE	eras/age_III/annals/age_III_05.json:EIII-5005.body	the Red Hill	->	An Cnoc Ruadh	|	 the ford where his grandfather's line first took the Red Hill.
CHANGE	eras/age_III/annals/age_III_05.json:EIII-5006.title	The Red Share	->	An Earrann Dhearg	|	The Red Share passes without a summons to t
CHANGE	eras/age_III/annals/age_III_05.json:EIII-5006.title	the Hall	->	Talla na Lasrach	|	The Red Share passes without a summons to the Hall
CHANGE	eras/age_III/annals/age_III_05.json:EIII-5006.body	the Red Share	->	an Earrann Dhearg	|	Ruairidh Glas's son takes up the Red Share at Dùn dhearg without any sum
CHANGE	eras/age_III/annals/age_III_05.json:EIII-5006.body	the Hall	->	Talla na Lasrach	|	he Red Share at Dùn dhearg without any summons to the Hall, as the Peace of the Threshol
CHANGE	eras/age_III/annals/age_III_05.json:EIII-5006.body	the Peace of the Threshold	->	Sìth an Stairsnich	|	at Dùn dhearg without any summons to the Hall, as the Peace of the Threshold requires none where an heir i
CHANGE	eras/age_III/annals/age_III_05.json:EIII-5006.body	the Hall's	->	Talla na Lasrach's	|	y strangely thin about naming this one, a silence the Hall's clerk lays to the household's
CHANGE	eras/age_III/annals/age_III_05.json:EIII-5007.title	the Hall's	->	Talla na Lasrach's	|	The four dead of the high gallery are buried on the Hall's own ground
CHANGE	eras/age_III/annals/age_III_05.json:EIII-5007.body	the Hall's	->	Talla na Lasrach's	|	y falls at Dùn ìseal are carried up and buried on the Hall's own ground, the one ground on
CHANGE	eras/age_III/annals/age_III_05.json:EIII-5008.body	the Hall	->	Talla na Lasrach	|	r orders timber props of oak set in every gallery the Hall works, the first timber the H
CHANGE	eras/age_III/annals/age_III_05.json:EIII-5008.body	the Hall	->	Talla na Lasrach	|	in every gallery the Hall works, the first timber the Hall has ever spent on the mountai
CHANGE	eras/age_III/annals/age_III_05.json:EIII-5009.body	The nine hearths	->	Na Naoi Teallaichean	|	ng held the flame the better part of six decades. The nine hearths that raised her young choose 
CHANGE	eras/age_III/annals/age_III_05.json:EIII-5011.title	the Law	->	Lagh an Loscaidh Bhig	|	Cathair dhomhain's shrine holds the Law to the grain
CHANGE	eras/age_III/annals/age_III_05.json:EIII-5011.body	the Small-Burning Law	->	Lagh an Loscaidh Bhig	|	The new shrine at Cathair dhomhain keeps the Small-Burning Law to the very grain from its fo
CHANGE	eras/age_III/annals/age_III_05.json:EIII-5014.body	the Peace of the Threshold	->	Sìth an Stairsnich	|	ing. Her county comes whole into the marriage, as the Peace of the Threshold allows, and Goraidh takes on 
CHANGE	eras/age_III/annals/age_III_05.json:EIII-5020.body	the Red Share	->	an Earrann Dhearg	|	ry at each of its four corners. The carpenters of the Red Share and of the three gathered cou
CHANGE	eras/age_III/annals/age_III_05.json:EIII-5029.title	The golden house	->	An Taigh-seinnse Òir	|	The golden house opened free of toll
CHANGE	eras/age_III/annals/age_III_05.json:EIII-5029.body	the golden house	->	An Taigh-seinnse Òir	|	em charged the toll. Carriers call the new timber the golden house before it has weathered, and 
CHANGE	eras/age_III/annals/age_III_05.json:EIII-5033.body	the golden house's	->	An Taigh-seinnse Òir's	|	nd outside the hall, and Dòmhnall feeds them from the golden house's own stores.
CHANGE	eras/age_III/annals/age_III_05.json:EIII-5037.title	The Hall's	->	Talla na Lasrach's	|	The Hall's grain-carts reach Seann Chwen
CHANGE	eras/age_III/annals/age_III_05.json:EIII-5037.body	the Keeper's	->	Coimhdeach na Fine's	|	After the storm at Seann Chwen, the Keeper's grain-carts reach the ruined 
CHANGE	eras/age_III/annals/age_III_05.json:EIII-5039.body	the holy wood	->	Coille Naomh Muileann chiar	|	from his father's holding to the stag's school in the holy wood east of Muileann chiar. Aongh
CHANGE	eras/age_III/annals/age_III_05.json:EIII-5046.body	the night of the handful	->	Oidhche an Dòrlaich	|	ngs by the school's fire, telling pupils tales of the night of the handful. He asks, at the second eveni
CHANGE	eras/age_III/annals/age_III_05.json:EIII-5050.body	the holy wood	->	Coille Naomh Muileann chiar	|	uicker with the knife than any pupil he taught in the holy wood.
CHANGE	eras/age_III/annals/age_III_05.json:EIII-5057.title	the Keeper's	->	Coimhdeach na Fine's	|	Iain Garbh folds the Keeper's answer
CHANGE	eras/age_III/annals/age_III_05.json:EIII-5057.body	the Hall's	->	Talla na Lasrach's	|	 it inside his coat, and never again sets foot on the Hall's ground.
CHANGE	eras/age_III/annals/age_III_06.json:EIII-6004.body	the road-peace	->	Sìth an Rathaid	|	At the waypoint house on the road-peace, Lachlann Ciar tells Iain Gar
CHANGE	eras/age_III/annals/age_III_06.json:EIII-6005.title	the wolf-sworn	->	an Fhianna	|	Iain Garbh witnesses the wolf-sworn
CHANGE	eras/age_III/annals/age_III_06.json:EIII-6005.body	the wolf-sworn	->	an Fhianna	|	stone cut as a wolf, and are called from that day the wolf-sworn.
CHANGE	eras/age_III/annals/age_III_06.json:EIII-6006.body	the Roinn	->	Roinn na Rìoghachd	|	lein, last living of the nine who cut the cord at the Roinn, the tale of Iain Garbh's war
CHANGE	eras/age_III/annals/age_III_06.json:EIII-6009.body	the War of the Roads	->	Cogadh nan Rathad	|	Iain Garbh rules forty years past the end of the War of the Roads and never once goes up the mo
CHANGE	eras/age_III/annals/age_III_06.json:EIII-6010.body	the Hall of the Flame	->	Talla na Lasrach	|	 coldness he had left between the rìgh's hall and the Hall of the Flame.
CHANGE	eras/age_III/annals/age_III_06.json:EIII-6011.title	the Hall	->	Talla na Lasrach	|	The rìgh's tithe sent again to the Hall
CHANGE	eras/age_III/annals/age_III_06.json:EIII-6011.body	the Hall's	->	Talla na Lasrach's	|	rs that Cathair mhòr's own hall send its tithe to the Hall's handful again, unwaited-for, 
CHANGE	eras/age_III/annals/age_III_06.json:EIII-6012.title	The Keeper	->	Coimhdeach na Fine	|	The Keeper keeps a place for the rìgh's 
CHANGE	eras/age_III/annals/age_III_06.json:EIII-6012.body	the Keeper	->	Coimhdeach na Fine	|	 returns each year at the turn of the season, and the Keeper comes to keep a place for him
CHANGE	eras/age_III/annals/age_III_06.json:EIII-6014.body	the night of the handful	->	Oidhche an Dòrlaich	|	air mhòr, the last road he means to walk, so that the night of the handful should be told once more, to 
CHANGE	eras/age_III/annals/age_III_06.json:EIII-6015.body	the night of the handful	->	Oidhche an Dòrlaich	|	 thousand years old, three days after telling her the night of the handful for what proves the last time
CHANGE	eras/age_III/annals/age_III_06.json:EIII-6016.body	the Roinn	->	Roinn na Rìoghachd	|	e slope below Dùn ìseal, among the first heirs of the Roinn, though he was of no kin to h
CHANGE	eras/age_III/annals/age_III_06.json:EIII-6019.body	the Hall	->	Talla na Lasrach	|	r the carriers crossing the pass; the miller pays the Hall in grain and the rìgh's toll 
CHANGE	eras/age_III/annals/age_III_06.json:EIII-6021.title	The Hall's	->	Talla na Lasrach's	|	The Hall's own roll for the same years
CHANGE	eras/age_III/annals/age_III_06.json:EIII-6021.body	the king-list	->	Clàr nan Rìghrean	|	For the span the king-list gives eleven rulers, the Hall
CHANGE	eras/age_III/annals/age_III_06.json:EIII-6021.body	the Hall's	->	Talla na Lasrach's	|	For the span the king-list gives eleven rulers, the Hall's spoken roll gives only five K
CHANGE	eras/age_III/annals/age_III_06.json:EIII-6022.title	the long years	->	na Bliadhnachan Fada	|	The last of the long years in the ruling line
CHANGE	eras/age_III/annals/age_III_06.json:EIII-6022.body	the house of Ìomhar	->	Sliochd Ìomhair	|	The last ruler of the house of Ìomhar and Goraidh to carry any of t
CHANGE	eras/age_III/annals/age_III_06.json:EIII-6022.body	the long years	->	na Bliadhnachan Fada	|	f the house of Ìomhar and Goraidh to carry any of the long years in his blood dies at a hundre
CHANGE	eras/age_III/annals/age_III_06.json:EIII-6023.title	the house of Tormod	->	Sliochd Thormoid	|	Tormod mac Iain born to the house of Tormod
CHANGE	eras/age_III/annals/age_III_06.json:EIII-6031.title	Tormod's roll	->	Clàr Thormoid	|	Tormod's roll finished
CHANGE	eras/age_III/annals/age_III_06.json:EIII-6033.title	The Hall	->	Talla na Lasrach	|	The Hall shamed into writing its own r
CHANGE	eras/age_III/annals/age_III_06.json:EIII-6033.body	the written king-list	->	Clàr nan Rìghrean	|	Word of the written king-list reaches the blind Keeper on t
CHANGE	eras/age_III/annals/age_III_06.json:EIII-6033.body	the Hall's	->	Talla na Lasrach's	|	in, who sits three days in silence and then tells the Hall's own reciters that a Hall out-
CHANGE	eras/age_III/annals/age_III_06.json:EIII-6034.body	the Hall	->	Talla na Lasrach	|	ine who can read a knot without letters, comes to the Hall and unties the cord of the he
CHANGE	eras/age_III/annals/age_III_06.json:EIII-6034.body	the cord of the heirs	->	Sreang nan Oighrean	|	not without letters, comes to the Hall and unties the cord of the heirs knot by knot over two days, n
CHANGE	eras/age_III/annals/age_III_06.json:EIII-6035.body	the Hall	->	Talla na Lasrach	|	 coils it in the old way and lays it in the chest the Hall has made for it, telling the 
CHANGE	eras/age_III/annals/age_III_06.json:EIII-6036.body	the house of Ìomhar	->	Sliochd Ìomhair	|	 and is carried up the mountain road to lie among the house of Ìomhar. Her son takes the hall after
CHANGE	eras/age_III/annals/age_III_06.json:EIII-6037.body	the king-list	->	Clàr nan Rìghrean	|	After Ealasaid Chiar's son and granddaughter, the king-list Tormod began keeps no ruler's
CHANGE	eras/age_III/annals/age_III_06.json:EIII-6037.body	The Keepers' roll	->	Clàr an Talla	|	uler's name for a span the reciters cannot close. The Keepers' roll at Dùn ìseal keeps its own co
CHANGE	eras/age_III/annals/age_III_06.json:EIII-6037.body	its Keepers	->	Coimheadaichean na Lasrach	|	eeps its own count through the same years, naming its Keepers where the hall names none.
CHANGE	eras/age_III/annals/age_III_06.json:EIII-6038.title	The Hall's	->	Talla na Lasrach's	|	The Hall's clerks learn the stag-letters
CHANGE	eras/age_III/annals/age_III_06.json:EIII-6038.body	the Hall at Dùn ìseal	->	Talla na Lasrach	|	n roll without borrowing another order's letters, the Hall at Dùn ìseal sets two of its own clerks to
CHANGE	eras/age_III/annals/age_III_06.json:EIII-6038.body	the Hall	->	Talla na Lasrach	|	acher paid in coal for the winter. From that year the Hall keeps its roll in its own han
CHANGE	eras/age_III/annals/age_III_06.json:EIII-6043.body	a Hall clerk	->	a clerk of Talla na Lasrach	|	ood-watchers by the people of Cathair dhearg, and a Hall clerk counting the season's coal is
CHANGE	eras/age_III/annals/age_III_06.json:EIII-6044.body	the stag's people	->	Scoiltean nan Draoidhean	|	ver the cut tree, the teacher who first spoke for the stag's people dies of an ordinary winter co
CHANGE	eras/age_III/annals/age_III_06.json:EIII-6045.body	the Keeper	->	Coimheadaiche na Lasrach	|	eal by his mother's hand and acknowledged heir by the Keeper of that year, the first claim
CHANGE	eras/age_III/annals/age_III_06.json:EIII-6045.body	the Hall's	->	Talla na Lasrach's	|	 than the roll can say with certainty found worth the Hall's confidence.
CHANGE	eras/age_III/annals/age_III_06.json:EIII-6046.body	the stag's people	->	Scoiltean nan Draoidhean	|	ar, and judges at once that the wood-watchers and the stag's people will share their silence fore
CHANGE	eras/age_III/annals/age_III_06.json:EIII-6048.body	the Law's	->	Lagh an Loscaidh Bhig's	|	than cutting, the waypoint-keepers send less than the Law's full measure to households a 
CHANGE	eras/age_III/annals/age_III_06.json:EIII-6049.body	The Keeper	->	Coimheadaiche na Lasrach	|	The Keeper Calum Liath gives every cutte
CHANGE	eras/age_III/annals/age_III_06.json:EIII-6049.body	the Hall's	->	Talla na Lasrach's	|	 cutter of Dùn ìseal a knotted cord and a lamp of the Hall's own oil, and sends them into 
CHANGE	eras/age_III/annals/age_III_06.json:EIII-6050.title	the Keeper	->	Coimhdeach na Fine	|	A steward of the northern road questions the Keeper
CHANGE	eras/age_III/annals/age_III_06.json:EIII-6052.body	the Hall	->	Talla na Lasrach	|	A clerk of the Hall who learned her letters from 
CHANGE	eras/age_III/annals/age_III_06.json:EIII-6053.body	the Hall	->	Talla na Lasrach	|	ounting in short seasons, say nothing at all, and the Hall takes the silence for assent.
CHANGE	eras/age_III/annals/age_III_06.json:EIII-6054.body	the Hall	->	Talla na Lasrach	|	nds before the council at Dùn ìseal and asks what the Hall owes her son, sent into a gal
CHANGE	eras/age_III/annals/age_III_06.json:EIII-6056.body	the great shares	->	na h-Earrannan Mòra	|	The stewards of the great shares spend a first day laying blam
CHANGE	eras/age_III/annals/age_III_06.json:EIII-6058.title	the Hall's	->	Talla na Lasrach's	|	Calum Liath dies at the Hall's door
CHANGE	eras/age_III/annals/age_III_06.json:EIII-6058.body	The Keeper	->	Coimhdeach na Fine	|	The Keeper Calum Liath dies by the doorw
CHANGE	eras/age_III/annals/age_III_06.json:EIII-6058.body	the Keepers	->	Coimheadaichean na Lasrach	|	 after it was cut, and is carried up to lie among the Keepers' own dead near the two youths
CHANGE	eras/age_III/annals/age_III_06.json:EIII-6059.body	The nine hearths	->	Na Naoi Teallaichean	|	The nine hearths choose Oighrig Bhàn, a woman 
CHANGE	eras/age_III/annals/age_III_06.json:EIII-6061.body	the Hall's	->	Talla na Lasrach's	|	In the Hall's own doorway Oighrig Bhàn bind
CHANGE	eras/age_III/annals/age_III_07.json:EIII-7001.body	the Hall	->	Talla na Lasrach	|	ding each apprentice to a master of the school as the Hall bound its own.
CHANGE	eras/age_III/annals/age_III_07.json:EIII-7002.body	the Hall	->	Talla na Lasrach	|	The teachers of Cnoc bhàn set a rule the Hall never made: that every bound 
CHANGE	eras/age_III/annals/age_III_07.json:EIII-7016.body	the house of Ìomhar	->	Sliochd Ìomhair	|	air by his steward's grandson. He is buried among the house of Ìomhar after a reign of eighty-seven
CHANGE	eras/age_III/annals/age_III_07.json:EIII-7020.body	the red hall	->	An Talla Dearg	|	mason Sìleas nan Clach of Cathair dhomhain raises the red hall at the bridge-foot through tw
CHANGE	eras/age_III/annals/age_III_07.json:EIII-7021.body	the Red Share	->	an Earrann Dhearg	|	 own fish and buried its own drowned since before the Red Share held a single stone. Beathag 
CHANGE	eras/age_III/annals/age_III_07.json:EIII-7023.body	The nine hearths	->	Na Naoi Teallaichean	|	The nine hearths choose Dùghall mac Raghnaill 
CHANGE	eras/age_III/annals/age_III_07.json:EIII-7024.title	the Keeper	->	Coimhdeach na Fine	|	Beitris nic Ailein shames the Keeper into asking
CHANGE	eras/age_III/annals/age_III_07.json:EIII-7025.title	the Keeper	->	Coimhdeach na Fine	|	The queen and the Keeper agree the count
CHANGE	eras/age_III/annals/age_III_07.json:EIII-7028.body	the Small-Burning Law	->	Lagh an Loscaidh Bhig	|	o appeal, he answers that they burned peat before the Small-Burning Law was thought of and will burn 
CHANGE	eras/age_III/annals/age_III_07.json:EIII-7029.body	the Small-Burning Law	->	Lagh an Loscaidh Bhig	|	rather than denied. The council rules against it: the Small-Burning Law protects a right already held
CHANGE	eras/age_III/annals/age_III_07.json:EIII-7029.body	The Keeper	->	Coimhdeach na Fine	|	ects a right already held, not one never claimed. The Keeper speaks neither for the argume
CHANGE	eras/age_III/annals/age_III_07.json:EIII-7032.body	the house of Ìomhar	->	Sliochd Ìomhair	|	 is carried the length of the island to lie among the house of Ìomhar, the roll of the refused is b
CHANGE	eras/age_III/annals/age_III_07.json:EIII-7033.body	the red hall	->	An Talla Dearg	|	Ruairidh Liath, grey since his cradle, takes the red hall in his thirty-sixth year, fiv
CHANGE	eras/age_III/annals/age_III_07.json:EIII-7039.body	the Keeper's	->	Coimheadaiche na Lasrach's	|	ox of rings struck in Fearchar Òg's reign, to ask the Keeper's judgment on a right her house
CHANGE	eras/age_III/annals/age_III_07.json:EIII-7039.body	the Hall	->	Talla na Lasrach	|	a right her house has never before brought before the Hall.
CHANGE	eras/age_III/annals/age_III_07.json:EIII-7046.body	the red hall	->	An Talla Dearg	|	Ruairidh Liath dies in the red hall at Cathair dhearg in his eigh
CHANGE	eras/age_III/annals/age_III_07.json:EIII-7047.body	the Hall's	->	Talla na Lasrach's	|	of her grandfather's silver settlement, she gives the Hall's clerks their own room and a w
CHANGE	eras/age_III/annals/age_III_07.json:EIII-7047.body	the king-list	->	Clàr nan Rìghrean	|	s clerks their own room and a wage in silver, and the king-list begins to be kept year by yea
CHANGE	eras/age_III/annals/age_III_07.json:EIII-7048.title	the stag's people	->	Scoiltean nan Draoidhean	|	A teacher of the stag's people comes to Inis bheag
CHANGE	eras/age_III/annals/age_III_07.json:EIII-7048.body	the stag's people	->	Scoiltean nan Draoidhean	|	A teacher of the stag's people, once a cutter's son, settles
CHANGE	eras/age_III/annals/age_III_07.json:EIII-7048.body	The Hall's roll	->	Clàr an Talla	|	fisher-marks to children who will never cut coal. The Hall's roll notes the teaching and calls 
CHANGE	eras/age_III/annals/age_III_07.json:EIII-7049.body	the Hall's	->	Talla na Lasrach's	|	s grave-marker in the fisher-marks rather than in the Hall's own hand, the first stone on 
CHANGE	eras/age_III/annals/age_III_07.json:EIII-7050.body	the red hall's	->	An Talla Dearg's	|	earg a boy of Inis bheag, sent inland to serve in the red hall's stables, scratches a fisher's
CHANGE	eras/age_III/annals/age_III_07.json:EIII-7050.body	the Hall's	->	Talla na Lasrach's	|	 and so learns the fisher-marks before she learns the Hall's own hand.
CHANGE	eras/age_III/annals/age_III_07.json:EIII-7051.body	the red hall	->	An Talla Dearg	|	e willing to take the work. She keeps the roll of the red hall for four-and-forty years afte
CHANGE	eras/age_III/annals/age_III_07.json:EIII-7053.body	the red hall	->	An Talla Dearg	|	n her own bed at seventy, having kept the roll of the red hall through a reign and the half 
CHANGE	eras/age_III/annals/age_III_07.json:EIII-7056.body	the Hall's roll	->	Clàr an Talla	|	rom Cathair dhearg to set the dawn-hawk custom in the Hall's roll asks Raghnaid nic Chaluim why
CHANGE	eras/age_III/annals/age_III_07.json:EIII-7058.title	The Keeper	->	Coimhdeach na Fine	|	The Keeper sends a clerk to see the dawn
CHANGE	eras/age_III/annals/age_III_07.json:EIII-7058.body	the Keeper	->	Coimhdeach na Fine	|	ssed by an uneasy household of the lowland plain, the Keeper of that season sends a clerk 
CHANGE	eras/age_III/annals/age_III_07.json:EIII-7059.title	The Hall	->	Talla na Lasrach	|	The Hall answers that the rite is no c
CHANGE	eras/age_III/annals/age_III_07.json:EIII-7059.body	The Keeper	->	Coimhdeach na Fine	|	The Keeper writes to the lowland househo
CHANGE	eras/age_III/annals/age_III_07.json:EIII-7059.body	the Hall's	->	Talla na Lasrach's	|	te keeps the measure exactly and is no concern of the Hall's. It is the last time in the a
CHANGE	eras/age_III/annals/age_III_07.json:EIII-7059.body	the Hall	->	Talla na Lasrach	|	ern of the Hall's. It is the last time in the age the Hall answers any rite so simply.
CHANGE	eras/age_III/annals/age_III_08.json:EIII-8004.body	the wolf-sworn	->	an Fhianna	|	The shrine-keepers of Inis thais, hearing of the wolf-sworn road-guards' oath-stone at Ca
CHANGE	eras/age_III/annals/age_III_08.json:EIII-8007.title	The Hall's roll	->	Clàr an Talla	|	The Hall's roll outgrows the clerks' room
CHANGE	eras/age_III/annals/age_III_08.json:EIII-8019.title	the Keeper's	->	Coimhdeach na Fine's	|	Raonaid Dhubh takes the Keeper's stool
CHANGE	eras/age_III/annals/age_III_08.json:EIII-8019.body	the Keeper's	->	Coimhdeach na Fine's	|	Raonaid Dhubh comes to the Keeper's own chest of clerks at twenty
CHANGE	eras/age_III/annals/age_III_08.json:EIII-8023.body	the Keeper's	->	Coimhdeach na Fine's	|	e than the diggers' road, kept long past any term the Keeper's sentence set.
CHANGE	eras/age_III/annals/age_III_08.json:EIII-8025.body	the red hall	->	An Talla Dearg	|	Lachlann Bàn, come to the red hall in his twenty-sixth year, fin
CHANGE	eras/age_III/annals/age_III_08.json:EIII-8027.body	the Keeper	->	Coimhdeach na Fine	|	Lachlann Bàn climbs to Dùn ìseal to ask the Keeper Raonaid Dhubh to set the isla
CHANGE	eras/age_III/annals/age_III_08.json:EIII-8028.title	the shared-meal law	->	Lagh a' Bhìdh Roinnte	|	Lachlann Bàn and Raonaid Dhubh swear the shared-meal law
CHANGE	eras/age_III/annals/age_III_08.json:EIII-8028.body	the Keeper	->	Coimhdeach na Fine	|	The rìgh at Cathair dhearg and the Keeper at Dùn ìseal set their names 
CHANGE	eras/age_III/annals/age_III_08.json:EIII-8030.body	the Hall at Dùn ìseal	->	Talla na Lasrach	|	baskets as the old toll fish once were packed for the Hall at Dùn ìseal.
CHANGE	eras/age_III/annals/age_III_08.json:EIII-8031.body	the shared-meal law	->	Lagh a' Bhìdh Roinnte	|	 better part of forty years and the woman who set the shared-meal law beside Lachlann Bàn, dies in 
CHANGE	eras/age_III/annals/age_III_08.json:EIII-8033.title	The Four Houses	->	Na Ceithir Taighean	|	The Four Houses begin their quiet counting
CHANGE	eras/age_III/annals/age_III_08.json:EIII-8033.body	the red hall	->	An Talla Dearg	|	f it before her, to reckon what it might claim of the red hall should she die without an hei
CHANGE	eras/age_III/annals/age_III_08.json:EIII-8033.body	the Keeper's	->	Coimhdeach na Fine's	|	he die without an heir; Sliochd Mhuirich, holding the Keeper's own office, makes no claim at
CHANGE	eras/age_III/annals/age_III_08.json:EIII-8035.body	the red hall	->	An Talla Dearg	|	On her father's death Oighrig nic Lachlainn takes the red hall in her one-and-twentieth year
CHANGE	eras/age_III/annals/age_III_08.json:EIII-8037.body	the shared-meal law	->	Lagh a' Bhìdh Roinnte	|	 of one beside him, the boy's first sight of what the shared-meal law meant in a true want.
CHANGE	eras/age_III/annals/age_III_08.json:EIII-8039.body	the red hall	->	An Talla Dearg	|	 hide, in the house's small square hand, whatever the red hall sends him to copy. The boy gr
CHANGE	eras/age_III/annals/age_III_08.json:EIII-8040.title	the king-list	->	Clàr nan Rìghrean	|	Why the king-list is kept in six copies
CHANGE	eras/age_III/annals/age_III_08.json:EIII-8040.body	the king-list	->	Clàr nan Rìghrean	|	Asked by his small son why the king-list needs six copies where a tith
CHANGE	eras/age_III/annals/age_III_08.json:EIII-8043.body	the red hall	->	An Talla Dearg	|	first rides the day and a half from Seann Dunn to the red hall alone, the rolls in a satchel
CHANGE	eras/age_III/annals/age_III_08.json:EIII-8044.body	the red hall	->	An Talla Dearg	|	ge of the whole reign between the woman who holds the red hall and the clerk who will one da
CHANGE	eras/age_III/annals/age_III_08.json:EIII-8046.body	the Four Houses	->	Na Ceithir Taighean	|	At the Four Houses' meeting at Dùn ìseal, Slioch
CHANGE	eras/age_III/annals/age_III_08.json:EIII-8046.body	the red hall	->	An Talla Dearg	|	ses' meeting at Dùn ìseal, Sliochd Ìomhair claims the red hall by blood, Sliochd Thormoid by
CHANGE	eras/age_III/annals/age_III_08.json:EIII-8046.body	the Keeper's	->	Coimhdeach na Fine's	|	s boats and silver. Sliochd Mhuirich, which holds the Keeper's office, makes no claim and sa
CHANGE	eras/age_III/annals/age_III_08.json:EIII-8047.title	the Four Houses	->	Na Ceithir Taighean	|	Gilleasbuig watches the Four Houses argue
CHANGE	eras/age_III/annals/age_III_08.json:EIII-8047.body	the Four Houses	->	Na Ceithir Taighean	|	 to see them, Gilleasbuig Mòr sits at the edge of the Four Houses' long sitting at Dùn ìseal, a
CHANGE	eras/age_III/annals/age_III_08.json:EIII-8048.body	the red hall	->	An Talla Dearg	|	k's choosing on one condition: that whoever takes the red hall, the graves at Dùn dhearg rem
CHANGE	eras/age_III/annals/age_III_08.json:EIII-8049.body	the Four Houses	->	Na Ceithir Taighean	|	Sliochd Raghnaill is the first of the Four Houses to put Gilleasbuig Mòr's own 
CHANGE	eras/age_III/annals/age_III_08.json:EIII-8049.body	the red hall	->	An Talla Dearg	|	ses to put Gilleasbuig Mòr's own name forward for the red hall, on the reasoning that a cler
CHANGE	eras/age_III/annals/age_III_08.json:EIII-8050.body	the red hall's	->	An Talla Dearg's	|	en, to sit beside him at Cathair dhearg and learn the red hall's own rolls before he is taught
CHANGE	eras/age_III/annals/age_III_08.json:EIII-8051.body	the king-list	->	Clàr nan Rìghrean	|	 the cup is set in his hands, Gilleasbuig Mòr has the king-list copied again from its beginni
CHANGE	eras/age_III/annals/age_III_08.json:EIII-8052.title	the red hall	->	An Talla Dearg	|	Gilleasbuig sleeps in the clerks' room of the red hall
CHANGE	eras/age_III/annals/age_III_08.json:EIII-8054.title	The Keeper's	->	Coimhdeach na Fine's	|	The Keeper's cutter tries Seann Dunn's lam
CHANGE	eras/age_III/annals/age_III_08.json:EIII-8054.body	the Law	->	Lagh an Loscaidh Bhig	|	e enlarged temple at Seann Dunn burns fuller than the Law allows. A Keeper's cutter is 
CHANGE	eras/age_III/annals/age_III_08.json:EIII-8055.body	the house of Ìomhar	->	Sliochd Ìomhair	|	a boy with a satchel of rolls, to be buried among the house of Ìomhar as Sliochd Ìomhair had sworn 
CHANGE	eras/age_III/annals/age_III_08.json:EIII-8056.body	the red hall	->	An Talla Dearg	|	Gilleasbuig's son Tormod takes the red hall in his one-and-fortieth year 
CHANGE	eras/age_III/annals/age_III_08.json:EIII-8056.body	the Four Houses	->	Na Ceithir Taighean	|	 his one-and-fortieth year without any meeting of the Four Houses, and none asks for one; a son
CHANGE	eras/age_III/annals/age_III_09.json:EIII-9006.body	the red hall	->	An Talla Dearg	|	A reeve of Ros dhomhain writes more than once to the red hall that Caol mhòr pays what it p
CHANGE	eras/age_III/annals/age_III_09.json:EIII-9006.body	The red hall	->	An Talla Dearg	|	s what it pleases and answers to whom it pleases. The red hall mostly sends no answer; the n
CHANGE	eras/age_III/annals/age_III_09.json:EIII-9013.title	The far-off house	->	An Sligeanach Fad' às	|	The far-off house is rebuilt in stone
CHANGE	eras/age_III/annals/age_III_09.json:EIII-9013.body	the far-off house	->	An Sligeanach Fad' às	|	The waypoint house the carriers call the far-off house, so distant from any town tha
CHANGE	eras/age_III/annals/age_III_09.json:EIII-9015.title	The Keeper	->	Coimhdeach na Fine	|	The Keeper rules fire-water no burning o
CHANGE	eras/age_III/annals/age_III_09.json:EIII-9015.title	the Law	->	Lagh an Loscaidh Bhig	|	The Keeper rules fire-water no burning of the Law
CHANGE	eras/age_III/annals/age_III_09.json:EIII-9015.body	the Small-Burning Law	->	Lagh an Loscaidh Bhig	|	 of the northern road to rule on fire-water under the Small-Burning Law, the Keeper of that generatio
CHANGE	eras/age_III/annals/age_III_09.json:EIII-9015.body	the Keeper	->	Coimheadaiche na Lasrach	|	o rule on fire-water under the Small-Burning Law, the Keeper of that generation answers th
CHANGE	eras/age_III/annals/age_III_09.json:EIII-9015.body	the Law	->	Lagh an Loscaidh Bhig	|	at a fire kept in a man's own belly is no burning the Law was written to answer for, an
CHANGE	eras/age_III/annals/age_III_09.json:EIII-9015.body	the Hall	->	Talla na Lasrach	|	rning the Law was written to answer for, and that the Hall will rule on drink the day it
CHANGE	eras/age_III/annals/age_III_09.json:EIII-9022.body	the red hall	->	An Talla Dearg	|	Anna Ruadh leaves the red hall in spring with a dozen of her
CHANGE	eras/age_III/annals/age_III_09.json:EIII-9024.title	the sunny house's	->	An Taigh-òsta Grianach's	|	Anna Ruadh takes the sunny house's charter to stone
CHANGE	eras/age_III/annals/age_III_09.json:EIII-9024.body	the sunny house	->	An Taigh-òsta Grianach	|	The keeper of the sunny house on the road to Cnoc leathan, 
CHANGE	eras/age_III/annals/age_III_09.json:EIII-9029.title	The Keeper	->	Coimhdeach na Fine	|	The Keeper protests the wood-watcher in 
CHANGE	eras/age_III/annals/age_III_09.json:EIII-9029.title	the red hall	->	An Talla Dearg	|	The Keeper protests the wood-watcher in the red hall
CHANGE	eras/age_III/annals/age_III_09.json:EIII-9029.body	The Keeper	->	Coimhdeach na Fine	|	The Keeper at Dùn ìseal sends a protest 
CHANGE	eras/age_III/annals/age_III_09.json:EIII-9029.body	the Binding	->	An Ceangal	|	uadh walked, asking by what right a hall built on the Binding keeps an omen-reader who answ
CHANGE	eras/age_III/annals/age_III_09.json:EIII-9030.body	the Keeper's	->	Coimhdeach na Fine's	|	 wood-watcher, doubles its own cutter's visits to the Keeper's measure without being asked, 
CHANGE	eras/age_III/annals/age_III_09.json:EIII-9031.body	the sunny house	->	An Taigh-òsta Grianach	|	 her last winter Anna Ruadh has the toll rolls of the sunny house and of Slighe Cnoc leathan re
CHANGE	eras/age_III/annals/age_III_09.json:EIII-9033.body	the Keepers' roll	->	Clàr an Talla	|	Before the knife reaches the Keepers' roll, the clerk Seumas Bàn sends f
CHANGE	eras/age_III/annals/age_III_09.json:EIII-9035.body	the Hall's	->	Talla na Lasrach's	|	st of the fowler households of Seann Skell, meets the Hall's cutter Ruairidh Òg at her own
CHANGE	eras/age_III/annals/age_III_09.json:EIII-9035.body	the Keeper's	->	Coimheadaiche na Lasrach's	|	 tells him the dawn measure is the hawk's and not the Keeper's, allowing him only to watch f
CHANGE	eras/age_III/annals/age_III_09.json:EIII-9036.title	the Fianna's	->	an Fhianna's	|	A guard swears the Fianna's new oath at Caol leathan
CHANGE	eras/age_III/annals/age_III_09.json:EIII-9042.body	the warm springs	->	Fuarain Theth Muileann ruadh	|	Beathag Fhionn, keeper of the bath-house over the warm springs at Muileann ruadh, rules that
CHANGE	eras/age_III/annals/age_III_09.json:EIII-9044.body	the red hall	->	An Talla Dearg	|	e laws for every province, dies in his own bed at the red hall in the ninety-first year of h
CHANGE	eras/age_III/annals/age_III_09.json:EIII-9044.body	the Four Houses	->	Na Ceithir Taighean	|	each Donn takes up the cup without any meeting of the Four Houses being called.
CHANGE	eras/age_III/annals/age_III_09.json:EIII-9045.title	the red hall	->	An Talla Dearg	|	Coinneach Donn takes the red hall without a meeting
CHANGE	eras/age_III/annals/age_III_09.json:EIII-9045.body	the red hall	->	An Talla Dearg	|	Coinneach Bàn's son Coinneach Donn takes the red hall as sons of that house always 
CHANGE	eras/age_III/annals/age_III_09.json:EIII-9045.body	the Four Houses	->	Na Ceithir Taighean	|	ons of that house always have, with no meeting of the Four Houses; outlying reeves learn of one
CHANGE	eras/age_III/annals/age_III_09.json:EIII-9047.title	the Four Houses	->	Na Ceithir Taighean	|	Tormod Donn's claim before the Four Houses
CHANGE	eras/age_III/annals/age_III_09.json:EIII-9047.body	the Four Houses	->	Na Ceithir Taighean	|	Tormod Donn brings a claim to the Four Houses at Dùn ìseal against his niec
CHANGE	eras/age_III/annals/age_III_09.json:EIII-9048.title	the Four Houses	->	Na Ceithir Taighean	|	Catrìona nic Mhuirich speaks for Mòr before the Four Houses
CHANGE	eras/age_III/annals/age_III_09.json:EIII-9048.body	the Keeper	->	Coimheadaiche na Lasrach	|	With the houses split and the winter spent, the Keeper Catrìona nic Mhuirich tells t
CHANGE	eras/age_III/annals/age_III_09.json:EIII-9048.body	the red hall	->	An Talla Dearg	|	pent, the Keeper Catrìona nic Mhuirich tells them the red hall is no business of the Hall's 
CHANGE	eras/age_III/annals/age_III_09.json:EIII-9048.body	the Hall's	->	Talla na Lasrach's	|	huirich tells them the red hall is no business of the Hall's to give, but that she will se
CHANGE	eras/age_III/annals/age_III_09.json:EIII-9049.body	the Four Houses	->	Na Ceithir Taighean	|	 at Cuan ruadh, after Catrìona nic Mhuirich tells the Four Houses she will set the cup in no ha
CHANGE	eras/age_III/annals/age_III_09.json:EIII-9049.body	the house of Tormod	->	Sliochd Thormoid	|	p in no hand but Mòr's. It is the last such claim the house of Tormod contests.
CHANGE	eras/age_III/annals/age_III_09.json:EIII-9050.title	the Keeper	->	Coimhdeach na Fine	|	Mòr asks the Keeper whether her uncle's claim was
CHANGE	eras/age_III/annals/age_III_09.json:EIII-9050.body	The Keeper	->	Coimhdeach na Fine	|	her her uncle's claim was wicked or only foolish. The Keeper answers that few claims are p
CHANGE	eras/age_III/annals/age_III_09.json:EIII-9051.body	the red hall	->	An Talla Dearg	|	watch-tower at Baile ruadh. He holds no office at the red hall and keeps, through her reign,
CHANGE	eras/age_III/annals/age_III_09.json:EIII-9052.body	the red hall	->	An Talla Dearg	|	Tormod Donn, who once claimed the red hall against his niece, dies at Cu
CHANGE	eras/age_III/annals/age_III_09.json:EIII-9055.body	the Holy Age	->	An Aois Naomh	|	 in blood to raise a claim. Hers is the last name the Holy Age itself sets down in the king-
CHANGE	eras/age_III/annals/age_III_09.json:EIII-9055.body	the king-list	->	Clàr nan Rìghrean	|	is the last name the Holy Age itself sets down in the king-list.
CHANGE	eras/age_III/annals/age_III_09.json:EIII-9056.body	the Four Houses	->	Na Ceithir Taighean	|	f her mother's death, by her own house's word and the Four Houses' assent, rather than by a win
CHANGE	eras/age_III/annals/age_III_09.json:EIII-9057.body	the king-list	->	Clàr nan Rìghrean	|	Finding the old skin of the king-list and the Keepers' roll filled 
CHANGE	eras/age_III/annals/age_III_09.json:EIII-9057.body	the Keepers' roll	->	Clàr an Talla	|	Finding the old skin of the king-list and the Keepers' roll filled to its last line with 
CHANGE	eras/age_III/annals/age_III_09.json:EIII-9059.body	the king-list	->	Clàr nan Rìghrean	|	The skin of the king-list and the Keepers' roll kept si
CHANGE	eras/age_III/annals/age_III_09.json:EIII-9059.body	the Keepers' roll	->	Clàr an Talla	|	The skin of the king-list and the Keepers' roll kept since Coinneach Bàn's da
CHANGE	eras/age_III/annals/age_III_09.json:EIII-9059.body	the Hall	->	Talla na Lasrach	|	es it and lays it in the chest with every roll of the Hall before it, so that no name la
CHANGE	eras/age_III/book/01_of_iomhar_dearg_and_the_bier_of_spears.md:30	the Red Hill	->	An Cnoc Ruadh	|	ouse arguing for a stretch of river-grazing below the Red Hill that a nephew of his claimed 
CHANGE	eras/age_III/book/01_of_iomhar_dearg_and_the_bier_of_spears.md:146	the Red Share	->	an Earrann Dhearg	|	holding was called afterward *an Earrann Dhearg*, the Red Share, for the hill and for the blo
CHANGE	eras/age_III/book/02_of_the_runner_at_the_spring.md:7	the knot-keepers	->	Luchd nan Snaidhm	|	*At Dùn ìseal the knot-keepers tell this, and they tell it w
CHANGE	eras/age_III/book/02_of_the_runner_at_the_spring.md:79	the Mason's line	->	Clann a' Chlachair	|	king, the tellers of Dùn ìseal and the tellers of the Mason's line do not agree, and each has a 
CHANGE	eras/age_III/book/02_of_the_runner_at_the_spring.md:83	the knot-keepers	->	Luchd nan Snaidhm	|	mound on that slope, grown over with heather, and the knot-keepers of Dùn ìseal will take you to
CHANGE	eras/age_III/book/02_of_the_runner_at_the_spring.md:85	the Mason's line	->	Clann a' Chlachair	|	The tellers of the Mason's line say otherwise. There was a ma
CHANGE	eras/age_III/book/02_of_the_runner_at_the_spring.md:85	the Mason's line	->	Clann a' Chlachair	|	ring-house when the bier came in. The reciters of the Mason's line say that it was Seathan who w
CHANGE	eras/age_III/book/02_of_the_runner_at_the_spring.md:85	the mason's fire	->	Teine a' Chlachair	|	 grove by the gods themselves and was the heir of the mason's fire, and that he should lie where
CHANGE	eras/age_III/book/02_of_the_runner_at_the_spring.md:85	the Mason's line	->	Clann a' Chlachair	|	th road and not by the slope; and the reciters of the Mason's line have a mound of their own to 
CHANGE	eras/age_III/book/02_of_the_runner_at_the_spring.md:89	The knot-keepers	->	Luchd nan Snaidhm	|	The knot-keepers who tell this tale after her 
CHANGE	eras/age_III/book/02_of_the_runner_at_the_spring.md:113	the salt shore	->	Tràigh an t-Salainn	|	body believed anybody else's sticks. A steward of the salt shore came to blows with a steward 
CHANGE	eras/age_III/book/02_of_the_runner_at_the_spring.md:117	long years	->	na Bliadhnachan Fada	|	e said that there was a thin strain of the king's long years in them somewhere far back, t
CHANGE	eras/age_III/book/03_of_the_binding_of_the_first_flame.md:12	the coloured coal	->	an gual dathach	|	der the king the hill-folk of Dia-thìr had burned the coloured coal by the handful and shared the
CHANGE	eras/age_III/book/03_of_the_binding_of_the_first_flame.md:14	the long years	->	na Bliadhnachan Fada	|	name the family did not say, and that a little of the long years had come down to them in the 
CHANGE	eras/age_III/book/03_of_the_binding_of_the_first_flame.md:18	the coloured coal	->	an gual dathach	|	ng as anyone could remember, fed with a little of the coloured coal each night and never let go o
CHANGE	eras/age_III/book/03_of_the_binding_of_the_first_flame.md:18	the Mason's line	->	Clann a' Chlachair	|	 the lot as they passed the slab. The reciters of the Mason's line held that it had been lit fro
CHANGE	eras/age_III/book/03_of_the_binding_of_the_first_flame.md:24	the Binding	->	An Ceangal	|	it was the first promise he made in the matter of the Binding, and that he made it to peopl
CHANGE	eras/age_III/book/03_of_the_binding_of_the_first_flame.md:78	the Binding	->	An Ceangal	|	cousin get it. The tellers of Dùn ìseal, who love the Binding more than any other tale they
CHANGE	eras/age_III/book/03_of_the_binding_of_the_first_flame.md:96	the salt shore	->	Tràigh an t-Salainn	|	k about his father: how he had ridden with him to the salt shore in the first thousand years o
CHANGE	eras/age_III/book/03_of_the_binding_of_the_first_flame.md:114	the coloured coal	->	an gual dathach	|	the whole slope could see it: a small red fire of the coloured coal, burning low, with a thread o
CHANGE	eras/age_III/book/03_of_the_binding_of_the_first_flame.md:118	the Mason's line	->	Clann a' Chlachair	|	The reciters of the Mason's line, standing among the valley pe
CHANGE	eras/age_III/book/03_of_the_binding_of_the_first_flame.md:118	the mason's fire	->	Teine a' Chlachair	|	ame Aodh Crom held up that day had come down from the mason's fire. The keepers never said so, a
CHANGE	eras/age_III/book/03_of_the_binding_of_the_first_flame.md:118	The mason's fire	->	Teine a' Chlachair	|	part after, as the reciters did too, at the last. The mason's fire is the first fire, which the 
CHANGE	eras/age_III/book/03_of_the_binding_of_the_first_flame.md:118	the first fire	->	Teine a' Chlachair	|	eciters did too, at the last. The mason's fire is the first fire, which the lightning lit in t
CHANGE	eras/age_III/book/03_of_the_binding_of_the_first_flame.md:118	The First Flame	->	A' Chiad Lasair	|	in the broken vein at the beginning of the count. The First Flame is the flame that was sworn t
CHANGE	eras/age_III/book/03_of_the_binding_of_the_first_flame.md:118	the Holy Age	->	An Aois Naomh	|	elow Dùn ìseal, and it is from that swearing that the Holy Age has its name.
CHANGE	eras/age_III/book/03_of_the_binding_of_the_first_flame.md:126	the long years	->	na Bliadhnachan Fada	|	 king's blood and old for anyone else, and he had the long years in him, though they were runn
CHANGE	eras/age_III/book/04_of_the_knots.md:7	the knot-keepers	->	Luchd nan Snaidhm	|	*At Dùn ìseal the knot-keepers tell this, and they tell it w
CHANGE	eras/age_III/book/04_of_the_knots.md:43	the line of Fionnghal	->	Sliochd Fhionnghail	|	unted the lines that came after them, the grey of the line of Fionnghal of the western shore, the bro
CHANGE	eras/age_III/book/04_of_the_knots.md:43	the salt shore	->	Tràigh an t-Salainn	|	 the western shore, the brown of Artair's line of the salt shore, the yellow of Cormac's in th
CHANGE	eras/age_III/book/04_of_the_knots.md:101	the long years	->	na Bliadhnachan Fada	|	 eldest, simply of years, having been born before the long years were in the king's blood at a
CHANGE	eras/age_III/book/04_of_the_knots.md:127	the long years	->	na Bliadhnachan Fada	|	en, who were the age of her own daughters and had the long years in them so faintly that they 
CHANGE	eras/age_III/book/04_of_the_knots.md:149	the Binding	->	An Ceangal	|	. It was the first thing they had agreed on since the Binding, and the last for a long whil
CHANGE	eras/age_III/book/04_of_the_knots.md:157	the Gathering of the Heirs	->	Cruinneachadh nan Oighrean	|	gathering is called *Cruinneachadh nan Oighrean*, the Gathering of the Heirs; and the cord Sìne tied at th
CHANGE	eras/age_III/book/04_of_the_knots.md:157	the cord of the heirs	->	Sreang nan Oighrean	|	of its own, and was called *Sreang nan Oighrean*, the cord of the heirs, and was not cut until the ni
CHANGE	eras/age_III/book/04_of_the_knots.md:157	the night of the handful	->	Oidhche an Dòrlaich	|	an*, the cord of the heirs, and was not cut until the night of the handful.
CHANGE	eras/age_III/book/05_of_the_four_rules.md:11	the Roinn	->	Roinn na Rìoghachd	|	ming down from the north for the first time after the Roinn asked what blight had struck 
CHANGE	eras/age_III/book/05_of_the_four_rules.md:45	the long years	->	na Bliadhnachan Fada	|	ong the king's children, older than Murchadh, and the long years in her were nearly spent; and
CHANGE	eras/age_III/book/05_of_the_four_rules.md:65	the great share of the north	->	Earrann Mhurchaidh	|	 steward of Murchadh's line, half as a joke, that the great share of the north would want a rìgh over it the
CHANGE	eras/age_III/book/05_of_the_four_rules.md:73	the great shares	->	na h-Earrannan Mòra	|	e of them all it asked. Let the eldest lines hold the great shares, since the living heirs of mo
CHANGE	eras/age_III/book/05_of_the_four_rules.md:75	the great share of the north	->	Earrann Mhurchaidh	|	at this was very likely why it held. Murchadh had the great share of the north, which was the largest thing 
CHANGE	eras/age_III/book/05_of_the_four_rules.md:83	the night of the handful	->	Oidhche an Dòrlaich	|	from the hearth to the door and back; and that on the night of the handful, when every hearth in the hil
CHANGE	eras/age_III/book/05_of_the_four_rules.md:83	the Hall's	->	Talla na Lasrach's	|	ng, the clause against the crown and the peace of the Hall's own ground among them, should
CHANGE	eras/age_III/book/05_of_the_four_rules.md:85	the nine great shares	->	na h-Earrannan Mòra	|	 that every heir who meant to hold anything under the nine great shares had better be at Dùn ìseal to
CHANGE	eras/age_III/book/05_of_the_four_rules.md:87	the night of the handful	->	Oidhche an Dòrlaich	|	rried between all that year, one single date now, the night of the handful, that every line in the valle
CHANGE	eras/age_III/book/06_of_the_night_of_the_handful.md:12	the salt shore	->	Tràigh an t-Salainn	|	 had told it so many times that the households of the salt shore could say the ending with him
CHANGE	eras/age_III/book/06_of_the_night_of_the_handful.md:14	the night of the handful	->	Oidhche an Dòrlaich	|	aught it and never asks what the game was for. On the night of the handful every household burns its who
CHANGE	eras/age_III/book/06_of_the_night_of_the_handful.md:14	the Small-Burning Law	->	Lagh an Loscaidh Bhig	|	 burns its whole season's measure at once, though the Small-Burning Law was not yet made and would no
CHANGE	eras/age_III/book/06_of_the_night_of_the_handful.md:14	the Hall	->	Talla na Lasrach	|	e for six generations, and no household then owed the Hall a handful of anything. They d
CHANGE	eras/age_III/book/06_of_the_night_of_the_handful.md:14	the Holy Age	->	An Aois Naomh	|	t because there was a night in the second year of the Holy Age when every fire in the gather
CHANGE	eras/age_III/book/06_of_the_night_of_the_handful.md:24	the Binding	->	An Ceangal	|	rs by rights should. He had carried the asking of the Binding and the counting of the knots
CHANGE	eras/age_III/book/06_of_the_night_of_the_handful.md:30	the night of the handful	->	Oidhche an Dòrlaich	|	They chose Oidhche an Dòrlaich for it, the night of the handful, because it was already the o
CHANGE	eras/age_III/book/06_of_the_night_of_the_handful.md:32	the cord of the heirs	->	Sreang nan Oighrean	|	The keepers had the cord of the heirs brought down from its chest a
CHANGE	eras/age_III/book/06_of_the_night_of_the_handful.md:36	the Binding	->	An Ceangal	|	ld, and he leaned on a stick he had not needed at the Binding. He said only one thing befor
CHANGE	eras/age_III/book/06_of_the_night_of_the_handful.md:48	the great share of the north	->	Earrann Mhurchaidh	|	nine, for it held more knots than any other line: the great share of the north, from Baile Mòr mhòr to the h
CHANGE	eras/age_III/book/06_of_the_night_of_the_handful.md:58	the salt shore	->	Tràigh an t-Salainn	|	 cousin of Niall's own generation, of the line of the salt shore, and her name was Ciorstaidh;
CHANGE	eras/age_III/book/06_of_the_night_of_the_handful.md:68	the Roinn	->	Roinn na Rìoghachd	|	But neither of them wanted, on the first night of the Roinn, to be seen arguing over one 
CHANGE	eras/age_III/book/06_of_the_night_of_the_handful.md:68	the salt shore	->	Tràigh an t-Salainn	|	witnesses, and so it was let stand: Ciorstaidh of the salt shore swore to both lines that nigh
CHANGE	eras/age_III/book/06_of_the_night_of_the_handful.md:72	the portion of the dead	->	Cuid nam Marbh	|	t, and where the cord ran thick with the knots of the portion of the dead, thick enough that no eye cou
CHANGE	eras/age_III/book/06_of_the_night_of_the_handful.md:74	the salt shore	->	Tràigh an t-Salainn	|	 or the hills, and got it. Artair mac Ailein took the salt shore, with its seat at the western
CHANGE	eras/age_III/book/06_of_the_night_of_the_handful.md:74	the eastern share	->	Earrann Caol shean	|	 two days' sail. Cormac mac Ailein cut through to the eastern share, seated at Caol shean, a litt
CHANGE	eras/age_III/book/06_of_the_night_of_the_handful.md:76	the Red Hill	->	An Cnoc Ruadh	|	n àrsaidh; Coll mac Ailein took the hills east of the Red Hill, along the Abhainn fhionn, wi
CHANGE	eras/age_III/book/06_of_the_night_of_the_handful.md:78	the cord of the heirs	->	Sreang nan Oighrean	|	When the ninth cut was made the cord of the heirs no longer ran the length of t
CHANGE	eras/age_III/book/06_of_the_night_of_the_handful.md:78	the Red Share	->	an Earrann Dhearg	|	re two lords held the same knot between them; and the Red Share of Ìomhar Dearg, which no kni
CHANGE	eras/age_III/book/06_of_the_night_of_the_handful.md:84	The Red Hill	->	An Cnoc Ruadh	|	The Red Hill was not the Red Share. The Re
CHANGE	eras/age_III/book/06_of_the_night_of_the_handful.md:84	the Red Share	->	an Earrann Dhearg	|	The Red Hill was not the Red Share. The Red Share was Dùn dhearg
CHANGE	eras/age_III/book/06_of_the_night_of_the_handful.md:84	The Red Share	->	An Earrann Dhearg	|	The Red Hill was not the Red Share. The Red Share was Dùn dhearg and the ground
CHANGE	eras/age_III/book/06_of_the_night_of_the_handful.md:84	the Red Hill	->	An Cnoc Ruadh	|	 back. Far to the west, above the lake shore, lay the Red Hill, another place entirely, wher
CHANGE	eras/age_III/book/06_of_the_night_of_the_handful.md:86	the night of the handful	->	Oidhche an Dòrlaich	|	On the night of the handful the Red Hill's holder stood u
CHANGE	eras/age_III/book/06_of_the_night_of_the_handful.md:86	the Red Hill's	->	An Cnoc Ruadh's	|	On the night of the handful the Red Hill's holder stood up in the smoke 
CHANGE	eras/age_III/book/06_of_the_night_of_the_handful.md:86	the Red Hill	->	An Cnoc Ruadh	|	. He said only that he was already free, and that the Red Hill was, as it stood that night, 
CHANGE	eras/age_III/book/06_of_the_night_of_the_handful.md:88	The Red Hill's	->	An Cnoc Ruadh's	|	at first night, that it ought to be sworn to him. The Red Hill's holder said nothing further. 
CHANGE	eras/age_III/book/06_of_the_night_of_the_handful.md:88	The Red Hill	->	An Cnoc Ruadh	|	 settlement that night or for a long while after. The Red Hill stayed as its holder had left
CHANGE	eras/age_III/book/06_of_the_night_of_the_handful.md:90	the Binding	->	An Ceangal	|	e and never would be; that this had been sworn at the Binding and was not to be argued afre
CHANGE	eras/age_III/book/06_of_the_night_of_the_handful.md:96	the portion of the dead	->	Cuid nam Marbh	|	gth of cord of his own to carry; his knot hung in the portion of the dead, after his mother's hollow kn
CHANGE	eras/age_III/book/06_of_the_night_of_the_handful.md:98	The Red Hill	->	An Cnoc Ruadh	|	ys parted along the lines its parting first drew. The Red Hill alone, he would say, sworn to
CHANGE	eras/age_III/book/06_of_the_night_of_the_handful.md:98	the night of the handful	->	Oidhche an Dòrlaich	|	 and of all the things cut and given and sworn on the night of the handful, it was the one piece of the 
CHANGE	eras/age_III/book/07_of_the_stones_and_the_first_blood.md:14	the Red Share's	->	an Earrann Dhearg's	|	 dhearg; he had been in the western grazings with the Red Share's cattle, and what he knew of t
CHANGE	eras/age_III/book/07_of_the_stones_and_the_first_blood.md:14	the Red Share	->	an Earrann Dhearg	|	grown up in the granaries and the cattle-yards of the Red Share, learning what a grandson of 
CHANGE	eras/age_III/book/07_of_the_stones_and_the_first_blood.md:14	the night of the handful	->	Oidhche an Dòrlaich	|	he did not yet know it, any more than Niall Òg on the night of the handful had known he was wrong to thi
CHANGE	eras/age_III/book/07_of_the_stones_and_the_first_blood.md:16	the boundary stones	->	Clachan-crìche	|	 was cut, and had been cut for a year by the time the boundary stones went up. It had taken that lo
CHANGE	eras/age_III/book/07_of_the_stones_and_the_first_blood.md:18	the boundary stones	->	Clachan-crìche	|	They called them *clachan-crìche*, the boundary stones, and there came to be a great
CHANGE	eras/age_III/book/07_of_the_stones_and_the_first_blood.md:18	the Hall's	->	Talla na Lasrach's	|	nothing about this, because it was no business of the Hall's what the heirs did with their
CHANGE	eras/age_III/book/07_of_the_stones_and_the_first_blood.md:20	the Red Hill	->	An Cnoc Ruadh	|	people had ever banked away from the mountain and the Red Hill both, in years so far back th
CHANGE	eras/age_III/book/07_of_the_stones_and_the_first_blood.md:20	the great share of the north	->	Earrann Mhurchaidh	|	 sat close by the line the cord had drawn between the great share of the north, which was Murchadh Mòr's, an
CHANGE	eras/age_III/book/07_of_the_stones_and_the_first_blood.md:20	the Red Share	->	an Earrann Dhearg	|	share of the north, which was Murchadh Mòr's, and the Red Share of Ìomhar Dearg, and it sat c
CHANGE	eras/age_III/book/07_of_the_stones_and_the_first_blood.md:20	the Red Share	->	an Earrann Dhearg	|	d another on the south bank, cut with the sign of the Red Share, and left the fort, and the s
CHANGE	eras/age_III/book/07_of_the_stones_and_the_first_blood.md:22	the Holy Age	->	An Aois Naomh	|	h rode it, in the wet spring of the third year of the Holy Age, he rode it alone, with twent
CHANGE	eras/age_III/book/07_of_the_stones_and_the_first_blood.md:22	the Red Share	->	an Earrann Dhearg	|	he Holy Age, he rode it alone, with twenty men of the Red Share behind him and the cattle of 
CHANGE	eras/age_III/book/07_of_the_stones_and_the_first_blood.md:32	the Red Share	->	an Earrann Dhearg	|	side had been reasonable, for northerners, or for the Red Share, whichever way the telling ra
CHANGE	eras/age_III/book/07_of_the_stones_and_the_first_blood.md:38	the long years	->	na Bliadhnachan Fada	|	 though he was four hundred years old and had, by the long years of his own line, perhaps a th
CHANGE	eras/age_III/book/07_of_the_stones_and_the_first_blood.md:52	the strife of the heirs	->	Aimhreit nan Oighrean	|	With that death began *Aimhreit nan Oighrean*, the strife of the heirs. It was a feud first between 
CHANGE	eras/age_III/book/07_of_the_stones_and_the_first_blood.md:52	the Roinn	->	Roinn na Rìoghachd	|	r, as they had married for a hundred years before the Roinn and went on marrying after it
CHANGE	eras/age_III/book/07_of_the_stones_and_the_first_blood.md:52	the nine great shares	->	na h-Earrannan Mòra	|	ant to end it, until there was scarcely a line of the nine great shares that did not, sooner or later
CHANGE	eras/age_III/book/07_of_the_stones_and_the_first_blood.md:56	the Roinn	->	Roinn na Rìoghachd	|	 more or less, with stone, were the whole of what the Roinn had settled; but under each o
CHANGE	eras/age_III/book/07_of_the_stones_and_the_first_blood.md:60	the Roinn	->	Roinn na Rìoghachd	|	an old man who had built the wheel himself before the Roinn was so much as thought of and
CHANGE	eras/age_III/book/07_of_the_stones_and_the_first_blood.md:62	the boundary stones	->	Clachan-crìche	|	ummers after the stones went up at Dùn thais, and the boundary stones themselves went on being set 
CHANGE	eras/age_III/book/07_of_the_stones_and_the_first_blood.md:62	the Red Share	->	an Earrann Dhearg	|	rd's steward ever did, that a man could walk from the Red Share to the great share of the nor
CHANGE	eras/age_III/book/07_of_the_stones_and_the_first_blood.md:62	the great share of the north	->	Earrann Mhurchaidh	|	 did, that a man could walk from the Red Share to the great share of the north in a single day and cross nin
CHANGE	eras/age_III/book/07_of_the_stones_and_the_first_blood.md:66	The knot-keepers	->	Luchd nan Snaidhm	|	The knot-keepers of Dùn ìseal, who had counted
CHANGE	eras/age_III/book/07_of_the_stones_and_the_first_blood.md:66	the Roinn	->	Roinn na Rìoghachd	|	had counted the seven hundred and twelve knots of the Roinn on Sìne's own cord and never 
CHANGE	eras/age_III/book/07_of_the_stones_and_the_first_blood.md:68	the eastern share	->	Earrann Caol shean	|	, though even as they counted it two provinces of the eastern share fell to quarrelling over a fi
CHANGE	eras/age_III/book/07_of_the_stones_and_the_first_blood.md:70	the knot-keepers	->	Luchd nan Snaidhm	|	Below the provinces lay the counties, and there the knot-keepers gave up.
CHANGE	eras/age_III/book/07_of_the_stones_and_the_first_blood.md:72	the nine great shares	->	na h-Earrannan Mòra	|	d showed no sign of stopping, that she could keep the nine great shares in her head until she died an
CHANGE	eras/age_III/book/07_of_the_stones_and_the_first_blood.md:74	the Binding	->	An Ceangal	|	d have made him, and he had carried the asking of the Binding and the counting of the first
CHANGE	eras/age_III/book/07_of_the_stones_and_the_first_blood.md:78	the Red Share	->	an Earrann Dhearg	|	d summer after the stones went up, a household of the Red Share that had suffered a raid from
CHANGE	eras/age_III/book/07_of_the_stones_and_the_first_blood.md:78	the Hall's	->	Talla na Lasrach's	|	s driven off in the night, brought its steward to the Hall's own ground under the central 
CHANGE	eras/age_III/book/07_of_the_stones_and_the_first_blood.md:80	the Binding	->	An Ceangal	|	n up the hill and finish on the very ground where the Binding had been sworn. Aodh Crom, ol
CHANGE	eras/age_III/book/07_of_the_stones_and_the_first_blood.md:80	the night of the handful	->	Oidhche an Dòrlaich	|	 a hand, and said what he had said once before on the night of the handful, in much the same short way: 
CHANGE	eras/age_III/book/07_of_the_stones_and_the_first_blood.md:80	the Binding	->	An Ceangal	|	the boundary the keepers themselves had walked at the Binding, was in no share and never wo
CHANGE	eras/age_III/book/07_of_the_stones_and_the_first_blood.md:82	the Hall's	->	Talla na Lasrach's	|	o away, but they went away on their own feet, and the Hall's ground kept, that summer, the
CHANGE	eras/age_III/book/07_of_the_stones_and_the_first_blood.md:84	the strife of the heirs	->	Aimhreit nan Oighrean	|	gh a good many boundaries would open again before the strife of the heirs was done, and Ruairidh Glas w
CHANGE	eras/age_III/book/07_of_the_stones_and_the_first_blood.md:84	the Red Share	->	an Earrann Dhearg	|	he heirs was done, and Ruairidh Glas went home to the Red Share with them, older than his thr
CHANGE	eras/age_III/book/08_of_beathag_bhan.md:11	the Binding	->	An Ceangal	|	nd behind them stood the households who had sworn the Binding in the first weeks after the 
CHANGE	eras/age_III/book/08_of_beathag_bhan.md:45	the Hall	->	Talla na Lasrach	|	whatever their own household's gossip had made of the Hall before they arrived, and each
CHANGE	eras/age_III/book/08_of_beathag_bhan.md:57	the Keeper	->	Coimheadaiche na Lasrach	|	d read it another way entirely: an heir's gift to the Keeper of the flame, a gift into the
CHANGE	eras/age_III/book/08_of_beathag_bhan.md:73	the Hall's	->	Talla na Lasrach's	|	r arms, she said once to Beitris, learned more of the Hall's building than her hands ever 
CHANGE	eras/age_III/book/08_of_beathag_bhan.md:79	the Hall	->	Talla na Lasrach	|	the foot of the new walls, since the ground below the Hall, unlike every other ground on
CHANGE	eras/age_III/book/08_of_beathag_bhan.md:81	the strife of the heirs	->	Aimhreit nan Oighrean	|	 had already begun to call Aimhreit nan Oighrean, the strife of the heirs, and would go on calling it f
CHANGE	eras/age_III/book/08_of_beathag_bhan.md:81	(appositive)	->	Aimhreit nan Oighrean	|	dropped the English gloss beside Aimhreit nan Oighrean
CHANGE	eras/age_III/book/08_of_beathag_bhan.md:85	the Hall	->	Talla na Lasrach	|	anyone tended a hearth over it or not; the ground the Hall stood on was another matter, 
CHANGE	eras/age_III/book/08_of_beathag_bhan.md:91	the Roinn	->	Roinn na Rìoghachd	|	lain unmarked length beside the tangled record of the Roinn, and told anyone who asked th
CHANGE	eras/age_III/book/09_of_the_cairns_and_the_unentered_temple.md:8	the nine hearths	->	Na Naoi Teallaichean	|	> — said still among the nine hearths, of the reverence that took n
CHANGE	eras/age_III/book/09_of_the_cairns_and_the_unentered_temple.md:12	the nine hearths	->	Na Naoi Teallaichean	|	old at Dùn ìseal, by those who keep the memory of the nine hearths the way the knot-keepers keep
CHANGE	eras/age_III/book/09_of_the_cairns_and_the_unentered_temple.md:12	the knot-keepers	->	Luchd nan Snaidhm	|	e who keep the memory of the nine hearths the way the knot-keepers keep the memory of the cord, 
CHANGE	eras/age_III/book/09_of_the_cairns_and_the_unentered_temple.md:14	the eastern share	->	Earrann Caol shean	|	 came, was no stranger to the valley: a walker of the eastern share who had married into the nint
CHANGE	eras/age_III/book/09_of_the_cairns_and_the_unentered_temple.md:14	the Hall	->	Talla na Lasrach	|	thag Bhàn, and who asked, on his first evening in the Hall, what the households called t
CHANGE	eras/age_III/book/09_of_the_cairns_and_the_unentered_temple.md:16	the Hall's	->	Talla na Lasrach's	|	elf, who gave it its name that winter, sitting by the Hall's own hearth with the flame bet
CHANGE	eras/age_III/book/09_of_the_cairns_and_the_unentered_temple.md:16	the Old Spirits of the Dia-thìrich	->	Na Seann Spioradan	|	r's question: *Seann Spioradan nan Dia-thìreach*, the Old Spirits of the Dia-thìrich, and when the stranger asked 
CHANGE	eras/age_III/book/09_of_the_cairns_and_the_unentered_temple.md:24	the Hall	->	Talla na Lasrach	|	of the wind, and it was there, in the years after the Hall was raised, that the watching
CHANGE	eras/age_III/book/09_of_the_cairns_and_the_unentered_temple.md:40	the Hall	->	Talla na Lasrach	|	th a cloak drawn tight, and sent the word down to the Hall that the galleries might open
CHANGE	eras/age_III/book/09_of_the_cairns_and_the_unentered_temple.md:48	the Binding	->	An Ceangal	|	 prohibition as strictly as they held to anything the Binding itself demanded, though none 
CHANGE	eras/age_III/book/09_of_the_cairns_and_the_unentered_temple.md:54	the Hall	->	Talla na Lasrach	|	His mother carried him down to the Hall herself rather than risk the 
CHANGE	eras/age_III/book/09_of_the_cairns_and_the_unentered_temple.md:58	the Hall's	->	Talla na Lasrach's	|	o bring a sick child or a frost-bitten hand up to the Hall's own hearth, since the ban spo
CHANGE	eras/age_III/book/09_of_the_cairns_and_the_unentered_temple.md:58	the Keeper's	->	Coimhdeach na Fine's	|	he flint told his own children, in his turn, that the Keeper's hearth had once been held ope
CHANGE	eras/age_III/book/09_of_the_cairns_and_the_unentered_temple.md:62	the temple ruin	->	Làrach an Teampaill	|	into, that the valley called Làrach an Teampaill, the temple ruin, and had called it that for l
CHANGE	eras/age_III/book/09_of_the_cairns_and_the_unentered_temple.md:62	(appositive)	->	Làrach an Teampaill	|	dropped the English gloss beside Làrach an Teampaill
CHANGE	eras/age_III/book/09_of_the_cairns_and_the_unentered_temple.md:64	the Hall	->	Talla na Lasrach	|	ce had its slab at Dùn ìseal and no other; not to the Hall, whose flame was sworn to tou
CHANGE	eras/age_III/book/09_of_the_cairns_and_the_unentered_temple.md:64	the Roinn	->	Roinn na Rìoghachd	|	 or less the same words: that it had stood before the Roinn, before the Binding, before, 
CHANGE	eras/age_III/book/09_of_the_cairns_and_the_unentered_temple.md:64	the Binding	->	An Ceangal	|	words: that it had stood before the Roinn, before the Binding, before, by the look of the m
CHANGE	eras/age_III/book/09_of_the_cairns_and_the_unentered_temple.md:78	the nine hearths	->	Na Naoi Teallaichean	|	quieter years than the ones before them, in which the nine hearths came and went in their turns 
CHANGE	eras/age_III/book/09_of_the_cairns_and_the_unentered_temple.md:78	the Hall's	->	Talla na Lasrach's	|	the nine hearths came and went in their turns and the Hall's roof held against every winte
CHANGE	eras/age_III/book/09_of_the_cairns_and_the_unentered_temple.md:82	the Hall	->	Talla na Lasrach	|	They laid her on the slope below the Hall, facing the vein under the mo
CHANGE	eras/age_III/book/09_of_the_cairns_and_the_unentered_temple.md:84	The nine hearths	->	Na Naoi Teallaichean	|	The nine hearths gathered within the week to c
CHANGE	eras/age_III/book/09_of_the_cairns_and_the_unentered_temple.md:86	the nine hearths	->	Na Naoi Teallaichean	|	 without saying so aloud. He was named that week, the nine hearths agreeing on him faster than a
CHANGE	eras/age_III/book/09_of_the_cairns_and_the_unentered_temple.md:88	the Hall	->	Talla na Lasrach	|	hout much to say for himself, and carried it into the Hall that same evening, past the d
CHANGE	eras/age_III/book/10_of_muireach_liath_and_the_luck-stream.md:12	the nine hearths	->	Na Naoi Teallaichean	|	h Liath had held the flame a year before he asked the nine hearths for anything, and what he ask
CHANGE	eras/age_III/book/10_of_muireach_liath_and_the_luck-stream.md:20	the Binding	->	An Ceangal	|	Beitris, who had kept the slab since before the Binding and buried a Keeper, said of 
CHANGE	eras/age_III/book/10_of_muireach_liath_and_the_luck-stream.md:30	the eastern share	->	Earrann Caol shean	|	r not much, and the tellers say the households of the eastern share laughed at her more than they
CHANGE	eras/age_III/book/10_of_muireach_liath_and_the_luck-stream.md:36	the Hall	->	Talla na Lasrach	|	any such tellings in those years, sitting outside the Hall on evenings when the pilgrims
CHANGE	eras/age_III/book/10_of_muireach_liath_and_the_luck-stream.md:36	the nine hearths	->	Na Naoi Teallaichean	|	hout endorsing any, a habit that more than one of the nine hearths took, in time, for wisdom, an
CHANGE	eras/age_III/book/10_of_muireach_liath_and_the_luck-stream.md:40	the Binding	->	An Ceangal	|	anted for people willing to claim more of it than the Binding allowed them, and it was perh
CHANGE	eras/age_III/book/10_of_muireach_liath_and_the_luck-stream.md:42	the Hall's	->	Talla na Lasrach's	|	morning when the mist still lay in the valley and the Hall's own hearth had not long been 
CHANGE	eras/age_III/book/10_of_muireach_liath_and_the_luck-stream.md:44	the Hall's	->	Talla na Lasrach's	|	n the vein runs under," she said. "If the vein is the Hall's to answer for, why not the st
CHANGE	eras/age_III/book/10_of_muireach_liath_and_the_luck-stream.md:46	the nine hearths	->	Na Naoi Teallaichean	|	at all, which was a thing he had a name for among the nine hearths by then, though not always a 
CHANGE	eras/age_III/book/10_of_muireach_liath_and_the_luck-stream.md:48	the Hall	->	Talla na Lasrach	|	his mountain to answer for anything. I won't have the Hall claim what it never gave and 
CHANGE	eras/age_III/book/10_of_muireach_liath_and_the_luck-stream.md:54	the Hall's	->	Talla na Lasrach's	|	t the households came to see it as the first time the Hall's own reckoning and the older r
CHANGE	eras/age_III/book/10_of_muireach_liath_and_the_luck-stream.md:54	the nine hearths	->	Na Naoi Teallaichean	|	e Hall's own reckoning and the older reverence of the nine hearths, which up to then had run alo
CHANGE	eras/age_III/book/10_of_muireach_liath_and_the_luck-stream.md:54	the Hall	->	Talla na Lasrach	|	pt the ancestors' watch took Muireach's ruling as the Hall admitting, plainly, that ther
CHANGE	eras/age_III/book/10_of_muireach_liath_and_the_luck-stream.md:54	the Hall's	->	Talla na Lasrach's	|	f the slab, for their part, took it as proof that the Hall's flame answered only for what 
CHANGE	eras/age_III/book/10_of_muireach_liath_and_the_luck-stream.md:60	the warm springs	->	Fuarain Theth Muileann ruadh	|	into a shoulder of grey rock above a wooded glen, the warm springs of Muileann ruadh had run sin
CHANGE	eras/age_III/book/10_of_muireach_liath_and_the_luck-stream.md:62	the Roinn	->	Roinn na Rìoghachd	|	had been carried there in litters for longer than the Roinn itself, but it was in Muireac
CHANGE	eras/age_III/book/10_of_muireach_liath_and_the_luck-stream.md:64	the Hall's	->	Talla na Lasrach's	|	e keepers of the slab thought the practice wanted the Hall's blessing, or its restraint, o
CHANGE	eras/age_III/book/10_of_muireach_liath_and_the_luck-stream.md:74	the First Flame	->	A' Chiad Lasair	|	e, of Somhairle's line, who had carried a coal of the First Flame home from the Binding and ask
CHANGE	eras/age_III/book/10_of_muireach_liath_and_the_luck-stream.md:74	the Binding	->	An Ceangal	|	o had carried a coal of the First Flame home from the Binding and asked for nothing since, 
CHANGE	eras/age_III/book/10_of_muireach_liath_and_the_luck-stream.md:76	the Roinn	->	Roinn na Rìoghachd	|	 claim a share of anything in all the years since the Roinn, and the hearths at Dùn ìseal
CHANGE	eras/age_III/book/10_of_muireach_liath_and_the_luck-stream.md:76	the nine great shares	->	na h-Earrannan Mòra	|	e's line as a thing apart from the quarrelling of the nine great shares, a people who lived on the mo
CHANGE	eras/age_III/book/10_of_muireach_liath_and_the_luck-stream.md:80	the Binding	->	An Ceangal	|	wn Gille-Brìde only once, briefly, on the morning the Binding was sworn, a still man among 
CHANGE	eras/age_III/book/10_of_muireach_liath_and_the_luck-stream.md:88	the Roinn	->	Roinn na Rìoghachd	|	Murchadh Mòr, eldest of Ailean's living sons at the Roinn and the first of the seven hu
CHANGE	eras/age_III/book/10_of_muireach_liath_and_the_luck-stream.md:90	the great shares	->	na h-Earrannan Mòra	|	e else in the years of calm that had settled over the great shares since the shares of shares we
CHANGE	eras/age_III/book/10_of_muireach_liath_and_the_luck-stream.md:102	the Roinn	->	Roinn na Rìoghachd	|	at had stood on the mountain's other flanks since the Roinn, each with its own hall and i
CHANGE	eras/age_III/book/10_of_muireach_liath_and_the_luck-stream.md:106	the boundary stones	->	Clachan-crìche	|	the feud down since, rode with a dozen men across the boundary stones into the Red Share's northern
CHANGE	eras/age_III/book/10_of_muireach_liath_and_the_luck-stream.md:106	the Red Share's	->	an Earrann Dhearg's	|	 with a dozen men across the boundary stones into the Red Share's northern grazing and drove of
CHANGE	eras/age_III/book/10_of_muireach_liath_and_the_luck-stream.md:108	the boundary stones	->	Clachan-crìche	|	llow years, a fresh grievance to spend itself on, the boundary stones at Dùn thais having stood lon
CHANGE	eras/age_III/book/10_of_muireach_liath_and_the_luck-stream.md:108	The Red Share's	->	An Earrann Dhearg's	|	o be tested rather than a wound to be remembered. The Red Share's steward sent word to the Hall
CHANGE	eras/age_III/book/10_of_muireach_liath_and_the_luck-stream.md:108	the Hall	->	Talla na Lasrach	|	 remembered. The Red Share's steward sent word to the Hall asking whether the cattle, on
CHANGE	eras/age_III/book/10_of_muireach_liath_and_the_luck-stream.md:108	the Hall's	->	Talla na Lasrach's	|	 the cattle, once recovered, might be driven onto the Hall's own ground for safekeeping un
CHANGE	eras/age_III/book/10_of_muireach_liath_and_the_luck-stream.md:110	The Hall's	->	Talla na Lasrach's	|	"The Hall's ground keeps a man safe from 
CHANGE	eras/age_III/book/10_of_muireach_liath_and_the_luck-stream.md:112	the long years	->	na Bliadhnachan Fada	|	d cost one man his life already and would, before the long years finally ran out of that blood
CHANGE	eras/age_III/book/11_of_the_silver_of_muileann_chiar.md:14	the Keepers' count	->	Clàr an Talla	|	The seam was found in the sixty-ninth year of the Keepers' count, a few miles north of Dùn ìse
CHANGE	eras/age_III/book/11_of_the_silver_of_muileann_chiar.md:14	the Hall	->	Talla na Lasrach	|	aped the moss away, and carried the stone down to the Hall more out of curiosity than an
CHANGE	eras/age_III/book/11_of_the_silver_of_muileann_chiar.md:16	the Hall's	->	Talla na Lasrach's	|	questions of it. He built his own fire apart from the Hall's, on the spur where the grey s
CHANGE	eras/age_III/book/11_of_the_silver_of_muileann_chiar.md:18	the Hall's	->	Talla na Lasrach's	|	ng while, turning the bead in his fingers the way the Hall's own keepers turned a coal to 
CHANGE	eras/age_III/book/11_of_the_silver_of_muileann_chiar.md:18	the Hall	->	Talla na Lasrach	|	ly to ask Tormod whether the fire had answered to the Hall in any way that either of the
CHANGE	eras/age_III/book/11_of_the_silver_of_muileann_chiar.md:18	the Hall	->	Talla na Lasrach	|	is life keeping fires that answered to nobody but the Hall, said that this one, so far a
CHANGE	eras/age_III/book/11_of_the_silver_of_muileann_chiar.md:24	the Hall	->	Talla na Lasrach	|	 to nobody, ought in fact to be made to answer to the Hall the same as every other fire 
CHANGE	eras/age_III/book/11_of_the_silver_of_muileann_chiar.md:26	the Hall's	->	Talla na Lasrach's	|	Muireach Liath heard the question at the Hall's own hearth, from two of the n
CHANGE	eras/age_III/book/11_of_the_silver_of_muileann_chiar.md:26	the Hall's	->	Talla na Lasrach's	|	he spur. Whatever he was looking for in the ring, the Hall's own coal never showed it to a
CHANGE	eras/age_III/book/11_of_the_silver_of_muileann_chiar.md:26	the Hall's	->	Talla na Lasrach's	|	had asked and said the thing that every teller of the Hall's history repeats afterward in 
CHANGE	eras/age_III/book/11_of_the_silver_of_muileann_chiar.md:28	the Hall	->	Talla na Lasrach	|	ging is his to keep or give as he sees fit, since the Hall has no claim on a thing that 
CHANGE	eras/age_III/book/11_of_the_silver_of_muileann_chiar.md:28	the Hall's	->	Talla na Lasrach's	|	lour when it breaks." He gave the ruling once, at the Hall's own hearth, and never trouble
CHANGE	eras/age_III/book/11_of_the_silver_of_muileann_chiar.md:34	the eastern share	->	Earrann Caol shean	|	eason and with equal certainty, by two cousins of the eastern share who had never before had caus
CHANGE	eras/age_III/book/11_of_the_silver_of_muileann_chiar.md:40	the eastern share	->	Earrann Caol shean	|	the stone came to be known, to every household of the eastern share, simply as the silver stone, 
CHANGE	eras/age_III/book/11_of_the_silver_of_muileann_chiar.md:54	the Keepers' count	->	Clàr an Talla	|	hammered, and it was in the seventy-ninth year of the Keepers' count, while the boundary stone bet
CHANGE	eras/age_III/book/11_of_the_silver_of_muileann_chiar.md:54	the long years	->	na Bliadhnachan Fada	|	forty years, the last of Somhairle's line in whom the long years still showed.
CHANGE	eras/age_III/book/11_of_the_silver_of_muileann_chiar.md:56	the First Flame	->	A' Chiad Lasair	|	ther's death twenty-six years before, the coal of the First Flame on his own hearth in the high
CHANGE	eras/age_III/book/11_of_the_silver_of_muileann_chiar.md:56	the Binding	->	An Ceangal	|	tending it the way his father had tended it since the Binding, while his own line reached b
CHANGE	eras/age_III/book/11_of_the_silver_of_muileann_chiar.md:58	the Hall's	->	Talla na Lasrach's	|	d down, in a covered dish, to be given at last to the Hall's own flame, the line of Somhai
CHANGE	eras/age_III/book/11_of_the_silver_of_muileann_chiar.md:58	the Roinn	->	Roinn na Rìoghachd	|	someone who had watched the mountain since before the Roinn.
CHANGE	eras/age_III/book/11_of_the_silver_of_muileann_chiar.md:60	the Hall's	->	Talla na Lasrach's	|	It is told, and no teller of the Hall's history has ever thought to d
CHANGE	eras/age_III/book/11_of_the_silver_of_muileann_chiar.md:64	the Hall's	->	Talla na Lasrach's	|	years more after Ceallach's death, years in which the Hall's roof held and the nine hearth
CHANGE	eras/age_III/book/11_of_the_silver_of_muileann_chiar.md:64	the nine hearths	->	Na Naoi Teallaichean	|	's death, years in which the Hall's roof held and the nine hearths came and went in their turns 
CHANGE	eras/age_III/book/11_of_the_silver_of_muileann_chiar.md:64	the Hall	->	Talla na Lasrach	|	nd found to show no colour when it broke, he gave the Hall no further ruling on it, the 
CHANGE	eras/age_III/book/11_of_the_silver_of_muileann_chiar.md:66	the nine hearths	->	Na Naoi Teallaichean	|	ntil a morning came on which he did not rise, and the nine hearths were called together within t
CHANGE	eras/age_III/book/11_of_the_silver_of_muileann_chiar.md:66	The nine hearths	->	Na Naoi Teallaichean	|	eeper noted privately, was blood and little more. The nine hearths heard all three argued for at
CHANGE	eras/age_III/book/11_of_the_silver_of_muileann_chiar.md:68	the Hall	->	Talla na Lasrach	|	 season with the flame since Beathag Bhàn, a cord the Hall kept and went on adding to; a
CHANGE	eras/age_III/book/11_of_the_silver_of_muileann_chiar.md:70	the Hall	->	Talla na Lasrach	|	 steady enough to pass it on, and carried it into the Hall the evening the nine hearths'
CHANGE	eras/age_III/book/11_of_the_silver_of_muileann_chiar.md:70	the nine hearths	->	Na Naoi Teallaichean	|	s it on, and carried it into the Hall the evening the nine hearths' choosing was made known, pas
CHANGE	eras/age_III/book/11_of_the_silver_of_muileann_chiar.md:70	the house of Muireach	->	Sliochd Mhuirich	|	o longer by their hearth alone: Sliochd Mhuirich, the house of Muireach, the first house of the flame
CHANGE	eras/age_III/book/11_of_the_silver_of_muileann_chiar.md:70	(appositive)	->	Sliochd Mhuirich	|	dropped the English gloss beside Sliochd Mhuirich
CHANGE	eras/age_III/book/12_of_sileas_and_the_stag.md:44	the stag's people	->	Scoiltean nan Draoidhean	|	s teaching could boast of: they called themselves the stag's people, and the wood's own name, Coi
CHANGE	eras/age_III/book/12_of_sileas_and_the_stag.md:46	the stag's people	->	Scoiltean nan Draoidhean	|	than any name they might have chosen instead, and the stag's people cost her nothing to allow.
CHANGE	eras/age_III/book/12_of_sileas_and_the_stag.md:54	the Red Share	->	an Earrann Dhearg	|	es and told it at every fire they stopped at from the Red Share to the last inn before the ea
CHANGE	eras/age_III/book/12_of_sileas_and_the_stag.md:58	the Red Share's	->	an Earrann Dhearg's	|	ow for it, to see for himself a boundary stone on the Red Share's northern march that his stewa
CHANGE	eras/age_III/book/12_of_sileas_and_the_stag.md:58	the Red Share's	->	an Earrann Dhearg's	|	d by two men and a rope before noon. At a ford on the Red Share's northern march, which he had 
CHANGE	eras/age_III/book/12_of_sileas_and_the_stag.md:64	the Red Share	->	an Earrann Dhearg	|	"They'll cut the Red Share now," Dòmhnall said, at her s
CHANGE	eras/age_III/book/12_of_sileas_and_the_stag.md:64	the Roinn	->	Roinn na Rìoghachd	|	 at her side. "Four lines have been waiting since the Roinn for an excuse to claim a piec
CHANGE	eras/age_III/book/12_of_sileas_and_the_stag.md:66	The Red Share	->	An Earrann Dhearg	|	The Red Share held whole. That was the seco
CHANGE	eras/age_III/book/12_of_sileas_and_the_stag.md:66	the Red Share	->	an Earrann Dhearg	|	ple in the way his father had never been, took up the Red Share whole the week his father was
CHANGE	eras/age_III/book/12_of_sileas_and_the_stag.md:68	the Hall of the Flame	->	Talla na Lasrach	|	been hunted for it, straight to the ground before the Hall of the Flame at Dùn ìseal, where he threw 
CHANGE	eras/age_III/book/12_of_sileas_and_the_stag.md:68	the Keeper's	->	Coimheadaiche na Lasrach's	|	he bare earth within sight of Brìde's flame until the Keeper's cutters came out to him. The 
CHANGE	eras/age_III/book/12_of_sileas_and_the_stag.md:68	The Hall's	->	Talla na Lasrach's	|	flame until the Keeper's cutters came out to him. The Hall's ground had been declared, in 
CHANGE	eras/age_III/book/12_of_sileas_and_the_stag.md:68	the Roinn	->	Roinn na Rìoghachd	|	round had been declared, in the first years after the Roinn, the one place on the island 
CHANGE	eras/age_III/book/12_of_sileas_and_the_stag.md:76	the Hall's	->	Talla na Lasrach's	|	He lived out the rest of his life on the Hall's ground, in a hut the Keepers 
CHANGE	eras/age_III/book/12_of_sileas_and_the_stag.md:76	the Keepers	->	Coimheadaichean na Lasrach	|	e rest of his life on the Hall's ground, in a hut the Keepers let him raise at its edge, cu
CHANGE	eras/age_III/book/12_of_sileas_and_the_stag.md:76	the Hall's	->	Talla na Lasrach's	|	epers let him raise at its edge, cutting turf for the Hall's own fires and speaking to alm
CHANGE	eras/age_III/book/12_of_sileas_and_the_stag.md:80	the stag's people	->	Scoiltean nan Draoidhean	|	Gormshuil nic Mhuirich heard of the stag's people in the same season she heard 
CHANGE	eras/age_III/book/12_of_sileas_and_the_stag.md:80	the Hall	->	Talla na Lasrach	|	an to Muileann chiar's overseer, who mentioned at the Hall, without thinking much of it,
CHANGE	eras/age_III/book/12_of_sileas_and_the_stag.md:84	The stag's people	->	Scoiltean nan Draoidhean	|	unt she got back was plain enough to trouble her. The stag's people did not deny the flame, did n
CHANGE	eras/age_III/book/12_of_sileas_and_the_stag.md:84	The stag's people	->	Scoiltean nan Draoidhean	|	 claim and weighed against it before the council. The stag's people asked, beyond any question of
CHANGE	eras/age_III/book/12_of_sileas_and_the_stag.md:86	the Hall	->	Talla na Lasrach	|	year, and Sìleas came, because the mountain under the Hall was where the vein itself was
CHANGE	eras/age_III/book/12_of_sileas_and_the_stag.md:88	the Hall	->	Talla na Lasrach	|	 ìseal, holding, when the ruling was given out at the Hall, that a question asked of the
CHANGE	eras/age_III/book/12_of_sileas_and_the_stag.md:90	the Hall's	->	Talla na Lasrach's	|	g its own question of its own seam, and troubling the Hall's mountain no further.
CHANGE	eras/age_III/book/12_of_sileas_and_the_stag.md:98	The stag's people	->	Scoiltean nan Draoidhean	|	The stag's people went on where they had always
CHANGE	eras/age_III/book/13_of_the_smoke_and_the_stone_cup.md:14	the nine hearths	->	Na Naoi Teallaichean	|	 he was a boy of fourteen, one of a dozen or more the nine hearths sent up in their turns to lea
CHANGE	eras/age_III/book/13_of_the_smoke_and_the_stone_cup.md:14	the Keeper's	->	Coimhdeach na Fine's	|	r turns to learn the slab and the galleries under the Keeper's eye, and in all that time he 
CHANGE	eras/age_III/book/13_of_the_smoke_and_the_stone_cup.md:16	the Hall	->	Talla na Lasrach	|	ed and twenty-seventh year, in the small room off the Hall where the Keepers slept, with
CHANGE	eras/age_III/book/13_of_the_smoke_and_the_stone_cup.md:16	the Keepers	->	Coimheadaichean na Lasrach	|	eventh year, in the small room off the Hall where the Keepers slept, with her cutter's daug
CHANGE	eras/age_III/book/13_of_the_smoke_and_the_stone_cup.md:18	the nine hearths	->	Na Naoi Teallaichean	|	ad already begun to think for him, which was that the nine hearths would meet within the week to
CHANGE	eras/age_III/book/13_of_the_smoke_and_the_stone_cup.md:22	The nine hearths	->	Na Naoi Teallaichean	|	The nine hearths met at Dùn ìseal on the appoi
CHANGE	eras/age_III/book/13_of_the_smoke_and_the_stone_cup.md:24	The nine hearths	->	Na Naoi Teallaichean	|	ometimes did, but to feel exactly what they held. The nine hearths chose him before the light fa
CHANGE	eras/age_III/book/13_of_the_smoke_and_the_stone_cup.md:24	the Hall	->	Talla na Lasrach	|	anyone had thought to ask who would walk him from the Hall to the slab and back on the m
CHANGE	eras/age_III/book/13_of_the_smoke_and_the_stone_cup.md:26	the Hall	->	Talla na Lasrach	|	eholds who had taken to following Fionnlagh about the Hall since he was old enough to wa
CHANGE	eras/age_III/book/13_of_the_smoke_and_the_stone_cup.md:26	the Hall	->	Talla na Lasrach	|	and, and from that day the two of them went about the Hall together, the blind Keeper an
CHANGE	eras/age_III/book/13_of_the_smoke_and_the_stone_cup.md:30	the Hall's	->	Talla na Lasrach's	|	 that came on within the year was harder than any the Hall's own memory reached back to pl
CHANGE	eras/age_III/book/13_of_the_smoke_and_the_stone_cup.md:30	the Hall's	->	Talla na Lasrach's	|	m byre to hearth. One household there, whose name the Hall's own roll kept afterward with 
CHANGE	eras/age_III/book/13_of_the_smoke_and_the_stone_cup.md:38	the Hall's	->	Talla na Lasrach's	|	ful of coal to warm them through the worst nights the Hall's own memory could name had no 
CHANGE	eras/age_III/book/13_of_the_smoke_and_the_stone_cup.md:38	the Hall	->	Talla na Lasrach	|	ld burn what it judged it needed rather than what the Hall measured out was the day the 
CHANGE	eras/age_III/book/13_of_the_smoke_and_the_stone_cup.md:46	the Age of Ailean	->	An Aois Ailein	|	There had been a stone cup at Dùn ìseal since the Age of Ailean, a plain thing of soft pale r
CHANGE	eras/age_III/book/13_of_the_smoke_and_the_stone_cup.md:48	the Hall	->	Talla na Lasrach	|	d Fionnlagh's answer, which the boy carried about the Hall afterward as though it were a
CHANGE	eras/age_III/book/13_of_the_smoke_and_the_stone_cup.md:52	the Hall's	->	Talla na Lasrach's	|	 of Talla na Lasrach, the worn stone slab between the Hall's own ground and the path that 
CHANGE	eras/age_III/book/13_of_the_smoke_and_the_stone_cup.md:52	the Hall	->	Talla na Lasrach	|	 household walked to reach it, rather than inside the Hall where the old one had always 
CHANGE	eras/age_III/book/13_of_the_smoke_and_the_stone_cup.md:60	the Red Share	->	an Earrann Dhearg	|	aw binding on every share alike, north and south, the Red Share and the lowland plain togethe
CHANGE	eras/age_III/book/13_of_the_smoke_and_the_stone_cup.md:62	the Roinn	->	Roinn na Rìoghachd	|	 had grumbled at every measure laid on them since the Roinn, several rising to say that a
CHANGE	eras/age_III/book/13_of_the_smoke_and_the_stone_cup.md:62	the Hall	->	Talla na Lasrach	|	he custom faithfully enough without one, and that the Hall had never before told a share
CHANGE	eras/age_III/book/13_of_the_smoke_and_the_stone_cup.md:62	the Small-Burning Law	->	Lagh an Loscaidh Bhig	|	 the custom of the handful hardened that day into the Small-Burning Law, the first law that ran the s
CHANGE	eras/age_III/book/13_of_the_smoke_and_the_stone_cup.md:62	the first law	->	Lagh an Loscaidh Bhig	|	ful hardened that day into the Small-Burning Law, the first law that ran the same in every sh
CHANGE	eras/age_III/book/13_of_the_smoke_and_the_stone_cup.md:62	(appositive)	->	Lagh an Loscaidh Bhig	|	dropped the English gloss beside Lagh an Loscaidh Bhig
CHANGE	eras/age_III/book/13_of_the_smoke_and_the_stone_cup.md:66	the Hall's roll	->	Clàr an Talla	|	orth-eastern coast that had never before troubled the Hall's roll for anything worse than a bou
CHANGE	eras/age_III/book/13_of_the_smoke_and_the_stone_cup.md:68	the Keeper	->	Coimhdeach na Fine	|	even-and-twenty by then and still standing beside the Keeper through a whole council's sit
CHANGE	eras/age_III/book/13_of_the_smoke_and_the_stone_cup.md:68	the Hall	->	Talla na Lasrach	|	, the roll itself having become, by then, a thing the Hall would sooner let stand unalte
CHANGE	eras/age_III/book/13_of_the_smoke_and_the_stone_cup.md:74	the beacon at Tobar dhearg	->	Taigh-solais Tobar dhearg	|	e shore it warned away from; and from that ruling the beacon at Tobar dhearg was kept after with driftwood
CHANGE	eras/age_III/book/14_of_the_carriers_and_the_first_bridges.md:12	the Small-Burning Law	->	Lagh an Loscaidh Bhig	|	Fionnlagh Dall was nine and fifty in the year the Small-Burning Law first bore hard on the househ
CHANGE	eras/age_III/book/14_of_the_carriers_and_the_first_bridges.md:12	the Hall	->	Talla na Lasrach	|	nd, and Calum Beag, the boy who had led him about the Hall since his own choosing, was g
CHANGE	eras/age_III/book/14_of_the_carriers_and_the_first_bridges.md:12	the Hall	->	Talla na Lasrach	|	d hardened at Samhain three years before had made the Hall, for the first time in the mo
CHANGE	eras/age_III/book/14_of_the_carriers_and_the_first_bridges.md:20	the nine hearths	->	Na Naoi Teallaichean	|	undred and forty-ninth year, whether anyone among the nine hearths' cutters would take on the st
CHANGE	eras/age_III/book/14_of_the_carriers_and_the_first_bridges.md:22	the Hall's	->	Talla na Lasrach's	|	d no one outright but had turned more ankles than the Hall's own roll troubled to count. T
CHANGE	eras/age_III/book/14_of_the_carriers_and_the_first_bridges.md:22	the Hall's	->	Talla na Lasrach's	|	ning without once setting a hand to the rock, and the Hall's baskets went down it after th
CHANGE	eras/age_III/book/14_of_the_carriers_and_the_first_bridges.md:26	the Hall's	->	Talla na Lasrach's	|	and the water no higher than his knees on any day the Hall's own memory reached back to.
CHANGE	eras/age_III/book/14_of_the_carriers_and_the_first_bridges.md:28	the Hall's	->	Talla na Lasrach's	|	s crossed it that night, a party bound south with the Hall's baskets for the households be
CHANGE	eras/age_III/book/14_of_the_carriers_and_the_first_bridges.md:30	the Hall's	->	Talla na Lasrach's	|	ble to stop, and it is told that he did not carry the Hall's coal again for the better par
CHANGE	eras/age_III/book/14_of_the_carriers_and_the_first_bridges.md:30	the Hall	->	Talla na Lasrach	|	better part of a year afterward, though no one at the Hall ever once asked it of him.
CHANGE	eras/age_III/book/14_of_the_carriers_and_the_first_bridges.md:34	The Hall	->	Talla na Lasrach	|	ee it run again for the better part of a century. The Hall kept on its cords a tally of 
CHANGE	eras/age_III/book/14_of_the_carriers_and_the_first_bridges.md:36	the Hall's	->	Talla na Lasrach's	|	A boy not yet come to his full growth, whose name the Hall's tally gives only as young Tor
CHANGE	eras/age_III/book/14_of_the_carriers_and_the_first_bridges.md:36	the salt shore	->	Tràigh an t-Salainn	|	me the Hall's tally gives only as young Tormod of the salt shore, had asked to go on the cross
CHANGE	eras/age_III/book/14_of_the_carriers_and_the_first_bridges.md:38	the Hall	->	Talla na Lasrach	|	of their own grief within the season, saying that the Hall mourned its coal along with i
CHANGE	eras/age_III/book/14_of_the_carriers_and_the_first_bridges.md:42	the Hall's	->	Talla na Lasrach's	|	 the council himself within the fortnight, led to the Hall's own ground by Calum Beag as h
CHANGE	eras/age_III/book/14_of_the_carriers_and_the_first_bridges.md:44	the Hall	->	Talla na Lasrach	|	 in winter or a boat on the western sea, and that the Hall could not build itself proof 
CHANGE	eras/age_III/book/14_of_the_carriers_and_the_first_bridges.md:48	the Keeper's	->	Coimhdeach na Fine's	|	finished at another household's asking, and heard the Keeper's charge laid on him in fewer w
CHANGE	eras/age_III/book/14_of_the_carriers_and_the_first_bridges.md:50	the Keeper	->	Coimhdeach na Fine	|	, alone, without Calum Beag to hear it, and asked the Keeper plainly whether he understood
CHANGE	eras/age_III/book/14_of_the_carriers_and_the_first_bridges.md:50	the Hall's	->	Talla na Lasrach's	|	man's cup-stone might throw a season's labour and the Hall's own coal-dues into a river an
CHANGE	eras/age_III/book/14_of_the_carriers_and_the_first_bridges.md:52	the nine hearths	->	Na Naoi Teallaichean	|	He drew from the nine hearths, over the winter that followe
CHANGE	eras/age_III/book/14_of_the_carriers_and_the_first_bridges.md:64	the nine hearths	->	Na Naoi Teallaichean	|	trade would have known to read but every mason of the nine hearths knew at a glance, meant to sa
CHANGE	eras/age_III/book/14_of_the_carriers_and_the_first_bridges.md:70	the Hall	->	Talla na Lasrach	|	er they might swear something of their own before the Hall, a fellowship bound together 
CHANGE	eras/age_III/book/14_of_the_carriers_and_the_first_bridges.md:70	the nine hearths	->	Na Naoi Teallaichean	|	ore the Hall, a fellowship bound together the way the nine hearths were bound, so that a mason c
CHANGE	eras/age_III/book/14_of_the_carriers_and_the_first_bridges.md:76	the western share's	->	Earrann Ros dhomhain's	|	 above a ford in the country of Ros dhomhain that the western share's own herds had used, badly, fo
CHANGE	eras/age_III/book/14_of_the_carriers_and_the_first_bridges.md:78	the Hall's	->	Talla na Lasrach's	|	safe enough for a laden carrier, and a carrier of the Hall's baskets, coming to it after d
CHANGE	eras/age_III/book/14_of_the_carriers_and_the_first_bridges.md:80	The Hall	->	Talla na Lasrach	|	The Hall had been, in the years before
CHANGE	eras/age_III/book/14_of_the_carriers_and_the_first_bridges.md:80	the Small-Burning Law	->	Lagh an Loscaidh Bhig	|	The Hall had been, in the years before the Small-Burning Law, a keeper only, a thing a hou
CHANGE	eras/age_III/book/14_of_the_carriers_and_the_first_bridges.md:80	the nine hearths	->	Na Naoi Teallaichean	|	et lost to bad weather or bad stone. The forty of the nine hearths went on cutting spans across 
CHANGE	eras/age_III/book/14_of_the_carriers_and_the_first_bridges.md:80	the Hall's roll	->	Clàr an Talla	|	assed out of any living carrier's own memory into the Hall's roll alone, that a bridge with the
CHANGE	eras/age_III/book/15_of_mor_nic_dhughaills_house_and_the_blind_keepers_last_road.md:8	the road-peace	->	Sìth an Rathaid	|	> — the carriers' word for the road-peace, kept first at the house of M
CHANGE	eras/age_III/book/15_of_mor_nic_dhughaills_house_and_the_blind_keepers_last_road.md:14	The Hall at Dùn ìseal	->	Talla na Lasrach	|	door before his own head had properly decided to. The Hall at Dùn ìseal, which had built the road for
CHANGE	eras/age_III/book/15_of_mor_nic_dhughaills_house_and_the_blind_keepers_last_road.md:14	the Hall's	->	Talla na Lasrach's	|	nce has kept a name rather than a number, the way the Hall's own galleries never did.
CHANGE	eras/age_III/book/15_of_mor_nic_dhughaills_house_and_the_blind_keepers_last_road.md:16	the Red Share	->	an Earrann Dhearg	|	r blood might have claimed, and when a steward of the Red Share once objected, early on, to e
CHANGE	eras/age_III/book/15_of_mor_nic_dhughaills_house_and_the_blind_keepers_last_road.md:22	the Hall's	->	Talla na Lasrach's	|	t that table, more than at any council held under the Hall's own roof, that the road first
CHANGE	eras/age_III/book/15_of_mor_nic_dhughaills_house_and_the_blind_keepers_last_road.md:38	the Hall's	->	Talla na Lasrach's	|	ed to number, heirs' tables and lords' tables and the Hall's own table more than once, and
CHANGE	eras/age_III/book/15_of_mor_nic_dhughaills_house_and_the_blind_keepers_last_road.md:42	the nine hearths	->	Na Naoi Teallaichean	|	on the western shore of Loch chrom that no one of the nine hearths had settled before, though bo
CHANGE	eras/age_III/book/15_of_mor_nic_dhughaills_house_and_the_blind_keepers_last_road.md:42	the nine hearths	->	Na Naoi Teallaichean	|	ldest tellers could not put a name to. Fishers of the nine hearths came first to the nearer of t
CHANGE	eras/age_III/book/15_of_mor_nic_dhughaills_house_and_the_blind_keepers_last_road.md:48	the nine hearths	->	Na Naoi Teallaichean	|	 at Dùn ìseal a full fifty-six years from the day the nine hearths first chose him, longer by a 
CHANGE	eras/age_III/book/15_of_mor_nic_dhughaills_house_and_the_blind_keepers_last_road.md:48	the Hall	->	Talla na Lasrach	|	lum Beag to his own bedside in the small room off the Hall and told him, in a voice gone
CHANGE	eras/age_III/book/15_of_mor_nic_dhughaills_house_and_the_blind_keepers_last_road.md:50	the Keepers	->	Coimheadaichean na Lasrach	|	aid, to be laid on the slope above Dùn ìseal with the Keepers who had gone before him, Beat
CHANGE	eras/age_III/book/15_of_mor_nic_dhughaills_house_and_the_blind_keepers_last_road.md:50	the Hall	->	Talla na Lasrach	|	Mhuirich each in their own turn, though no one in the Hall would have thought it strange
CHANGE	eras/age_III/book/15_of_mor_nic_dhughaills_house_and_the_blind_keepers_last_road.md:50	the Hall's	->	Talla na Lasrach's	|	 Calum Beag, who had led him by the elbow through the Hall's own galleries for more than f
CHANGE	eras/age_III/book/15_of_mor_nic_dhughaills_house_and_the_blind_keepers_last_road.md:50	the Hall	->	Talla na Lasrach	|	nd lay ready and waiting not a stone's throw from the Hall he had served his whole life.
CHANGE	eras/age_III/book/15_of_mor_nic_dhughaills_house_and_the_blind_keepers_last_road.md:50	the Hall's	->	Talla na Lasrach's	|	by any cord or counted by any hearth, and that if the Hall's own roll could not say who th
CHANGE	eras/age_III/book/15_of_mor_nic_dhughaills_house_and_the_blind_keepers_last_road.md:52	the Hall	->	Talla na Lasrach	|	He died within the month, in the small room off the Hall with Calum Beag's hand in his
CHANGE	eras/age_III/book/15_of_mor_nic_dhughaills_house_and_the_blind_keepers_last_road.md:56	the Hall	->	Talla na Lasrach	|	wood, every hearth along the twenty miles between the Hall and Cnoc dhìreach had already
CHANGE	eras/age_III/book/15_of_mor_nic_dhughaills_house_and_the_blind_keepers_last_road.md:58	the Hall's	->	Talla na Lasrach's	|	. He led the way, as he had led Fionnlagh through the Hall's own galleries for more than f
CHANGE	eras/age_III/book/15_of_mor_nic_dhughaills_house_and_the_blind_keepers_last_road.md:62	the Hall	->	Talla na Lasrach	|	round that had never before, so far as any record the Hall kept could say, held a burial
CHANGE	eras/age_III/book/15_of_mor_nic_dhughaills_house_and_the_blind_keepers_last_road.md:64	The Keepers	->	Coimheadaichean na Lasrach	|	The Keepers who came after him, when the 
CHANGE	eras/age_III/book/15_of_mor_nic_dhughaills_house_and_the_blind_keepers_last_road.md:66	the Hall's	->	Talla na Lasrach's	|	came, within the year, a ground that belonged, by the Hall's own reckoning, to everyone. A
CHANGE	eras/age_III/book/15_of_mor_nic_dhughaills_house_and_the_blind_keepers_last_road.md:66	the Hall	->	Talla na Lasrach	|	p the ground from growing wild over it again, and the Hall paid them for the work one me
CHANGE	eras/age_III/book/15_of_mor_nic_dhughaills_house_and_the_blind_keepers_last_road.md:66	the Small-Burning Law	->	Lagh an Loscaidh Bhig	|	d handful of coal each a season, the only payment the Small-Burning Law was ever known to allow in co
CHANGE	eras/age_III/book/15_of_mor_nic_dhughaills_house_and_the_blind_keepers_last_road.md:72	the Hall	->	Talla na Lasrach	|	 no blade drawn under it was as fine a law as any the Hall had ever sworn.
CHANGE	eras/age_III/book/16_of_the_unforgotten_wedding.md:16	The strife of the heirs	->	Aimhreit nan Oighrean	|	The strife of the heirs was old by the year he set hi
CHANGE	eras/age_III/book/16_of_the_unforgotten_wedding.md:24	the western share	->	Earrann Ros dhomhain	|	d fourteenth year of the age, at Ros dhomhain, in the western share that had come down by then, t
CHANGE	eras/age_III/book/16_of_the_unforgotten_wedding.md:26	the western share's	->	Earrann Ros dhomhain's	|	uicker still with drink in him, who had come from the western share's own hall to stand for his kin
CHANGE	eras/age_III/book/16_of_the_unforgotten_wedding.md:28	the western share's	->	Earrann Ros dhomhain's	|	ng table had been set with three separate jugs of the western share's own brew, strong enough that 
CHANGE	eras/age_III/book/16_of_the_unforgotten_wedding.md:30	the western share's	->	Earrann Ros dhomhain's	|	Griogair said something of the western share's age and standing that Niall, 
CHANGE	eras/age_III/book/16_of_the_unforgotten_wedding.md:30	the salt shore's	->	Tràigh an t-Salainn's	|	 answered it with something sharper, a word about the salt shore's own dignity set against the w
CHANGE	eras/age_III/book/16_of_the_unforgotten_wedding.md:34	the western share	->	Earrann Ros dhomhain	|	t have chosen to forgive, so that within the year the western share and the salt shore, which had
CHANGE	eras/age_III/book/16_of_the_unforgotten_wedding.md:34	the salt shore	->	Tràigh an t-Salainn	|	ve, so that within the year the western share and the salt shore, which had traded fish for gr
CHANGE	eras/age_III/book/16_of_the_unforgotten_wedding.md:36	the western share's	->	Earrann Ros dhomhain's	|	nd answered within the season by a barn burned on the western share's own ground, and by the fifth 
CHANGE	eras/age_III/book/16_of_the_unforgotten_wedding.md:36	the Hall's	->	Talla na Lasrach's	|	xact moment he understood, better than any lesson the Hall's own reciters had ever given h
CHANGE	eras/age_III/book/16_of_the_unforgotten_wedding.md:40	The Hall at Dùn ìseal	->	Talla na Lasrach	|	The Hall at Dùn ìseal kept its own business through
CHANGE	eras/age_III/book/16_of_the_unforgotten_wedding.md:40	the Binding	->	An Ceangal	|	om the quarrels of the king's blood beyond it, as the Binding had always meant it to, thoug
CHANGE	eras/age_III/book/16_of_the_unforgotten_wedding.md:40	the Keeper	->	Coimheadaiche na Lasrach	|	it, as the Binding had always meant it to, though the Keeper who held the flame through th
CHANGE	eras/age_III/book/16_of_the_unforgotten_wedding.md:40	the nine hearths	->	Na Naoi Teallaichean	|	a stake in either side of them. She was chosen by the nine hearths in the two hundred and thirty
CHANGE	eras/age_III/book/16_of_the_unforgotten_wedding.md:42	the Hall	->	Talla na Lasrach	|	Eimhir's own rule of the Hall, which she was heard to repea
CHANGE	eras/age_III/book/16_of_the_unforgotten_wedding.md:42	the Hall's	->	Talla na Lasrach's	|	l some years into her keeping of the flame to ask the Hall's blessing on a raid he meant t
CHANGE	eras/age_III/book/16_of_the_unforgotten_wedding.md:42	the Keepers	->	Coimheadaichean na Lasrach	|	in full, sitting the whole while on the low stool the Keepers kept beside the stone cup, an
CHANGE	eras/age_III/book/16_of_the_unforgotten_wedding.md:42	the salt shore's	->	Tràigh an t-Salainn's	|	cup, and asked him, when he had finished, whether the salt shore's own measure had gone short th
CHANGE	eras/age_III/book/16_of_the_unforgotten_wedding.md:42	the Hall	->	Talla na Lasrach	|	. He said it had not. She told him then only that the Hall blessed no man's raids, being
CHANGE	eras/age_III/book/16_of_the_unforgotten_wedding.md:42	the Hall	->	Talla na Lasrach	|	tair mac Ailein was born and would, with any luck the Hall was owed, still be burning af
CHANGE	eras/age_III/book/16_of_the_unforgotten_wedding.md:44	the Hall	->	Talla na Lasrach	|	d lost two men doing it, and never again troubled the Hall to bless what he had already 
CHANGE	eras/age_III/book/16_of_the_unforgotten_wedding.md:44	the nine hearths	->	Na Naoi Teallaichean	|	 quarrel's own principals kept their tempers, and the nine hearths chose after her a younger Kee
CHANGE	eras/age_III/book/16_of_the_unforgotten_wedding.md:44	the Hall's	->	Talla na Lasrach's	|	unger Keeper who would hold much the same course, the Hall's own indifference to the king'
CHANGE	eras/age_III/book/16_of_the_unforgotten_wedding.md:48	the western share	->	Earrann Ros dhomhain	|	 beneath them. Fionnghal nic Ailein, who had held the western share since the earliest days of th
CHANGE	eras/age_III/book/16_of_the_unforgotten_wedding.md:48	the salt shore	->	Tràigh an t-Salainn	|	to send word to Tormod's household that no man of the salt shore would be turned from the door
CHANGE	eras/age_III/book/16_of_the_unforgotten_wedding.md:60	the salt shore	->	Tràigh an t-Salainn	|	 buried, spoke first and at length of every wrong the salt shore had done his household across
CHANGE	eras/age_III/book/16_of_the_unforgotten_wedding.md:66	the Hall's	->	Talla na Lasrach's	|	strife's long middle as an old man at the edge of the Hall's own ground, neither forgiven 
CHANGE	eras/age_III/book/16_of_the_unforgotten_wedding.md:68	Red Share	->	an Earrann Dhearg	|	eration before, into a peace with Dùghall Dearg's Red Share that neither side troubled to
CHANGE	eras/age_III/book/16_of_the_unforgotten_wedding.md:72	the Law	->	Lagh an Loscaidh Bhig	|	so long as the measure he asked for stayed within the Law.
CHANGE	eras/age_III/book/16_of_the_unforgotten_wedding.md:74	the western share's	->	Earrann Ros dhomhain's	|	above its own door, notched once for every season the western share's steward called first and once
CHANGE	eras/age_III/book/16_of_the_unforgotten_wedding.md:74	the salt shore's	->	Tràigh an t-Salainn's	|	once, on the stick's other face, for every season the salt shore's steward came first instead, a
CHANGE	eras/age_III/book/17_of_eilidh_nic_iomhair_and_the_four_houses.md:9	The Keeper	->	Coimheadaiche na Lasrach	|	The Keeper who had held the flame after 
CHANGE	eras/age_III/book/17_of_eilidh_nic_iomhair_and_the_four_houses.md:9	the Hall	->	Talla na Lasrach	|	ason's grace on a debt of coal her household owed the Hall, and she remembered the meeti
CHANGE	eras/age_III/book/17_of_eilidh_nic_iomhair_and_the_four_houses.md:9	the Keeper's	->	Coimheadaiche na Lasrach's	|	and she remembered the meeting afterward only for the Keeper's hands, which shook badly by t
CHANGE	eras/age_III/book/17_of_eilidh_nic_iomhair_and_the_four_houses.md:9	The nine hearths	->	Na Naoi Teallaichean	|	ny lamp in Talla na Lasrach had been let go dark. The nine hearths gathered at the Hall in the s
CHANGE	eras/age_III/book/17_of_eilidh_nic_iomhair_and_the_four_houses.md:9	the Hall	->	Talla na Lasrach	|	ad been let go dark. The nine hearths gathered at the Hall in the spring to choose whoev
CHANGE	eras/age_III/book/17_of_eilidh_nic_iomhair_and_the_four_houses.md:11	the Red Share's	->	an Earrann Dhearg's	|	woman of that household did: keeping accounts for the Red Share's steward, walking the granary 
CHANGE	eras/age_III/book/17_of_eilidh_nic_iomhair_and_the_four_houses.md:15	the nine hearths	->	Na Naoi Teallaichean	|	who had spent forty years in the galleries before the nine hearths thought his knees too poor fo
CHANGE	eras/age_III/book/17_of_eilidh_nic_iomhair_and_the_four_houses.md:17	The Binding	->	An Ceangal	|	at nobody at the table needed it explained twice. The Binding had sworn the flame to no one
CHANGE	eras/age_III/book/17_of_eilidh_nic_iomhair_and_the_four_houses.md:17	the nine hearths	->	Na Naoi Teallaichean	|	reat-grandmother among Ailean's own children, and the nine hearths had never, in all that time, 
CHANGE	eras/age_III/book/17_of_eilidh_nic_iomhair_and_the_four_houses.md:23	The nine hearths	->	Na Naoi Teallaichean	|	The nine hearths chose her anyway, in the spri
CHANGE	eras/age_III/book/17_of_eilidh_nic_iomhair_and_the_four_houses.md:25	the Binding's	->	An Ceangal's	|	other here, a disowned younger son there, so that the Binding's old rule against the blood ha
CHANGE	eras/age_III/book/17_of_eilidh_nic_iomhair_and_the_four_houses.md:25	the Red Share	->	an Earrann Dhearg	|	er a woman who could stand up at any gathering of the Red Share and be named, plainly and wit
CHANGE	eras/age_III/book/17_of_eilidh_nic_iomhair_and_the_four_houses.md:25	the Binding	->	An Ceangal	|	of Ìomhar Dearg, could be trusted to keep a flame the Binding had sworn against exactly tha
CHANGE	eras/age_III/book/17_of_eilidh_nic_iomhair_and_the_four_houses.md:27	the Red Share's	->	an Earrann Dhearg's	|	aim, nor did she withdraw it; she went on keeping the Red Share's granary rolls as she had alwa
CHANGE	eras/age_III/book/17_of_eilidh_nic_iomhair_and_the_four_houses.md:33	the Hall's	->	Talla na Lasrach's	|	outh along the eleven days' road, and she came to the Hall's threshold on the morning appo
CHANGE	eras/age_III/book/17_of_eilidh_nic_iomhair_and_the_four_houses.md:33	the nine hearths	->	Na Naoi Teallaichean	|	the Hall's threshold on the morning appointed for the nine hearths to meet again and said, befor
CHANGE	eras/age_III/book/17_of_eilidh_nic_iomhair_and_the_four_houses.md:35	the house of Muireach	->	Sliochd Mhuirich	|	s who heard it said as much, wondering aloud what the house of Muireach thought it was guarding again
CHANGE	eras/age_III/book/17_of_eilidh_nic_iomhair_and_the_four_houses.md:35	the Binding	->	An Ceangal	|	 not already been guarded a hundred times over by the Binding. But the eldest of Sliochd Mh
CHANGE	eras/age_III/book/17_of_eilidh_nic_iomhair_and_the_four_houses.md:35	the nine hearths	->	Na Naoi Teallaichean	|	would have sworn to it unasked, and did so before the nine hearths that same afternoon with her 
CHANGE	eras/age_III/book/17_of_eilidh_nic_iomhair_and_the_four_houses.md:37	the Hall	->	Talla na Lasrach	|	It never did leave the Hall, not once in the whole of Eil
CHANGE	eras/age_III/book/17_of_eilidh_nic_iomhair_and_the_four_houses.md:41	the nine hearths	->	Na Naoi Teallaichean	|	g their own elders to speak at every gathering of the nine hearths as though they alone had a ri
CHANGE	eras/age_III/book/17_of_eilidh_nic_iomhair_and_the_four_houses.md:41	the Keeper's	->	Coimhdeach na Fine's	|	ey alone had a right to be heard on the matter of the Keeper's office: Sliochd Mhuirich, hol
CHANGE	eras/age_III/book/17_of_eilidh_nic_iomhair_and_the_four_houses.md:43	the four houses	->	Na Ceithir Taighean	|	urrender any further claim on the flame, and that the four houses might settle among themselves
CHANGE	eras/age_III/book/17_of_eilidh_nic_iomhair_and_the_four_houses.md:43	the nine hearths	->	Na Naoi Teallaichean	|	 ended. Three of the four, she noted aloud before the nine hearths that same afternoon, claimed 
CHANGE	eras/age_III/book/17_of_eilidh_nic_iomhair_and_the_four_houses.md:43	the Binding	->	An Ceangal	|	ught, she said, a tidy enough shape for an office the Binding had meant to keep clear of bl
CHANGE	eras/age_III/book/17_of_eilidh_nic_iomhair_and_the_four_houses.md:49	the Law's	->	Lagh an Loscaidh Bhig's	|	across the water, with a coal-lamp set to burn at the Law's own measure day and night in 
CHANGE	eras/age_III/book/17_of_eilidh_nic_iomhair_and_the_four_houses.md:49	the Law's	->	Lagh an Loscaidh Bhig's	|	ed about it from the first, not because a lamp at the Law's measure was against any rule 
CHANGE	eras/age_III/book/17_of_eilidh_nic_iomhair_and_the_four_houses.md:49	the Law	->	Lagh an Loscaidh Bhig	|	e measure ever found so much as a grain over what the Law allowed.
CHANGE	eras/age_III/book/17_of_eilidh_nic_iomhair_and_the_four_houses.md:53	Small-Burning Law	->	Lagh an Loscaidh Bhig	|	n the very first sentenced under Fionnlagh Dall's Small-Burning Law two centuries before, its nam
CHANGE	eras/age_III/book/17_of_eilidh_nic_iomhair_and_the_four_houses.md:53	the Hall's	->	Talla na Lasrach's	|	w two centuries before, its name still carried on the Hall's own roll with the old offence
CHANGE	eras/age_III/book/17_of_eilidh_nic_iomhair_and_the_four_houses.md:65	the four houses	->	Na Ceithir Taighean	|	rrier only one question in return, whether any of the four houses had claimed the voyage as the
CHANGE	eras/age_III/book/18_of_the_plunderers_and_the_thing_under_the_boat.md:12	The Law	->	Lagh an Loscaidh Bhig	|	e who knew him thought the worse sign of the two. The Law took no pleasure in a third o
CHANGE	eras/age_III/book/18_of_the_plunderers_and_the_thing_under_the_boat.md:12	the Law	->	Lagh an Loscaidh Bhig	|	d of parting, that a word said across a threshold the Law had shut could do the leaving
CHANGE	eras/age_III/book/18_of_the_plunderers_and_the_thing_under_the_boat.md:14	the Law	->	Lagh an Loscaidh Bhig	|	What the Law did not do, and had never tro
CHANGE	eras/age_III/book/18_of_the_plunderers_and_the_thing_under_the_boat.md:14	the reverent centuries	->	Na Linntean Urramach	|	ridge. Some starved slowly and were counted among the reverent centuries' quiet dead, a household here
CHANGE	eras/age_III/book/18_of_the_plunderers_and_the_thing_under_the_boat.md:18	the Law	->	Lagh an Loscaidh Bhig	|	ight. His father fished the near grounds and paid the Law its handful without complaint
CHANGE	eras/age_III/book/18_of_the_plunderers_and_the_thing_under_the_boat.md:24	the Law's	->	Lagh an Loscaidh Bhig's	|	ot, then or ever after, say the names aloud where the Law's own ears might carry them hom
CHANGE	eras/age_III/book/18_of_the_plunderers_and_the_thing_under_the_boat.md:26	the Law's	->	Lagh an Loscaidh Bhig's	|	he will not, and a household on the wrong side of the Law's third offence had made that c
CHANGE	eras/age_III/book/18_of_the_plunderers_and_the_thing_under_the_boat.md:48	the Sea-Watcher	->	Uilebheist na Mara	|	lled the thing by a name before the year was out, the Sea-Watcher, and swore it had been seen o
CHANGE	eras/age_III/book/18_of_the_plunderers_and_the_thing_under_the_boat.md:54	the Law's	->	Lagh an Loscaidh Bhig's	|	, the one their grandfathers had let go dark once the Law's own coal-galleries made every
CHANGE	eras/age_III/book/18_of_the_plunderers_and_the_thing_under_the_boat.md:54	the Law	->	Lagh an Loscaidh Bhig	|	ad come to seem, to a generation grown careful of the Law, a kind of waste no one wishe
CHANGE	eras/age_III/book/18_of_the_plunderers_and_the_thing_under_the_boat.md:54	the Law	->	Lagh an Loscaidh Bhig	|	hed to answer for. They fed it with driftwood, as the Law required of any fire kept out
CHANGE	eras/age_III/book/18_of_the_plunderers_and_the_thing_under_the_boat.md:56	the Law	->	Lagh an Loscaidh Bhig	|	 fire, the light of Baile chrom, kept for no coal the Law could measure and asked for b
CHANGE	eras/age_III/book/18_of_the_plunderers_and_the_thing_under_the_boat.md:70	the Hall	->	Talla na Lasrach	|	th of the island twice over, taller than any hall the Hall had raised.
CHANGE	eras/age_III/book/18_of_the_plunderers_and_the_thing_under_the_boat.md:76	the Law	->	Lagh an Loscaidh Bhig	|	ty years and more, had ruled, on being asked what the Law made of it, that no panther m
CHANGE	eras/age_III/book/18_of_the_plunderers_and_the_thing_under_the_boat.md:78	the Law	->	Lagh an Loscaidh Bhig	|	umbled at first, as carriers grumble at any delay the Law lays on a basket already late
CHANGE	eras/age_III/book/18_of_the_plunderers_and_the_thing_under_the_boat.md:78	the Hall	->	Talla na Lasrach	|	thout gladness, and without the will to test what the Hall would do if they broke it, an
CHANGE	eras/age_III/book/18_of_the_plunderers_and_the_thing_under_the_boat.md:86	the Law	->	Lagh an Loscaidh Bhig	|	swering, as it had always answered, to no measure the Law had ever troubled to keep.
CHANGE	eras/age_III/book/19_of_the_reverent_centuries.md:8	the reverent centuries	->	Na Linntean Urramach	|	> — said of the granaries at Dùn dhearg, in the reverent centuries
CHANGE	eras/age_III/book/19_of_the_reverent_centuries.md:12	the house of Tormod	->	Sliochd Thormoid	|	her to see it, more from curiosity than need, for the house of Tormod held grain enough of its own 
CHANGE	eras/age_III/book/19_of_the_reverent_centuries.md:14	the house of Ìomhar	->	Sliochd Ìomhair	|	His father, Tormod Bàn, had held no love for the house of Ìomhar and said so plainly enough at
CHANGE	eras/age_III/book/19_of_the_reverent_centuries.md:14	the house of Ìomhar	->	Sliochd Ìomhair	|	arg's gate. Coinneach asked him whether that made the house of Ìomhar the better lord for it, and h
CHANGE	eras/age_III/book/19_of_the_reverent_centuries.md:14	the house of Ìomhar	->	Sliochd Ìomhair	|	ord for it, and his father said only that it made the house of Ìomhar richer in people who owed it 
CHANGE	eras/age_III/book/19_of_the_reverent_centuries.md:18	the Hall's	->	Talla na Lasrach's	|	being built more quietly still. Carriers who took the Hall's baskets over the pass had lon
CHANGE	eras/age_III/book/19_of_the_reverent_centuries.md:22	the four houses	->	Na Ceithir Taighean	|	, the first Keeper of Sliochd Thormoid, chosen by the four houses at Dùn ìseal on a morning col
CHANGE	eras/age_III/book/19_of_the_reverent_centuries.md:24	the four houses	->	Na Ceithir Taighean	|	and-sixty years, longer than any Keeper of any of the four houses before him, and it was said a
CHANGE	eras/age_III/book/19_of_the_reverent_centuries.md:26	the reverent centuries	->	Na Linntean Urramach	|	ppened to live between, and the rolls called them the reverent centuries: not for any reverence the pe
CHANGE	eras/age_III/book/19_of_the_reverent_centuries.md:30	the reverent centuries	->	Na Linntean Urramach	|	neach's keeping was so settled as the tellings of the reverent centuries made it sound, and the first 
CHANGE	eras/age_III/book/19_of_the_reverent_centuries.md:32	the Roinn	->	Roinn na Rìoghachd	|	r the old grant, the right knotted on the cord at the Roinn, without which no settlement,
CHANGE	eras/age_III/book/19_of_the_reverent_centuries.md:34	the Roinn	->	Roinn na Rìoghachd	|	 which was that his people's grant was newer than the Roinn by some thousand years and ca
CHANGE	eras/age_III/book/19_of_the_reverent_centuries.md:34	the Roinn	->	Roinn na Rìoghachd	|	lling his own people only that a right knotted at the Roinn outlasted a right spoken alou
CHANGE	eras/age_III/book/19_of_the_reverent_centuries.md:38	the four houses	->	Na Ceithir Taighean	|	nstructions to list every ruin standing on ground the four houses claimed and to say, of each, 
CHANGE	eras/age_III/book/19_of_the_reverent_centuries.md:52	The warm springs	->	Fuarain Theth Muileann ruadh	|	The warm springs below Muileann ruadh had been
CHANGE	eras/age_III/book/19_of_the_reverent_centuries.md:54	the house of Tormod	->	Sliochd Thormoid	|	e thing in the whole of his keeping that had cost the house of Tormod nothing and given a sick man 
CHANGE	eras/age_III/book/19_of_the_reverent_centuries.md:64	the house of Ìomhar	->	Sliochd Ìomhair	|	o wife Muireall nic Ìomhair, a young kinswoman of the house of Ìomhar not yet four-and-twenty, in a
CHANGE	eras/age_III/book/19_of_the_reverent_centuries.md:66	the house of Ìomhar	->	Sliochd Ìomhair	|	had brought into it, held under both a grant from the house of Ìomhar and a grant from the line of 
CHANGE	eras/age_III/book/19_of_the_reverent_centuries.md:66	the house of Ìomhar	->	Sliochd Ìomhair	|	without an heir of her own body. Within the year, the house of Ìomhar claimed her lands as returnin
CHANGE	eras/age_III/book/19_of_the_reverent_centuries.md:72	the Keepers	->	Coimheadaichean na Lasrach	|	mall room off Talla na Lasrach at Dùn ìseal where the Keepers slept, with the flame he had 
CHANGE	eras/age_III/book/19_of_the_reverent_centuries.md:74	the four houses	->	Na Ceithir Taighean	|	season turned again, leaving the flame to whoever the four houses would choose after him and le
CHANGE	eras/age_III/book/20_of_fearghas_of_the_two_oaths.md:9	the Red Share's	->	an Earrann Dhearg's	|	Achadh mhòr lay where the Red Share's stones ran out and Eithne's p
CHANGE	eras/age_III/book/20_of_fearghas_of_the_two_oaths.md:9	the Roinn	->	Roinn na Rìoghachd	|	, not by any wish of her own: she had stood up at the Roinn among the seven hundred and t
CHANGE	eras/age_III/book/20_of_fearghas_of_the_two_oaths.md:13	the Roinn	->	Roinn na Rìoghachd	|	lintel of the hall, the one she had carried after the Roinn and given him in his turn, si
CHANGE	eras/age_III/book/20_of_fearghas_of_the_two_oaths.md:15	the Red Share's	->	an Earrann Dhearg's	|	, and there was no boundary stone on either side, the Red Share's or Eithne's, that he could no
CHANGE	eras/age_III/book/20_of_fearghas_of_the_two_oaths.md:19	the Red Share	->	an Earrann Dhearg	|	 wife Muireall nic Ìomhair, of the line that held the Red Share, meaning the marriage to heal
CHANGE	eras/age_III/book/20_of_fearghas_of_the_two_oaths.md:19	the strife of the heirs	->	Aimhreit nan Oighrean	|	l what the island still called, out of old habit, the strife of the heirs, though the Roinn that had be
CHANGE	eras/age_III/book/20_of_fearghas_of_the_two_oaths.md:19	the Roinn	->	Roinn na Rìoghachd	|	out of old habit, the strife of the heirs, though the Roinn that had begun it was by then
CHANGE	eras/age_III/book/20_of_fearghas_of_the_two_oaths.md:19	the Hall's	->	Talla na Lasrach's	|	en five centuries gone and half forgotten outside the Hall's own rolls. Muireall died in h
CHANGE	eras/age_III/book/20_of_fearghas_of_the_two_oaths.md:19	the Red Share's	->	An Earrann Dhearg's	|	s: Cathair mhòr's, because the widower held them; the Red Share's, because Muireall had never s
CHANGE	eras/age_III/book/20_of_fearghas_of_the_two_oaths.md:21	the Red Share	->	an Earrann Dhearg	|	 of Achadh mhòr, sworn the same double way, chose the Red Share within the first season, on n
CHANGE	eras/age_III/book/20_of_fearghas_of_the_two_oaths.md:21	the Red Share's	->	an Earrann Dhearg's	|	n the first season, on no better reason than that the Red Share's steward asked first and asked
CHANGE	eras/age_III/book/20_of_fearghas_of_the_two_oaths.md:21	the Red Share's	->	an Earrann Dhearg's	|	it, and was burned within the year by both, first the Red Share's riders in a night raid that t
CHANGE	eras/age_III/book/20_of_fearghas_of_the_two_oaths.md:25	the Red Share's	->	an Earrann Dhearg's	|	thair mhòr's men who had burned it and no lord of the Red Share's would have thanked him for st
CHANGE	eras/age_III/book/20_of_fearghas_of_the_two_oaths.md:27	the Red Share	->	an Earrann Dhearg	|	rs and then a burning in another, because neither the Red Share nor Cathair mhòr had the stre
CHANGE	eras/age_III/book/20_of_fearghas_of_the_two_oaths.md:27	the Roinn	->	Roinn na Rìoghachd	|	trength any longer, five centuries and more after the Roinn had first cut the island into
CHANGE	eras/age_III/book/20_of_fearghas_of_the_two_oaths.md:27	the Red Share	->	an Earrann Dhearg	|	ther at every burial, and only the two strongest, the Red Share that Ìomhar's blood had never
CHANGE	eras/age_III/book/20_of_fearghas_of_the_two_oaths.md:27	the War of the Two Oaths	->	Cogadh an Dà Mhionn	|	. The island came to call it Cogadh an Dà Mhionn, the War of the Two Oaths, for Fearghas's own house bef
CHANGE	eras/age_III/book/20_of_fearghas_of_the_two_oaths.md:27	(appositive)	->	Cogadh an Dà Mhionn	|	dropped the English gloss beside Cogadh an Dà Mhionn
CHANGE	eras/age_III/book/20_of_fearghas_of_the_two_oaths.md:31	the Red Share's	->	an Earrann Dhearg's	|	further than the boundary of his own fields, when the Red Share's riders caught his company on 
CHANGE	eras/age_III/book/20_of_fearghas_of_the_two_oaths.md:31	the Red Share's	->	an Earrann Dhearg's	|	ith any particular hatred, only that a company of the Red Share's riders had met a company of C
CHANGE	eras/age_III/book/20_of_fearghas_of_the_two_oaths.md:33	the Red Share	->	An Earrann Dhearg	|	 He was right in it, as the years after bore out: the Red Share pressed its claim on the thre
CHANGE	eras/age_III/book/20_of_fearghas_of_the_two_oaths.md:35	Red Share	->	an Earrann Dhearg	|	hòr and buried there rather than sent to whatever Red Share ground his wife's people migh
CHANGE	eras/age_III/book/20_of_fearghas_of_the_two_oaths.md:39	the Roinn	->	Roinn na Rìoghachd	|	leven had worn who had their cords cut through at the Roinn. He had put off doing it for 
CHANGE	eras/age_III/book/20_of_fearghas_of_the_two_oaths.md:39	the Roinn	->	Roinn na Rìoghachd	|	 held it from a woman who had cut her own cord at the Roinn and answered for it all her l
CHANGE	eras/age_III/book/20_of_fearghas_of_the_two_oaths.md:45	the Red Share's	->	an Earrann Dhearg's	|	ur of each other, one from the east swearing that the Red Share's council had that week resolve
CHANGE	eras/age_III/book/20_of_fearghas_of_the_two_oaths.md:49	the Red Share	->	an Earrann Dhearg	|	ze of dust hung over the road that came down from the Red Share, too far off yet to show men 
CHANGE	eras/age_III/book/20_of_fearghas_of_the_two_oaths.md:59	the Red Share's	->	an Earrann Dhearg's	|	standing barley from the eastern boundary stones, the Red Share's own markers, clear across to 
CHANGE	eras/age_III/book/20_of_fearghas_of_the_two_oaths.md:65	The Red Share's	->	An Earrann Dhearg's	|	The Red Share's host came over the eastern ri
CHANGE	eras/age_III/book/20_of_fearghas_of_the_two_oaths.md:65	The Red Share's	->	An Earrann Dhearg's	|	it. Neither host stayed the night on that ground. The Red Share's riders turned east again befo
CHANGE	eras/age_III/book/20_of_fearghas_of_the_two_oaths.md:67	the Hall's roll	->	Clàr an Talla	|	story of why. It is the reapers' own telling, not the Hall's roll nor either lord's tellers, th
CHANGE	eras/age_III/book/21_of_the_peace_of_the_threshold.md:9	The Red Share's	->	An Earrann Dhearg's	|	n stores twice and found them wanting both times. The Red Share's granaries were full enough fr
CHANGE	eras/age_III/book/21_of_the_peace_of_the_threshold.md:11	the reverent centuries	->	Na Linntean Urramach	|	ng else. Old men said it was the worst want since the reverent centuries, when the same measure had be
CHANGE	eras/age_III/book/21_of_the_peace_of_the_threshold.md:13	The Hall's	->	Talla na Lasrach's	|	The Hall's own rolls, kept on the knot-k
CHANGE	eras/age_III/book/21_of_the_peace_of_the_threshold.md:13	the knot-keepers	->	Luchd nan Snaidhm	|	The Hall's own rolls, kept on the knot-keepers' cords since Sìne nan Snaidhm
CHANGE	eras/age_III/book/21_of_the_peace_of_the_threshold.md:19	the Red Share	->	an Earrann Dhearg	|	as Ruairidh Glas who sent the first word. He held the Red Share at Dùn dhearg by then, an old
CHANGE	eras/age_III/book/21_of_the_peace_of_the_threshold.md:21	the Red Share's	->	an Earrann Dhearg's	|	Eithne sent back that she set foot in no hall of the Red Share's, as he set foot in none of he
CHANGE	eras/age_III/book/21_of_the_peace_of_the_threshold.md:23	the Red Share	->	An Earrann Dhearg	|	 and lady left holding a share worth calling one: the Red Share out of Dùn dhearg; Cathair mh
CHANGE	eras/age_III/book/21_of_the_peace_of_the_threshold.md:27	the Binding	->	An Ceangal	|	ight the seven hundred and twelve had first sworn the Binding. It was the Keeper who presse
CHANGE	eras/age_III/book/21_of_the_peace_of_the_threshold.md:27	the Keeper	->	Coimhdeach na Fine	|	ed and twelve had first sworn the Binding. It was the Keeper who pressed for that day abov
CHANGE	eras/age_III/book/21_of_the_peace_of_the_threshold.md:27	the Binding	->	An Ceangal	|	roubled to say aloud that this was also the night the Binding itself had first been sworn, 
CHANGE	eras/age_III/book/21_of_the_peace_of_the_threshold.md:31	the Roinn	->	Roinn na Rìoghachd	|	en to Dùn ìseal once before, in the first year of the Roinn, on her own feet and at her o
CHANGE	eras/age_III/book/21_of_the_peace_of_the_threshold.md:33	the Roinn	->	Roinn na Rìoghachd	|	 that she still called him the boy, as she had at the Roinn, though his own hair had long
CHANGE	eras/age_III/book/21_of_the_peace_of_the_threshold.md:47	the boundary stones	->	Clachan-crìche	|	rebuilt eastern boundary and the rebuilt western, the boundary stones of a hundred small holdings a
CHANGE	eras/age_III/book/21_of_the_peace_of_the_threshold.md:63	The Keeper	->	Coimheadaiche na Lasrach	|	The Keeper that year was neither of the 
CHANGE	eras/age_III/book/21_of_the_peace_of_the_threshold.md:63	the Hall's	->	Talla na Lasrach's	|	The Keeper that year was neither of the two names the Hall's own roll remembers best from 
CHANGE	eras/age_III/book/21_of_the_peace_of_the_threshold.md:63	the Hall	->	Talla na Lasrach	|	 and stood back from it, so that no one might say the Hall itself had asked for anything
CHANGE	eras/age_III/book/21_of_the_peace_of_the_threshold.md:65	the Keeper	->	Coimhdeach na Fine	|	shape them a little in his own favour; and it was the Keeper who said them aloud to the ga
CHANGE	eras/age_III/book/21_of_the_peace_of_the_threshold.md:67	the Roinn	->	Roinn na Rìoghachd	|	e last living of the nine who had cut the cord at the Roinn, and no one at the gathering,
CHANGE	eras/age_III/book/21_of_the_peace_of_the_threshold.md:67	the Keeper	->	Coimhdeach na Fine	|	he lord yet lived, or, failing a name, to whoever the Keeper judged nearest and fittest; t
CHANGE	eras/age_III/book/21_of_the_peace_of_the_threshold.md:67	the boundary stones	->	Clachan-crìche	|	one of the two before the spring sowing; and that the boundary stones should stand where they stood
CHANGE	eras/age_III/book/21_of_the_peace_of_the_threshold.md:71	the Peace of the Threshold	->	Sìth an Stairsnich	|	he day the island still calls Sìth an Stairsnich, the Peace of the Threshold, the lords of the shares ende
CHANGE	eras/age_III/book/21_of_the_peace_of_the_threshold.md:71	the strife of the heirs	->	Aimhreit nan Oighrean	|	 lords of the shares ended Aimhreit nan Oighrean, the strife of the heirs, some five hundred and fifty 
CHANGE	eras/age_III/book/21_of_the_peace_of_the_threshold.md:71	(appositive)	->	Sìth an Stairsnich	|	dropped the English gloss beside Sìth an Stairsnich
CHANGE	eras/age_III/book/21_of_the_peace_of_the_threshold.md:71	(appositive)	->	Aimhreit nan Oighrean	|	dropped the English gloss beside Aimhreit nan Oighrean
CHANGE	eras/age_III/book/21_of_the_peace_of_the_threshold.md:81	The Peace	->	Sìth an Stairsnich	|	, was burn a neighbour's roof for choosing wrong. The Peace held that first test better t
CHANGE	eras/age_III/book/21_of_the_peace_of_the_threshold.md:85	the Peace	->	Sìth an Stairsnich	|	In the spring after the Peace, the Hall at Dùn ìseal opened
CHANGE	eras/age_III/book/21_of_the_peace_of_the_threshold.md:85	the Hall at Dùn ìseal	->	Talla na Lasrach	|	In the spring after the Peace, the Hall at Dùn ìseal opened its ground under Talla
CHANGE	eras/age_III/book/21_of_the_peace_of_the_threshold.md:85	the Hall's	->	Talla na Lasrach's	|	 pay their dues and found, waiting for them under the Hall's own shadow, traders from both
CHANGE	eras/age_III/book/21_of_the_peace_of_the_threshold.md:85	the Red Share	->	an Earrann Dhearg	|	about the edges only to watch whether a trader of the Red Share and a trader of Cathair mhòr'
CHANGE	eras/age_III/book/21_of_the_peace_of_the_threshold.md:85	The Keepers	->	Coimheadaichean na Lasrach	|	 from either hall coming to part them. None came. The Keepers allowed no coal to be sold on
CHANGE	eras/age_III/book/21_of_the_peace_of_the_threshold.md:85	the Hall's	->	Talla na Lasrach's	|	e came. The Keepers allowed no coal to be sold on the Hall's own ground, then or ever afte
CHANGE	eras/age_III/book/22_of_the_truce_in_the_galleries_and_the_walled_town.md:7	the Peace of the Threshold	->	Sìth an Stairsnich	|	In the years after the Peace of the Threshold the rolls at Dùn ìseal began 
CHANGE	eras/age_III/book/22_of_the_truce_in_the_galleries_and_the_walled_town.md:7	The knot-keepers	->	Luchd nan Snaidhm	|	han any one knot-keeper could carry in both arms. The knot-keepers of Sìne's line were still the
CHANGE	eras/age_III/book/22_of_the_truce_in_the_galleries_and_the_walled_town.md:7	the Roinn	->	Roinn na Rìoghachd	|	 their mothers and grandmothers had kept it since the Roinn; and the cords themselves had
CHANGE	eras/age_III/book/22_of_the_truce_in_the_galleries_and_the_walled_town.md:7	the Peace	->	Sìth an Stairsnich	|	one for every share, one for every boundary stone the Peace had fixed, one for every hous
CHANGE	eras/age_III/book/22_of_the_truce_in_the_galleries_and_the_walled_town.md:7	the Keeper's	->	Coimhdeach na Fine's	|	ter days to swear an oath or settle a debt or ask the Keeper's word on a matter no lord belo
CHANGE	eras/age_III/book/22_of_the_truce_in_the_galleries_and_the_walled_town.md:9	the boundary stones	->	Clachan-crìche	|	ds of Achadh mhòr had long since greened over and the boundary stones the Peace had fixed stood as 
CHANGE	eras/age_III/book/22_of_the_truce_in_the_galleries_and_the_walled_town.md:9	the Peace	->	Sìth an Stairsnich	|	d long since greened over and the boundary stones the Peace had fixed stood as unremarkab
CHANGE	eras/age_III/book/22_of_the_truce_in_the_galleries_and_the_walled_town.md:9	the house of Muireach	->	Sliochd Mhuirich	|	 stood as unremarkable as any others. She came of the house of Muireach, Sliochd Mhuirich, the one ho
CHANGE	eras/age_III/book/22_of_the_truce_in_the_galleries_and_the_walled_town.md:9	the nine hearths	->	Na Naoi Teallaichean	|	d she grew up on the mountain's own ground, among the nine hearths, with the smell of the galler
CHANGE	eras/age_III/book/22_of_the_truce_in_the_galleries_and_the_walled_town.md:9	(appositive)	->	Sliochd Mhuirich	|	dropped the English gloss beside Sliochd Mhuirich
CHANGE	eras/age_III/book/22_of_the_truce_in_the_galleries_and_the_walled_town.md:11	the nine hearths	->	Na Naoi Teallaichean	|	nty years old, by her own house's reckoning, when the nine hearths raised her to the flame; a yo
CHANGE	eras/age_III/book/22_of_the_truce_in_the_galleries_and_the_walled_town.md:13	the nine hearths	->	Na Naoi Teallaichean	|	es she had spent her back on, told her, the night the nine hearths' word came down, that a young
CHANGE	eras/age_III/book/22_of_the_truce_in_the_galleries_and_the_walled_town.md:13	the Hall	->	Talla na Lasrach	|	ause a young Keeper is watched by every hearth in the Hall to see whether she will bend 
CHANGE	eras/age_III/book/22_of_the_truce_in_the_galleries_and_the_walled_town.md:17	the stag's people	->	Scoiltean nan Draoidhean	|	ng her own house kept for her, that the matter of the stag's people came to the door of Talla na 
CHANGE	eras/age_III/book/22_of_the_truce_in_the_galleries_and_the_walled_town.md:19	The stag's people	->	Scoiltean nan Draoidhean	|	The stag's people, newly housed at Cnoc bhàn no
CHANGE	eras/age_III/book/22_of_the_truce_in_the_galleries_and_the_walled_town.md:19	the Hall	->	Talla na Lasrach	|	ions of the shutting-out rather than withered, as the Hall had perhaps hoped it would. I
CHANGE	eras/age_III/book/22_of_the_truce_in_the_galleries_and_the_walled_town.md:19	the Hall	->	Talla na Lasrach	|	ely trained to them. They had not found an answer the Hall would accept, nor, in truth, 
CHANGE	eras/age_III/book/22_of_the_truce_in_the_galleries_and_the_walled_town.md:21	the Hall's	->	Talla na Lasrach's	|	p, which they set down unlit on the stones before the Hall's door as a sign that they had 
CHANGE	eras/age_III/book/22_of_the_truce_in_the_galleries_and_the_walled_town.md:23	the Hall	->	Talla na Lasrach	|	to them herself rather than send a steward, which the Hall had not troubled to do for th
CHANGE	eras/age_III/book/22_of_the_truce_in_the_galleries_and_the_walled_town.md:23	the Hall	->	Talla na Lasrach	|	uestion. We will not ask it of the vein aloud, if the Hall will only stop asking us, alo
CHANGE	eras/age_III/book/22_of_the_truce_in_the_galleries_and_the_walled_town.md:25	the nine hearths	->	Na Naoi Teallaichean	|	Keeper before her — that a cutter trained outside the nine hearths might work some harm on the v
CHANGE	eras/age_III/book/22_of_the_truce_in_the_galleries_and_the_walled_town.md:25	the Hall's	->	Talla na Lasrach's	|	 one of them, to ask nothing of the vein aloud in the Hall's own hearing, whatever they we
CHANGE	eras/age_III/book/22_of_the_truce_in_the_galleries_and_the_walled_town.md:25	The Hall's	->	Talla na Lasrach's	|	nt on asking of it among themselves at Cnoc bhàn. The Hall's own roll, in the dry words of
CHANGE	eras/age_III/book/22_of_the_truce_in_the_galleries_and_the_walled_town.md:27	the nine hearths	->	Na Naoi Teallaichean	|	 that morning, and said nothing to the cutters of the nine hearths who stood back to let him pas
CHANGE	eras/age_III/book/22_of_the_truce_in_the_galleries_and_the_walled_town.md:31	the Roinn	->	Roinn na Rìoghachd	|	dier than it had been in the five centuries since the Roinn, though no single teller then
CHANGE	eras/age_III/book/22_of_the_truce_in_the_galleries_and_the_walled_town.md:37	the sunny house	->	An Taigh-òsta Grianach	|	he ground had always had, An Taigh-òsta Grianach, the sunny house; its own builders, asked afte
CHANGE	eras/age_III/book/22_of_the_truce_in_the_galleries_and_the_walled_town.md:37	the Hall's	->	Talla na Lasrach's	|	riers bound themselves into a guild that held, by the Hall's own grant, the sole right to 
CHANGE	eras/age_III/book/22_of_the_truce_in_the_galleries_and_the_walled_town.md:37	the Hall	->	Talla na Lasrach	|	the Hall's own grant, the sole right to carry for the Hall on the stretch of road down t
CHANGE	eras/age_III/book/22_of_the_truce_in_the_galleries_and_the_walled_town.md:37	(appositive)	->	An Taigh-òsta Grianach	|	dropped the English gloss beside An Taigh-òsta Grianach
CHANGE	eras/age_III/book/22_of_the_truce_in_the_galleries_and_the_walled_town.md:41	the Hall	->	Talla na Lasrach	|	turn and taken the fee for it, and each demanding the Hall strip the other of his place 
CHANGE	eras/age_III/book/22_of_the_truce_in_the_galleries_and_the_walled_town.md:41	the Hall's	->	Talla na Lasrach's	|	 carried it. Neither had. She told them then that the Hall's grant to the guild was a righ
CHANGE	eras/age_III/book/22_of_the_truce_in_the_galleries_and_the_walled_town.md:41	the Hall's	->	Talla na Lasrach's	|	later account, before they had gone a mile, which the Hall's knot-keeper that season kept 
CHANGE	eras/age_III/book/22_of_the_truce_in_the_galleries_and_the_walled_town.md:45	the Roinn	->	Roinn na Rìoghachd	|	Of the old blood that had stood up at the Roinn, few enough were left by the 
CHANGE	eras/age_III/book/22_of_the_truce_in_the_galleries_and_the_walled_town.md:45	the Peace	->	Sìth an Stairsnich	|	 who had themselves shed blood in the long strife the Peace had ended. Ruairidh Glas, hol
CHANGE	eras/age_III/book/22_of_the_truce_in_the_galleries_and_the_walled_town.md:45	the Red Share	->	an Earrann Dhearg	|	ife the Peace had ended. Ruairidh Glas, holder of the Red Share at Dùn dhearg, had come to th
CHANGE	eras/age_III/book/22_of_the_truce_in_the_galleries_and_the_walled_town.md:45	the Peace	->	Sìth an Stairsnich	|	 the low country; and he had held it, by the time the Peace was thirty years old, longer 
CHANGE	eras/age_III/book/22_of_the_truce_in_the_galleries_and_the_walled_town.md:47	the Peace	->	Sìth an Stairsnich	|	He had sworn the Peace himself, on the stone cup, wi
CHANGE	eras/age_III/book/22_of_the_truce_in_the_galleries_and_the_walled_town.md:49	the Roinn	->	Roinn na Rìoghachd	|	y soul who had stood up in the gathering-house at the Roinn, save only Eithne nic Ailein.
CHANGE	eras/age_III/book/22_of_the_truce_in_the_galleries_and_the_walled_town.md:51	the Hall	->	Talla na Lasrach	|	is son took up the holding without any summons to the Hall, for the Peace by then requir
CHANGE	eras/age_III/book/22_of_the_truce_in_the_galleries_and_the_walled_town.md:51	the Peace	->	Sìth an Stairsnich	|	 the holding without any summons to the Hall, for the Peace by then required none where a
CHANGE	eras/age_III/book/22_of_the_truce_in_the_galleries_and_the_walled_town.md:51	the Red Share	->	an Earrann Dhearg	|	ather than with any failure of her cords. He held the Red Share after his father a very long 
CHANGE	eras/age_III/book/22_of_the_truce_in_the_galleries_and_the_walled_town.md:51	the Hall's	->	Talla na Lasrach's	|	ee the day when that shortening was spoken of, in the Hall's own rolls, as anything but th
CHANGE	eras/age_III/book/22_of_the_truce_in_the_galleries_and_the_walled_town.md:57	the nine hearths	->	Na Naoi Teallaichean	|	 and the dark. Four men died under it, cutters of the nine hearths every one; the eldest of them
CHANGE	eras/age_III/book/22_of_the_truce_in_the_galleries_and_the_walled_town.md:61	the Hall's	->	Talla na Lasrach's	|	The four dead were carried up and buried on the Hall's own ground, the one ground on
CHANGE	eras/age_III/book/22_of_the_truce_in_the_galleries_and_the_walled_town.md:61	the Hall	->	Talla na Lasrach	|	 ordered timber props of oak set in every gallery the Hall worked, the first timber the 
CHANGE	eras/age_III/book/22_of_the_truce_in_the_galleries_and_the_walled_town.md:61	the Hall	->	Talla na Lasrach	|	n every gallery the Hall worked, the first timber the Hall had ever spent on the mountai
CHANGE	eras/age_III/book/22_of_the_truce_in_the_galleries_and_the_walled_town.md:67	the four houses	->	Na Ceithir Taighean	|	fall, and grew old in the office in a way none of the four houses of custody had troubled to re
CHANGE	eras/age_III/book/22_of_the_truce_in_the_galleries_and_the_walled_town.md:67	the nine hearths	->	Na Naoi Teallaichean	|	ept the flame the better part of six decades, and the nine hearths that had raised her young cho
CHANGE	eras/age_III/book/22_of_the_truce_in_the_galleries_and_the_walled_town.md:69	the Hall's	->	Talla na Lasrach's	|	 unlit, as they had left it the first time: which the Hall's knot-keeper that season under
CHANGE	eras/age_III/book/22_of_the_truce_in_the_galleries_and_the_walled_town.md:71	the Small-Burning Law	->	Lagh an Loscaidh Bhig	|	eigh. Its own shrine, from {{date:II-0075}}, held the Small-Burning Law to the very grain from its fo
CHANGE	eras/age_III/book/22_of_the_truce_in_the_galleries_and_the_walled_town.md:73	the boundary stones	->	Clachan-crìche	|	on the roads below had long since stopped reading the boundary stones the Peace had set. It had bec
CHANGE	eras/age_III/book/22_of_the_truce_in_the_galleries_and_the_walled_town.md:73	the Peace	->	Sìth an Stairsnich	|	ad long since stopped reading the boundary stones the Peace had set. It had become, as th
CHANGE	eras/age_III/book/22_of_the_truce_in_the_galleries_and_the_walled_town.md:73	the Hall's	->	Talla na Lasrach's	|	ndary stones the Peace had set. It had become, as the Hall's own oldest things so often di
CHANGE	eras/age_III/book/23_of_goraidh_mac_iomhair.md:9	the Keeper	->	Coimheadaiche na Lasrach	|	eady the oldest counted things on the island, and the Keeper Seonaid Chiar, before she die
CHANGE	eras/age_III/book/23_of_goraidh_mac_iomhair.md:9	the Hall	->	Talla na Lasrach	|	let the stag's cutters back into the galleries of the Hall on oath to ask nothing of the
CHANGE	eras/age_III/book/23_of_goraidh_mac_iomhair.md:9	the Hall	->	Talla na Lasrach	|	l on oath to ask nothing of the vein aloud, which the Hall called a reconciling and the 
CHANGE	eras/age_III/book/23_of_goraidh_mac_iomhair.md:9	The Peace of the Threshold	->	Sìth an Stairsnich	|	 reconciling and the school still called a truce. The Peace of the Threshold was eighty years old and had 
CHANGE	eras/age_III/book/23_of_goraidh_mac_iomhair.md:13	the Red Share	->	an Earrann Dhearg	|	Goraidh mac Ìomhair was born in the Red Share in the spring of the Hall's f
CHANGE	eras/age_III/book/23_of_goraidh_mac_iomhair.md:13	the Hall's	->	Talla na Lasrach's	|	omhair was born in the Red Share in the spring of the Hall's fifth century, the year his g
CHANGE	eras/age_III/book/23_of_goraidh_mac_iomhair.md:13	The Red Share	->	An Earrann Dhearg	|	s father's, been parted from a neighbour's spear. The Red Share had been won with a sword, no
CHANGE	eras/age_III/book/23_of_goraidh_mac_iomhair.md:13	the Roinn	->	Roinn na Rìoghachd	|	Red Share had been won with a sword, not given at the Roinn, and it had never been cut si
CHANGE	eras/age_III/book/23_of_goraidh_mac_iomhair.md:15	the Red Share	->	An Earrann Dhearg	|	earg were full that year, as they generally were; the Red Share paid its own way and had done
CHANGE	eras/age_III/book/23_of_goraidh_mac_iomhair.md:17	the Red Share's	->	an Earrann Dhearg's	|	 a woman of a small house on the coast whose name the Red Share's own reciters kept and no one 
CHANGE	eras/age_III/book/23_of_goraidh_mac_iomhair.md:17	the Red Share	->	an Earrann Dhearg	|	ad it before him, only smaller than most, because the Red Share had never been the kind of th
CHANGE	eras/age_III/book/23_of_goraidh_mac_iomhair.md:21	the Roinn's	->	Roinn na Rìoghachd's	|	 the old counties east of Dùn dhearg, parted from the Roinn's great share of the north four
CHANGE	eras/age_III/book/23_of_goraidh_mac_iomhair.md:21	great share of the north	->	Earrann Mhurchaidh	|	nties east of Dùn dhearg, parted from the Roinn's great share of the north four centuries before and par
CHANGE	eras/age_III/book/23_of_goraidh_mac_iomhair.md:21	the Peace	->	Sìth an Stairsnich	|	 what was left. By the custom that had held since the Peace, a share with no heir named w
CHANGE	eras/age_III/book/23_of_goraidh_mac_iomhair.md:21	the Keeper	->	Coimhdeach na Fine	|	nce the Peace, a share with no heir named went to the Keeper to give as she saw fit, unles
CHANGE	eras/age_III/book/23_of_goraidh_mac_iomhair.md:25	the War of the Two Oaths	->	Cogadh an Dà Mhionn	|	 was a love match. She was old enough to remember the War of the Two Oaths from its first burning, and h
CHANGE	eras/age_III/book/23_of_goraidh_mac_iomhair.md:31	the Red Share's	->	an Earrann Dhearg's	|	citer would keep his place and his fire, whatever the Red Share's own reciters thought of shari
CHANGE	eras/age_III/book/23_of_goraidh_mac_iomhair.md:33	the Red Share's	->	an Earrann Dhearg's	|	spring, before the roads had properly dried, with the Red Share's own reciters standing witness
CHANGE	eras/age_III/book/23_of_goraidh_mac_iomhair.md:33	the Peace	->	Sìth an Stairsnich	|	o it, her county came into the marriage whole, as the Peace allowed; and by the same term
CHANGE	eras/age_III/book/23_of_goraidh_mac_iomhair.md:33	the Keeper's	->	Coimhdeach na Fine's	|	Peace allowed; and by the same terms, made before the Keeper's own knot-keeper so that no li
CHANGE	eras/age_III/book/23_of_goraidh_mac_iomhair.md:35	the Red Share	->	an Earrann Dhearg	|	looking for, Goraidh mac Ìomhair held in one hand the Red Share, whole as his fathers had kep
CHANGE	eras/age_III/book/23_of_goraidh_mac_iomhair.md:35	the Roinn	->	Roinn na Rìoghachd	|	he old counties of the east besides, parted since the Roinn and gathered now, for the fir
CHANGE	eras/age_III/book/23_of_goraidh_mac_iomhair.md:39	the Red Share's	->	an Earrann Dhearg's	|	 younger than some of their own grandchildren, of the Red Share's blood but not, until that win
CHANGE	eras/age_III/book/23_of_goraidh_mac_iomhair.md:41	the Roinn	->	Roinn na Rìoghachd	|	 and which family had held a grazing since before the Roinn and would go to war over it i
CHANGE	eras/age_III/book/23_of_goraidh_mac_iomhair.md:43	the Red Share	->	an Earrann Dhearg	|	 four together took more of his waking hours than the Red Share alone had ever asked of him, 
CHANGE	eras/age_III/book/23_of_goraidh_mac_iomhair.md:45	the Red Share's	->	an Earrann Dhearg's	|	naries at Dùn dhearg that year, all four of them, the Red Share's own stores and the three coun
CHANGE	eras/age_III/book/23_of_goraidh_mac_iomhair.md:57	the Roinn	->	Roinn na Rìoghachd	|	Mòr fell at the ford six hundred years before; at the Roinn the seven hundred and twelve 
CHANGE	eras/age_III/book/23_of_goraidh_mac_iomhair.md:57	the Mason's line	->	Clann a' Chlachair	|	 and in the centuries since, only the reciters of the Mason's line had troubled to remember that
CHANGE	eras/age_III/book/23_of_goraidh_mac_iomhair.md:57	the nine great shares	->	na h-Earrannan Mòra	|	he heirs of Ailean's blood, all down every one of the nine great shares, had never once offered it to
CHANGE	eras/age_III/book/23_of_goraidh_mac_iomhair.md:57	the Red Share	->	an Earrann Dhearg	|	er once offered it to Goraidh, nor to any lord of the Red Share before him. It was the granar
CHANGE	eras/age_III/book/23_of_goraidh_mac_iomhair.md:61	the Hall	->	Talla na Lasrach	|	s hall as plainly as they called Talla na Lasrach the Hall.
CHANGE	eras/age_III/book/23_of_goraidh_mac_iomhair.md:63	the Red Share	->	an Earrann Dhearg	|	ary door as he always had, Goraidh mac Ìomhair of the Red Share, and when the reciters of nei
CHANGE	eras/age_III/book/23_of_goraidh_mac_iomhair.md:69	the Keepers	->	Coimheadaichean na Lasrach	|	It was not a summons in the way the Keepers had ever summoned anyone befo
CHANGE	eras/age_III/book/23_of_goraidh_mac_iomhair.md:73	the Hall	->	Talla na Lasrach	|	 to catch the light on a notch. A man who came to the Hall armed had already said, befor
CHANGE	eras/age_III/book/23_of_goraidh_mac_iomhair.md:77	the Keeper	->	Coimhdeach na Fine	|	stones before the door, for the day was fine, and the Keeper sat among them with the stone
CHANGE	eras/age_III/book/23_of_goraidh_mac_iomhair.md:79	the Hall	->	Talla na Lasrach	|	mountain. Not a gallery, not a grain of coal. Let the Hall hear me say it."
CHANGE	eras/age_III/book/23_of_goraidh_mac_iomhair.md:81	The Hall	->	Talla na Lasrach	|	The Hall heard him. Nobody answered at
CHANGE	eras/age_III/book/23_of_goraidh_mac_iomhair.md:81	the Mason's line	->	Clann a' Chlachair	|	he ridge, and one of the council, an old woman of the Mason's line who had sat on that bench lon
CHANGE	eras/age_III/book/23_of_goraidh_mac_iomhair.md:85	the Roinn's	->	Roinn na Rìoghachd's	|	because he had watched what four hundred years of the Roinn's quarrelling over the vein had
CHANGE	eras/age_III/book/23_of_goraidh_mac_iomhair.md:91	the Keeper	->	Coimheadaiche na Lasrach	|	leep on second thoughts, on the stone cup itself: the Keeper to keep the flame and the gal
CHANGE	eras/age_III/book/23_of_goraidh_mac_iomhair.md:91	the Keeper	->	Coimheadaiche na Lasrach	|	 the rìgh never to set foot in a working gallery, the Keeper never to raise a spear. *Roin
CHANGE	eras/age_III/book/23_of_goraidh_mac_iomhair.md:91	the division of keeping	->	Roinn a' Ghleidhidh	|	er never to raise a spear. *Roinn a' Ghleidhidh*, the division of keeping, the council called it before
CHANGE	eras/age_III/book/23_of_goraidh_mac_iomhair.md:91	the Hall	->	Talla na Lasrach	|	hair became the first ruler since Ailean Mòr that the Hall itself would answer to as a r
CHANGE	eras/age_III/book/23_of_goraidh_mac_iomhair.md:91	the Hall	->	Talla na Lasrach	|	ld answer to as a ruler, on the one narrow ground the Hall had left him to be one.
CHANGE	eras/age_III/book/23_of_goraidh_mac_iomhair.md:97	The Red Share's	->	An Earrann Dhearg's	|	aw the door, the thing the hall was actually for. The Red Share's own carpenters cut it, and th
CHANGE	eras/age_III/book/23_of_goraidh_mac_iomhair.md:99	the Keeper's	->	Coimhdeach na Fine's	|	ul of years, with the roads under his keeping and the Keeper's word behind the division that
CHANGE	eras/age_III/book/23_of_goraidh_mac_iomhair.md:99	the road-peace	->	Sìth an Rathaid	|	carrier's basket held, to pay the guards who kept the road-peace and to mend the bridges the f
CHANGE	eras/age_III/book/23_of_goraidh_mac_iomhair.md:103	the long years	->	na Bliadhnachan Fada	|	two hundred and stayed hale a long while past it, the long years of his blood fading in him th
CHANGE	eras/age_III/book/23_of_goraidh_mac_iomhair.md:103	the Roinn	->	Roinn na Rìoghachd	|	 the way they had been fading in every line since the Roinn, century by century, so that 
CHANGE	eras/age_III/book/23_of_goraidh_mac_iomhair.md:103	the Roinn	->	Roinn na Rìoghachd	|	d, Goraidh mac Ìomhair, seven generations on from the Roinn, counted himself old at two h
CHANGE	eras/age_III/book/23_of_goraidh_mac_iomhair.md:107	the Small-Burning Law's	->	Lagh an Loscaidh Bhig's	|	western road that had been Mòr nic Dhùghaill's in the Small-Burning Law's own time and was a waypoint-k
CHANGE	eras/age_III/book/24_of_morag_of_the_roads.md:7	the Hall	->	Talla na Lasrach	|	leep in the seven hundred and fifty-third year of the Hall the hall stood a night and a 
CHANGE	eras/age_III/book/24_of_morag_of_the_roads.md:67	the golden house	->	An Taigh-seinnse Òir	|	She built the golden house in her seven-and-twentieth ye
CHANGE	eras/age_III/book/24_of_morag_of_the_roads.md:67	the golden house	->	An Taigh-seinnse Òir	|	 that carriers coming up from the coast called it the golden house before the beams had so much 
CHANGE	eras/age_III/book/24_of_morag_of_the_roads.md:79	the golden house	->	An Taigh-seinnse Òir	|	e she did, and said so to her plainly, sitting in the golden house one evening in his thirtieth 
CHANGE	eras/age_III/book/24_of_morag_of_the_roads.md:79	the long years	->	na Bliadhnachan Fada	|	 by then and past her hundred and eightieth, with the long years thinning fast in her line the
CHANGE	eras/age_III/book/24_of_morag_of_the_roads.md:83	the golden house	->	An Taigh-seinnse Òir	|	m the wide crossing below Cathair dhearg round by the golden house and back, five weeks on the r
CHANGE	eras/age_III/book/24_of_morag_of_the_roads.md:87	the golden house's	->	An Taigh-seinnse Òir's	|	nall, new in his chair and lame on his stick, had the golden house's own stores brought up to Dùn 
CHANGE	eras/age_III/book/24_of_morag_of_the_roads.md:101	the Keeper's	->	Coimheadaiche na Lasrach's	|	gh worse rain than that storm brought; and it was the Keeper's grain, carried down from the 
CHANGE	eras/age_III/book/24_of_morag_of_the_roads.md:101	the Hall's	->	Talla na Lasrach's	|	 and it was the Keeper's grain, carried down from the Hall's own stores, that reached the 
CHANGE	eras/age_III/book/25_of_the_stag-letters.md:7	the holy wood	->	Coille Naomh Muileann chiar	|	from his father's holding to the stag's school in the holy wood east of Muileann chiar, and h
CHANGE	eras/age_III/book/25_of_the_stag-letters.md:21	the holy wood	->	Coille Naomh Muileann chiar	|	three low houses and a byre set among the oaks of the holy wood, a morning's walk east of Mui
CHANGE	eras/age_III/book/25_of_the_stag-letters.md:21	the stag's people	->	Scoiltean nan Draoidhean	|	e turning of the year, the rites that belonged to the stag's people alone, which Aonghas Cam taug
CHANGE	eras/age_III/book/25_of_the_stag-letters.md:55	the night of the handful	->	Oidhche an Dòrlaich	|	two evenings running, telling the pupils tales of the night of the handful that not one of them had hear
CHANGE	eras/age_III/book/25_of_the_stag-letters.md:69	the stag's people	->	Scoiltean nan Draoidhean	|	st of them were concerned, a schoolboy's trick of the stag's people and no business of a toll-hou
CHANGE	eras/age_III/book/25_of_the_stag-letters.md:73	the holy wood	->	Coille Naomh Muileann chiar	|	ad once taught them to pupils half his own age in the holy wood, finding the ruler's clerks q
CHANGE	eras/age_III/book/25_of_the_stag-letters.md:79	the holy wood	->	Coille Naomh Muileann chiar	|	eld a word instead of a count. Rònat came home to the holy wood in the last light of the fift
CHANGE	eras/age_III/book/26_of_the_basket_of_fish-bones.md:13	the Hall	->	Talla na Lasrach	|	h died in the nine hundred and fourteenth year of the Hall, and the household stood the 
CHANGE	eras/age_III/book/26_of_the_basket_of_fish-bones.md:17	the road-peace	->	Sìth an Rathaid	|	southern end had been Dùn dhearg's by right since the road-peace was first sworn, but it reach
CHANGE	eras/age_III/book/26_of_the_basket_of_fish-bones.md:27	the Hall	->	Talla na Lasrach	|	ar, in the nine hundred and ninety-fourth year of the Hall, sitting upright in the chair
CHANGE	eras/age_III/book/26_of_the_basket_of_fish-bones.md:43	the Peace of the Threshold	->	Sìth an Stairsnich	|	fought by Dia-thìreach against Dia-thìreach since the Peace of the Threshold had been sworn, and the first
CHANGE	eras/age_III/book/26_of_the_basket_of_fish-bones.md:45	the Hall's	->	Talla na Lasrach's	|	ore he marched further Iain sent to Dùn ìseal for the Hall's blessing on the warband's hea
CHANGE	eras/age_III/book/26_of_the_basket_of_fish-bones.md:45	the Keeper	->	Coimhdeach na Fine	|	 hands empty and a message they had been made, by the Keeper himself, to repeat word for w
CHANGE	eras/age_III/book/26_of_the_basket_of_fish-bones.md:49	the Hall	->	Talla na Lasrach	|	ll that time, refused a rìgh's messenger anything the Hall was able to give, and Iain he
CHANGE	eras/age_III/book/26_of_the_basket_of_fish-bones.md:49	the Keeper's	->	Coimhdeach na Fine's	|	the strip of hide the first had carried, on which the Keeper's words had been set down in th
CHANGE	eras/age_III/book/26_of_the_basket_of_fish-bones.md:49	the Hall's	->	Talla na Lasrach's	|	hy he never once, in forty years, set foot inside the Hall's own ground.
CHANGE	eras/age_III/book/26_of_the_basket_of_fish-bones.md:51	the Hall's	->	Talla na Lasrach's	|	ur over the camp and would not draw clean the way the Hall's flame drew, and men who had m
CHANGE	eras/age_III/book/26_of_the_basket_of_fish-bones.md:51	the division of keeping	->	Roinn a' Ghleidhidh	|	atching the sour smoke lie over his own men, that the division of keeping was first spoken aloud and un
CHANGE	eras/age_III/book/26_of_the_basket_of_fish-bones.md:51	the Keeper	->	Coimheadaiche na Lasrach	|	or what it was: that the rìgh held the spears and the Keeper held the flame, and that neit
CHANGE	eras/age_III/book/26_of_the_basket_of_fish-bones.md:53	The Hall	->	Talla na Lasrach	|	 of a man too cold to be ashamed of complaining. "The Hall would have kept us dry," Dùgh
CHANGE	eras/age_III/book/26_of_the_basket_of_fish-bones.md:53	The Hall	->	Talla na Lasrach	|	r than the one he had already given the steward. "The Hall keeps whoever it likes dry," 
CHANGE	eras/age_III/book/26_of_the_basket_of_fish-bones.md:61	the ford of the forty	->	Àth an Dà Fhichead	|	rder, and the carriers who came that way named it the ford of the forty, for the number of dead the t
CHANGE	eras/age_III/book/26_of_the_basket_of_fish-bones.md:69	the War of the Roads	->	Cogadh nan Rathad	|	arriers spoke of the towns that had kept faith in the War of the Roads, they set Baile chiar's name 
CHANGE	eras/age_III/book/26_of_the_basket_of_fish-bones.md:75	the road-peace	->	Sìth an Rathaid	|	 end, under the roof of a waypoint house bound by the road-peace, where no man might draw a bl
CHANGE	eras/age_III/book/26_of_the_basket_of_fish-bones.md:75	the road-peace	->	Sìth an Rathaid	|	en Mòr nic Dhùghaill's, on the western road where the road-peace had first been sworn generati
CHANGE	eras/age_III/book/26_of_the_basket_of_fish-bones.md:79	the Small-Burning Law	->	Lagh an Loscaidh Bhig	|	nt half to Dùn dhearg, and Lachlann Ciar swore to the Small-Burning Law before the witness of a keepe
CHANGE	eras/age_III/book/26_of_the_basket_of_fish-bones.md:79	the Hall	->	Talla na Lasrach	|	Law before the witness of a keeper sent down from the Hall for the purpose, the first oa
CHANGE	eras/age_III/book/26_of_the_basket_of_fish-bones.md:79	the Hall's	->	Talla na Lasrach's	|	own from the Hall for the purpose, the first oath the Hall's own witness had taken from hi
CHANGE	eras/age_III/book/26_of_the_basket_of_fish-bones.md:81	the wolf-sworn	->	an Fhianna	|	rd, and called themselves, from that swearing on, the wolf-sworn; and Iain, watching from hors
CHANGE	eras/age_III/book/26_of_the_basket_of_fish-bones.md:81	the Hall's	->	Talla na Lasrach's	|	for the last time in his life, did not turn in at the Hall's gate, nor ever would again; t
CHANGE	eras/age_III/book/27_of_the_last_of_the_nine.md:12	the Roinn	->	Roinn na Rìoghachd	|	 the youngest of the nine who had cut the cord at the Roinn, and by the tenth century of 
CHANGE	eras/age_III/book/27_of_the_last_of_the_nine.md:12	the Hall	->	Talla na Lasrach	|	he cord at the Roinn, and by the tenth century of the Hall she was also the last of them
CHANGE	eras/age_III/book/27_of_the_last_of_the_nine.md:14	the long years	->	Na Bliadhnachan Fada	|	her looked it in a way that had stopped changing: the long years did that, her father's blood 
CHANGE	eras/age_III/book/27_of_the_last_of_the_nine.md:14	the Peace of the Threshold	->	Sìth an Stairsnich	|	t in the lowland hall she had sat in since before the Peace of the Threshold, and she heard the island's n
CHANGE	eras/age_III/book/27_of_the_last_of_the_nine.md:16	the Hall	->	Talla na Lasrach	|	d living at one time; and by the tenth century of the Hall she had settled, without mean
CHANGE	eras/age_III/book/27_of_the_last_of_the_nine.md:18	the Hall	->	Talla na Lasrach	|	In the tenth century of the Hall the news that came to her hal
CHANGE	eras/age_III/book/27_of_the_last_of_the_nine.md:20	the Keeper	->	Coimhdeach na Fine	|	"They say the Keeper sent his messengers home with
CHANGE	eras/age_III/book/27_of_the_last_of_the_nine.md:38	the Hall	->	Talla na Lasrach	|	 dhearg, in the thousand and forty-fourth year of the Hall, a hundred and thirty-five ye
CHANGE	eras/age_III/book/27_of_the_last_of_the_nine.md:40	the Hall	->	Talla na Lasrach	|	s from a Keeper's messenger, one of the young men the Hall sent out now with the season'
CHANGE	eras/age_III/book/27_of_the_last_of_the_nine.md:40	the Small-Burning Law	->	Lagh an Loscaidh Bhig	|	erhaps twenty who had never known a world without the Small-Burning Law and thought it as old as the 
CHANGE	eras/age_III/book/27_of_the_last_of_the_nine.md:42	The Hall	->	Talla na Lasrach	|	lope at Dùn ìseal where the kings before him lie. The Hall did not ask for him, and I do
CHANGE	eras/age_III/book/27_of_the_last_of_the_nine.md:48	the Hall	->	Talla na Lasrach	|	ash his hands at a ford in the very first year of the Hall and known even then that a ma
CHANGE	eras/age_III/book/27_of_the_last_of_the_nine.md:56	the Hall	->	Talla na Lasrach	|	rst of all, was the coldness between the hall and the Hall. She sent her own son, a boy 
CHANGE	eras/age_III/book/27_of_the_last_of_the_nine.md:56	the division of keeping	->	Roinn a' Ghleidhidh	|	d this had not been done by the royal house since the division of keeping in Goraidh Mòr's day, when th
CHANGE	eras/age_III/book/27_of_the_last_of_the_nine.md:56	the Keeper	->	Coimheadaiche na Lasrach	|	Mòr's day, when the rìgh had taken the spears and the Keeper had kept the flame and the tw
CHANGE	eras/age_III/book/27_of_the_last_of_the_nine.md:60	the Keeper	->	Coimheadaiche na Lasrach	|	"They say the Keeper wept to see him come up the p
CHANGE	eras/age_III/book/27_of_the_last_of_the_nine.md:60	the Hall	->	Talla na Lasrach	|	sket like any hearth's son, and asking no more of the Hall than any other boy would ask.
CHANGE	eras/age_III/book/27_of_the_last_of_the_nine.md:64	the Keeper	->	Coimhdeach na Fine	|	ar since, at the turn of the season, and they say the Keeper keeps a place for him at the 
CHANGE	eras/age_III/book/27_of_the_last_of_the_nine.md:66	the Hall	->	Talla na Lasrach	|	 once in a keepers' hut of turf and stone, before the Hall was built at all, and of the 
CHANGE	eras/age_III/book/27_of_the_last_of_the_nine.md:68	the Hall's	->	Talla na Lasrach's	|	 Dùn dhearg, this hall will send its own tithe to the Hall's handful without waiting to be
CHANGE	eras/age_III/book/27_of_the_last_of_the_nine.md:68	the Roinn	->	Roinn na Rìoghachd	|	aiting to be asked, the way it has not done since the Roinn."
CHANGE	eras/age_III/book/27_of_the_last_of_the_nine.md:70	the Hall	->	Talla na Lasrach	|	dh Crom standing on the hill in the first year of the Hall and asking that the vein be i
CHANGE	eras/age_III/book/27_of_the_last_of_the_nine.md:76	the Hall's	->	Talla na Lasrach's	|	to the carriers of the northern baskets, who took the Hall's grain up to the wool country 
CHANGE	eras/age_III/book/27_of_the_last_of_the_nine.md:76	The Hall	->	Talla na Lasrach	|	 one hearth and the next with nowhere to shelter. The Hall paid its keepers in grain and
CHANGE	eras/age_III/book/27_of_the_last_of_the_nine.md:78	the wolf-sworn	->	an Fhianna	|	 the crown for a road-guard of their own, the way the wolf-sworn keep the west, and the crown 
CHANGE	eras/age_III/book/27_of_the_last_of_the_nine.md:86	the Hall	->	Talla na Lasrach	|	 in the hundred and ninth year of that century of the Hall, unannounced, on foot, with a
CHANGE	eras/age_III/book/27_of_the_last_of_the_nine.md:88	the long years	->	na Bliadhnachan Fada	|	hich was, she thought, the cruellest part of what the long years did to a person: the eyes wen
CHANGE	eras/age_III/book/27_of_the_last_of_the_nine.md:98	the night of the handful	->	Oidhche an Dòrlaich	|	ho remembered the smoke in the gathering-house on the night of the handful.
CHANGE	eras/age_III/book/27_of_the_last_of_the_nine.md:106	the night of the handful	->	Oidhche an Dòrlaich	|	He told her the night of the handful once more before he slept, th
CHANGE	eras/age_III/book/27_of_the_last_of_the_nine.md:112	the Roinn	->	Roinn na Rìoghachd	|	 and she owed his line no such honour by any rule the Roinn had made; she had him laid ne
CHANGE	eras/age_III/book/27_of_the_last_of_the_nine.md:116	the Roinn	->	Roinn na Rìoghachd	|	. She had outlived Murchadh, who had cut first at the Roinn; she had outlived Ìomhar, who
CHANGE	eras/age_III/book/27_of_the_last_of_the_nine.md:116	the night of the handful	->	Oidhche an Dòrlaich	|	nd twelve who had walked that cord with a lamp on the night of the handful, and every child of Ailean Mò
CHANGE	eras/age_III/book/27_of_the_last_of_the_nine.md:118	the Peace	->	Sìth an Stairsnich	|	 like a hundred others the island had grown since the Peace, but it pleased her to hear o
CHANGE	eras/age_III/book/27_of_the_last_of_the_nine.md:124	the Roinn	->	Roinn na Rìoghachd	|	ter her, none of the nine who had cut the cord at the Roinn was living, and the great sha
CHANGE	eras/age_III/book/27_of_the_last_of_the_nine.md:124	the great shares	->	na h-Earrannan Mòra	|	who had cut the cord at the Roinn was living, and the great shares that had once been carried in
CHANGE	eras/age_III/book/27_of_the_last_of_the_nine.md:124	The long years	->	Na Bliadhnachan Fada	|	had first claimed the ground they walked, or why. The long years went on thinning in the king'
CHANGE	eras/age_III/book/28_of_the_eleven_names_and_tormod_the_writer.md:12	the Hall	->	Talla na Lasrach	|	 saves a day's walk often enough. The miller paid the Hall in grain for his stone and hi
CHANGE	eras/age_III/book/28_of_the_eleven_names_and_tormod_the_writer.md:14	the king-list	->	Clàr nan Rìghrean	|	him came another, and after that one another, and the king-list, when at last someone thought
CHANGE	eras/age_III/book/28_of_the_eleven_names_and_tormod_the_writer.md:18	The Hall	->	Talla na Lasrach	|	The Hall on the mountain kept its own 
CHANGE	eras/age_III/book/28_of_the_eleven_names_and_tormod_the_writer.md:18	the Hall's	->	Talla na Lasrach's	|	ùn dhearg gave eleven rulers, which any teller of the Hall's years will tell you is no mor
CHANGE	eras/age_III/book/28_of_the_eleven_names_and_tormod_the_writer.md:20	the house of Ìomhar	->	Sliochd Ìomhair	|	me while after Catrìona Ghlic," the last ruler of the house of Ìomhar and Goraidh who carried any o
CHANGE	eras/age_III/book/28_of_the_eleven_names_and_tormod_the_writer.md:20	the long years	->	na Bliadhnachan Fada	|	he house of Ìomhar and Goraidh who carried any of the long years in his blood died at a hundre
CHANGE	eras/age_III/book/28_of_the_eleven_names_and_tormod_the_writer.md:20	The long years	->	Na Bliadhnachan Fada	|	anyone marking the day it happened, an old man's. The long years had been going out of that li
CHANGE	eras/age_III/book/28_of_the_eleven_names_and_tormod_the_writer.md:26	the house of Tormod	->	Sliochd Thormoid	|	eign of the tenth of the eleven, a younger son of the house of Tormod, which had held no great offi
CHANGE	eras/age_III/book/28_of_the_eleven_names_and_tormod_the_writer.md:62	the Hall's	->	Talla na Lasrach's	|	ers' account disagreed with what he later learned the Hall's own roll gave, he set both re
CHANGE	eras/age_III/book/28_of_the_eleven_names_and_tormod_the_writer.md:78	the Hall	->	Talla na Lasrach	|	Word of the written roll reached the Hall on the mountain the following
CHANGE	eras/age_III/book/28_of_the_eleven_names_and_tormod_the_writer.md:78	the Keeper	->	Coimhdeach na Fine	|	hought it worth the telling twice, and it reached the Keeper of that year, Fionnlagh Dall'
CHANGE	eras/age_III/book/28_of_the_eleven_names_and_tormod_the_writer.md:78	the Hall	->	Talla na Lasrach	|	t the rìgh's clerk had set down in marks a memory the Hall had only ever kept in the mou
CHANGE	eras/age_III/book/28_of_the_eleven_names_and_tormod_the_writer.md:80	The Keeper	->	Coimhdeach na Fine	|	The Keeper heard it out and said nothing
CHANGE	eras/age_III/book/28_of_the_eleven_names_and_tormod_the_writer.md:80	the Hall	->	Talla na Lasrach	|	rest. On the fourth day he called the reciters of the Hall before him, the old men and w
CHANGE	eras/age_III/book/28_of_the_eleven_names_and_tormod_the_writer.md:80	the Keepers	->	Coimheadaichean na Lasrach	|	e Hall before him, the old men and women who kept the Keepers' line the way Dùn dhearg's re
CHANGE	eras/age_III/book/28_of_the_eleven_names_and_tormod_the_writer.md:82	the Hall's	->	Talla na Lasrach's	|	The writing of the Hall's own roll fell, in the end, le
CHANGE	eras/age_III/book/28_of_the_eleven_names_and_tormod_the_writer.md:82	the Hall's	->	Talla na Lasrach's	|	 than to a company of hands, since no clerk among the Hall's own people had Tormod's years
CHANGE	eras/age_III/book/28_of_the_eleven_names_and_tormod_the_writer.md:82	the Keeper	->	Coimhdeach na Fine	|	riting, while the reciters gave their account and the Keeper, sightless, listened to every
CHANGE	eras/age_III/book/28_of_the_eleven_names_and_tormod_the_writer.md:82	the Hall's	->	Talla na Lasrach's	|	ght had suited Tormod's own working. It began, as the Hall's spoken roll had always begun,
CHANGE	eras/age_III/book/28_of_the_eleven_names_and_tormod_the_writer.md:82	Tormod's roll	->	Clàr Thormoid	|	 begun, with Beathag Bhàn, and it ran longer than Tormod's roll by several centuries, since t
CHANGE	eras/age_III/book/28_of_the_eleven_names_and_tormod_the_writer.md:82	the Hall's	->	Talla na Lasrach's	|	er than Tormod's roll by several centuries, since the Hall's own line reached back past th
CHANGE	eras/age_III/book/28_of_the_eleven_names_and_tormod_the_writer.md:86	the cord of the heirs	->	Sreang nan Oighrean	|	f that writing, some thirteen hundred years since the cord of the heirs had been cut at the Roinn, th
CHANGE	eras/age_III/book/28_of_the_eleven_names_and_tormod_the_writer.md:86	the Roinn	->	Roinn na Rìoghachd	|	years since the cord of the heirs had been cut at the Roinn, that Cairistìona nan Snaidhm
CHANGE	eras/age_III/book/28_of_the_eleven_names_and_tormod_the_writer.md:86	the Hall	->	Talla na Lasrach	|	tìona nan Snaidhm came down from her own house to the Hall with the cord carried before 
CHANGE	eras/age_III/book/28_of_the_eleven_names_and_tormod_the_writer.md:88	the Hall's	->	Talla na Lasrach's	|	ot-keeping long since fallen from any real use in the Hall's business, since the Hall had 
CHANGE	eras/age_III/book/28_of_the_eleven_names_and_tormod_the_writer.md:88	the Hall	->	Talla na Lasrach	|	n from any real use in the Hall's business, since the Hall had kept its accounts by tall
CHANGE	eras/age_III/book/28_of_the_eleven_names_and_tormod_the_writer.md:88	the Roinn	->	Roinn na Rìoghachd	|	 Snaidhm had tied a second time in the year after the Roinn so that the Hall should keep 
CHANGE	eras/age_III/book/28_of_the_eleven_names_and_tormod_the_writer.md:88	the Hall	->	Talla na Lasrach	|	a second time in the year after the Roinn so that the Hall should keep entire what the n
CHANGE	eras/age_III/book/28_of_the_eleven_names_and_tormod_the_writer.md:88	the Hall	->	Talla na Lasrach	|	lding the shape she had given them, and no one at the Hall could read what they held sav
CHANGE	eras/age_III/book/28_of_the_eleven_names_and_tormod_the_writer.md:98	the Hall	->	Talla na Lasrach	|	n business and the next, and laid it in the chest the Hall had made for it, and did not 
CHANGE	eras/age_III/book/28_of_the_eleven_names_and_tormod_the_writer.md:100	the Hall's roll	->	Clàr an Talla	|	In the three places where the rìgh's roll and the Hall's roll disagreed, as Tormod had mark
CHANGE	eras/age_III/book/28_of_the_eleven_names_and_tormod_the_writer.md:100	the Hall's	->	Talla na Lasrach's	|	tand side by side, the one habit of Tormod's that the Hall's own scribes had, without quit
CHANGE	eras/age_III/book/28_of_the_eleven_names_and_tormod_the_writer.md:102	the Hall's	->	Talla na Lasrach's	|	er faithful either had been. The chest was set in the Hall's own gallery, and the lid was 
CHANGE	eras/age_III/book/28_of_the_eleven_names_and_tormod_the_writer.md:106	Tormod's roll	->	Clàr Thormoid	|	Eleven names stand now on Tormod's roll where before there had been e
CHANGE	eras/age_III/book/28_of_the_eleven_names_and_tormod_the_writer.md:106	the Hall's roll	->	Clàr an Talla	|	n others, none of them fixed. Five names stand on the Hall's roll for the same span of years, a
CHANGE	eras/age_III/book/29_of_the_wood-watchers.md:5	the Red Hall	->	An Talla Dearg	|	*Part Five: The Written Roll and the Red Hall*
CHANGE	eras/age_III/book/29_of_the_wood-watchers.md:14	the house of Ìomhar	->	Sliochd Ìomhair	|	rty-one of them, and was carried to the graves of the house of Ìomhar at Dùn dhearg. It is told tha
CHANGE	eras/age_III/book/29_of_the_wood-watchers.md:14	the first written king-list	->	Clàr nan Rìghrean	|	 the grave with the roll his master had made her, the first written king-list on Dia-thìr, and read her own
CHANGE	eras/age_III/book/29_of_the_wood-watchers.md:16	The Keepers' roll	->	Clàr an Talla	|	for some third reason no one living now can give. The Keepers' roll at Dùn ìseal keeps its own co
CHANGE	eras/age_III/book/29_of_the_wood-watchers.md:16	the king-list	->	Clàr nan Rìghrean	|	 Tormod's and kept by a different hand, and where the king-list is silent the Keepers' roll g
CHANGE	eras/age_III/book/29_of_the_wood-watchers.md:16	the Keepers' roll	->	Clàr an Talla	|	different hand, and where the king-list is silent the Keepers' roll goes on naming its own Keeper
CHANGE	eras/age_III/book/29_of_the_wood-watchers.md:18	the Keepers' count	->	Clàr an Talla	|	It was in this gap, some fifty years into it by the Keepers' count, that the Hall at Dùn ìseal f
CHANGE	eras/age_III/book/29_of_the_wood-watchers.md:18	the Hall at Dùn ìseal	->	Talla na Lasrach	|	e fifty years into it by the Keepers' count, that the Hall at Dùn ìseal first set its own hand to tea
CHANGE	eras/age_III/book/29_of_the_wood-watchers.md:18	the stag's people's	->	Scoiltean nan Draoidhean's	|	to teaching. Until then the stag-letters had been the stag's people's alone, taught in their own sc
CHANGE	eras/age_III/book/29_of_the_wood-watchers.md:18	the Keeper	->	Coimheadaiche na Lasrach	|	rn it as a guest. In the fiftieth year of the gap the Keeper of that day judged that a Hal
CHANGE	eras/age_III/book/29_of_the_wood-watchers.md:18	the Hall	->	Talla na Lasrach	|	habet at their own Keeper's order. From that year the Hall kept its roll in its own hand
CHANGE	eras/age_III/book/29_of_the_wood-watchers.md:18	the king-list	->	Clàr nan Rìghrean	|	hrough every year of the silence that followed in the king-list, so that when at last a ruler
CHANGE	eras/age_III/book/29_of_the_wood-watchers.md:18	the Keepers' roll	->	Clàr an Talla	|	t last a ruler's name returns to the record it is the Keepers' roll, not the king-list, that can 
CHANGE	eras/age_III/book/29_of_the_wood-watchers.md:18	the king-list	->	Clàr nan Rìghrean	|	eturns to the record it is the Keepers' roll, not the king-list, that can say with any certai
CHANGE	eras/age_III/book/29_of_the_wood-watchers.md:20	The Hall's	->	Talla na Lasrach's	|	s walked the roads their grandparents had walked. The Hall's clerks, in their new letters,
CHANGE	eras/age_III/book/29_of_the_wood-watchers.md:20	the Keepers	->	Coimheadaichean na Lasrach	|	d. The Hall's clerks, in their new letters, wrote the Keepers' names into the roll as each 
CHANGE	eras/age_III/book/29_of_the_wood-watchers.md:28	the Hall's	->	Talla na Lasrach's	|	cleared on its account rather than on any rule of the Hall's, because the first households
CHANGE	eras/age_III/book/29_of_the_wood-watchers.md:44	a Hall clerk	->	a clerk of Talla na Lasrach	|	by anyone outside the watchers' own company, when a Hall clerk travelling the northern road 
CHANGE	eras/age_III/book/29_of_the_wood-watchers.md:52	the stag's grove	->	Coille Naomh Muileann chiar	|	th of the island and seen, at the western edge of the stag's grove at Muileann chiar, a stand of
CHANGE	eras/age_III/book/29_of_the_wood-watchers.md:56	the stag's people	->	Scoiltean nan Draoidhean	|	tside another order's own understanding, and that the stag's people had their own long history of
CHANGE	eras/age_III/book/29_of_the_wood-watchers.md:60	The stag's people	->	Scoiltean nan Draoidhean	|	The stag's people did not let the matter rest w
CHANGE	eras/age_III/book/29_of_the_wood-watchers.md:60	the stag's people	->	Scoiltean nan Draoidhean	|	before it came to any grove in the east, and that the stag's people therefore held as good a clai
CHANGE	eras/age_III/book/29_of_the_wood-watchers.md:62	the stag's people	->	Scoiltean nan Draoidhean	|	and said so to any watcher who would listen, that the stag's people had done exactly what he hims
CHANGE	eras/age_III/book/29_of_the_wood-watchers.md:72	the Keepers	->	Coimheadaichean na Lasrach	|	ths, that a boy of seven years old was brought to the Keepers' hall at Dùn ìseal by his own
CHANGE	eras/age_III/book/29_of_the_wood-watchers.md:72	the Keeper	->	Coimhdeach na Fine	|	Òg, the young, from the day he first stood before the Keeper to be looked over, because th
CHANGE	eras/age_III/book/29_of_the_wood-watchers.md:74	The Keeper	->	Coimhdeach na Fine	|	The Keeper of that year judged the boy's
CHANGE	eras/age_III/book/29_of_the_wood-watchers.md:74	the Keepers	->	Coimheadaichean na Lasrach	|	he line the reciters gave him against what little the Keepers' own roll could confirm of it
CHANGE	eras/age_III/book/29_of_the_wood-watchers.md:74	the Keepers	->	Coimheadaichean na Lasrach	|	's confidence, the first such word in longer than the Keepers' own count could say with cer
CHANGE	eras/age_III/book/29_of_the_wood-watchers.md:76	the Keeper	->	Coimhdeach na Fine	|	ter that within sight of the hall, in a household the Keeper trusted, and grew, as boys of
CHANGE	eras/age_III/book/29_of_the_wood-watchers.md:80	the stag's people	->	Scoiltean nan Draoidhean	|	ce, who judged at once that the wood-watchers and the stag's people would go on sharing a wood an
CHANGE	eras/age_III/book/29_of_the_wood-watchers.md:82	the stag's people	->	Scoiltean nan Draoidhean	|	n its own: that the black-barked stand be left to the stag's people who had taught beneath it, wi
CHANGE	eras/age_III/book/29_of_the_wood-watchers.md:86	the Keeper's	->	Coimhdeach na Fine's	|	that same season, at the boy-king's own order and the Keeper's, and set at the edges of both
CHANGE	eras/age_III/book/29_of_the_wood-watchers.md:86	the Hall's	->	Talla na Lasrach's	|	arrel, because the roll that recorded it, kept in the Hall's own hand as it had been since
CHANGE	eras/age_III/book/29_of_the_wood-watchers.md:86	the Keeper	->	Coimheadaiche na Lasrach	|	 kept in the Hall's own hand as it had been since the Keeper who first set his clerks to t
CHANGE	eras/age_III/book/30_of_the_knotted_cords_in_the_galleries.md:7	the coloured coal	->	an gual dathach	|	sked for before him. He fed the flame, he weighed the coloured coal against no man's claim, he ju
CHANGE	eras/age_III/book/30_of_the_knotted_cords_in_the_galleries.md:7	the Small-Burning Law	->	Lagh an Loscaidh Bhig	|	inst no man's claim, he judged the small quarrels the Small-Burning Law was made to settle, and beyon
CHANGE	eras/age_III/book/30_of_the_knotted_cords_in_the_galleries.md:7	the Keepers	->	Coimheadaichean na Lasrach	|	, a want so plain that people remarked on it, for the Keepers before him had mostly wanted 
CHANGE	eras/age_III/book/30_of_the_knotted_cords_in_the_galleries.md:9	the Keeper	->	Coimhdeach na Fine	|	now it, and when Aonghas allowed that nobody had, the Keeper said that was answer enough f
CHANGE	eras/age_III/book/30_of_the_knotted_cords_in_the_galleries.md:11	the Law	->	Lagh an Loscaidh Bhig	|	 man's forearm and a lamp that burned longer than the Law allowed a household's, being 
CHANGE	eras/age_III/book/30_of_the_knotted_cords_in_the_galleries.md:11	the Hall's	->	Talla na Lasrach's	|	 longer than the Law allowed a household's, being the Hall's own oil and not a hearth's ha
CHANGE	eras/age_III/book/30_of_the_knotted_cords_in_the_galleries.md:11	the Hall	->	Talla na Lasrach	|	because a Keeper's asking passed for an answer in the Hall, and had done since Beathag B
CHANGE	eras/age_III/book/30_of_the_knotted_cords_in_the_galleries.md:17	the nine hearths	->	Na Naoi Teallaichean	|	e baskets of Dùn ìseal's own galleries, which fed the nine hearths and, through them, more house
CHANGE	eras/age_III/book/30_of_the_knotted_cords_in_the_galleries.md:17	The Small-Burning Law	->	Lagh an Loscaidh Bhig	|	hree seasons running while the cords were walked. The Small-Burning Law did not bend for it. The meas
CHANGE	eras/age_III/book/30_of_the_knotted_cords_in_the_galleries.md:17	the Hall's	->	Talla na Lasrach's	|	 three lean seasons the waypoint-keepers who kept the Hall's own tallies were sending less
CHANGE	eras/age_III/book/30_of_the_knotted_cords_in_the_galleries.md:17	the Law's	->	Lagh an Loscaidh Bhig's	|	ept the Hall's own tallies were sending less than the Law's full measure to households a 
CHANGE	eras/age_III/book/30_of_the_knotted_cords_in_the_galleries.md:19	the Hall	->	Talla na Lasrach	|	h time that the mountain was not asking anything, the Hall was asking, and the Hall had 
CHANGE	eras/age_III/book/30_of_the_knotted_cords_in_the_galleries.md:19	the Hall	->	Talla na Lasrach	|	was not asking anything, the Hall was asking, and the Hall had told them plainly enough 
CHANGE	eras/age_III/book/30_of_the_knotted_cords_in_the_galleries.md:19	the Binding	->	An Ceangal	|	 He did not care to. He had lived, he said, under the Binding his whole life and under no o
CHANGE	eras/age_III/book/30_of_the_knotted_cords_in_the_galleries.md:19	the Binding	->	An Ceangal	|	inding his whole life and under no other law, and the Binding had never before told him to 
CHANGE	eras/age_III/book/30_of_the_knotted_cords_in_the_galleries.md:21	the Keeper	->	Coimheadaiche na Lasrach	|	 northern road sent a steward to Dùn ìseal to ask the Keeper directly whether the counting
CHANGE	eras/age_III/book/30_of_the_knotted_cords_in_the_galleries.md:21	the Hall	->	Talla na Lasrach	|	iath received the steward himself, at the door of the Hall and not within it, and answer
CHANGE	eras/age_III/book/30_of_the_knotted_cords_in_the_galleries.md:21	the Keeper	->	Coimhdeach na Fine	|	 kept their grudge, as households do, longer than the Keeper who had given them cause for 
CHANGE	eras/age_III/book/30_of_the_knotted_cords_in_the_galleries.md:23	the nine hearths	->	Na Naoi Teallaichean	|	short seasons were felt, though less sharply, for the nine hearths ate first from what the galle
CHANGE	eras/age_III/book/30_of_the_knotted_cords_in_the_galleries.md:35	the Hall	->	Talla na Lasrach	|	as read against the others, it fell to a clerk of the Hall, a woman named Mòr nic Aongha
CHANGE	eras/age_III/book/30_of_the_knotted_cords_in_the_galleries.md:35	the Hall's	->	Talla na Lasrach's	|	ers from a wanderer of the stag's school and kept the Hall's small store of writing ever s
CHANGE	eras/age_III/book/30_of_the_knotted_cords_in_the_galleries.md:35	the Hall's	->	Talla na Lasrach's	|	s own word she cut it on a slab of the grey stone the Hall's masons kept for its own build
CHANGE	eras/age_III/book/30_of_the_knotted_cords_in_the_galleries.md:35	the Hall's	->	Talla na Lasrach's	|	t it would carry, and set the slab upright inside the Hall's door, where the light from th
CHANGE	eras/age_III/book/30_of_the_knotted_cords_in_the_galleries.md:37	the Small-Burning Law	->	Lagh an Loscaidh Bhig	|	m said that the mountain, giving out no more than the Small-Burning Law already allowed and no less, 
CHANGE	eras/age_III/book/30_of_the_knotted_cords_in_the_galleries.md:37	the Hall	->	Talla na Lasrach	|	hais had chosen herself, having counted grain for the Hall before she counted anything e
CHANGE	eras/age_III/book/30_of_the_knotted_cords_in_the_galleries.md:39	the great shares	->	na h-Earrannan Mòra	|	t the council that autumn, {{date:II-0121}}, with the great shares' stewards and the waypoint-ke
CHANGE	eras/age_III/book/30_of_the_knotted_cords_in_the_galleries.md:39	the nine hearths	->	Na Naoi Teallaichean	|	 stewards and the waypoint-keepers and as many of the nine hearths as could be spared from the f
CHANGE	eras/age_III/book/30_of_the_knotted_cords_in_the_galleries.md:39	the Hall	->	Talla na Lasrach	|	s could be spared from the flame all crowded into the Hall to hear it, and Calum Liath r
CHANGE	eras/age_III/book/30_of_the_knotted_cords_in_the_galleries.md:39	the Hall	->	Talla na Lasrach	|	, and when he had finished there was a silence in the Hall long enough that the reciters
CHANGE	eras/age_III/book/30_of_the_knotted_cords_in_the_galleries.md:39	the Hall	->	Talla na Lasrach	|	all, and it was that silence above every other in the Hall that the Keeper, and the Hall
CHANGE	eras/age_III/book/30_of_the_knotted_cords_in_the_galleries.md:39	the Keeper	->	Coimheadaiche na Lasrach	|	s that silence above every other in the Hall that the Keeper, and the Hall after him, chos
CHANGE	eras/age_III/book/30_of_the_knotted_cords_in_the_galleries.md:39	the Hall	->	Talla na Lasrach	|	bove every other in the Hall that the Keeper, and the Hall after him, chose to take for 
CHANGE	eras/age_III/book/30_of_the_knotted_cords_in_the_galleries.md:39	the Hall's	->	Talla na Lasrach's	|	g the sum into that slab, whether she was cutting the Hall's proof or the Hall's excuse.
CHANGE	eras/age_III/book/30_of_the_knotted_cords_in_the_galleries.md:39	the Hall's	->	Talla na Lasrach's	|	slab, whether she was cutting the Hall's proof or the Hall's excuse.
CHANGE	eras/age_III/book/30_of_the_knotted_cords_in_the_galleries.md:43	the nine hearths	->	Na Naoi Teallaichean	|	h year after the slab was set, when two youths of the nine hearths, neither of them a full seaso
CHANGE	eras/age_III/book/30_of_the_knotted_cords_in_the_galleries.md:45	the Hall's	->	Talla na Lasrach's	|	s unsound years before, a mark that had gone into the Hall's slates but never, it was foun
CHANGE	eras/age_III/book/30_of_the_knotted_cords_in_the_galleries.md:47	The Hall	->	Talla na Lasrach	|	The Hall keened them as it keened its 
CHANGE	eras/age_III/book/30_of_the_knotted_cords_in_the_galleries.md:47	the Keepers	->	Coimheadaichean na Lasrach	|	and buried them on the slope above the vein where the Keepers' own dead were laid. Aonghas,
CHANGE	eras/age_III/book/30_of_the_knotted_cords_in_the_galleries.md:49	the Hall	->	Talla na Lasrach	|	, stood up at the council that followed and asked the Hall, before every steward and hea
CHANGE	eras/age_III/book/30_of_the_knotted_cords_in_the_galleries.md:53	The Small-Burning Law	->	Lagh an Loscaidh Bhig	|	it plainly that he had none either, not that day. The Small-Burning Law set the measure a household m
CHANGE	eras/age_III/book/30_of_the_knotted_cords_in_the_galleries.md:53	the Hall's	->	Talla na Lasrach's	|	e measure a household might burn and the peace of the Hall's own ground; it had never set 
CHANGE	eras/age_III/book/30_of_the_knotted_cords_in_the_galleries.md:53	the Hall's	->	Talla na Lasrach's	|	sehold was owed for a child sent into the dark on the Hall's own errand and lost there. Ea
CHANGE	eras/age_III/book/30_of_the_knotted_cords_in_the_galleries.md:55	the Small-Burning Law	->	Lagh an Loscaidh Bhig	|	hich was longer than it had sat on anything since the Small-Burning Law itself, and the first day was
CHANGE	eras/age_III/book/30_of_the_knotted_cords_in_the_galleries.md:55	the nine great shares	->	na h-Earrannan Mòra	|	eciters' account, on little more than stewards of the nine great shares each saying, in their own wor
CHANGE	eras/age_III/book/30_of_the_knotted_cords_in_the_galleries.md:55	the Hall	->	Talla na Lasrach	|	and asked again, in fewer words than before, what the Hall owed her son, that the counci
CHANGE	eras/age_III/book/30_of_the_knotted_cords_in_the_galleries.md:57	The Hall	->	Talla na Lasrach	|	The Hall had no payment to offer that 
CHANGE	eras/age_III/book/30_of_the_knotted_cords_in_the_galleries.md:59	the Hall	->	Talla na Lasrach	|	in the eighteenth year after the slab was set, in the Hall itself, by the door he had ha
CHANGE	eras/age_III/book/30_of_the_knotted_cords_in_the_galleries.md:59	the Keepers	->	Coimheadaichean na Lasrach	|	 slab set beside, and was carried up to lie among the Keepers' own dead near the two he had
CHANGE	eras/age_III/book/30_of_the_knotted_cords_in_the_galleries.md:63	The nine hearths	->	Na Naoi Teallaichean	|	The nine hearths chose Oighrig Bhàn to follow 
CHANGE	eras/age_III/book/30_of_the_knotted_cords_in_the_galleries.md:63	the Hall	->	Talla na Lasrach	|	, a woman of six and thirty years who had come to the Hall as a girl of the northern roa
CHANGE	eras/age_III/book/30_of_the_knotted_cords_in_the_galleries.md:63	the Keeper	->	Coimheadaiche na Lasrach	|	all her years at the flame, spoke of that against the Keeper who had caused it. She had sa
CHANGE	eras/age_III/book/30_of_the_knotted_cords_in_the_galleries.md:63	the nine hearths	->	Na Naoi Teallaichean	|	m Liath in his last winter more than any other of the nine hearths, and she had no wish to be ch
CHANGE	eras/age_III/book/30_of_the_knotted_cords_in_the_galleries.md:65	the Hall	->	Talla na Lasrach	|	She took the flame in a season thin on ceremony, the Hall still close in its grief for 
CHANGE	eras/age_III/book/30_of_the_knotted_cords_in_the_galleries.md:65	the Hall	->	Talla na Lasrach	|	as a thing agreed and not a thing done. Nobody in the Hall could give her a good reason,
CHANGE	eras/age_III/book/30_of_the_knotted_cords_in_the_galleries.md:69	the Hall's	->	Talla na Lasrach's	|	 bound the first twelve herself, at Dùn ìseal, in the Hall's own doorway where the light f
CHANGE	eras/age_III/book/30_of_the_knotted_cords_in_the_galleries.md:75	the Hall	->	Talla na Lasrach	|	ding each apprentice to a master of the school as the Hall bound its own, and added to i
CHANGE	eras/age_III/book/30_of_the_knotted_cords_in_the_galleries.md:75	the Hall	->	Talla na Lasrach	|	as the Hall bound its own, and added to it a rule the Hall itself had never thought to m
CHANGE	eras/age_III/book/30_of_the_knotted_cords_in_the_galleries.md:77	the Hall	->	Talla na Lasrach	|	nto a store the school kept and consulted the way the Hall kept its slates, and in time 
CHANGE	eras/age_III/book/31_of_fearchar_og_and_the_silver_rings.md:12	the Keeper	->	Coimhdeach na Fine	|	by everyone who had known him as the boy of seven the Keeper had entered on her roll. He h
CHANGE	eras/age_III/book/31_of_fearchar_og_and_the_silver_rings.md:14	the Small-Burning Law	->	Lagh an Loscaidh Bhig	|	onnlagh Dall was remembered for the stone cup and the Small-Burning Law two centuries before him. Wha
CHANGE	eras/age_III/book/31_of_fearchar_og_and_the_silver_rings.md:14	the Peace of the Threshold	->	Sìth an Stairsnich	|	by staying. He crowned no wars, quelled no strife the Peace of the Threshold had not already quelled a hun
CHANGE	eras/age_III/book/31_of_fearchar_og_and_the_silver_rings.md:20	the Hall's	->	Talla na Lasrach's	|	tain gives, and the guards do not sit near enough the Hall's galleries to be paid from the
CHANGE	eras/age_III/book/31_of_fearchar_og_and_the_silver_rings.md:96	Stone Kings	->	Rìghrean na Cloiche	|	leann òg, a market town on the ford where the old Stone Kings and the holders of the Red Hi
CHANGE	eras/age_III/book/31_of_fearchar_og_and_the_silver_rings.md:96	the Red Hill	->	An Cnoc Ruadh	|	ford where the old Stone Kings and the holders of the Red Hill had once agreed salt for wool
CHANGE	eras/age_III/book/31_of_fearchar_og_and_the_silver_rings.md:96	the War of the Roads	->	Cogadh nan Rathad	|	Red Hill had once agreed salt for wool, burned in the War of the Roads six centuries before and left
CHANGE	eras/age_III/book/31_of_fearchar_og_and_the_silver_rings.md:130	the house of Ìomhar	->	Sliochd Ìomhair	|	 very long, stopped going on. He was buried among the house of Ìomhar with the state a reign of eig
CHANGE	eras/age_III/book/32_of_the_red_hall_and_the_census_of_hands.md:9	the Red Share	->	an Earrann Dhearg	|	ning of her crowning, past the sacks that had fed the Red Share since Ìomhar Dearg burned the
CHANGE	eras/age_III/book/32_of_the_red_hall_and_the_census_of_hands.md:35	the Hall's	->	Talla na Lasrach's	|	rom that year on, a second set of accounts beside the Hall's own, a private tally of every
CHANGE	eras/age_III/book/32_of_the_red_hall_and_the_census_of_hands.md:47	the Red Share	->	an Earrann Dhearg	|	n nets and buried its own drowned for longer than the Red Share had held a single stone of Dù
CHANGE	eras/age_III/book/32_of_the_red_hall_and_the_census_of_hands.md:47	the Red Share's	->	an Earrann Dhearg's	|	 stone of Dùn dhearg, and had no memory of asking the Red Share's leave to do any of it. Beatha
CHANGE	eras/age_III/book/32_of_the_red_hall_and_the_census_of_hands.md:49	the knot-keepers	->	Luchd nan Snaidhm	|	that same season, in the clerks' own hand and not the knot-keepers', for Beathag Mhòr had by the
CHANGE	eras/age_III/book/32_of_the_red_hall_and_the_census_of_hands.md:49	the Hall's	->	Talla na Lasrach's	|	keepers', for Beathag Mhòr had by then set two of the Hall's young stag-scholars to write 
CHANGE	eras/age_III/book/32_of_the_red_hall_and_the_census_of_hands.md:57	the Small-Burning Law	->	Lagh an Loscaidh Bhig	|	years, the council that judged the small disputes the Small-Burning Law had always settled found itse
CHANGE	eras/age_III/book/32_of_the_red_hall_and_the_census_of_hands.md:59	The Keeper	->	Coimheadaiche na Lasrach	|	The Keeper who held the flame in those y
CHANGE	eras/age_III/book/32_of_the_red_hall_and_the_census_of_hands.md:59	the nine hearths	->	Na Naoi Teallaichean	|	sor, a man named Dùghall mac Raghnaill, chosen by the nine hearths in his twenty-ninth year, to 
CHANGE	eras/age_III/book/32_of_the_red_hall_and_the_census_of_hands.md:61	the Four Houses	->	Na Ceithir Taighean	|	ll mac Raghnaill was of Sliochd Raghnaill, one of the Four Houses sworn at Dùn ìseal, though he
CHANGE	eras/age_III/book/32_of_the_red_hall_and_the_census_of_hands.md:65	the Keeper	->	Coimhdeach na Fine	|	before she died, that she had put the question to the Keeper meaning only to shame him a l
CHANGE	eras/age_III/book/32_of_the_red_hall_and_the_census_of_hands.md:71	the Hall's	->	Talla na Lasrach's	|	 where the counting should be done, since neither the Hall's own clerks nor the queen's ow
CHANGE	eras/age_III/book/32_of_the_red_hall_and_the_census_of_hands.md:79	the Small-Burning Law	->	Lagh an Loscaidh Bhig	|	the ruling, that his house had burned peat before the Small-Burning Law was thought of and would go o
CHANGE	eras/age_III/book/32_of_the_red_hall_and_the_census_of_hands.md:81	the Small-Burning Law	->	Lagh an Loscaidh Bhig	|	gh and ruled against it, on the plain ground that the Small-Burning Law had never promised a right to
CHANGE	eras/age_III/book/32_of_the_red_hall_and_the_census_of_hands.md:81	the Keeper's	->	Coimhdeach na Fine's	|	ùghall mac Raghnaill, sitting the ruling out from the Keeper's own place beside the cup, did
CHANGE	eras/age_III/book/32_of_the_red_hall_and_the_census_of_hands.md:81	the Hall	->	Talla na Lasrach	|	own house's cause was, by then, the kind of thing the Hall had learned to take for somet
CHANGE	eras/age_III/book/32_of_the_red_hall_and_the_census_of_hands.md:83	the Law	->	Lagh an Loscaidh Bhig	|	ach kept afterward with driftwood and seal fat as the Law required, by households who h
CHANGE	eras/age_III/book/32_of_the_red_hall_and_the_census_of_hands.md:95	the house of Ìomhar	->	Sliochd Ìomhair	|	, she was carried back to Dùn dhearg to lie among the house of Ìomhar, the granaries she had grown 
CHANGE	eras/age_III/book/32_of_the_red_hall_and_the_census_of_hands.md:101	the house of Ìomhar	->	Sliochd Ìomhair	|	They laid her among the house of Ìomhar on the slope above the double
CHANGE	eras/age_III/book/33_of_the_silver_feud.md:12	the red hall	->	An Talla Dearg	|	Ruairidh Liath took the red hall at Cathair dhearg in his thir
CHANGE	eras/age_III/book/33_of_the_silver_feud.md:12	the house of Ìomhar	->	Sliochd Ìomhair	|	 his mother the length of the island to lie among the house of Ìomhar, and the reeves who set the c
CHANGE	eras/age_III/book/33_of_the_silver_feud.md:12	the king-list	->	Clàr nan Rìghrean	|	: Ruairidh Liath, Ruairidh the Grey, the one jest the king-list ever allowed among its years 
CHANGE	eras/age_III/book/33_of_the_silver_feud.md:18	the Hall	->	Talla na Lasrach	|	on the strength of those words, paying no toll to the Hall and none, until Ruairidh Liat
CHANGE	eras/age_III/book/33_of_the_silver_feud.md:22	the Hall's	->	Talla na Lasrach's	|	rier who had first hammered the ore into rings in the Hall's first century, and it was an 
CHANGE	eras/age_III/book/33_of_the_silver_feud.md:64	the Keeper	->	Coimhdeach na Fine	|	hair had struck in the reign of Fearchar Òg, that the Keeper might see, she said, exactly 
CHANGE	eras/age_III/book/33_of_the_silver_feud.md:66	the Hall	->	Talla na Lasrach	|	She had never before asked the Hall for anything, her own house h
CHANGE	eras/age_III/book/33_of_the_silver_feud.md:66	the Hall's	->	Talla na Lasrach's	|	, since Muireach Liath's ruling, entirely outside the Hall's reckoning of what belonged to
CHANGE	eras/age_III/book/33_of_the_silver_feud.md:66	the Keeper's	->	Coimheadaiche na Lasrach's	|	thing, Tormod said years afterward, to ride up to the Keeper's own door and ask a judgment o
CHANGE	eras/age_III/book/33_of_the_silver_feud.md:70	the Hall at Dùn ìseal	->	Talla na Lasrach	|	The hearing was held in the Hall at Dùn ìseal on a day the rain shut every 
CHANGE	eras/age_III/book/33_of_the_silver_feud.md:70	the Keeper	->	Coimhdeach na Fine	|	speak again, and it was there, before the cup and the Keeper and Ruairidh Liath, grey and 
CHANGE	eras/age_III/book/33_of_the_silver_feud.md:84	the Peace of the Threshold	->	Sìth an Stairsnich	|	hiar, kept by Sliochd Fhearchair's own hand since the Peace of the Threshold and trusted nowhere beyond th
CHANGE	eras/age_III/book/33_of_the_silver_feud.md:84	the Keeper's	->	Coimhdeach na Fine's	|	 beyond the workings themselves, were declared by the Keeper's own judgment the only lawful 
CHANGE	eras/age_III/book/33_of_the_silver_feud.md:86	the Hall	->	Talla na Lasrach	|	idden to Dùn ìseal and back, that she had gone to the Hall meaning to keep the crown's h
CHANGE	eras/age_III/book/33_of_the_silver_feud.md:90	the Hall's	->	Talla na Lasrach's	|	 bells for the waypoint houses and lamp-bowls for the Hall's own use, each lamp-bowl holdi
CHANGE	eras/age_III/book/33_of_the_silver_feud.md:90	the Small-Burning Law	->	Lagh an Loscaidh Bhig	|	, by the founder's own boast, exactly the measure the Small-Burning Law required and not a hair's bre
CHANGE	eras/age_III/book/33_of_the_silver_feud.md:104	the red hall	->	An Talla Dearg	|	grey has little further to grow into, and died in the red hall at Cathair dhearg in his eigh
CHANGE	eras/age_III/book/33_of_the_silver_feud.md:108	the Hall's	->	Talla na Lasrach's	|	of the granary stores had ever given it. She gave the Hall's clerks, in her first season, 
CHANGE	eras/age_III/book/33_of_the_silver_feud.md:108	the red hall	->	An Talla Dearg	|	, in her first season, a room of their own within the red hall, the first they had ever had 
CHANGE	eras/age_III/book/33_of_the_silver_feud.md:110	the king-list	->	Clàr nan Rìghrean	|	the clerks of Cathair dhearg said afterward, that the king-list ceased to be kept reign by re
CHANGE	eras/age_III/book/34_of_peigis_hand_and_the_dawn-hawk.md:12	the stag's people	->	Scoiltean nan Draoidhean	|	street with their backs to the wind, a teacher of the stag's people took a boat north a century a
CHANGE	eras/age_III/book/34_of_peigis_hand_and_the_dawn-hawk.md:12	the Silver Feud	->	Falachd an Airgid	|	e stag's people took a boat north a century after the Silver Feud was settled and stayed. He ha
CHANGE	eras/age_III/book/34_of_peigis_hand_and_the_dawn-hawk.md:12	the stag's people	->	Scoiltean nan Draoidhean	|	he was a teacher, and had come to letters the way the stag's people came to most of what they tau
CHANGE	eras/age_III/book/34_of_peigis_hand_and_the_dawn-hawk.md:12	the Hall's roll	->	Clàr an Talla	|	ers measured their year by the herring and not by the Hall's roll, and he taught them the marks
CHANGE	eras/age_III/book/34_of_peigis_hand_and_the_dawn-hawk.md:14	The Hall's roll	->	Clàr an Talla	|	The Hall's roll took note of it, as the Hall'
CHANGE	eras/age_III/book/34_of_peigis_hand_and_the_dawn-hawk.md:14	the Hall's roll	->	Clàr an Talla	|	The Hall's roll took note of it, as the Hall's roll took note of most things done
CHANGE	eras/age_III/book/34_of_peigis_hand_and_the_dawn-hawk.md:16	the Hall	->	Talla na Lasrach	|	 same dozen families and never once been asked by the Hall what use the teaching served,
CHANGE	eras/age_III/book/34_of_peigis_hand_and_the_dawn-hawk.md:16	the Hall's	->	Talla na Lasrach's	|	rries his name in the fisher-marks rather than in the Hall's own hand, the first stone on 
CHANGE	eras/age_III/book/34_of_peigis_hand_and_the_dawn-hawk.md:18	the red hall's	->	An Talla Dearg's	|	dhearg because his mother's cousin kept horses in the red hall's own stables, carried the mark
CHANGE	eras/age_III/book/34_of_peigis_hand_and_the_dawn-hawk.md:18	the red hall's	->	An Talla Dearg's	|	ll's own stables, carried the marks with him into the red hall's own household, where no one b
CHANGE	eras/age_III/book/34_of_peigis_hand_and_the_dawn-hawk.md:22	the Hall's	->	Talla na Lasrach's	|	sher-marks from the stable-boy before she learned the Hall's own hand from her mother, and
CHANGE	eras/age_III/book/34_of_peigis_hand_and_the_dawn-hawk.md:24	the red hall	->	An Talla Dearg	|	an most reasons rulers give. She kept the roll of the red hall for four-and-forty years from
CHANGE	eras/age_III/book/34_of_peigis_hand_and_the_dawn-hawk.md:32	the Hall's roll	->	Clàr an Talla	|	cold coast the fowler families had begun a custom the Hall's roll would not hear of for years y
CHANGE	eras/age_III/book/34_of_peigis_hand_and_the_dawn-hawk.md:36	the Hall's	->	Talla na Lasrach's	|	 from Cathair dhearg to write the custom down for the Hall's own roll found her at that th
CHANGE	eras/age_III/book/34_of_peigis_hand_and_the_dawn-hawk.md:36	the Hall's roll	->	Clàr an Talla	|	gave it, without a word of his own beside it, for the Hall's roll had learned, at some cost, wh
CHANGE	eras/age_III/book/34_of_peigis_hand_and_the_dawn-hawk.md:42	the Keeper	->	Coimheadaiche na Lasrach	|	the island reached Dùn ìseal sooner or later, and the Keeper who held the cup that year, w
CHANGE	eras/age_III/book/34_of_peigis_hand_and_the_dawn-hawk.md:42	the Hall's roll	->	Clàr an Talla	|	the Keeper who held the cup that year, whose name the Hall's roll set down plainly enough but w
CHANGE	eras/age_III/book/34_of_peigis_hand_and_the_dawn-hawk.md:42	the Hall	->	Talla na Lasrach	|	y a household of the lowland plain to say whether the Hall meant to rule on the hawk-rit
CHANGE	eras/age_III/book/34_of_peigis_hand_and_the_dawn-hawk.md:42	The Keeper	->	Coimhdeach na Fine	|	wn coast into ground it thought its own to watch. The Keeper sent a clerk north to Cnoc bh
CHANGE	eras/age_III/book/34_of_peigis_hand_and_the_dawn-hawk.md:44	the Keeper	->	Coimhdeach na Fine	|	On the strength of that report the Keeper wrote to the lowland househol
CHANGE	eras/age_III/book/34_of_peigis_hand_and_the_dawn-hawk.md:44	the Hall's	->	Talla na Lasrach's	|	 the rite kept the measure, and was no concern of the Hall's. It was, as it turned out, th
CHANGE	eras/age_III/book/34_of_peigis_hand_and_the_dawn-hawk.md:44	the Hall	->	Talla na Lasrach	|	t turned out, the last time in the whole age that the Hall answered any rite so simply. 
CHANGE	eras/age_III/book/34_of_peigis_hand_and_the_dawn-hawk.md:58	the wolf-sworn	->	an Fhianna	|	irst bridged now carried more carriers than ever, the wolf-sworn road-guards of Caol leathan k
CHANGE	eras/age_III/book/34_of_peigis_hand_and_the_dawn-hawk.md:68	the red hall	->	An Talla Dearg	|	None of these keepings, taken alone, seemed to the red hall at Cathair dhearg a thing wor
CHANGE	eras/age_III/book/34_of_peigis_hand_and_the_dawn-hawk.md:70	The red hall's	->	An Talla Dearg's	|	The red hall's own roll, by the year the las
CHANGE	eras/age_III/book/34_of_peigis_hand_and_the_dawn-hawk.md:70	the Hall	->	Talla na Lasrach	|	hing the roll had ever been kept to say, was that the Hall which had once answered a haw
CHANGE	eras/age_III/book/34_of_peigis_hand_and_the_dawn-hawk.md:72	the red hall	->	An Talla Dearg	|	ings would have known from any other. No ruler of the red hall that year, and no clerk who f
CHANGE	eras/age_III/book/35_of_the_strike-books.md:8	the Keeper	->	Coimhdeach na Fine	|	> — the Keeper Raonaid Dhubh, at Dùn ìseal
CHANGE	eras/age_III/book/35_of_the_strike-books.md:14	the Hall's	->	Talla na Lasrach's	|	Donnchadh mac Iain was born into that house in the Hall's twenty-third century, the sec
CHANGE	eras/age_III/book/35_of_the_strike-books.md:46	the Hall's	->	Talla na Lasrach's	|	born at Dùn ìseal, in the household of a clerk of the Hall's own roll, and given the name 
CHANGE	eras/age_III/book/35_of_the_strike-books.md:46	the Hall's	->	Talla na Lasrach's	|	d first been born to keep account of, and came to the Hall's own service in her twentieth 
CHANGE	eras/age_III/book/35_of_the_strike-books.md:46	the Keeper's	->	Coimheadaiche na Lasrach's	|	s own service in her twentieth year as a clerk of the Keeper's own chest, the roll the Hall 
CHANGE	eras/age_III/book/35_of_the_strike-books.md:46	the Hall	->	Talla na Lasrach	|	ar as a clerk of the Keeper's own chest, the roll the Hall had kept in its own hand sinc
CHANGE	eras/age_III/book/35_of_the_strike-books.md:46	the Keepers	->	Coimheadaichean na Lasrach	|	 the roll the Hall had kept in its own hand since the Keepers first wrote it down, which ha
CHANGE	eras/age_III/book/35_of_the_strike-books.md:48	the Keeper's	->	Coimhdeach na Fine's	|	e cared to admit, an elder cousin's death leaving the Keeper's own stool empty at a season w
CHANGE	eras/age_III/book/35_of_the_strike-books.md:48	the red hall's	->	An Talla Dearg's	|	lse in the room wanted the sitting of it, much as the red hall's own clerk's stool had once be
CHANGE	eras/age_III/book/35_of_the_strike-books.md:48	the Keeper	->	Coimheadaiche na Lasrach	|	e same reason four centuries before her; and when the Keeper she served died, the nine hea
CHANGE	eras/age_III/book/35_of_the_strike-books.md:48	the nine hearths	->	Na Naoi Teallaichean	|	 before her; and when the Keeper she served died, the nine hearths and the Four Houses gave the 
CHANGE	eras/age_III/book/35_of_the_strike-books.md:48	the Four Houses	->	Na Ceithir Taighean	|	 the Keeper she served died, the nine hearths and the Four Houses gave the flame into Raonaid D
CHANGE	eras/age_III/book/35_of_the_strike-books.md:50	the Hall	->	Talla na Lasrach	|	pe of an answer, of every Keeper before her: that the Hall say, once and plainly, which 
CHANGE	eras/age_III/book/35_of_the_strike-books.md:54	the Hall's	->	Talla na Lasrach's	|	 either delegation had spent making its case, and the Hall's own roll set it down that sam
CHANGE	eras/age_III/book/35_of_the_strike-books.md:54	the Hall	->	Talla na Lasrach	|	 livelier business: that the vein had never asked the Hall to give judgement on what a c
CHANGE	eras/age_III/book/35_of_the_strike-books.md:60	the Keeper's	->	Coimhdeach na Fine's	|	as they had kept them before it, neither claiming the Keeper's refusal for its own side thou
CHANGE	eras/age_III/book/35_of_the_strike-books.md:66	The Keeper	->	Coimhdeach na Fine	|	The Keeper, word of the digging having r
CHANGE	eras/age_III/book/35_of_the_strike-books.md:66	the Law	->	Lagh an Loscaidh Bhig	|	 her and sentenced them as though they had broken the Law, though no law then written c
CHANGE	eras/age_III/book/35_of_the_strike-books.md:68	the Keeper	->	Coimhdeach na Fine	|	The families of the diggers did their penance, as the Keeper set it, by keeping in repair,
CHANGE	eras/age_III/book/36_of_the_shared_meal.md:18	the red hall	->	An Talla Dearg	|	efore, at Cathair dhearg on the plain below, that the red hall had passed by a road only the
CHANGE	eras/age_III/book/36_of_the_shared_meal.md:18	the king-list	->	Clàr nan Rìghrean	|	elow, that the red hall had passed by a road only the king-list itself troubles to keep whole
CHANGE	eras/age_III/book/36_of_the_shared_meal.md:22	the red hall	->	An Talla Dearg	|	Lachlann Bàn came to the red hall in his twenty-sixth year, and
CHANGE	eras/age_III/book/36_of_the_shared_meal.md:30	the Keeper	->	Coimheadaiche na Lasrach	|	ourth year of his reign, to put the other half to the Keeper who then held the cup, Raonai
CHANGE	eras/age_III/book/36_of_the_shared_meal.md:34	the red hall's	->	An Talla Dearg's	|	is so often held apart; and when he answered that the red hall's surplus would go in on the sa
CHANGE	eras/age_III/book/36_of_the_shared_meal.md:40	the Hall at Dùn ìseal	->	Talla na Lasrach	|	e same way the toll fish had once been packed for the Hall at Dùn ìseal, so that in a hard winter a m
CHANGE	eras/age_III/book/36_of_the_shared_meal.md:48	The Keeper	->	Coimheadaiche na Lasrach	|	 sworn to stand unbroken through its first years. The Keeper who followed her is named in 
CHANGE	eras/age_III/book/36_of_the_shared_meal.md:48	the Hall's	->	Talla na Lasrach's	|	st years. The Keeper who followed her is named in the Hall's own rolls, but nowhere in the
CHANGE	eras/age_III/book/36_of_the_shared_meal.md:50	the red hall	->	An Talla Dearg	|	Lachlann Bàn held the red hall five-and-fifty years from his
CHANGE	eras/age_III/book/36_of_the_shared_meal.md:50	the house of Ìomhar	->	Sliochd Ìomhair	|	eth year, the same year her father was laid among the house of Ìomhar at Dùn dhearg, and it was rem
CHANGE	eras/age_III/book/36_of_the_shared_meal.md:50	the Keeper's	->	Coimhdeach na Fine's	|	kept safe since; and Sliochd Mhuirich, which held the Keeper's own office and had held it si
CHANGE	eras/age_III/book/36_of_the_shared_meal.md:50	the Binding	->	An Ceangal	|	eld the Keeper's own office and had held it since the Binding, counted nothing at all, bein
CHANGE	eras/age_III/book/36_of_the_shared_meal.md:52	the four houses	->	Na Ceithir Taighean	|	None of the four houses spoke its counting aloud in O
CHANGE	eras/age_III/book/36_of_the_shared_meal.md:56	the Hall	->	Talla na Lasrach	|	s watching the high passes for the sign that told the Hall when the galleries might safe
CHANGE	eras/age_III/book/36_of_the_shared_meal.md:56	The Hall	->	Talla na Lasrach	|	oked again a month later, and saw it lying still. The Hall, on their word, kept the gall
CHANGE	eras/age_III/book/36_of_the_shared_meal.md:66	the house of Ìomhar	->	Sliochd Ìomhair	|	m the rest of the plain, opened the old stores of the house of Ìomhar to the mountain the same week
CHANGE	eras/age_III/book/36_of_the_shared_meal.md:66	the Hall's	->	Talla na Lasrach's	|	ighrig nic Lachlainn wrote afterward, in a letter the Hall's own clerks kept, that she wou
CHANGE	eras/age_III/book/36_of_the_shared_meal.md:72	the Hall	->	Talla na Lasrach	|	ht the town's own households owed rather than any the Hall recorded, on the reasoning, a
CHANGE	eras/age_III/book/36_of_the_shared_meal.md:72	the Hall's	->	Talla na Lasrach's	|	ighbour was the neighbour's business to keep, not the Hall's to write down. Not one soul o
CHANGE	eras/age_III/book/37_of_the_shut_hall_and_the_choosing_of_gilleasbuig.md:12	the red hall	->	An Talla Dearg	|	he house had taught for six generations, whatever the red hall sent him to copy. Gilleasbuig
CHANGE	eras/age_III/book/37_of_the_shut_hall_and_the_choosing_of_gilleasbuig.md:12	the king-list	->	Clàr nan Rìghrean	|	thout being told, which of his father's rolls was the king-list and which was only a province
CHANGE	eras/age_III/book/37_of_the_shut_hall_and_the_choosing_of_gilleasbuig.md:14	the king-list	->	Clàr nan Rìghrean	|	gh still to be answered rather than sent off, why the king-list needed six copies where the t
CHANGE	eras/age_III/book/37_of_the_shut_hall_and_the_choosing_of_gilleasbuig.md:16	the Four Houses	->	Na Ceithir Taighean	|	id's own, raised in Eilidh nic Ìomhair's day when the Four Houses were first bound, and its lam
CHANGE	eras/age_III/book/37_of_the_shut_hall_and_the_choosing_of_gilleasbuig.md:16	the Small-Burning Law's	->	Lagh an Loscaidh Bhig's	|	Four Houses were first bound, and its lamp burned the Small-Burning Law's measure like every other lamp
CHANGE	eras/age_III/book/37_of_the_shut_hall_and_the_choosing_of_gilleasbuig.md:18	the Roinn's	->	Roinn na Rìoghachd's	|	his letters at that bench, and then the shapes of the Roinn's old shares, and then, because
CHANGE	eras/age_III/book/37_of_the_shut_hall_and_the_choosing_of_gilleasbuig.md:18	the red hall	->	An Talla Dearg	|	ers out of three, the road between Seann Dunn and the red hall, first riding behind Tormod B
CHANGE	eras/age_III/book/37_of_the_shut_hall_and_the_choosing_of_gilleasbuig.md:26	the Keeper	->	Coimhdeach na Fine	|	lt his granaries and set his shared-meal law with the Keeper Raonaid Dhubh, and had a daug
CHANGE	eras/age_III/book/37_of_the_shut_hall_and_the_choosing_of_gilleasbuig.md:26	the red hall	->	An Talla Dearg	|	d had a daughter, Oighrig nic Lachlainn, who took the red hall at one-and-twenty and held it
CHANGE	eras/age_III/book/37_of_the_shut_hall_and_the_choosing_of_gilleasbuig.md:26	the red hall	->	An Talla Dearg	|	rmoid reckoned the clerks who had kept every roll the red hall owned since Tormod Scrìobhaic
CHANGE	eras/age_III/book/37_of_the_shut_hall_and_the_choosing_of_gilleasbuig.md:26	the Small-Burning Law	->	Lagh an Loscaidh Bhig	|	s boats and its silver and the seat at Seann Tarr the Small-Burning Law had first named. Only Sliochd
CHANGE	eras/age_III/book/37_of_the_shut_hall_and_the_choosing_of_gilleasbuig.md:26	the Keeper's	->	Coimhdeach na Fine's	|	ad first named. Only Sliochd Mhuirich, which held the Keeper's own office and answered to no
CHANGE	eras/age_III/book/37_of_the_shut_hall_and_the_choosing_of_gilleasbuig.md:30	the red hall	->	An Talla Dearg	|	nding in the same breath as her own life did, and the red hall was shut behind her, its door
CHANGE	eras/age_III/book/37_of_the_shut_hall_and_the_choosing_of_gilleasbuig.md:36	the Four Houses	->	Na Ceithir Taighean	|	the shut hall the better part of two years before the Four Houses so much as agreed to sit in t
CHANGE	eras/age_III/book/37_of_the_shut_hall_and_the_choosing_of_gilleasbuig.md:36	the red hall	->	An Talla Dearg	|	same, on the plain reasoning that whoever came to the red hall next would want them true and
CHANGE	eras/age_III/book/37_of_the_shut_hall_and_the_choosing_of_gilleasbuig.md:38	the house of Tormod	->	Sliochd Thormoid	|	among the boxes of hide, with the other clerks of the house of Tormod turning the lock in the great
CHANGE	eras/age_III/book/37_of_the_shut_hall_and_the_choosing_of_gilleasbuig.md:40	The Four Houses	->	Na Ceithir Taighean	|	The Four Houses met at last at Dùn ìseal, in 
CHANGE	eras/age_III/book/37_of_the_shut_hall_and_the_choosing_of_gilleasbuig.md:40	the Hall's	->	Talla na Lasrach's	|	and covered a red hall with no one to fill it and the Hall's own ground was the one place 
CHANGE	eras/age_III/book/37_of_the_shut_hall_and_the_choosing_of_gilleasbuig.md:40	the four houses	->	Na Ceithir Taighean	|	ormoid claimed through the clerks who alone among the four houses had never once let the rolls 
CHANGE	eras/age_III/book/37_of_the_shut_hall_and_the_choosing_of_gilleasbuig.md:40	the Keeper's	->	Coimhdeach na Fine's	|	 together. Sliochd Mhuirich, whose own house held the Keeper's office and so stood outside e
CHANGE	eras/age_III/book/37_of_the_shut_hall_and_the_choosing_of_gilleasbuig.md:44	the four houses	->	Na Ceithir Taighean	|	 from the doorway and the side bench, than any of the four houses' own principals ever troubled
CHANGE	eras/age_III/book/37_of_the_shut_hall_and_the_choosing_of_gilleasbuig.md:48	the red hall	->	An Talla Dearg	|	rouble to soften in the asking: that whoever took the red hall, the graves at Dùn dhearg wou
CHANGE	eras/age_III/book/37_of_the_shut_hall_and_the_choosing_of_gilleasbuig.md:50	the Four Houses	->	Na Ceithir Taighean	|	 ordinary sitting. He stood before the council of the Four Houses in that same plain cloak whil
CHANGE	eras/age_III/book/37_of_the_shut_hall_and_the_choosing_of_gilleasbuig.md:52	The Keeper	->	Coimhdeach na Fine	|	The Keeper set the stone cup in his hand
CHANGE	eras/age_III/book/37_of_the_shut_hall_and_the_choosing_of_gilleasbuig.md:52	the Keeper	->	Coimhdeach na Fine	|	ing onto hide for other men to swear by. He asked the Keeper, before he drank, whether a c
CHANGE	eras/age_III/book/37_of_the_shut_hall_and_the_choosing_of_gilleasbuig.md:52	the Keeper	->	Coimhdeach na Fine	|	ther a clerk's hands were the right shape for it; the Keeper answered that the cup had no 
CHANGE	eras/age_III/book/37_of_the_shut_hall_and_the_choosing_of_gilleasbuig.md:52	the Hall	->	Talla na Lasrach	|	onicler has since said dryly, very much as though the Hall had made the king, there bein
CHANGE	eras/age_III/book/37_of_the_shut_hall_and_the_choosing_of_gilleasbuig.md:52	the Hall	->	Talla na Lasrach	|	no boat and no old grievance settled, only a hand the Hall had come to trust with its ow
CHANGE	eras/age_III/book/37_of_the_shut_hall_and_the_choosing_of_gilleasbuig.md:54	the red hall	->	An Talla Dearg	|	e rode to Cathair dhearg that same season to take the red hall, by the lowland road his fath
CHANGE	eras/age_III/book/37_of_the_shut_hall_and_the_choosing_of_gilleasbuig.md:58	the king-list	->	Clàr nan Rìghrean	|	r after the cup was set in his hands, was to have the king-list copied again from its beginni
CHANGE	eras/age_III/book/37_of_the_shut_hall_and_the_choosing_of_gilleasbuig.md:58	the king-list	->	Clàr nan Rìghrean	|	t no longer existed. The line is in every copy of the king-list made since, and it is the fir
CHANGE	eras/age_III/book/37_of_the_shut_hall_and_the_choosing_of_gilleasbuig.md:58	the red hall	->	An Talla Dearg	|	ior or a boat-captain, had at last come to sit in the red hall.
CHANGE	eras/age_III/book/37_of_the_shut_hall_and_the_choosing_of_gilleasbuig.md:60	the red hall's	->	An Talla Dearg's	|	it, to sit beside him at Cathair dhearg and learn the red hall's own rolls before he was taugh
CHANGE	eras/age_III/book/37_of_the_shut_hall_and_the_choosing_of_gilleasbuig.md:60	the Law	->	Lagh an Loscaidh Bhig	|	 always said, that its measure burned fuller than the Law allowed; a Keeper's cutter wa
CHANGE	eras/age_III/book/37_of_the_shut_hall_and_the_choosing_of_gilleasbuig.md:68	the house of Ìomhar	->	Sliochd Ìomhair	|	. He was carried to Dùn dhearg to be buried among the house of Ìomhar, as had been sworn at his cho
CHANGE	eras/age_III/book/37_of_the_shut_hall_and_the_choosing_of_gilleasbuig.md:70	the Four Houses	->	Na Ceithir Taighean	|	 his one-and-fortieth year without any meeting of the Four Houses at all, and none of the four 
CHANGE	eras/age_III/book/37_of_the_shut_hall_and_the_choosing_of_gilleasbuig.md:70	the red hall	->	An Talla Dearg	|	 of the four asked for one; whatever quarrel over the red hall the island had once thought w
CHANGE	eras/age_III/book/37_of_the_shut_hall_and_the_choosing_of_gilleasbuig.md:70	the king-list	->	Clàr nan Rìghrean	|	 of a queen from the same house long years later, the king-list at Cathair dhearg gives nine 
CHANGE	eras/age_III/book/38_of_the_bridges_the_riders_and_the_north-west.md:12	the red hall	->	An Talla Dearg	|	 been chosen to walk, and Anna Ruadh, who came to the red hall two hundred and thirty-six ye
CHANGE	eras/age_III/book/38_of_the_bridges_the_riders_and_the_north-west.md:12	the red hall	->	An Talla Dearg	|	s that filled those years the rolls say only that the red hall passed from hand to hand at C
CHANGE	eras/age_III/book/38_of_the_bridges_the_riders_and_the_north-west.md:12	the red hall	->	An Talla Dearg	|	oubled to keep past its own generation; and where the red hall has so little to say, this te
CHANGE	eras/age_III/book/38_of_the_bridges_the_riders_and_the_north-west.md:28	the red hall	->	An Talla Dearg	|	 its toll, by a custom of its own that no rule of the red hall had ever told it to keep, at 
CHANGE	eras/age_III/book/38_of_the_bridges_the_riders_and_the_north-west.md:28	the red hall's	->	An Talla Dearg's	|	e fellowship's half-measure at Dùn chrom the year the red hall's own word on tolls first went 
CHANGE	eras/age_III/book/38_of_the_bridges_the_riders_and_the_north-west.md:28	the red hall	->	An Talla Dearg	|	 stone might be priced by its own reckoning until the red hall chose to build one of its own
CHANGE	eras/age_III/book/38_of_the_bridges_the_riders_and_the_north-west.md:48	the far-off house	->	An Sligeanach Fad' às	|	n earnest and half in the plain joke of the road, the far-off house, having stood so long from an
CHANGE	eras/age_III/book/38_of_the_bridges_the_riders_and_the_north-west.md:50	the Keeper	->	Coimhdeach na Fine	|	 more fire-water than sense the night before, and the Keeper of that generation was asked,
CHANGE	eras/age_III/book/38_of_the_bridges_the_riders_and_the_north-west.md:50	the Small-Burning Law	->	Lagh an Loscaidh Bhig	|	ict's roads, to rule whether the drink fell under the Small-Burning Law that governed every other bur
CHANGE	eras/age_III/book/38_of_the_bridges_the_riders_and_the_north-west.md:52	the Law	->	Lagh an Loscaidh Bhig	|	elly, however hot it burned there, was no burning the Law had ever been written to answ
CHANGE	eras/age_III/book/38_of_the_bridges_the_riders_and_the_north-west.md:52	the Small-Burning Law	->	Lagh an Loscaidh Bhig	|	ning the Law had ever been written to answer for, the Small-Burning Law having concerned itself, sinc
CHANGE	eras/age_III/book/38_of_the_bridges_the_riders_and_the_north-west.md:52	the Hall	->	Talla na Lasrach	|	d chose to swallow of its own free will, and that the Hall would rule on drink the day i
CHANGE	eras/age_III/book/38_of_the_bridges_the_riders_and_the_north-west.md:56	the red hall's	->	An Talla Dearg's	|	ving always sat at the far edge of whatever reach the red hall's own writ carried, and further
CHANGE	eras/age_III/book/38_of_the_bridges_the_riders_and_the_north-west.md:56	the red hall	->	An Talla Dearg	|	 out from Cathair dhearg, and sent their tolls to the red hall only in the years a road-guar
CHANGE	eras/age_III/book/38_of_the_bridges_the_riders_and_the_north-west.md:56	the red hall	->	An Talla Dearg	|	ny that troubled to keep a written roll, wrote to the red hall more than once in these years
CHANGE	eras/age_III/book/38_of_the_bridges_the_riders_and_the_north-west.md:56	the red hall's	->	An Talla Dearg's	|	 its own law for all the crown's writ reached it; the red hall's own answer, where the rolls k
CHANGE	eras/age_III/book/38_of_the_bridges_the_riders_and_the_north-west.md:56	the red hall	->	An Talla Dearg	|	h-west's tolls having never yet amounted to a sum the red hall thought worth a road-guard's 
CHANGE	eras/age_III/book/38_of_the_bridges_the_riders_and_the_north-west.md:60	the census of hands	->	Cunntas nan Làmh	|	nd; the herders held no right to the handful that the census of hands had reckoned two generations 
CHANGE	eras/age_III/book/38_of_the_bridges_the_riders_and_the_north-west.md:74	the red hall's	->	An Talla Dearg's	|	oads and the shore troubled to keep, and left, as the red hall's own rolls left, whatever pass
CHANGE	eras/age_III/book/39_of_anna_ruadhs_two_circuits_and_the_parting_of_the_rites.md:12	the house of Tormod	->	Sliochd Thormoid	|	Between Tormod Òg and Anna Ruadh's own father the house of Tormod had sat the red hall nine rei
CHANGE	eras/age_III/book/39_of_anna_ruadhs_two_circuits_and_the_parting_of_the_rites.md:12	the red hall	->	An Talla Dearg	|	na Ruadh's own father the house of Tormod had sat the red hall nine reigns running, and the 
CHANGE	eras/age_III/book/39_of_anna_ruadhs_two_circuits_and_the_parting_of_the_rites.md:14	the red hall	->	An Talla Dearg	|	Anna Ruadh took the red hall at Cathair dhearg in her six-
CHANGE	eras/age_III/book/39_of_anna_ruadhs_two_circuits_and_the_parting_of_the_rites.md:14	the Law	->	Lagh an Loscaidh Bhig	|	uit since. Cathair dhomhain's own reeve, who kept the Law by the letter and had little 
CHANGE	eras/age_III/book/39_of_anna_ruadhs_two_circuits_and_the_parting_of_the_rites.md:16	the Auspicious Buffalo	->	Am Buabhall Fortanach	|	that carriers still called Am Buabhall Fortanach, the Auspicious Buffalo, where the War of the Roads h
CHANGE	eras/age_III/book/39_of_anna_ruadhs_two_circuits_and_the_parting_of_the_rites.md:16	the War of the Roads	->	Cogadh nan Rathad	|	Buabhall Fortanach, the Auspicious Buffalo, where the War of the Roads had been ended so long before
CHANGE	eras/age_III/book/39_of_anna_ruadhs_two_circuits_and_the_parting_of_the_rites.md:16	(appositive)	->	Am Buabhall Fortanach	|	dropped the English gloss beside Am Buabhall Fortanach
CHANGE	eras/age_III/book/39_of_anna_ruadhs_two_circuits_and_the_parting_of_the_rites.md:18	the sunny house	->	An Taigh-òsta Grianach	|	he came to the turf longhouse the carriers called the sunny house for the way its south wall ca
CHANGE	eras/age_III/book/39_of_anna_ruadhs_two_circuits_and_the_parting_of_the_rites.md:24	the red hall's	->	An Talla Dearg's	|	oor, {{date:II-0209}}, and set a silver ring from the red hall's own store as the prize, and r
CHANGE	eras/age_III/book/39_of_anna_ruadhs_two_circuits_and_the_parting_of_the_rites.md:26	The Keeper	->	Coimhdeach na Fine	|	d him with questions he had not been asked first. The Keeper at Dùn ìseal sent a protest u
CHANGE	eras/age_III/book/39_of_anna_ruadhs_two_circuits_and_the_parting_of_the_rites.md:26	the Binding	->	An Ceangal	|	 had walked, asking by what right a hall built on the Binding kept an omen-reader who answe
CHANGE	eras/age_III/book/39_of_anna_ruadhs_two_circuits_and_the_parting_of_the_rites.md:28	the Law	->	Lagh an Loscaidh Bhig	|	arder than Dùn ìseal had. Its own shrine had kept the Law strictly since the town's fou
CHANGE	eras/age_III/book/39_of_anna_ruadhs_two_circuits_and_the_parting_of_the_rites.md:28	its Keeper's	->	Coimhdeach na Fine's	|	 kept the Law strictly since the town's founding, its Keeper's cutter tried every season wit
CHANGE	eras/age_III/book/39_of_anna_ruadhs_two_circuits_and_the_parting_of_the_rites.md:28	the Keeper's	->	Coimhdeach na Fine's	|	n the same season, doubled its cutter's visits to the Keeper's measure without being asked, 
CHANGE	eras/age_III/book/39_of_anna_ruadhs_two_circuits_and_the_parting_of_the_rites.md:32	the red hall	->	An Talla Dearg	|	said nothing of it to her household, and she held the red hall four years more before she di
CHANGE	eras/age_III/book/39_of_anna_ruadhs_two_circuits_and_the_parting_of_the_rites.md:32	the sunny house	->	An Taigh-òsta Grianach	|	 she had the household read her the toll rolls of the sunny house and of Slighe Cnoc leathan al
CHANGE	eras/age_III/book/39_of_anna_ruadhs_two_circuits_and_the_parting_of_the_rites.md:32	the house of Ìomhar	->	Sliochd Ìomhair	|	ied. She was carried to Dùn dhearg and laid among the house of Ìomhar and the kings of her own hous
CHANGE	eras/age_III/book/39_of_anna_ruadhs_two_circuits_and_the_parting_of_the_rites.md:38	the Keeper's	->	Coimhdeach na Fine's	|	Sliochd Mhuirich had held the Keeper's office, without ever once cla
CHANGE	eras/age_III/book/39_of_anna_ruadhs_two_circuits_and_the_parting_of_the_rites.md:38	the red hall	->	An Talla Dearg	|	d the Keeper's office, without ever once claiming the red hall in its own name, since long b
CHANGE	eras/age_III/book/39_of_anna_ruadhs_two_circuits_and_the_parting_of_the_rites.md:38	the red hall	->	An Talla Dearg	|	ùn ìseal while three other houses quarrelled over the red hall; and it was said of Sliochd M
CHANGE	eras/age_III/book/39_of_anna_ruadhs_two_circuits_and_the_parting_of_the_rites.md:38	the Hall's	->	Talla na Lasrach's	|	me, and no one who had known him as a boy running the Hall's own passages was greatly surp
CHANGE	eras/age_III/book/39_of_anna_ruadhs_two_circuits_and_the_parting_of_the_rites.md:40	the Keepers' roll	->	Clàr an Talla	|	new Keeper before him had done, and sat down with the Keepers' roll to learn the names of those w
CHANGE	eras/age_III/book/39_of_anna_ruadhs_two_circuits_and_the_parting_of_the_rites.md:42	the Keepers	->	Coimheadaichean na Lasrach	|	ch agreed with each other exactly. More than half the Keepers of the age, from Beathag Bhàn
CHANGE	eras/age_III/book/39_of_anna_ruadhs_two_circuits_and_the_parting_of_the_rites.md:46	the Hall	->	Talla na Lasrach	|	to counting everyone else's. He had the clerks of the Hall set down every rite on the is
CHANGE	eras/age_III/book/39_of_anna_ruadhs_two_circuits_and_the_parting_of_the_rites.md:46	the Hall's	->	Talla na Lasrach's	|	it was finished, ran longer than he had expected: the Hall's own rite of the flame and the
CHANGE	eras/age_III/book/39_of_anna_ruadhs_two_circuits_and_the_parting_of_the_rites.md:46	the wolf-sworn	->	An Fhianna	|	ern coast; the wood-watchers of the western wood; the wolf-sworn of the road-guards; the sting
CHANGE	eras/age_III/book/39_of_anna_ruadhs_two_circuits_and_the_parting_of_the_rites.md:50	the Hall's	->	Talla na Lasrach's	|	ll, to try the hawk-keepers' dawn-burning against the Hall's own measure, as every rite on
CHANGE	eras/age_III/book/39_of_anna_ruadhs_two_circuits_and_the_parting_of_the_rites.md:50	the Hall's	->	Talla na Lasrach's	|	of tanned hide folded inside his coat. He had put the Hall's question to the household of 
CHANGE	eras/age_III/book/39_of_anna_ruadhs_two_circuits_and_the_parting_of_the_rites.md:50	the Keeper's	->	Coimhdeach na Fine's	|	easure he had come to try was the hawk's own, not the Keeper's, that her people burned exact
CHANGE	eras/age_III/book/39_of_anna_ruadhs_two_circuits_and_the_parting_of_the_rites.md:50	the Law	->	Lagh an Loscaidh Bhig	|	the Keeper's, that her people burned exactly what the Law required and had done so ever
CHANGE	eras/age_III/book/39_of_anna_ruadhs_two_circuits_and_the_parting_of_the_rites.md:50	the Keeper	->	Coimheadaiche na Lasrach	|	t the same thing however he chose to name them to the Keeper. The strip of hide he carried
CHANGE	eras/age_III/book/39_of_anna_ruadhs_two_circuits_and_the_parting_of_the_rites.md:50	the Hall's	->	Talla na Lasrach's	|	as the first time any rite on the list had turned the Hall's own trial away outright, and 
CHANGE	eras/age_III/book/39_of_anna_ruadhs_two_circuits_and_the_parting_of_the_rites.md:52	the wolf-sworn	->	an Fhianna	|	From Caol leathan came word, a few years on, that the wolf-sworn had raised a hall of their ow
CHANGE	eras/age_III/book/39_of_anna_ruadhs_two_circuits_and_the_parting_of_the_rites.md:52	the Stone	->	Lia Fàil	|	nder no other; men had begun to call it Lia Fàil, the Stone, and the wolf-sworn who kept 
CHANGE	eras/age_III/book/39_of_anna_ruadhs_two_circuits_and_the_parting_of_the_rites.md:52	the wolf-sworn	->	an Fhianna	|	men had begun to call it Lia Fàil, the Stone, and the wolf-sworn who kept it An Fhianna, thoug
CHANGE	eras/age_III/book/39_of_anna_ruadhs_two_circuits_and_the_parting_of_the_rites.md:52	(appositive)	->	Lia Fàil	|	dropped the English gloss beside Lia Fàil
CHANGE	eras/age_III/book/39_of_anna_ruadhs_two_circuits_and_the_parting_of_the_rites.md:54	Manannan's Cup	->	Cupa na Fìrinne	|	after over a cup marked with the scorpion, called Manannan's Cup of Truth, which was said to b
CHANGE	eras/age_III/book/39_of_anna_ruadhs_two_circuits_and_the_parting_of_the_rites.md:54	the Hall	->	Talla na Lasrach	|	e whole again by three truths, though no clerk of the Hall ever saw it broken, and a mer
CHANGE	eras/age_III/book/39_of_anna_ruadhs_two_circuits_and_the_parting_of_the_rites.md:56	the Hall	->	Talla na Lasrach	|	st of all. They stopped sending their quarrels to the Hall for judgement and began to se
CHANGE	eras/age_III/book/39_of_anna_ruadhs_two_circuits_and_the_parting_of_the_rites.md:56	the Hall	->	Talla na Lasrach	|	han to Dùn ìseal, over a stretch of scrub neither the Hall nor any province seat had eve
CHANGE	eras/age_III/book/39_of_anna_ruadhs_two_circuits_and_the_parting_of_the_rites.md:60	the Binding	->	An Ceangal	|	ìseal, the one practice the island had kept since the Binding had plainly come apart into a
CHANGE	eras/age_III/book/39_of_anna_ruadhs_two_circuits_and_the_parting_of_the_rites.md:60	the Old Faith	->	An Creideamh Sean	|	 the whole scattering of rites An Creideamh Sean, the Old Faith, and set beside it, standing 
CHANGE	eras/age_III/book/39_of_anna_ruadhs_two_circuits_and_the_parting_of_the_rites.md:60	the Old Spirits	->	Na Seann Spioradan	|	nd was known by its own name, Na Seann Spioradan, the Old Spirits; and it was no longer possibl
CHANGE	eras/age_III/book/39_of_anna_ruadhs_two_circuits_and_the_parting_of_the_rites.md:60	the Hall	->	Talla na Lasrach	|	as though it were one thing, whatever the roll of the Hall had once assumed.
CHANGE	eras/age_III/book/39_of_anna_ruadhs_two_circuits_and_the_parting_of_the_rites.md:60	(appositive)	->	Na Seann Spioradan	|	dropped the English gloss beside Na Seann Spioradan
CHANGE	eras/age_III/book/39_of_anna_ruadhs_two_circuits_and_the_parting_of_the_rites.md:60	(appositive)	->	An Creideamh Sean	|	dropped the English gloss beside An Creideamh Sean
CHANGE	eras/age_III/book/39_of_anna_ruadhs_two_circuits_and_the_parting_of_the_rites.md:62	the Roinn	->	Roinn na Rìoghachd	|	n, in its own turn. It had sat, since the days of the Roinn, by hearth and by house, a ma
CHANGE	eras/age_III/book/39_of_anna_ruadhs_two_circuits_and_the_parting_of_the_rites.md:66	the Hall's	->	Talla na Lasrach's	|	ad, and asked no one's company or leave to do it; the Hall's own list, drawn up to set eve
CHANGE	eras/age_III/book/39_of_anna_ruadhs_two_circuits_and_the_parting_of_the_rites.md:68	the warm springs	->	Fuarain Theth Muileann ruadh	|	And at Muileann ruadh, where the warm springs still ran from under the moun
CHANGE	eras/age_III/book/39_of_anna_ruadhs_two_circuits_and_the_parting_of_the_rites.md:68	the Binding	->	An Ceangal	|	ll ran from under the mountain as they had before the Binding was ever sworn, the keeper of
CHANGE	eras/age_III/book/39_of_anna_ruadhs_two_circuits_and_the_parting_of_the_rites.md:68	the Hall's	->	Talla na Lasrach's	|	ainst it, coming as it did from the one office in the Hall's whole keeping that had never 
CHANGE	eras/age_III/book/39_of_anna_ruadhs_two_circuits_and_the_parting_of_the_rites.md:70	the Hall	->	Talla na Lasrach	|	nches were parted, and looking down the length of the Hall at knot after knot of his own
CHANGE	eras/age_III/book/39_of_anna_ruadhs_two_circuits_and_the_parting_of_the_rites.md:70	the Binding	->	An Ceangal	|	 the thing he now kept: no longer the one measure the Binding had set over every hearth ali
CHANGE	eras/age_III/book/39_of_anna_ruadhs_two_circuits_and_the_parting_of_the_rites.md:70	the wolf-sworn	->	an Fhianna	|	oser, in the end, than either the hawk-keepers or the wolf-sworn much cared to be told. None o
CHANGE	eras/age_III/book/40_of_the_last_quiet_years.md:12	the red hall	->	An Talla Dearg	|	The clerks of the red hall kept, in these last generatio
CHANGE	eras/age_III/book/40_of_the_last_quiet_years.md:12	the Holy Age	->	An Aois Naomh	|	f the red hall kept, in these last generations of the Holy Age, a roll of the provinces that
CHANGE	eras/age_III/book/40_of_the_last_quiet_years.md:12	the red hall	->	An Talla Dearg	|	ape of these last quiet years is best read, since the red hall has, for most of that stretch
CHANGE	eras/age_III/book/40_of_the_last_quiet_years.md:14	the Keepers	->	Coimheadaichean na Lasrach	|	loth was dyed there ever after, {{date:II-0226}}; the Keepers alone, of everyone who wore t
CHANGE	eras/age_III/book/40_of_the_last_quiet_years.md:20	the Keeper's	->	Coimheadaiche na Lasrach's	|	 he kept his sixteenth measure, {{date:II-0232}}; the Keeper's cutter who came out to try it
CHANGE	eras/age_III/book/40_of_the_last_quiet_years.md:20	the Hall's	->	Talla na Lasrach's	|	}; the Keeper's cutter who came out to try it, as the Hall's cutters tried every rite's me
CHANGE	eras/age_III/book/40_of_the_last_quiet_years.md:20	the stag's people	->	Scoiltean nan Draoidhean	|	d in the same generation, and within its new wall the stag's people raised the first temple of th
CHANGE	eras/age_III/book/40_of_the_last_quiet_years.md:20	the Four Houses	->	Na Ceithir Taighean	|	ts own member to the council at Dùn ìseal, a seat the Four Houses mislike to this day and gave,
CHANGE	eras/age_III/book/40_of_the_last_quiet_years.md:22	the shared-meal law	->	Lagh a' Bhìdh Roinnte	|	ame up from Baile chaol and from Cuan ruadh under the shared-meal law that Lachlann Bàn and Raonaid
CHANGE	eras/age_III/book/40_of_the_last_quiet_years.md:22	the Keepers	->	Coimheadaichean na Lasrach	|	 winter and were not wrong, {{date:II-0239}}, and the Keepers of that generation, whose own
CHANGE	eras/age_III/book/40_of_the_last_quiet_years.md:24	the Hall's	->	Talla na Lasrach's	|	no wolf, no sting, no stag, {{date:II-0246}}; and the Hall's own list of rites, drawn up n
CHANGE	eras/age_III/book/40_of_the_last_quiet_years.md:24	the old reverence	->	An Seann Urram	|	Seumas Bàn's day, named them among the keepers of the old reverence, a company by now as settled 
CHANGE	eras/age_III/book/40_of_the_last_quiet_years.md:26	the Holy Age	->	An Aois Naomh	|	of very little else, that the last generations of the Holy Age must be read, for the red hal
CHANGE	eras/age_III/book/40_of_the_last_quiet_years.md:26	the red hall	->	An Talla Dearg	|	ast generations of the Holy Age must be read, for the red hall in these years kept, for the 
CHANGE	eras/age_III/book/40_of_the_last_quiet_years.md:26	the red hall	->	An Talla Dearg	|	hall in these years kept, for the most part, only the red hall passing from hand to hand as 
CHANGE	eras/age_III/book/40_of_the_last_quiet_years.md:30	the red hall	->	An Talla Dearg	|	ety-first year of his own life, in his own bed at the red hall and not on any road, and the 
CHANGE	eras/age_III/book/40_of_the_last_quiet_years.md:30	the long years	->	na Bliadhnachan Fada	|	holding, as the roll had held of every rìgh since the long years went out of the line, that a 
CHANGE	eras/age_III/book/40_of_the_last_quiet_years.md:32	the red hall	->	An Talla Dearg	|	His son, Coinneach Donn, took up the red hall in the way sons of that house
CHANGE	eras/age_III/book/40_of_the_last_quiet_years.md:32	the Four Houses	->	Na Ceithir Taighean	|	se had always taken it up, without any meeting of the Four Houses troubling to be called, the h
CHANGE	eras/age_III/book/40_of_the_last_quiet_years.md:32	the red hall	->	An Talla Dearg	|	 of his own generation knew no other name to give the red hall, and long enough, too, that w
CHANGE	eras/age_III/book/40_of_the_last_quiet_years.md:38	the red hall	->	An Talla Dearg	|	p, by her own later telling, expecting nothing of the red hall beyond the ordinary daughter'
CHANGE	eras/age_III/book/40_of_the_last_quiet_years.md:38	the red hall	->	An Talla Dearg	|	y daughter's portion of a house that already held the red hall, her father having never once
CHANGE	eras/age_III/book/40_of_the_last_quiet_years.md:38	the Four Houses	->	Na Ceithir Taighean	|	own steward that her father's brother had gone to the Four Houses at Dùn ìseal with a claim of 
CHANGE	eras/age_III/book/40_of_the_last_quiet_years.md:40	The Four Houses	->	Na Ceithir Taighean	|	The Four Houses heard Tormod Donn's claim in 
CHANGE	eras/age_III/book/40_of_the_last_quiet_years.md:40	the Four Houses	->	Na Ceithir Taighean	|	ood at the winter's beginning, decided by no vote the Four Houses could agree to call a decisio
CHANGE	eras/age_III/book/40_of_the_last_quiet_years.md:42	the Holy Age	->	An Aois Naomh	|	e flame in those years and the last of her office the Holy Age was to know, who ended it, th
CHANGE	eras/age_III/book/40_of_the_last_quiet_years.md:42	the Hall's	->	Talla na Lasrach's	|	know, who ended it, though the ending was none of the Hall's own business by the Small-Bur
CHANGE	eras/age_III/book/40_of_the_last_quiet_years.md:42	the Small-Burning Law's	->	Lagh an Loscaidh Bhig's	|	the ending was none of the Hall's own business by the Small-Burning Law's own letter, and Catrìona said
CHANGE	eras/age_III/book/40_of_the_last_quiet_years.md:42	the Four Houses	->	Na Ceithir Taighean	|	ng Law's own letter, and Catrìona said as much to the Four Houses before she said anything else
CHANGE	eras/age_III/book/40_of_the_last_quiet_years.md:42	the Hall	->	Talla na Lasrach	|	d watched Tormod Donn, in the same years, come to the Hall himself not once, holding, by
CHANGE	eras/age_III/book/40_of_the_last_quiet_years.md:42	the Four Houses	->	Na Ceithir Taighean	|	 be called on to answer for. A red hall, she told the Four Houses, was no business of the Hall'
CHANGE	eras/age_III/book/40_of_the_last_quiet_years.md:42	the Hall's	->	Talla na Lasrach's	|	all, she told the Four Houses, was no business of the Hall's to give. She had watched, all
CHANGE	eras/age_III/book/40_of_the_last_quiet_years.md:42	the Four Houses	->	Na Ceithir Taighean	|	been set once before in Gilleasbuig Mòr's, should the Four Houses ask her to, and in no one els
CHANGE	eras/age_III/book/40_of_the_last_quiet_years.md:44	the Four Houses	->	Na Ceithir Taighean	|	in his own house at Cuan ruadh rather than before the Four Houses, sending word by his own stew
CHANGE	eras/age_III/book/40_of_the_last_quiet_years.md:44	the house of Tormod	->	Sliochd Thormoid	|	e roll's own later reckoning, the last such claim the house of Tormod was ever to see contested, an
CHANGE	eras/age_III/book/40_of_the_last_quiet_years.md:46	the Four Houses	->	Na Ceithir Taighean	|	ona only one question of her own, low enough that the Four Houses standing by did not hear it: 
CHANGE	eras/age_III/book/40_of_the_last_quiet_years.md:46	the Four Houses	->	Na Ceithir Taighean	|	ought any charge against her uncle beyond the one the Four Houses had already let lapse of thei
CHANGE	eras/age_III/book/40_of_the_last_quiet_years.md:50	the red hall	->	An Talla Dearg	|	r would have sat. Dòmhnall Dubh held no office at the red hall and asked none, keeping, thro
CHANGE	eras/age_III/book/40_of_the_last_quiet_years.md:52	the red hall	->	An Talla Dearg	|	's and Coinneach Donn's reigns before it had run: the red hall at Cathair dhearg, the provin
CHANGE	eras/age_III/book/40_of_the_last_quiet_years.md:52	the Hall's	->	Talla na Lasrach's	|	bit a rìgh had ever kept; and it was Mòr, reading the Hall's own roll one winter evening n
CHANGE	eras/age_III/book/40_of_the_last_quiet_years.md:54	the long years	->	na Bliadhnachan Fada	|	wn included, now lived any longer than any other, the long years that had once carried Ìomhar 
CHANGE	eras/age_III/book/40_of_the_last_quiet_years.md:60	the Four Houses	->	Na Ceithir Taighean	|	 one hand that wrote of that year afterward, that the Four Houses, summoned in haste to Dùn ìse
CHANGE	eras/age_III/book/40_of_the_last_quiet_years.md:62	the Four Houses	->	Na Ceithir Taighean	|	arg within the month, by her own house's word and the Four Houses' own assent, rather than by a
CHANGE	eras/age_III/book/40_of_the_last_quiet_years.md:62	the Holy Age	->	An Aois Naomh	|	is, of all the small departures the last years of the Holy Age made from the years before th
CHANGE	eras/age_III/book/40_of_the_last_quiet_years.md:62	the red hall's	->	An Talla Dearg's	|	g it the first sign of a distance opening between the red hall's own crowning and the Hall's o
CHANGE	eras/age_III/book/40_of_the_last_quiet_years.md:62	the Hall's	->	Talla na Lasrach's	|	e opening between the red hall's own crowning and the Hall's own flame that no teller of t
CHANGE	eras/age_III/book/40_of_the_last_quiet_years.md:62	the Hall's	->	Talla na Lasrach's	|	 whenever the roads and the season allowed it, as the Hall's own custom asked; and it is r
CHANGE	eras/age_III/book/40_of_the_last_quiet_years.md:64	the red hall	->	An Talla Dearg	|	It fell to Ruairidh Clèireach, clerk of the red hall these twenty years and more, 
CHANGE	eras/age_III/book/40_of_the_last_quiet_years.md:64	the king-list	->	Clàr nan Rìghrean	|	o find, in the same weeks, that the skin on which the king-list and the Keepers' roll togethe
CHANGE	eras/age_III/book/40_of_the_last_quiet_years.md:64	the Keepers' roll	->	Clàr an Talla	|	e weeks, that the skin on which the king-list and the Keepers' roll together had been kept since 
CHANGE	eras/age_III/book/40_of_the_last_quiet_years.md:64	the Hall	->	Talla na Lasrach	|	id away in the same chest that held every roll of the Hall before it, carries to this ho
CHANGE	eras/age_III/book/40_of_the_last_quiet_years.md:64	the Holy Age	->	An Aois Naomh	|	her daughter's, that stands last of all the names the Holy Age was to write down.
CHANGE	eras/age_III/book/40_of_the_last_quiet_years.md:68	the red hall	->	An Talla Dearg	|	The fifth day of Faoilleach, by the almanac the red hall kept, in the year the roll ha
CHANGE	eras/age_III/book/40_of_the_last_quiet_years.md:74	the Holy Age	->	An Aois Naomh	|	ay's hard ride to the east, that the last roll of the Holy Age closes, with no name written 
CHANGE	eras/age_III/gazetteer/01_the_valley_and_the_red_share.json:315.history	the Hall	->	Talla na Lasrach	|	The hill of the first kingdom held the Hall through the whole of the Holy
CHANGE	eras/age_III/gazetteer/01_the_valley_and_the_red_share.json:315.history	the Holy Age	->	An Aois Naomh	|	 first kingdom held the Hall through the whole of the Holy Age, and nearly everything that a
CHANGE	eras/age_III/gazetteer/01_the_valley_and_the_red_share.json:315.history	the cord of the heirs	->	Sreang nan Oighrean	|	ame to no one of the blood. Sìne nan Snaidhm tied the cord of the heirs at the gathering-house door, 
CHANGE	eras/age_III/gazetteer/01_the_valley_and_the_red_share.json:315.history	the Hall	->	Talla na Lasrach	|	use door, and the cord lay coiled in its chest in the Hall for thirteen centuries after.
CHANGE	eras/age_III/gazetteer/01_the_valley_and_the_red_share.json:315.history	the Small-Burning Law	->	Lagh an Loscaidh Bhig	|	àn kept the flame here first. Fionnlagh Dall made the Small-Burning Law here, and from here every Kee
CHANGE	eras/age_III/gazetteer/01_the_valley_and_the_red_share.json:315.history	the Hall's	->	Talla na Lasrach's	|	to try each hearth's measure. A market grew under the Hall's walls in the years of the Pea
CHANGE	eras/age_III/gazetteer/01_the_valley_and_the_red_share.json:315.history	the Peace	->	Sìth an Stairsnich	|	arket grew under the Hall's walls in the years of the Peace, and oak props for the galler
CHANGE	eras/age_III/gazetteer/01_the_valley_and_the_red_share.json:315.history	The Four Houses	->	Na Ceithir Taighean	|	ak props for the galleries were cut in its woods. The Four Houses met here when the red hall st
CHANGE	eras/age_III/gazetteer/01_the_valley_and_the_red_share.json:315.history	the red hall	->	An Talla Dearg	|	e cut in its woods. The Four Houses met here when the red hall stood empty, and a clerk's so
CHANGE	eras/age_III/gazetteer/01_the_valley_and_the_red_share.json:315.known_for	the Hall	->	Talla na Lasrach	|	the Hall and the bound flame; the cord
CHANGE	eras/age_III/gazetteer/01_the_valley_and_the_red_share.json:315.known_for	the cord of the heirs	->	Sreang nan Oighrean	|	the Hall and the bound flame; the cord of the heirs
CHANGE	eras/age_III/gazetteer/01_the_valley_and_the_red_share.json:422.history	the Red Share	->	an Earrann Dhearg	|	day from men too spent to lift their arms. It was the Red Share, the one share won with a swo
CHANGE	eras/age_III/gazetteer/01_the_valley_and_the_red_share.json:422.history	the house of Ìomhar	->	Sliochd Ìomhair	|	ter Gilleasbuig Mòr was carried here to lie among the house of Ìomhar.
CHANGE	eras/age_III/gazetteer/01_the_valley_and_the_red_share.json:422.known_for	the Red Share	->	an Earrann Dhearg	|	the ford of Àth na Fala, the Red Share and the kings' graves
CHANGE	eras/age_III/gazetteer/01_the_valley_and_the_red_share.json:276.history	the Hall	->	Talla na Lasrach	|	r hut in a covered pot. Its households claim, and the Hall has never troubled to deny, t
CHANGE	eras/age_III/gazetteer/01_the_valley_and_the_red_share.json:276.history	the Mason's line	->	Clann a' Chlachair	|	nyone's. The reciters of Clann na Ceiste who kept the Mason's line lived here, and the lame reci
CHANGE	eras/age_III/gazetteer/01_the_valley_and_the_red_share.json:276.history	the Hall	->	Talla na Lasrach	|	 once more before he died. When the flame went to the Hall, Tobar dhìreach kept its slab
CHANGE	eras/age_III/gazetteer/01_the_valley_and_the_red_share.json:276.history	the Binding	->	An Ceangal	|	 and its turns of sitting by it, and kept telling the Binding in its own way, with its own 
CHANGE	eras/age_III/gazetteer/01_the_valley_and_the_red_share.json:276.history	the Holy Age	->	An Aois Naomh	|	own keepers at the centre of the telling. Through the Holy Age it stayed a small town of wel
CHANGE	eras/age_III/gazetteer/01_the_valley_and_the_red_share.json:276.history	the Hall's	->	Talla na Lasrach's	|	ground, proud, slow to change and seldom named in the Hall's rolls.
CHANGE	eras/age_III/gazetteer/01_the_valley_and_the_red_share.json:209.history	the Holy Age	->	An Aois Naomh	|	town of the oak-cutters, and through the whole of the Holy Age Doire ghlas kept that grove a
CHANGE	eras/age_III/gazetteer/01_the_valley_and_the_red_share.json:365.history	the Keeper's	->	Coimheadaiche na Lasrach's	|	 had. In the hungry years under Calum Liath, when the Keeper's cutters found the vein giving
CHANGE	eras/age_III/gazetteer/01_the_valley_and_the_red_share.json:365.history	the Hall	->	Talla na Lasrach	|	 Keeper's cutters found the vein giving less than the Hall had reckoned, the households 
CHANGE	eras/age_III/gazetteer/01_the_valley_and_the_red_share.json:365.history	The Four Houses	->	Na Ceithir Taighean	|	 a member of its own to the council at Dùn ìseal. The Four Houses gave the seat grudgingly and 
CHANGE	eras/age_III/gazetteer/01_the_valley_and_the_red_share.json:27.history	western share	->	Earrann Ros dhomhain	|	Loch chrom was the seat of Fionnghal nic Ailein's western share. It was the scene of the wedd
CHANGE	eras/age_III/gazetteer/01_the_valley_and_the_red_share.json:27.history	the salt shore	->	Tràigh an t-Salainn	|	 spoken over the ale between the western line and the salt shore began a quarrel of raids that
CHANGE	eras/age_III/gazetteer/01_the_valley_and_the_red_share.json:27.history	the red hall	->	An Talla Dearg	|	 centuries of the age its reeves were the nearest the red hall had to eyes on the north-west
CHANGE	eras/age_III/gazetteer/01_the_valley_and_the_red_share.json:27.known_for	the western share's	->	Earrann Ros dhomhain's	|	the unforgotten wedding; the western share's seat
CHANGE	eras/age_III/gazetteer/01_the_valley_and_the_red_share.json:77.history	the stag's people	->	Scoiltean nan Draoidhean	|	ose of the age it was walled, and within the wall the stag's people raised their first temple in 
CHANGE	eras/age_III/gazetteer/01_the_valley_and_the_red_share.json:77.known_for	the Roinn	->	Roinn na Rìoghachd	|	the first stones of the Roinn and the first blood
CHANGE	eras/age_III/gazetteer/01_the_valley_and_the_red_share.json:170.history	the salt shore	->	Tràigh an t-Salainn	|	coast was the seat of Artair mac Ailein, who held the salt shore through the long quarrels of 
CHANGE	eras/age_III/gazetteer/01_the_valley_and_the_red_share.json:244.history	the night of the handful	->	Oidhche an Dòrlaich	|	 of the north-west was Ùna nic Ailein's seat when the night of the handful gave her that corner of the k
CHANGE	eras/age_III/gazetteer/01_the_valley_and_the_red_share.json:88.history	the Red Hill	->	An Cnoc Ruadh	|	Settled from the Red Hill, the river town east of it wa
CHANGE	eras/age_III/gazetteer/01_the_valley_and_the_red_share.json:88.history	the Roinn	->	Roinn na Rìoghachd	|	 town east of it was Coll mac Ailein's seat under the Roinn, holding the hills along the 
CHANGE	eras/age_III/gazetteer/01_the_valley_and_the_red_share.json:398.history	the Small-Burning Law	->	Lagh an Loscaidh Bhig	|	ff the rocks. The beacon raised the last question the Small-Burning Law put to Fionnlagh Dall. He rul
CHANGE	eras/age_III/gazetteer/01_the_valley_and_the_red_share.json:398.history	the Roinn	->	Roinn na Rìoghachd	|	th nic Ailein held the south-east from here under the Roinn. Near the end of the age the 
CHANGE	eras/age_III/gazetteer/01_the_valley_and_the_red_share.json:398.history	the first fire	->	Teine a' Chlachair	|	ge the beacon was built up in stone into a tower, the first fire on any coast kept above the g
CHANGE	eras/age_III/gazetteer/01_the_valley_and_the_red_share.json:20.history	the Keeper	->	Coimhdeach na Fine	|	 the hawk-rite settled on the northern coast, and the Keeper sent a clerk to see the dawn 
CHANGE	eras/age_III/gazetteer/01_the_valley_and_the_red_share.json:20.history	the red hall	->	An Talla Dearg	|	ehold, and that brought the rite of the wood into the red hall.
CHANGE	eras/age_III/gazetteer/01_the_valley_and_the_red_share.json:229.history	the hot springs	->	Fuarain Theth Muileann ruadh	|	Keepers of the hot springs founded the town six miles we
CHANGE	eras/age_III/gazetteer/01_the_valley_and_the_red_share.json:229.history	the Hall	->	Talla na Lasrach	|	ngs founded the town six miles west-north-west of the Hall, where warm water runs from u
CHANGE	eras/age_III/gazetteer/01_the_valley_and_the_red_share.json:229.known_for	the warm springs	->	Fuarain Theth Muileann ruadh	|	the warm springs held in common
CHANGE	eras/age_III/gazetteer/01_the_valley_and_the_red_share.json:148.history	the Hall's	->	Talla na Lasrach's	|	ight bring a sick child or a frost-bitten hand to the Hall's own hearth, since the ban spo
CHANGE	eras/age_III/gazetteer/01_the_valley_and_the_red_share.json:279.history	the Hall	->	Talla na Lasrach	|	dh gharbh on rough ground beside the stream after the Hall declined to keep it. Muireach
CHANGE	eras/age_III/gazetteer/01_the_valley_and_the_red_share.json:279.history	the Hall	->	Talla na Lasrach	|	s keeping fell to households who asked nothing of the Hall. They kept the stream and the
CHANGE	eras/age_III/gazetteer/01_the_valley_and_the_red_share.json:23.history	the shared-meal law	->	Lagh a' Bhìdh Roinnte	|	n fish, and a common granary was built here under the shared-meal law.
CHANGE	eras/age_III/gazetteer/02_silver_graves_and_the_eastern_houses.json:419.history	the Hall	->	Talla na Lasrach	|	The silver town five miles north of the Hall grew up about FE 71 on a seam
CHANGE	eras/age_III/gazetteer/02_silver_graves_and_the_eastern_houses.json:419.history	the nine hearths	->	Na Naoi Teallaichean	|	he coal. Fearchar Airgeadach, a basket-carrier of the nine hearths, smelted the first bead from 
CHANGE	eras/age_III/gazetteer/02_silver_graves_and_the_eastern_houses.json:419.history	the eastern share	->	Earrann Caol shean	|	and so is not the mountain's. When two cousins of the eastern share both claimed the silver groun
CHANGE	eras/age_III/gazetteer/02_silver_graves_and_the_eastern_houses.json:419.history	the Silver Feud	->	Falachd an Airgid	|	oint house here began tallying grain. In FE 1,745 the Silver Feud began at its forges, when Mài
CHANGE	eras/age_III/gazetteer/02_silver_graves_and_the_eastern_houses.json:78.history	the Hall	->	Talla na Lasrach	|	The sacred wood twenty-six miles north-east of the Hall held the grove of the stag. H
CHANGE	eras/age_III/gazetteer/02_silver_graves_and_the_eastern_houses.json:78.history	The stag's people	->	Scoiltean nan Draoidhean	|	reach the wood, and the stag came into the grove. The stag's people kept their school here for th
CHANGE	eras/age_III/gazetteer/02_silver_graves_and_the_eastern_houses.json:78.history	the red hall's	->	An Talla Dearg's	|	s sent here to learn the letters before he became the red hall's first writer.
CHANGE	eras/age_III/gazetteer/02_silver_graves_and_the_eastern_houses.json:78.known_for	the stag's grove	->	Coille Naomh Muileann chiar	|	the stag's grove and the stag-letters
CHANGE	eras/age_III/gazetteer/02_silver_graves_and_the_eastern_houses.json:76.history	the Hall	->	Talla na Lasrach	|	The river crossing north of the Hall was kept by custodians from t
CHANGE	eras/age_III/gazetteer/02_silver_graves_and_the_eastern_houses.json:76.history	the Binding	->	An Ceangal	|	ing north of the Hall was kept by custodians from the Binding, and its quays saw the first 
CHANGE	eras/age_III/gazetteer/02_silver_graves_and_the_eastern_houses.json:76.history	the nine hearths	->	Na Naoi Teallaichean	|	ean Clachair gathered forty cutters and masons of the nine hearths, quarried grey stone near Ros
CHANGE	eras/age_III/gazetteer/02_silver_graves_and_the_eastern_houses.json:198.history	the Small-Burning Law	->	Lagh an Loscaidh Bhig	|	al for the rest of the season, and out of it came the Small-Burning Law of Fionnlagh Dall. Cnoc dhubh
CHANGE	eras/age_III/gazetteer/02_silver_graves_and_the_eastern_houses.json:198.history	the Law	->	Lagh an Loscaidh Bhig	|	o its charcoal and burned its wood as it pleased, the Law never having concerned itself
CHANGE	eras/age_III/gazetteer/02_silver_graves_and_the_eastern_houses.json:198.known_for	the Small-Burning Law	->	Lagh an Loscaidh Bhig	|	the smoke that made the Small-Burning Law
CHANGE	eras/age_III/gazetteer/02_silver_graves_and_the_eastern_houses.json:34.history	the Small-Burning Law	->	Lagh an Loscaidh Bhig	|	-Dhaoine left, was the first town sentenced under the Small-Burning Law: in FE 145 a household that b
CHANGE	eras/age_III/gazetteer/02_silver_graves_and_the_eastern_houses.json:34.history	the census of hands	->	Cunntas nan Làmh	|	n Tormod Ruadh's wager was made on its quay. When the census of hands was taken in FE 1,735, most o
CHANGE	eras/age_III/gazetteer/02_silver_graves_and_the_eastern_houses.json:397.history	the Hall	->	Talla na Lasrach	|	riers going down sideways turned more ankles than the Hall had troubled to count. In FE 
CHANGE	eras/age_III/gazetteer/02_silver_graves_and_the_eastern_houses.json:397.history	the nine hearths	->	Na Naoi Teallaichean	|	ad troubled to count. In FE 149 the council asked the nine hearths' cutters whether any would cu
CHANGE	eras/age_III/gazetteer/02_silver_graves_and_the_eastern_houses.json:186.history	the nine hearths	->	Na Naoi Teallaichean	|	In FE 178 fishers of the nine hearths settled this old harbour of t
CHANGE	eras/age_III/gazetteer/02_silver_graves_and_the_eastern_houses.json:432.history	the Hall	->	Talla na Lasrach	|	Twenty miles south-east of the Hall stands Tuam Cnoc dhìreach, wh
CHANGE	eras/age_III/gazetteer/02_silver_graves_and_the_eastern_houses.json:432.history	the Hall	->	Talla na Lasrach	|	 families settled beside the tomb to tend it, and the Hall paid them in coal, a handful 
CHANGE	eras/age_III/gazetteer/02_silver_graves_and_the_eastern_houses.json:432.history	the Law	->	Lagh an Loscaidh Bhig	|	a handful each a season, the only payment in coal the Law ever allowed. In the twenty-f
CHANGE	eras/age_III/gazetteer/02_silver_graves_and_the_eastern_houses.json:324.history	the War of the Roads	->	Cogadh nan Rathad	|	er table. Her house, Am Buabhall Fortanach, ended the War of the Roads in its time, and her line kep
CHANGE	eras/age_III/gazetteer/02_silver_graves_and_the_eastern_houses.json:18.history	the Four Houses	->	Na Ceithir Taighean	|	n chaol, and it was Sliochd Thormoid's seat after the Four Houses were bound. In the fourth cen
CHANGE	eras/age_III/gazetteer/02_silver_graves_and_the_eastern_houses.json:18.history	the golden house	->	An Taigh-seinnse Òir	|	re him. North of the town Mòrag nan Rathad opened the golden house free of toll for a night. The
CHANGE	eras/age_III/gazetteer/02_silver_graves_and_the_eastern_houses.json:18.history	the red hall's	->	An Talla Dearg's	|	toll for a night. The clerks of Seann Dunn copied the red hall's rolls for generations. From t
CHANGE	eras/age_III/gazetteer/02_silver_graves_and_the_eastern_houses.json:192.history	the Old Spirits	->	Na Seann Spioradan	|	 it was the one that kept growing. The keepers of the Old Spirits there asked nothing of the ve
CHANGE	eras/age_III/gazetteer/02_silver_graves_and_the_eastern_houses.json:192.history	the Hall	->	Talla na Lasrach	|	 asked nothing of the vein and were left alone by the Hall.
CHANGE	eras/age_III/gazetteer/02_silver_graves_and_the_eastern_houses.json:449.history	the Roinn	->	Roinn na Rìoghachd	|	efused for want of a hearth-right cut in stone at the Roinn, sat one courtesy season and 
CHANGE	eras/age_III/gazetteer/02_silver_graves_and_the_eastern_houses.json:395.history	the warm springs	->	Fuarain Theth Muileann ruadh	|	The granary fields by the warm springs belonged to Fearghas Dà-Mhion
CHANGE	eras/age_III/gazetteer/02_silver_graves_and_the_eastern_houses.json:395.history	the night of the handful	->	Oidhche an Dòrlaich	|	s stone, the mark of a double oath first sworn on the night of the handful, was set in his hall. A burne
CHANGE	eras/age_III/gazetteer/02_silver_graves_and_the_eastern_houses.json:395.history	the War of the Two Oaths	->	Cogadh an Dà Mhionn	|	 fields, and in FE 556 Achadh mhòr was burned and the War of the Two Oaths ended where it began. The las
CHANGE	eras/age_III/gazetteer/02_silver_graves_and_the_eastern_houses.json:395.history	the War of the Roads	->	Cogadh nan Rathad	|	fire. No war was fought on the island again until the War of the Roads, four hundred and forty-three
CHANGE	eras/age_III/gazetteer/02_silver_graves_and_the_eastern_houses.json:395.known_for	the War of the Two Oaths	->	Cogadh an Dà Mhionn	|	the burning that ended the War of the Two Oaths
CHANGE	eras/age_III/gazetteer/02_silver_graves_and_the_eastern_houses.json:343.history	the Binding	->	An Ceangal	|	A custodian house of the Binding founded the town north of the
CHANGE	eras/age_III/gazetteer/02_silver_graves_and_the_eastern_houses.json:343.history	the stag's people	->	Scoiltean nan Draoidhean	|	 town north of the mountain. In FE 565 a house of the stag's people was founded here and, after t
CHANGE	eras/age_III/gazetteer/02_silver_graves_and_the_eastern_houses.json:282.history	the Grove Era	->	Linn na Doire	|	n coast was taken up by Dia-thìrich households in the Grove Era, and in FE 594 they dug salt-
CHANGE	eras/age_III/gazetteer/02_silver_graves_and_the_eastern_houses.json:134.history	the Holy Age	->	An Aois Naomh	|	ple kept goats and carried salt, and the rolls of the Holy Age have little else to say of th
CHANGE	eras/age_III/gazetteer/02_silver_graves_and_the_eastern_houses.json:167.history	the sunny house	->	An Taigh-òsta Grianach	|	nded the town at the eastern end of the road past the sunny house. A household of the fourth he
CHANGE	eras/age_III/gazetteer/02_silver_graves_and_the_eastern_houses.json:167.history	the Hall	->	Talla na Lasrach	|	d its carriers' guild held the right to carry for the Hall down to the coast. Anna Ruadh
CHANGE	eras/age_III/gazetteer/02_silver_graves_and_the_eastern_houses.json:26.history	the Law's	->	Lagh an Loscaidh Bhig's	|	 above the harbour in FE 634, and its shrine kept the Law's measure so strictly that its 
CHANGE	eras/age_III/gazetteer/02_silver_graves_and_the_eastern_houses.json:26.history	the Red Share	->	an Earrann Dhearg	|	ed its own fish and buried its own drowned before the Red Share held a stone. Beathag Mhòr gr
CHANGE	eras/age_III/gazetteer/02_silver_graves_and_the_eastern_houses.json:26.history	the red hall	->	An Talla Dearg	|	then on. When Anna Ruadh took a wood-watcher into the red hall, Cathair dhomhain doubled its
CHANGE	eras/age_III/gazetteer/03_the_war_of_the_roads_and_the_south.json:36.history	The Keeper	->	Coimheadaiche na Lasrach	|	 high ground with nothing but what they stood in. The Keeper sent the Hall's grain from Dù
CHANGE	eras/age_III/gazetteer/03_the_war_of_the_roads_and_the_south.json:36.history	the Hall's	->	Talla na Lasrach's	|	h nothing but what they stood in. The Keeper sent the Hall's grain from Dùn ìseal and Dòmh
CHANGE	eras/age_III/gazetteer/03_the_war_of_the_roads_and_the_south.json:1.history	the War of the Roads	->	Cogadh nan Rathad	|	self and sent none to Dùn dhearg. That brought on the War of the Roads, the first war since the burn
CHANGE	eras/age_III/gazetteer/03_the_war_of_the_roads_and_the_south.json:1.history	the burning of Achadh mhòr	->	Loscadh Achadh mhòr	|	ught on the War of the Roads, the first war since the burning of Achadh mhòr. Iain Garbh shut the town in 
CHANGE	eras/age_III/gazetteer/03_the_war_of_the_roads_and_the_south.json:1.history	the wolf-sworn	->	an Fhianna	|	sight of his harbour. In the twenty-ninth century the wolf-sworn raised a hall about the stone
CHANGE	eras/age_III/gazetteer/03_the_war_of_the_roads_and_the_south.json:151.history	the War of the Roads	->	Cogadh nan Rathad	|	ll-house, taken by Lachlann Ciar's men, was where the War of the Roads began in FE 999, when Iain Ga
CHANGE	eras/age_III/gazetteer/03_the_war_of_the_roads_and_the_south.json:500.history	the ford of the forty	->	Àth an Dà Fhichead	|	 lay dead of both sides, and the carriers call it the ford of the forty. A man of Caol leathan held a
CHANGE	eras/age_III/gazetteer/03_the_war_of_the_roads_and_the_south.json:500.known_for	the ford of the forty	->	Àth an Dà Fhichead	|	the ford of the forty
CHANGE	eras/age_III/gazetteer/03_the_war_of_the_roads_and_the_south.json:45.history	the Red Hill	->	An Cnoc Ruadh	|	Boat-households of the Red Hill founded the lowland harbour. 
CHANGE	eras/age_III/gazetteer/03_the_war_of_the_roads_and_the_south.json:106.history	the War of the Roads	->	Cogadh nan Rathad	|	estern bridge-foot shut its gate on both hosts in the War of the Roads and fed the burned-out people
CHANGE	eras/age_III/gazetteer/03_the_war_of_the_roads_and_the_south.json:191.history	the War of the Roads	->	Cogadh nan Rathad	|	ts by night to feed besieged Caol leathan through the War of the Roads. In thanks Lachlann Ciar gave
CHANGE	eras/age_III/gazetteer/03_the_war_of_the_roads_and_the_south.json:212.history	the Hall	->	Talla na Lasrach	|	ury to grind the carriers' grain; the miller paid the Hall in grain and the rìgh's toll 
CHANGE	eras/age_III/gazetteer/03_the_war_of_the_roads_and_the_south.json:393.history	the Silver Feud	->	Falachd an Airgid	|	 road-guards were paid there in the new rings. In the Silver Feud two of its four guards left u
CHANGE	eras/age_III/gazetteer/03_the_war_of_the_roads_and_the_south.json:22.history	the red hall	->	An Talla Dearg	|	ve the green a stone-walled field and a ring from the red hall, and fed the losers at the cr
CHANGE	eras/age_III/gazetteer/03_the_war_of_the_roads_and_the_south.json:31.history	the shared-meal law	->	Lagh a' Bhìdh Roinnte	|	n the southern road to her here in her age. Under the shared-meal law Cnoc mhòr raised its common g
CHANGE	eras/age_III/gazetteer/04_the_red_hall_and_the_last_towns.json:19.history	the Red Hill	->	An Cnoc Ruadh	|	The town of the Red Hill, fifty-five miles west of Dùn
CHANGE	eras/age_III/gazetteer/04_the_red_hall_and_the_last_towns.json:19.history	the red hall	->	An Talla Dearg	|	l from Dùn dhearg to the plain, and it was called the red hall from then on. Beathag Mhòr or
CHANGE	eras/age_III/gazetteer/04_the_red_hall_and_the_last_towns.json:19.history	the census of hands	->	Cunntas nan Làmh	|	d the red hall from then on. Beathag Mhòr ordered the census of hands from here. The red hall's cle
CHANGE	eras/age_III/gazetteer/04_the_red_hall_and_the_last_towns.json:19.history	The red hall's	->	An Talla Dearg's	|	athag Mhòr ordered the census of hands from here. The red hall's clerks kept the king-list in 
CHANGE	eras/age_III/gazetteer/04_the_red_hall_and_the_last_towns.json:19.history	the king-list	->	Clàr nan Rìghrean	|	us of hands from here. The red hall's clerks kept the king-list in six copies and a roll that
CHANGE	eras/age_III/gazetteer/04_the_red_hall_and_the_last_towns.json:19.history	the shared-meal law	->	Lagh a' Bhìdh Roinnte	|	 her letters. Lachlann Bàn and Raonaid Dhubh made the shared-meal law here. After Oighrig nic Lachl
CHANGE	eras/age_III/gazetteer/04_the_red_hall_and_the_last_towns.json:19.known_for	the red hall	->	An Talla Dearg	|	the red hall and its rolls
CHANGE	eras/age_III/gazetteer/04_the_red_hall_and_the_last_towns.json:391.history	the Hall	->	Talla na Lasrach	|	untry founded the town twenty-seven miles west of the Hall. After the Silver Feud, Beitr
CHANGE	eras/age_III/gazetteer/04_the_red_hall_and_the_last_towns.json:391.history	the Silver Feud	->	Falachd an Airgid	|	e town twenty-seven miles west of the Hall. After the Silver Feud, Beitris nic Aonghais cast th
CHANGE	eras/age_III/gazetteer/04_the_red_hall_and_the_last_towns.json:391.history	the Law's	->	Lagh an Loscaidh Bhig's	|	s, pins and lamp-bowls, and their lamp-bowls held the Law's measure exactly.
CHANGE	eras/age_III/gazetteer/04_the_red_hall_and_the_last_towns.json:62.history	the stag's people	->	Scoiltean nan Draoidhean	|	inn bheag. In the eighteenth century a teacher of the stag's people, once a cutter's son, settled
CHANGE	eras/age_III/gazetteer/04_the_red_hall_and_the_last_towns.json:62.history	the Hall's roll	->	Clàr an Talla	|	first teaching of letters for their own sake, and the Hall's roll noted that fish do not need t
CHANGE	eras/age_III/gazetteer/04_the_red_hall_and_the_last_towns.json:62.history	the red hall's	->	An Talla Dearg's	|	n the island so cut. A boy of Inis bheag, sent to the red hall's stables, carried the marks in
CHANGE	eras/age_III/gazetteer/04_the_red_hall_and_the_last_towns.json:132.history	the Hall	->	Talla na Lasrach	|	 hers once with the hawk unhooded, and a clerk of the Hall came to question her. In FE 2
CHANGE	eras/age_III/gazetteer/04_the_red_hall_and_the_last_towns.json:132.history	the Hall's	->	Talla na Lasrach's	|	 the eldest of the fowlers, Ealasaid Bhàn, turned the Hall's cutter away at her door and s
CHANGE	eras/age_III/gazetteer/04_the_red_hall_and_the_last_towns.json:132.history	the Hall's	->	Talla na Lasrach's	|	set down on hide. It was the first rite to refuse the Hall's trial outright.
CHANGE	eras/age_III/gazetteer/04_the_red_hall_and_the_last_towns.json:25.history	The Keeper	->	Coimheadaiche na Lasrach	|	m Seann Skell to Inis ìseal and on to Cnoc bheag. The Keeper wrote that the rite kept the 
CHANGE	eras/age_III/gazetteer/04_the_red_hall_and_the_last_towns.json:25.history	the Hall's	->	Talla na Lasrach's	|	te kept the measure exactly and was no concern of the Hall's. It was the last time the Hal
CHANGE	eras/age_III/gazetteer/04_the_red_hall_and_the_last_towns.json:25.history	the Hall	->	Talla na Lasrach	|	as no concern of the Hall's. It was the last time the Hall answered any rite so simply.
CHANGE	eras/age_III/gazetteer/04_the_red_hall_and_the_last_towns.json:3.history	The Keeper	->	Coimhdeach na Fine	|	of an old tale of riches and found only cold ash. The Keeper had them sentenced as though 
CHANGE	eras/age_III/gazetteer/04_the_red_hall_and_the_last_towns.json:3.history	the Law	->	Lagh an Loscaidh Bhig	|	eper had them sentenced as though they had broken the Law, though no law covered it. Th
CHANGE	eras/age_III/gazetteer/04_the_red_hall_and_the_last_towns.json:95.history	the red hall	->	An Talla Dearg	|	t it pleased and answered to whom it pleased, and the red hall generally sent no answer.
CHANGE	eras/age_III/gazetteer/04_the_red_hall_and_the_last_towns.json:241.history	Holy Age	->	An Aois Naomh	|	 It was the only tower built for war in the whole Holy Age. Dòmhnall Dubh, whose kin kep
CHANGE	eras/age_III/gazetteer/05_the_coasts_and_the_eastern_hills.json:305.history	the Small-Burning Law	->	Lagh an Loscaidh Bhig	|	 in the fourth century its households lived under the Small-Burning Law like every other. In FE 398 t
CHANGE	eras/age_III/gazetteer/05_the_coasts_and_the_eastern_hills.json:119.history	the red hall	->	An Talla Dearg	|	 its own seat. Tormod Donn, the uncle who claimed the red hall against Mòr nic Coinnich, kep
CHANGE	eras/age_III/gazetteer/05_the_coasts_and_the_eastern_hills.json:462.history	The Keepers	->	Coimheadaichean na Lasrach	|	urial there any living hand had set down by name. The Keepers hallowed the ground that seas
CHANGE	eras/age_III/gazetteer/05_the_coasts_and_the_eastern_hills.json:502.history	the Keepers	->	Coimheadaichean na Lasrach	|	of the whole mountain country was dyed here. Only the Keepers kept theirs undyed, holding t
CHANGE	eras/age_III/gazetteer/05_the_coasts_and_the_eastern_hills.json:326.history	The Keeper's	->	Coimhdeach na Fine's	|	s as faithfully as he kept his sixteenth measure. The Keeper's cutter who came to try it fou
CHANGE	eras/age_III/gazetteer/05_the_coasts_and_the_eastern_hills.json:433.history	the panther road	->	Imrich nam Pantar	|	Households of the panther road founded the town in the south
CHANGE	eras/age_III/gazetteer/05_the_coasts_and_the_eastern_hills.json:318.history	The Hall's list	->	Clàr an Talla	|	ith no hawk in it, no wolf, no sting and no stag. The Hall's list of rites set them among the k
CHANGE	eras/age_III/gazetteer/05_the_coasts_and_the_eastern_hills.json:318.history	the Old Spirits	->	Na Seann Spioradan	|	all's list of rites set them among the keepers of the Old Spirits, a company by then as settled
CHANGE	eras/age_III/gazetteer/05_the_coasts_and_the_eastern_hills.json:318.known_for	the old reverence	->	An Seann Urram	|	the ancestor-shrine of the old reverence
CHANGE	eras/age_III/gazetteer/05_the_coasts_and_the_eastern_hills.json:311.history	the shared-meal law	->	Lagh a' Bhìdh Roinnte	|	end of the age, grain went from Baile chaol under the shared-meal law, and its rolls set down the r
CHANGE	eras/age_III/gazetteer/05_the_coasts_and_the_eastern_hills.json:411.history	the shared-meal law	->	Lagh a' Bhìdh Roinnte	|	ain came up from Baile chaol and Cuan ruadh under the shared-meal law of Lachlann Bàn and Raonaid D
CHANGE	eras/age_III/gazetteer/05_the_coasts_and_the_eastern_hills.json:9.history	the Holy Age	->	An Aois Naomh	|	 northern shore, came into the rolls only once in the Holy Age, when its headman walked the 
CHANGE	eras/age_III/appendices/A_heirs_keepers_rulers.md:3	the Holy Age	->	An Aois Naomh	|	Three rolls carry the Holy Age: the cord of the heirs, knott
CHANGE	eras/age_III/appendices/A_heirs_keepers_rulers.md:3	the cord of the heirs	->	Sreang nan Oighrean	|	Three rolls carry the Holy Age: the cord of the heirs, knotted at the gathering-hou
CHANGE	eras/age_III/appendices/A_heirs_keepers_rulers.md:3	the Keepers' roll	->	Clàr an Talla	|	 at the gathering-house door in the first autumn; the Keepers' roll of Dùn ìseal, recited for thi
CHANGE	eras/age_III/appendices/A_heirs_keepers_rulers.md:3	the king-list	->	Clàr nan Rìghrean	|	ies and set down in stag-letters in FE 1,320; and the king-list of the lowlands, first writte
CHANGE	eras/age_III/appendices/A_heirs_keepers_rulers.md:3	the Hall's	->	Talla na Lasrach's	|	hearg. The three do not agree in every place, and the Hall's count of burnings agrees with
CHANGE	eras/age_III/appendices/A_heirs_keepers_rulers.md:5	the long years	->	na Bliadhnachan Fada	|	ved a long-lived parent's span. So the rolls show the long years running out of the blood over
CHANGE	eras/age_III/appendices/A_heirs_keepers_rulers.md:9	The cord of the heirs	->	Sreang nan Oighrean	|	The cord of the heirs held seven hundred and twelve
CHANGE	eras/age_III/appendices/A_heirs_keepers_rulers.md:9	the night of the handful	->	Oidhche an Dòrlaich	|	m laid it on the floor of the gathering-house. On the night of the handful in FE 2 the heirs swore Roinn
CHANGE	eras/age_III/appendices/A_heirs_keepers_rulers.md:9	the parting of the kingdom	->	Roinn na Rìoghachd	|	ndful in FE 2 the heirs swore Roinn na Rìoghachd, the parting of the kingdom, by all four of the rules the
CHANGE	eras/age_III/appendices/A_heirs_keepers_rulers.md:9	The Red Share	->	An Earrann Dhearg	|	ares for the nine eldest lines with living heirs. The Red Share, which Ìomhar Dearg had taken
CHANGE	eras/age_III/appendices/A_heirs_keepers_rulers.md:9	the great shares	->	na h-Earrannan Mòra	|	who had died before the parting. Within two years the great shares were parted again into countr
CHANGE	eras/age_III/appendices/A_heirs_keepers_rulers.md:9	the knot-keepers	->	Luchd nan Snaidhm	|	ountries, provinces, counties and holdings, until the knot-keepers gave up counting at a hundred
CHANGE	eras/age_III/appendices/A_heirs_keepers_rulers.md:9	(appositive)	->	Roinn na Rìoghachd	|	dropped the English gloss beside Roinn na Rìoghachd
CHANGE	eras/age_III/appendices/A_heirs_keepers_rulers.md:11	the great shares	->	na h-Earrannan Mòra	|	The holders of the great shares whose seats the tellers keep 
CHANGE	eras/age_III/appendices/A_heirs_keepers_rulers.md:16	the salt shore	->	Tràigh an t-Salainn	|	- **Artair mac Ailein** held the salt shore from Baile ghorm and died in 
CHANGE	eras/age_III/appendices/A_heirs_keepers_rulers.md:19	the Red Hill	->	An Cnoc Ruadh	|	- **Coll mac Ailein** held the hills east of the Red Hill along the Abhainn fhionn, fro
CHANGE	eras/age_III/appendices/A_heirs_keepers_rulers.md:23	the Roinn	->	Roinn na Rìoghachd	|	who held no great share, was some nine hundred at the Roinn. He was the youngest voice at
CHANGE	eras/age_III/appendices/A_heirs_keepers_rulers.md:27	The Red Share	->	An Earrann Dhearg	|	The Red Share was the only share won with a
CHANGE	eras/age_III/appendices/A_heirs_keepers_rulers.md:37	the Red Share	->	an Earrann Dhearg	|	r. Goraidh gathered three counties of the east to the Red Share by the deaths of two cousins 
CHANGE	eras/age_III/appendices/A_heirs_keepers_rulers.md:41	the nine hearths	->	Na Naoi Teallaichean	|	Coimheadaiche na Lasrach was chosen by the nine hearths from FE 10. From FE 385 the c
CHANGE	eras/age_III/appendices/A_heirs_keepers_rulers.md:41	the Four Houses	->	Na Ceithir Taighean	|	arths from FE 10. From FE 385 the choice lay with the Four Houses of custody: Sliochd Mhuirich 
CHANGE	eras/age_III/appendices/A_heirs_keepers_rulers.md:41	The Keeper	->	Coimheadaiche na Lasrach	|	f Seann Dunn and Sliochd Raghnaill of Seann Tarr. The Keeper kept the flame on the thresho
CHANGE	eras/age_III/appendices/A_heirs_keepers_rulers.md:41	the Keepers	->	Coimheadaichean na Lasrach	|	wo in three counting marriage and fosterage. Only the Keepers whose years the roll gives wh
CHANGE	eras/age_III/appendices/A_heirs_keepers_rulers.md:61	The Keepers	->	Coimheadaichean na Lasrach	|	The Keepers were of no long-lived line, a
CHANGE	eras/age_III/appendices/A_heirs_keepers_rulers.md:63	the Hall	->	Talla na Lasrach	|	Allt an Àigh belonged to the ancestors and not to the Hall and that silver was not the m
CHANGE	eras/age_III/appendices/A_heirs_keepers_rulers.md:63	the stag's people	->	Scoiltean nan Draoidhean	|	e mountain's. **Gormshuil** shut the galleries to the stag's people. **Fionnlagh Dall** had the s
CHANGE	eras/age_III/appendices/A_heirs_keepers_rulers.md:63	the Small-Burning Law	->	Lagh an Loscaidh Bhig	|	ld what a cupped pair of hands will hold and made the Small-Burning Law. He was carried eleven days t
CHANGE	eras/age_III/appendices/A_heirs_keepers_rulers.md:63	the house of Muireach	->	Sliochd Mhuirich	|	dh nic Ìomhair**, the first Keeper chosen outside the house of Muireach, bound the office to the Four
CHANGE	eras/age_III/appendices/A_heirs_keepers_rulers.md:63	the Four Houses	->	Na Ceithir Taighean	|	utside the house of Muireach, bound the office to the Four Houses and let the panthers pass on 
CHANGE	eras/age_III/appendices/A_heirs_keepers_rulers.md:63	the Hall's	->	Talla na Lasrach's	|	 with knotted cords to count the vein and died at the Hall's door. **Oighrig Bhàn** bound 
CHANGE	eras/age_III/appendices/A_heirs_keepers_rulers.md:63	the Silver Feud	->	Falachd an Airgid	|	 flame after her. **Dùghall mac Raghnaill** heard the Silver Feud in the rain-shut Hall. **Raon
CHANGE	eras/age_III/appendices/A_heirs_keepers_rulers.md:63	the shared-meal law	->	Lagh a' Bhìdh Roinnte	|	eud in the rain-shut Hall. **Raonaid Dhubh** made the shared-meal law with Lachlann Bàn, the first 
CHANGE	eras/age_III/appendices/A_heirs_keepers_rulers.md:63	the first law	->	Lagh an Loscaidh Bhig	|	ubh** made the shared-meal law with Lachlann Bàn, the first law made by rìgh and Keeper toget
CHANGE	eras/age_III/appendices/A_heirs_keepers_rulers.md:67	the Keeper	->	Coimheadaiche na Lasrach	|	 kept the roads, the granaries and the tolls, and the Keeper kept the flame and the galler
CHANGE	eras/age_III/appendices/A_heirs_keepers_rulers.md:67	the house of Ìomhar	->	Sliochd Ìomhair	|	dhearg after, and were buried at Dùn dhearg among the house of Ìomhar throughout.
CHANGE	eras/age_III/appendices/A_heirs_keepers_rulers.md:89	the house of Tormod	->	Sliochd Thormoid	|	| nine rulers of the house of Tormod | FE 2,570 – 2,806 | | |
CHANGE	eras/age_III/appendices/A_heirs_keepers_rulers.md:95	the golden house	->	An Taigh-seinnse Òir	|	last ruler to do so before Anna Ruadh, and opened the golden house free of toll. **Dòmhnall Crùb
CHANGE	eras/age_III/appendices/A_heirs_keepers_rulers.md:95	the War of the Roads	->	Cogadh nan Rathad	|	add and died at her ledger. **Iain Garbh** fought the War of the Roads, the first war since the Peac
CHANGE	eras/age_III/appendices/A_heirs_keepers_rulers.md:95	the Peace	->	Sìth an Stairsnich	|	 fought the War of the Roads, the first war since the Peace, and left his spear on the ro
CHANGE	eras/age_III/appendices/A_heirs_keepers_rulers.md:95	The long years	->	Na Bliadhnachan Fada	|	earg and outlived Eithne nic Ailein by two years. The long years ran out in her grandchildren.
CHANGE	eras/age_III/appendices/A_heirs_keepers_rulers.md:97	Tormod's roll	->	Clàr Thormoid	|	The eleven who followed her are only names in Tormod's roll, some from the reciters and s
CHANGE	eras/age_III/appendices/A_heirs_keepers_rulers.md:97	the Keepers' roll	->	Clàr an Talla	|	 list keeps no ruler between her and Fearchar Òg; the Keepers' roll carries those years. **Fearch
CHANGE	eras/age_III/appendices/A_heirs_keepers_rulers.md:97	the census of hands	->	Cunntas nan Làmh	|	he hall to the red stone of the plain and ordered the census of hands. Her body was carried to Dùn 
CHANGE	eras/age_III/appendices/A_heirs_keepers_rulers.md:97	the red hall	->	An Talla Dearg	|	ine turned back and had no child. After her death the red hall was shut five years. **Gillea
CHANGE	eras/age_III/appendices/A_heirs_keepers_rulers.md:97	the Keeper's	->	Coimhdeach na Fine's	|	* won the hall against her uncle Tormod Donn with the Keeper's word, and was the second and 
CHANGE	eras/age_III/appendices/A_heirs_keepers_rulers.md:99	the Holy Age	->	An Aois Naomh	|	t its head. Mòr's name is the last on the roll of the Holy Age.
CHANGE	eras/age_III/appendices/B_flame_and_companies.md:3	The Holy Age	->	An Aois Naomh	|	The Holy Age began with one flame and one 
CHANGE	eras/age_III/appendices/B_flame_and_companies.md:3	the Hall	->	Talla na Lasrach	|	ne kept the flame truly. This appendix tells what the Hall kept and how it kept it, then
CHANGE	eras/age_III/appendices/B_flame_and_companies.md:3	the Hall	->	Talla na Lasrach	|	ow it kept it, then the rites that grew up beside the Hall and apart from it, then the p
CHANGE	eras/age_III/appendices/B_flame_and_companies.md:7	the Hall's	->	Talla na Lasrach's	|	ar dhìreach say the fire was theirs before it was the Hall's. The reciters of the Mason's 
CHANGE	eras/age_III/appendices/B_flame_and_companies.md:7	the Mason's line	->	Clann a' Chlachair	|	 theirs before it was the Hall's. The reciters of the Mason's line say it came down from the mas
CHANGE	eras/age_III/appendices/B_flame_and_companies.md:7	The Hall	->	Talla na Lasrach	|	 line say it came down from the mason's own fire. The Hall has never troubled to deny ei
CHANGE	eras/age_III/appendices/B_flame_and_companies.md:7	the Binding	->	An Ceangal	|	Brìde carried a coal of the first flame home from the Binding, and his line kept it.
CHANGE	eras/age_III/appendices/B_flame_and_companies.md:9	the nine hearths	->	Na Naoi Teallaichean	|	keepers, took its tending in turn, and these were the nine hearths. In FE 15 a long hall of dry 
CHANGE	eras/age_III/appendices/B_flame_and_companies.md:13	the Hall	->	Talla na Lasrach	|	Everything the Hall did came back to how much of 
CHANGE	eras/age_III/appendices/B_flame_and_companies.md:17	the Four Houses	->	Na Ceithir Taighean	|	dues were measured by it after, and every oath of the Four Houses, the masons and the apprentic
CHANGE	eras/age_III/appendices/B_flame_and_companies.md:19	The Small-Burning Law	->	Lagh an Loscaidh Bhig	|	**The Small-Burning Law.** After the smoke at Cnoc dh
CHANGE	eras/age_III/appendices/B_flame_and_companies.md:19	the Keepers	->	Coimheadaichean na Lasrach	|	f the coal in a season. It became the holy law of the Keepers and was never changed in the 
CHANGE	eras/age_III/appendices/B_flame_and_companies.md:19	the Holy Age	->	An Aois Naomh	|	 holy law of the Keepers and was never changed in the Holy Age. The Law governed what a hear
CHANGE	eras/age_III/appendices/B_flame_and_companies.md:19	The Law	->	Lagh an Loscaidh Bhig	|	he Keepers and was never changed in the Holy Age. The Law governed what a hearth or a f
CHANGE	eras/age_III/appendices/B_flame_and_companies.md:19	the Keeper	->	Coimhdeach na Fine	|	, and it did not govern what anyone swallowed, as the Keeper ruled of fire-water in FE 2,6
CHANGE	eras/age_III/appendices/B_flame_and_companies.md:21	The Keeper	->	Coimhdeach na Fine	|	 waters and lived by raiding the fishing strands. The Keeper also sentenced the diggers of
CHANGE	eras/age_III/appendices/B_flame_and_companies.md:21	the Law	->	Lagh an Loscaidh Bhig	|	Baile ghorm in FE 2,386 as though they had broken the Law, though no law covered what t
CHANGE	eras/age_III/appendices/B_flame_and_companies.md:23	the Law	->	Lagh an Loscaidh Bhig	|	t century with seal-oil. The only payment in coal the Law ever allowed was a handful ea
CHANGE	eras/age_III/appendices/B_flame_and_companies.md:25	The Keeper's	->	Coimhdeach na Fine's	|	**The cutters and the trial.** The Keeper's cutters went out each season 
CHANGE	eras/age_III/appendices/B_flame_and_companies.md:25	the census of hands	->	Cunntas nan Làmh	|	d the measure kept almost everywhere. In FE 1,735 the census of hands counted every household that 
CHANGE	eras/age_III/appendices/B_flame_and_companies.md:27	The Keeper	->	Coimhdeach na Fine	|	**The galleries.** The Keeper kept the galleries, where cut
CHANGE	eras/age_III/appendices/B_flame_and_companies.md:31	the Hall's	->	Talla na Lasrach's	|	Older than the Hall's rite, and never set under it,
CHANGE	eras/age_III/appendices/B_flame_and_companies.md:31	The Hall	->	Talla na Lasrach	|	), and it kept no priests because it needed none. The Hall let it be, and several times 
CHANGE	eras/age_III/appendices/B_flame_and_companies.md:31	the Hall	->	Talla na Lasrach	|	id plainly that a place belonged to it and not to the Hall:
CHANGE	eras/age_III/appendices/B_flame_and_companies.md:33	the Hall's	->	Talla na Lasrach's	|	ed toward the mountain and declared the place not the Hall's to keep (FE 34). The Keepers 
CHANGE	eras/age_III/appendices/B_flame_and_companies.md:33	The Keepers	->	Coimheadaichean na Lasrach	|	eclared the place not the Hall's to keep (FE 34). The Keepers do not enter it.
CHANGE	eras/age_III/appendices/B_flame_and_companies.md:34	the Keepers	->	Coimheadaichean na Lasrach	|	e to the old inscriptions on the standing stones, the Keepers forbade any fire to be lit in
CHANGE	eras/age_III/appendices/B_flame_and_companies.md:35	the Keepers	->	Coimheadaichean na Lasrach	|	 to the vein. That was the first plain parting of the Keepers' rite from the folk reverence
CHANGE	eras/age_III/appendices/B_flame_and_companies.md:41	The stag's people	->	Scoiltean nan Draoidhean	|	**The stag's people.** Sìleas nic Coinnich, a cut
CHANGE	eras/age_III/appendices/B_flame_and_companies.md:41	the Hall	->	Talla na Lasrach	|	ave no ruling, saying that the vein had not asked the Hall to decide.
CHANGE	eras/age_III/appendices/B_flame_and_companies.md:43	the stag's grove	->	Coille Naomh Muileann chiar	|	aid walked in it. They cut a black-barked tree in the stag's grove, the stag's teachers answered
CHANGE	eras/age_III/appendices/B_flame_and_companies.md:43	the red hall	->	An Talla Dearg	|	 of horses both. Anna Ruadh took one of them into the red hall in FE 2,822, and the Keeper p
CHANGE	eras/age_III/appendices/B_flame_and_companies.md:43	the Keeper	->	Coimhdeach na Fine	|	ok one of them into the red hall in FE 2,822, and the Keeper protested. The watchers held 
CHANGE	eras/age_III/appendices/B_flame_and_companies.md:45	The wolf-sworn	->	An Fhianna	|	**The wolf-sworn.** After the War of the Roads
CHANGE	eras/age_III/appendices/B_flame_and_companies.md:45	the War of the Roads	->	Cogadh nan Rathad	|	**The wolf-sworn.** After the War of the Roads, in FE 1,009, the men of Caol
CHANGE	eras/age_III/appendices/B_flame_and_companies.md:45	the wolf-sworn	->	an Fhianna	|	 before it as well as to the drowned. In FE 2,843 the wolf-sworn raised a hall about the stone
CHANGE	eras/age_III/appendices/B_flame_and_companies.md:47	The Keeper	->	Coimheadaiche na Lasrach	|	p the Abhainn ìseal to Inis ìseal and Cnoc bheag. The Keeper wrote that it kept the measur
CHANGE	eras/age_III/appendices/B_flame_and_companies.md:47	the Hall's	->	Talla na Lasrach's	|	it kept the measure exactly and was no concern of the Hall's, and never again answered any
CHANGE	eras/age_III/appendices/B_flame_and_companies.md:47	the Hall's	->	Talla na Lasrach's	|	 rite so simply. In FE 2,840 Ealasaid Bhàn turned the Hall's cutter away at her door and s
CHANGE	eras/age_III/appendices/B_flame_and_companies.md:47	the Keeper's	->	Coimheadaiche na Lasrach's	|	e, saying that the measure was the hawk's and not the Keeper's.
CHANGE	eras/age_III/appendices/B_flame_and_companies.md:49	Manannan's Cup	->	Cupa na Fìrinne	|	e were sworn over a cup marked with the scorpion, Manannan's Cup of Truth, said to break in th
CHANGE	eras/age_III/appendices/B_flame_and_companies.md:53	the Binding	->	An Ceangal	|	d wood had shown that the one practice kept since the Binding had come apart. From FE 2,855
CHANGE	eras/age_III/appendices/B_flame_and_companies.md:53	the Old Faith	->	An Creideamh Sean	|	 the whole scattering of rites An Creideamh Sean, the Old Faith, and set the older reverence 
CHANGE	eras/age_III/appendices/B_flame_and_companies.md:53	the Roinn	->	Roinn na Rìoghachd	|	ùn ìseal, which had sat by hearth and house since the Roinn, began to sit in companies by
CHANGE	eras/age_III/appendices/B_flame_and_companies.md:53	(appositive)	->	An Creideamh Sean	|	dropped the English gloss beside An Creideamh Sean
CHANGE	eras/age_III/appendices/B_flame_and_companies.md:57	The Hall's	->	Talla na Lasrach's	|	| The Hall's rite | the flame and the ston
CHANGE	eras/age_III/appendices/B_flame_and_companies.md:61	The wolf-sworn	->	An Fhianna	|	| The wolf-sworn | the white stone | Caol leat
CHANGE	eras/age_III/appendices/B_flame_and_companies.md:66	the Holy Age	->	An Aois Naomh	|	e eight sat together again by hearth and house in the Holy Age.
CHANGE	eras/age_III/appendices/B_flame_and_companies.md:70	The Hall's list	->	Clàr an Talla	|	reach the water in the right quarter of the moon. The Hall's list found no place to set the str
CHANGE	eras/age_III/appendices/B_flame_and_companies.md:70	the Hall	->	Talla na Lasrach	|	FE 66, had a bath-house and a keeper appointed by the Hall in Dian Cècht's name. In FE 2
CHANGE	eras/age_III/appendices/B_flame_and_companies.md:70	the Hall's	->	Talla na Lasrach's	|	accepted it, since it came from the one office in the Hall's keeping that had never had an
CHANGE	eras/age_III/appendices/C_reckoning_of_the_halls_years.md:3	The Holy Age	->	An Aois Naomh	|	The Holy Age did not number its years from
CHANGE	eras/age_III/appendices/C_reckoning_of_the_halls_years.md:3	the Hall	->	Talla na Lasrach	|	, notches and recitation. This appendix tells how the Hall and the hall of the rìghrean 
CHANGE	eras/age_III/appendices/C_reckoning_of_the_halls_years.md:7	the Hall	->	Talla na Lasrach	|	 the night of the dark were rest-nights, on which the Hall let no coal be cut and the fi
CHANGE	eras/age_III/appendices/C_reckoning_of_the_halls_years.md:9	the Holy Age	->	An Aois Naomh	|	d Eadrach, the between-moon. Through the whole of the Holy Age the Hall at Dùn ìseal declare
CHANGE	eras/age_III/appendices/C_reckoning_of_the_halls_years.md:9	the Hall at Dùn ìseal	->	Talla na Lasrach	|	e between-moon. Through the whole of the Holy Age the Hall at Dùn ìseal declared it. The Keeper watch
CHANGE	eras/age_III/appendices/C_reckoning_of_the_halls_years.md:9	The Keeper	->	Coimheadaiche na Lasrach	|	f the Holy Age the Hall at Dùn ìseal declared it. The Keeper watched the harvest and the s
CHANGE	eras/age_III/appendices/C_reckoning_of_the_halls_years.md:9	The Hall's	->	Talla na Lasrach's	|	y road that the year would have its between-moon. The Hall's reckoning of the years in whi
CHANGE	eras/age_III/appendices/C_reckoning_of_the_halls_years.md:11	the Peace	->	Sìth an Stairsnich	|	ltainn of Bealltach and Lùnastal of Lùghnas. From the Peace in FE 556 the market under th
CHANGE	eras/age_III/appendices/C_reckoning_of_the_halls_years.md:11	the Hall's	->	Talla na Lasrach's	|	ùghnas. From the Peace in FE 556 the market under the Hall's walls met on those four quart
CHANGE	eras/age_III/appendices/C_reckoning_of_the_halls_years.md:15	The Hall's	->	Talla na Lasrach's	|	The Hall's own count ran from the Small-
CHANGE	eras/age_III/appendices/C_reckoning_of_the_halls_years.md:15	the Small-Burning Law	->	Lagh an Loscaidh Bhig	|	The Hall's own count ran from the Small-Burning Law of FE 142. Each season a hous
CHANGE	eras/age_III/appendices/C_reckoning_of_the_halls_years.md:15	the Hall	->	Talla na Lasrach	|	 a household might burn its measured handful, and the Hall numbered the seasons from the
CHANGE	eras/age_III/appendices/C_reckoning_of_the_halls_years.md:15	the Law	->	Lagh an Loscaidh Bhig	|	d handful, and the Hall numbered the seasons from the Law: the first burning, the secon
CHANGE	eras/age_III/appendices/C_reckoning_of_the_halls_years.md:15	the Hall	->	Talla na Lasrach	|	 from one filling of the baskets to the next, and the Hall filled them at Samhain, when 
CHANGE	eras/age_III/appendices/C_reckoning_of_the_halls_years.md:15	the Hall	->	Talla na Lasrach	|	e act and was meant never to stop. Nobody outside the Hall used it. A carrier asked the 
CHANGE	eras/age_III/appendices/C_reckoning_of_the_halls_years.md:19	The Keepers	->	Coimheadaichean na Lasrach	|	The second count was by reigns. The Keepers were remembered in a recited 
CHANGE	eras/age_III/appendices/C_reckoning_of_the_halls_years.md:19	the Keeper	->	Coimhdeach na Fine	|	e ninth year of Iain Garbh", "the third winter of the Keeper Seumas Bàn". That was good en
CHANGE	eras/age_III/appendices/C_reckoning_of_the_halls_years.md:19	The long years	->	Na Bliadhnachan Fada	|	ince the recited lists gave names and no lengths. The long years made it worse. A reign in the
CHANGE	eras/age_III/appendices/C_reckoning_of_the_halls_years.md:21	The Hall's	->	Talla na Lasrach's	|	The Hall's tellers also counted by the H
CHANGE	eras/age_III/appendices/C_reckoning_of_the_halls_years.md:21	the Hall's	->	Talla na Lasrach's	|	The Hall's tellers also counted by the Hall's own centuries, the hundreds o
CHANGE	eras/age_III/appendices/C_reckoning_of_the_halls_years.md:21	the Binding	->	An Ceangal	|	Hall's own centuries, the hundreds of years since the Binding, for things too far back for 
CHANGE	eras/age_III/appendices/C_reckoning_of_the_halls_years.md:21	the Hall's	->	Talla na Lasrach's	|	reach. It is from them that the island's talk of "the Hall's years" comes: "in the fourth 
CHANGE	eras/age_III/appendices/C_reckoning_of_the_halls_years.md:21	the Hall	->	Talla na Lasrach	|	he Hall's years" comes: "in the fourth century of the Hall" is how the reciters of Seann
CHANGE	eras/age_III/appendices/C_reckoning_of_the_halls_years.md:21	The Hall's	->	Talla na Lasrach's	|	 Dunn placed the raising of their house's shrine. The Hall's centuries were reckoned from 
CHANGE	eras/age_III/appendices/C_reckoning_of_the_halls_years.md:21	the Keepers' roll	->	Clàr an Talla	|	s shrine. The Hall's centuries were reckoned from the Keepers' roll, taking so many Keepers to a 
CHANGE	eras/age_III/appendices/C_reckoning_of_the_halls_years.md:21	the Keepers	->	Coimheadaichean na Lasrach	|	 hundred years. That served until someone counted the Keepers and found that no two tellers
CHANGE	eras/age_III/appendices/C_reckoning_of_the_halls_years.md:25	the Holy Age	->	An Aois Naomh	|	 no one on the island could write. The records of the Holy Age before FE 914 were kept in th
CHANGE	eras/age_III/appendices/C_reckoning_of_the_halls_years.md:27	the cord of the heirs	->	Sreang nan Oighrean	|	 Sìne nan Snaidhm, knot-keeper of Dùn ìseal, tied the cord of the heirs at the gathering-house door i
CHANGE	eras/age_III/appendices/C_reckoning_of_the_halls_years.md:27	The knot-keepers	->	Luchd nan Snaidhm	|	inished cord held seven hundred and twelve knots. The knot-keepers of Sìne's line kept it, and c
CHANGE	eras/age_III/appendices/C_reckoning_of_the_halls_years.md:27	the Roinn	->	Roinn na Rìoghachd	|	it, and could read from it who had stood where at the Roinn. In FE 1,320 Cairistìona nan 
CHANGE	eras/age_III/appendices/C_reckoning_of_the_halls_years.md:27	the Hall	->	Talla na Lasrach	|	n. Then she coiled it in the old way in the chest the Hall had made for it and said that
CHANGE	eras/age_III/appendices/C_reckoning_of_the_halls_years.md:31	the Keepers' roll	->	Clàr an Talla	|	** Everything else was said aloud and remembered: the Keepers' roll, the lists of the lowland rul
CHANGE	eras/age_III/appendices/C_reckoning_of_the_halls_years.md:31	the Peace of the Threshold	->	Sìth an Stairsnich	|	ll, the lists of the lowland rulers, the terms of the Peace of the Threshold, the sentences of the Law. A 
CHANGE	eras/age_III/appendices/C_reckoning_of_the_halls_years.md:31	the Law	->	Lagh an Loscaidh Bhig	|	s of the Peace of the Threshold, the sentences of the Law. A reciter was trained from c
CHANGE	eras/age_III/appendices/C_reckoning_of_the_halls_years.md:41	The king-list	->	Clàr nan Rìghrean	|	**The king-list.** Tormod mac Iain, a younger
CHANGE	eras/age_III/appendices/C_reckoning_of_the_halls_years.md:41	the house of Tormod	->	Sliochd Thormoid	|	he king-list.** Tormod mac Iain, a younger son of the house of Tormod, was sent east to Muileann ch
CHANGE	eras/age_III/appendices/C_reckoning_of_the_halls_years.md:41	the first written king-list	->	Clàr nan Rìghrean	|	own beside the sure thing where he had it. It was the first written king-list, and every later roll was kep
CHANGE	eras/age_III/appendices/C_reckoning_of_the_halls_years.md:43	The Keepers' roll	->	Clàr an Talla	|	**The Keepers' roll.** Shamed, in the Hall's own 
CHANGE	eras/age_III/appendices/C_reckoning_of_the_halls_years.md:43	the Hall's	->	Talla na Lasrach's	|	**The Keepers' roll.** Shamed, in the Hall's own words, by the rìgh's cler
CHANGE	eras/age_III/appendices/C_reckoning_of_the_halls_years.md:43	the Keepers	->	Coimheadaichean na Lasrach	|	ed, in the Hall's own words, by the rìgh's clerk, the Keepers had their spoken roll written
CHANGE	eras/age_III/appendices/C_reckoning_of_the_halls_years.md:43	the Hall	->	Talla na Lasrach	|	veral centuries longer than Tormod's. In FE 1,380 the Hall set two of its own clerks to 
CHANGE	eras/age_III/appendices/C_reckoning_of_the_halls_years.md:45	the red hall	->	An Talla Dearg	|	, when she gave the clerks a room of their own in the red hall and a wage in silver, the kin
CHANGE	eras/age_III/appendices/C_reckoning_of_the_halls_years.md:45	the king-list	->	Clàr nan Rìghrean	|	f their own in the red hall and a wage in silver, the king-list was kept year by year. Peigi 
CHANGE	eras/age_III/appendices/C_reckoning_of_the_halls_years.md:49	the Keepers' roll	->	Clàr an Talla	|	By the close of the age the Keepers' roll held one hundred and forty na
CHANGE	eras/age_III/appendices/C_reckoning_of_the_halls_years.md:49	the king-list	->	Clàr nan Rìghrean	|	eepers' roll held one hundred and forty names and the king-list more than ninety. Mòr nic Coi
CHANGE	eras/age_III/appendices/C_reckoning_of_the_halls_years.md:49	the Hall's	->	Talla na Lasrach's	|	. The two rolls did not agree in every place, and the Hall's count of burnings agreed with
CHANGE	eras/age_III/appendices/C_reckoning_of_the_halls_years.md:49	the king-list	->	Clàr nan Rìghrean	|	ll's count of burnings agreed with neither. Where the king-list is empty, as between Ealasaid
CHANGE	eras/age_III/appendices/C_reckoning_of_the_halls_years.md:49	the Keepers' roll	->	Clàr an Talla	|	empty, as between Ealasaid Chiar and Fearchar Òg, the Keepers' roll carries the years. Where the 
CHANGE	eras/age_III/appendices/C_reckoning_of_the_halls_years.md:49	the Keepers' roll	->	Clàr an Talla	|	ar Òg, the Keepers' roll carries the years. Where the Keepers' roll is thin, as in the silent yea
CHANGE	eras/age_III/appendices/C_reckoning_of_the_halls_years.md:49	the Hall's	->	Talla na Lasrach's	|	g, the rìgh's clerks carry them. Where both fail, the Hall's reckoning of the between-moon
CHANGE	eras/age_III/appendices/C_reckoning_of_the_halls_years.md:51	the Holy Age	->	An Aois Naomh	|	The last entry of the Holy Age roll is Mòr's own name. When 
CHANGE	eras/age_III/appendices/D_shares_provinces_stones.md:3	the Roinn	->	Roinn na Rìoghachd	|	l. This appendix tells how the land was parted at the Roinn, how the parting went wrong, 
CHANGE	eras/age_III/appendices/D_shares_provinces_stones.md:3	the Peace of the Threshold	->	Sìth an Stairsnich	|	ted at the Roinn, how the parting went wrong, how the Peace of the Threshold fixed it, and how the rìghrea
CHANGE	eras/age_III/appendices/D_shares_provinces_stones.md:3	the red hall	->	An Talla Dearg	|	 rìghrean gathered it again into the provinces of the red hall.
CHANGE	eras/age_III/appendices/D_shares_provinces_stones.md:7	the parting of the kingdom	->	Roinn na Rìoghachd	|	 the valley below Dùn ìseal argued four rules for the parting of the kingdom. The first was the eldest's r
CHANGE	eras/age_III/appendices/D_shares_provinces_stones.md:13	the cord of the heirs	->	Sreang nan Oighrean	|	n Oidhche an Dòrlaich in FE 2 the keepers brought the cord of the heirs down from its chest and laid 
CHANGE	eras/age_III/appendices/D_shares_provinces_stones.md:13	the salt shore	->	Tràigh an t-Salainn	|	en her share and the next. That was Ciorstaidh of the salt shore. When the two lords quarrelle
CHANGE	eras/age_III/appendices/D_shares_provinces_stones.md:15	The Roinn	->	Roinn na Rìoghachd	|	The Roinn as sworn that night stood so:
CHANGE	eras/age_III/appendices/D_shares_provinces_stones.md:17	The nine great shares	->	Na h-Earrannan Mòra	|	- **The nine great shares**, earrannan mòra, for the ni
CHANGE	eras/age_III/appendices/D_shares_provinces_stones.md:17	the salt shore	->	Tràigh an t-Salainn	|	rn shore (Fionnghal nic Ailein, at Ros dhomhain), the salt shore (Artair mac Ailein, at Baile 
CHANGE	eras/age_III/appendices/D_shares_provinces_stones.md:18	The Red Share	->	An Earrann Dhearg	|	- **The Red Share**, an Earrann Dhearg, at Dùn 
CHANGE	eras/age_III/appendices/D_shares_provinces_stones.md:19	The portion of the dead	->	Cuid nam Marbh	|	- **The portion of the dead**, cuid nam marbh, carved out
CHANGE	eras/age_III/appendices/D_shares_provinces_stones.md:20	The Hall's	->	Talla na Lasrach's	|	- **The Hall's ground**: the hill of the sla
CHANGE	eras/age_III/appendices/D_shares_provinces_stones.md:20	the Binding	->	An Ceangal	|	he keepers walked it lay in no share, as sworn at the Binding. No spear might come onto it.
CHANGE	eras/age_III/appendices/D_shares_provinces_stones.md:21	The Red Hill	->	An Cnoc Ruadh	|	- **The Red Hill**, whose holder had sworn to 
CHANGE	eras/age_III/appendices/D_shares_provinces_stones.md:25	the boundary stones	->	Clachan-crìche	|	 reciters. Masons cut and set the clachan-crìche, the boundary stones, each bearing the sign of the
CHANGE	eras/age_III/appendices/D_shares_provinces_stones.md:25	the Red Share	->	an Earrann Dhearg	|	 set up again. At Dùn thais neither the north nor the Red Share would yield the old fort, so 
CHANGE	eras/age_III/appendices/D_shares_provinces_stones.md:25	the Red Share	->	an Earrann Dhearg	|	cut with Murchadh's sign and one with the sign of the Red Share. In FE 3 Ìomhar Dearg told hi
CHANGE	eras/age_III/appendices/D_shares_provinces_stones.md:25	the Red Share's	->	an Earrann Dhearg's	|	uairidh Glas that the grazing above Dùn thais was the Red Share's, stone or no stone. The men o
CHANGE	eras/age_III/appendices/D_shares_provinces_stones.md:25	the strife of the heirs	->	Aimhreit nan Oighrean	|	by Eachann Ruadh. So began Aimhreit nan Oighrean, the strife of the heirs.
CHANGE	eras/age_III/appendices/D_shares_provinces_stones.md:25	(appositive)	->	Aimhreit nan Oighrean	|	dropped the English gloss beside Aimhreit nan Oighrean
CHANGE	eras/age_III/appendices/D_shares_provinces_stones.md:29	the portion of the dead	->	Cuid nam Marbh	|	han a steading. At each level the lesser blood of the portion of the dead had to be fitted in among the
CHANGE	eras/age_III/appendices/D_shares_provinces_stones.md:29	The knot-keepers	->	Luchd nan Snaidhm	|	d to be fitted in among the living heirs' claims. The knot-keepers of Dùn ìseal rode the boundar
CHANGE	eras/age_III/appendices/D_shares_provinces_stones.md:31	the Roinn	->	Roinn na Rìoghachd	|	d, and the miller, who had built his wheel before the Roinn was thought of, took to payin
CHANGE	eras/age_III/appendices/D_shares_provinces_stones.md:35	the night of the handful	->	Oidhche an Dòrlaich	|	The double oaths of the night of the handful, and the many that came after
CHANGE	eras/age_III/appendices/D_shares_provinces_stones.md:35	the Roinn	->	Roinn na Rìoghachd	|	 the many that came after, were the weak place of the Roinn. A household sworn to two lor
CHANGE	eras/age_III/appendices/D_shares_provinces_stones.md:35	the strife of the heirs	->	Aimhreit nan Oighrean	|	called out by both. For five and a half centuries the strife of the heirs went on in raids, burnings an
CHANGE	eras/age_III/appendices/D_shares_provinces_stones.md:35	the salt shore	->	Tràigh an t-Salainn	|	ver one war. The quarrel of the western shore and the salt shore began with a drinking-horn at
CHANGE	eras/age_III/appendices/D_shares_provinces_stones.md:37	the night of the handful	->	Oidhche an Dòrlaich	|	uble oath his grandmother Ciorstaidh had taken on the night of the handful. Her stone stood in his hall.
CHANGE	eras/age_III/appendices/D_shares_provinces_stones.md:37	the War of the Two Oaths	->	Cogadh an Dà Mhionn	|	ned with him in it. That was Cogadh an Dà Mhionn, the War of the Two Oaths. The last sheaf of Achadh mhò
CHANGE	eras/age_III/appendices/D_shares_provinces_stones.md:37	(appositive)	->	Cogadh an Dà Mhionn	|	dropped the English gloss beside Cogadh an Dà Mhionn
CHANGE	eras/age_III/appendices/D_shares_provinces_stones.md:41	the Keeper	->	Coimheadaiche na Lasrach	|	d of Talla na Lasrach, beside the stone cup, with the Keeper as witness, they swore Sìth a
CHANGE	eras/age_III/appendices/D_shares_provinces_stones.md:41	the Peace of the Threshold	->	Sìth an Stairsnich	|	Keeper as witness, they swore Sìth an Stairsnich, the Peace of the Threshold. It had three clauses:
CHANGE	eras/age_III/appendices/D_shares_provinces_stones.md:41	(appositive)	->	Sìth an Stairsnich	|	dropped the English gloss beside Sìth an Stairsnich
CHANGE	eras/age_III/appendices/D_shares_provinces_stones.md:45	The boundary stones	->	Clachan-crìche	|	3. The boundary stones were set where they stood tha
CHANGE	eras/age_III/appendices/D_shares_provinces_stones.md:47	the Hall's	->	Talla na Lasrach's	|	The market under the Hall's walls was held for the first 
CHANGE	eras/age_III/appendices/D_shares_provinces_stones.md:47	the Peace	->	Sìth an Stairsnich	|	land for four hundred and forty-three years after the Peace, until the War of the Roads i
CHANGE	eras/age_III/appendices/D_shares_provinces_stones.md:47	the War of the Roads	->	Cogadh nan Rathad	|	dred and forty-three years after the Peace, until the War of the Roads in FE 999.
CHANGE	eras/age_III/appendices/D_shares_provinces_stones.md:51	the Red Share	->	an Earrann Dhearg	|	 Dùn dhearg into Goraidh mac Ìomhair's hand. With the Red Share they made four. The lowland h
CHANGE	eras/age_III/appendices/D_shares_provinces_stones.md:51	the division of keeping	->	Roinn a' Ghleidhidh	|	 In FE 694 he and the council at Dùn ìseal agreed the division of keeping: the Keeper kept the flame an
CHANGE	eras/age_III/appendices/D_shares_provinces_stones.md:51	the Keeper	->	Coimheadaiche na Lasrach	|	ncil at Dùn ìseal agreed the division of keeping: the Keeper kept the flame and the galler
CHANGE	eras/age_III/appendices/D_shares_provinces_stones.md:51	the Keeper	->	Coimheadaiche na Lasrach	|	ands, the rìgh might not enter the galleries, and the Keeper might not raise spears. The i
CHANGE	eras/age_III/appendices/D_shares_provinces_stones.md:53	the great shares	->	na h-Earrannan Mòra	|	es of the rìgh, each with a seat and a reeve, and the great shares survived as names on the ston
CHANGE	eras/age_III/appendices/D_shares_provinces_stones.md:53	the Roinn	->	Roinn na Rìoghachd	|	a seat for want of a hearth-right cut in stone at the Roinn. Cathair dhomhain won a chart
CHANGE	eras/age_III/appendices/D_shares_provinces_stones.md:55	The Four Houses	->	Na Ceithir Taighean	|	The Four Houses of custody, bound under Eilid
CHANGE	eras/age_III/appendices/D_shares_provinces_stones.md:55	the Keeper	->	Coimhdeach na Fine	|	n and Sliochd Raghnaill at Seann Tarr. They chose the Keeper, and when the red hall stood 
CHANGE	eras/age_III/appendices/D_shares_provinces_stones.md:55	the red hall	->	An Talla Dearg	|	ll at Seann Tarr. They chose the Keeper, and when the red hall stood empty after Oighrig nic
CHANGE	eras/age_III/appendices/D_shares_provinces_stones.md:59	The census of hands	->	Cunntas nan Làmh	|	he age the provinces were counted by their seats. The census of hands in FE 1,735 counted every hou
CHANGE	eras/age_III/appendices/D_shares_provinces_stones.md:59	the shared-meal law	->	Lagh a' Bhìdh Roinnte	|	 would have one, and Cnoc mhòr's was first. Under the shared-meal law of FE 2,411 a household with 
CHANGE	eras/age_III/appendices/E_roads_houses_bridges_measures.md:3	The Holy Age	->	An Aois Naomh	|	The Holy Age was carried on people's backs
CHANGE	eras/age_III/appendices/E_roads_houses_bridges_measures.md:7	the Hall's	->	Talla na Lasrach's	|	ds were the mining paths, worn by carriers taking the Hall's baskets down from the galleri
CHANGE	eras/age_III/appendices/E_roads_houses_bridges_measures.md:7	the Hall	->	Talla na Lasrach	|	eep mile of bare rock had turned more ankles than the Hall had troubled to count. In FE 
CHANGE	eras/age_III/appendices/E_roads_houses_bridges_measures.md:7	The Hall	->	Talla na Lasrach	|	took eleven carriers and their baskets at a ford. The Hall mourned the coal with the car
CHANGE	eras/age_III/appendices/E_roads_houses_bridges_measures.md:19	the Auspicious Buffalo	->	Am Buabhall Fortanach	|	rough the whole age. It is Am Buabhall Fortanach, the Auspicious Buffalo.
CHANGE	eras/age_III/appendices/E_roads_houses_bridges_measures.md:19	(appositive)	->	Am Buabhall Fortanach	|	dropped the English gloss beside Am Buabhall Fortanach
CHANGE	eras/age_III/appendices/E_roads_houses_bridges_measures.md:21	The far-off house	->	An Sligeanach Fad' às	|	- **The far-off house**, so called because a travel
CHANGE	eras/age_III/appendices/E_roads_houses_bridges_measures.md:21	the road-peace	->	Sìth an Rathaid	|	The keepers of the waypoint houses first set down the road-peace there. It was rebuilt in ston
CHANGE	eras/age_III/appendices/E_roads_houses_bridges_measures.md:22	The sunny house	->	An Taigh-òsta Grianach	|	- **The sunny house** (FE 604), a turf longhouse 
CHANGE	eras/age_III/appendices/E_roads_houses_bridges_measures.md:23	The golden house	->	An Taigh-seinnse Òir	|	- **The golden house** (FE 781) on the road north 
CHANGE	eras/age_III/appendices/E_roads_houses_bridges_measures.md:24	The Keeper	->	Coimhdeach na Fine	|	 from barley that the carriers called fire-water. The Keeper ruled that a fire in a man's 
CHANGE	eras/age_III/appendices/E_roads_houses_bridges_measures.md:24	the Law	->	Lagh an Loscaidh Bhig	|	d that a fire in a man's own belly was no burning the Law had ever been written to answ
CHANGE	eras/age_III/appendices/E_roads_houses_bridges_measures.md:26	The road-peace	->	Sìth an Rathaid	|	**The road-peace.** About FE 175 the keepers o
CHANGE	eras/age_III/appendices/E_roads_houses_bridges_measures.md:26	the Hall's	->	Talla na Lasrach's	|	 hearth-sign token let a carrier on the rìgh's or the Hall's business sleep free at any ho
CHANGE	eras/age_III/appendices/E_roads_houses_bridges_measures.md:28	the census of hands	->	Cunntas nan Làmh	|	 mighty in his reign. In FE 1,735 the counters of the census of hands made their stations at the wa
CHANGE	eras/age_III/appendices/E_roads_houses_bridges_measures.md:28	the quarter-days	->	Na Ceithir Fèilltean	|	point houses, and the keepers fed the counters at the quarter-days.
CHANGE	eras/age_III/appendices/E_roads_houses_bridges_measures.md:32	the War of the Roads	->	Cogadh nan Rathad	|	elves and sent none to Dùn dhearg, the result was the War of the Roads.
CHANGE	eras/age_III/appendices/E_roads_houses_bridges_measures.md:40	the nine hearths	->	Na Naoi Teallaichean	|	 Ros fhionn (FE 160). Forty cutters and masons of the nine hearths built it, none of whom had ev
CHANGE	eras/age_III/appendices/E_roads_houses_bridges_measures.md:54	the Small-Burning Law	->	Lagh an Loscaidh Bhig	|	r of hands will hold (FE 139). The handful, which the Small-Burning Law made the season's whole measu
CHANGE	eras/age_III/appendices/E_roads_houses_bridges_measures.md:56	the Holy Age	->	An Aois Naomh	|	ut food (FE 84). The rings were the only money of the Holy Age. There was never a coin.
CHANGE	eras/age_III/appendices/E_roads_houses_bridges_measures.md:58	the Silver Feud	->	Falachd an Airgid	|	, and every honest trader came to use them. After the Silver Feud (FE 1,745 – 1,750), in which 
LEFT	eras/age_III/annals/age_III_01.json:EIII-1002.title	the cord of the heirs	(no "the" before it)	|	Aodh Crom asks for a cord of the heirs
LEFT	eras/age_III/annals/age_III_01.json:EIII-1044.body	the nine great shares	(no "the" before it)	|	tlement that gives each rule something: nine great shares for the eldest living lines, a portion 
LEFT	eras/age_III/annals/age_III_01.json:EIII-1058.title	the great shares	(no "the" before it)	|	Three great shares claim the Red Hill
LEFT	eras/age_III/annals/age_III_02.json:EIII-2008.title	the Keeper	(no "the" before it)	|	Aodh Crom's charge to the new Keeper
LEFT	eras/age_III/annals/age_III_02.json:EIII-2033.body	the Telling	(no "the" before it)	|	Telling no one where she goes, Beathag Bhàn cro
LEFT	eras/age_III/annals/age_III_02.json:EIII-2034.body	the Keeper	(no "the" before it)	|	 ends it: no keeper of the slab, and no Keeper of the flame after her, will set foot i
LEFT	eras/age_III/annals/age_III_02.json:EIII-2041.body	the Keeper	(no "the" before it)	|	n a few sentences, is repeated by every Keeper who follows him.
LEFT	eras/age_III/annals/age_III_03.json:EIII-3002.body	the Keeper	(no "the" before it)	|	 good deal more than he might have as a Keeper chosen by kinship rather than by the ho
LEFT	eras/age_III/annals/age_III_03.json:EIII-3016.body	the Keeper	(no "the" before it)	|	Gormshuil, Keeper after Muireach Liath for thirty-eight y
LEFT	eras/age_III/annals/age_III_03.json:EIII-3017.title	the Keeper	(no "the" before it)	|	Fionnlagh Dall chosen Keeper
LEFT	eras/age_III/annals/age_III_03.json:EIII-3017.body	the Keeper	(no "the" before it)	|	thirty-eight years old, the first blind Keeper the island has known.
LEFT	eras/age_III/annals/age_III_03.json:EIII-3018.title	the Keeper	(no "the" before it)	|	Calum Beag begins leading the blind Keeper
LEFT	eras/age_III/annals/age_III_03.json:EIII-3018.body	the Keeper	(no "the" before it)	|	es, on the one condition that he keep a Keeper's silence about what he sees there. He ag
LEFT	eras/age_III/annals/age_III_03.json:EIII-3036.body	the Keeper	(no "the" before it)	|	at all, but will try rather than tell a Keeper who has just buried eleven carriers tha
LEFT	eras/age_III/annals/age_III_03.json:EIII-3062.body	the strife of the heirs	(no "the" before it)	|	hrough fifty-four years of the widening strife of the heirs more steadily than the quarrel's own pr
LEFT	eras/age_III/annals/age_III_03.json:EIII-3062.body	the Keeper	(no "the" before it)	|	pers. The nine hearths choose a younger Keeper who holds much the same course.
LEFT	eras/age_III/annals/age_III_04.json:EIII-4005.body	the Keeper	(no "the" before it)	|	 level to her palm exactly as for every Keeper before her.
LEFT	eras/age_III/annals/age_III_04.json:EIII-4008.title	the four houses	(no "the" before it)	|	Eilidh binds the office to four houses
LEFT	eras/age_III/annals/age_III_04.json:EIII-4008.body	the four houses	(no "the" before it)	|	r's office be bound from that season to four houses of custody alone, Sliochd Mhuirich, Sli
LEFT	eras/age_III/annals/age_III_04.json:EIII-4016.body	the beacon on the Baile chrom headland	(no "the" before it)	|	Once the old beacon on the Baile chrom headland is relit, the carrying of driftwood to 
LEFT	eras/age_III/annals/age_III_04.json:EIII-4019.body	the Law	(no "the" before it)	|	ing at the delay, and her answer that a Law which measures every handful can measur
LEFT	eras/age_III/annals/age_III_04.json:EIII-4023.title	the Keeper	(no "the" before it)	|	Coinneach Mòr chosen Keeper of Sliochd Thormoid
LEFT	eras/age_III/annals/age_III_04.json:EIII-4023.body	the Keeper	(no "the" before it)	|	Mòr mac Tormoid, five-and-twenty, first Keeper of his house, for his patience rather t
LEFT	eras/age_III/annals/age_III_04.json:EIII-4023.body	the Keeper	(no "the" before it)	|	ther than any gift of speech, judging a Keeper who keeps a flame steadily worth more t
LEFT	eras/age_III/annals/age_III_05.json:EIII-5001.body	the Keeper	(no "the" before it)	|	 six-and-twenty years old, the youngest Keeper chosen since Muireach Liath's own day. 
LEFT	eras/age_III/annals/age_III_05.json:EIII-5001.body	the Keeper	(no "the" before it)	|	er working life, warns her that a young Keeper who bends once in her first year is ask
LEFT	eras/age_III/annals/age_III_05.json:EIII-5007.body	the Keeper	(no "the" before it)	|	st of them with her own hands, which no Keeper before her is remembered to have done.
LEFT	eras/age_III/annals/age_III_05.json:EIII-5010.body	the Keeper	(no "the" before it)	|	ers young enough to have known no other Keeper, and left again on the same stones, sti
LEFT	eras/age_III/annals/age_III_05.json:EIII-5043.body	the druid school	(no "the" before it)	|	Two teachers of the western druid school travel to the far-eastern Muileann chia
LEFT	eras/age_III/annals/age_III_06.json:EIII-6020.body	the king-list	(no "the" before it)	|	o, the first of eleven rulers the later king-list will give only by name and order.
LEFT	eras/age_III/annals/age_III_06.json:EIII-6021.body	the Keepers	(no "the" before it)	|	 the Hall's spoken roll gives only five Keepers, a mountain's years running longer than
LEFT	eras/age_III/annals/age_III_06.json:EIII-6033.body	the Keeper	(no "the" before it)	|	the written king-list reaches the blind Keeper on the mountain, who sits three days in
LEFT	eras/age_III/annals/age_III_06.json:EIII-6033.body	the Hall	(no "the" before it)	|	en tells the Hall's own reciters that a Hall out-remembered by a rìgh's clerk has no
LEFT	eras/age_III/annals/age_III_06.json:EIII-6036.body	the king-list	(no "the" before it)	|	gned thirty-one years and had the first king-list written, and is carried up the mountain
LEFT	eras/age_III/annals/age_III_06.json:EIII-6039.title	the Keeper	(no "the" before it)	|	A Keeper named in the silent years
LEFT	eras/age_III/annals/age_III_06.json:EIII-6039.body	the Keeper	(no "the" before it)	|	A Keeper is named at Dùn ìseal of whom the roll 
LEFT	eras/age_III/annals/age_III_06.json:EIII-6046.body	the Keeper	(no "the" before it)	|	Calum Liath is made Keeper at forty-five, in Fearchar Òg's ninth y
LEFT	eras/age_III/annals/age_III_06.json:EIII-6055.body	the Keeper	(no "the" before it)	|	Sent without a Keeper's cutter to bring up a left basket, two y
LEFT	eras/age_III/annals/age_III_06.json:EIII-6059.title	the Keeper	(no "the" before it)	|	Oighrig Bhàn chosen Keeper
LEFT	eras/age_III/annals/age_III_06.json:EIII-6062.body	the Keeper	(no "the" before it)	|	ur in later years are themselves chosen Keeper, which the reciters of Dùn ìseal count 
LEFT	eras/age_III/annals/age_III_07.json:EIII-7045.body	the Keeper	(no "the" before it)	|	, having held the flame longer than any Keeper before him. The reciters of Dùn ìseal r
LEFT	eras/age_III/annals/age_III_07.json:EIII-7052.body	the Keeper	(no "the" before it)	|	ad agreed on anything, a plain record a Keeper's clerk consults to settle a far larger d
LEFT	eras/age_III/annals/age_III_08.json:EIII-8020.title	the Keeper	(no "the" before it)	|	Both schools ask the new Keeper for a ruling
LEFT	eras/age_III/annals/age_III_08.json:EIII-8020.body	the Keeper	(no "the" before it)	|	ding of the vein is the truer, as every Keeper before her has been asked and never onc
LEFT	eras/age_III/annals/age_III_08.json:EIII-8031.body	the Keeper	(no "the" before it)	|	Raonaid Dhubh, Keeper of the flame at Dùn ìseal for the bette
LEFT	eras/age_III/annals/age_III_08.json:EIII-8040.body	the king-list	(no "the" before it)	|	s that a tithe is true for a year and a king-list must be true for longer than any man wh
LEFT	eras/age_III/annals/age_III_08.json:EIII-8045.body	the red hall	(no "the" before it)	|	 rolls and answering reeves at the shut red hall who no longer know whose name to render
LEFT	eras/age_III/annals/age_III_08.json:EIII-8049.body	the red hall	(no "the" before it)	|	 the work, has already shown the hand a red hall wants at its head.
LEFT	eras/age_III/annals/age_III_08.json:EIII-8054.body	the Keeper	(no "the" before it)	|	unn burns fuller than the Law allows. A Keeper's cutter is sent every season to try its 
LEFT	eras/age_III/annals/age_III_09.json:EIII-9034.title	the Keepers	(no "the" before it)	|	Seumas Bàn reckons two Keepers in three of his house
LEFT	eras/age_III/annals/age_III_09.json:EIII-9034.body	the Keepers	(no "the" before it)	|	s Bàn reckons how many of the remaining Keepers married into Sliochd Mhuirich or foster
LEFT	eras/age_III/annals/age_III_09.json:EIII-9041.body	the wolf-sworn	(no "the" before it)	|	orn stones together, hawk-keeper beside wolf-sworn beside a stag scholar, and finish the w
LEFT	eras/age_III/book/04_of_the_knots.md:63	the line of Fionnghal	(no "the" before it)	|	g, of another line altogether, the grey line of Fionnghal; and when Sìne looked up at the second 
LEFT	eras/age_III/book/04_of_the_knots.md:75	the great shares	(no "the" before it)	|	nd by hearths and in the halls of three great shares, and he always told it against himself.
LEFT	eras/age_III/book/07_of_the_stones_and_the_first_blood.md:56	the great shares	(no "the" before it)	|	asy half of the work, and knew it. Nine great shares, agreed on a cord and marked, more or l
LEFT	eras/age_III/book/07_of_the_stones_and_the_first_blood.md:58	the nine great shares	(no "the" before it)	|	nt up at Dùn thais, until what had been nine great shares on the cord had become countries under 
LEFT	eras/age_III/book/07_of_the_stones_and_the_first_blood.md:68	the great shares	(no "the" before it)	|	They began well enough. Nine great shares, no one disputed; and by careful asking
LEFT	eras/age_III/book/08_of_beathag_bhan.md:33	the Binding	(no "the" before it)	|	 a reverence that ran alongside the new Binding rather than under it: the ancestors, th
LEFT	eras/age_III/book/08_of_beathag_bhan.md:47	the nine hearths	(no "the" before it)	|	back to one or another of the nine than nine hearths could ever truly have bred, and the kee
LEFT	eras/age_III/book/08_of_beathag_bhan.md:63	the Keeper	(no "the" before it)	|	 like again, with her or with any other Keeper. The keepers of the slab, when the stor
LEFT	eras/age_III/book/08_of_beathag_bhan.md:83	the Hall	(no "the" before it)	|	s of the same fire below the unfinished Hall, close enough that either could have cr
LEFT	eras/age_III/book/08_of_beathag_bhan.md:93	the Keeper	(no "the" before it)	|	pure habit and a little vanity, since a Keeper who let her flame gutter on the one mor
LEFT	eras/age_III/book/09_of_the_cairns_and_the_unentered_temple.md:54	the Keeper	(no "the" before it)	|	gh the night he was brought in, since a Keeper's hearth was the one fire on the mountain
LEFT	eras/age_III/book/09_of_the_cairns_and_the_unentered_temple.md:72	the Keeper	(no "the" before it)	|	said that no keeper of the slab, and no Keeper of the flame after her, would set foot 
LEFT	eras/age_III/book/09_of_the_cairns_and_the_unentered_temple.md:82	the Keeper	(no "the" before it)	|	red aloud, in the days after, whether a Keeper ought not to be laid the same way as ev
LEFT	eras/age_III/book/09_of_the_cairns_and_the_unentered_temple.md:82	the Keeper	(no "the" before it)	|	one argued the point further, and every Keeper after Beathag Bhàn was laid the same wa
LEFT	eras/age_III/book/10_of_muireach_liath_and_the_luck-stream.md:20	the Keeper	(no "the" before it)	|	b since before the Binding and buried a Keeper, said of Muireach in those years that h
LEFT	eras/age_III/book/10_of_muireach_liath_and_the_luck-stream.md:68	the Keeper	(no "the" before it)	|	 themselves. You might try it yourself, Keeper. It's restful, not knowing everything."
LEFT	eras/age_III/book/11_of_the_silver_of_muileann_chiar.md:20	the holy wood	(no "the" before it)	|	ce of that name far to the east, near a holy wood, and the two were never once mistaken f
LEFT	eras/age_III/book/11_of_the_silver_of_muileann_chiar.md:68	the Keeper	(no "the" before it)	|	 good deal more than he might have as a Keeper who had come to the flame by kinship ra
LEFT	eras/age_III/book/11_of_the_silver_of_muileann_chiar.md:70	the Keeper	(no "the" before it)	|	e vein and away from the sea that every Keeper before her had passed through. Seven ye
LEFT	eras/age_III/book/12_of_sileas_and_the_stag.md:84	the Keeper	(no "the" before it)	|	ed, why it behaved as it behaved, and a Keeper who had spent thirty years learning tha
LEFT	eras/age_III/book/12_of_sileas_and_the_stag.md:88	the Keeper	(no "the" before it)	|	ein was a demand made of it, and that a Keeper who let a demand stand unanswered in he
LEFT	eras/age_III/book/13_of_the_smoke_and_the_stone_cup.md:8	the Keeper	(no "the" before it)	|	aid of Fionnlagh Dall, called the Blind Keeper
LEFT	eras/age_III/book/13_of_the_smoke_and_the_stone_cup.md:24	the Keeper	(no "the" before it)	|	hearths were done arguing to say that a Keeper's hands mattered more to the measure than
LEFT	eras/age_III/book/13_of_the_smoke_and_the_stone_cup.md:24	the Keeper	(no "the" before it)	|	nds mattered more to the measure than a Keeper's eyes, and that they had watched Fionnla
LEFT	eras/age_III/book/13_of_the_smoke_and_the_stone_cup.md:26	the Keeper	(no "the" before it)	|	t what he saw in the galleries, since a Keeper's eyes, borrowed or his own, owed the vei
LEFT	eras/age_III/book/13_of_the_smoke_and_the_stone_cup.md:26	the Keeper	(no "the" before it)	|	went about the Hall together, the blind Keeper and the boy who told him, in a voice pi
LEFT	eras/age_III/book/13_of_the_smoke_and_the_stone_cup.md:40	the Keeper	(no "the" before it)	|	ess and others, more rightly, for a new Keeper's unwillingness to answer a hard question
LEFT	eras/age_III/book/13_of_the_smoke_and_the_stone_cup.md:60	the Keeper	(no "the" before it)	|	held till then by nothing firmer than a Keeper's word and the memory of two dead Keepers
LEFT	eras/age_III/book/13_of_the_smoke_and_the_stone_cup.md:60	the Keepers	(no "the" before it)	|	eeper's word and the memory of two dead Keepers before him, should be sworn as a law bi
LEFT	eras/age_III/book/13_of_the_smoke_and_the_stone_cup.md:68	the Keeper	(no "the" before it)	|	arshest thing Fionnlagh had yet done as Keeper, and the household's own descendants, t
LEFT	eras/age_III/book/13_of_the_smoke_and_the_stone_cup.md:74	the Keeper	(no "the" before it)	|	children afterward, said that the blind Keeper had judged rightly what a fire owed to 
LEFT	eras/age_III/book/14_of_the_carriers_and_the_first_bridges.md:14	the Keeper	(no "the" before it)	|	was the carriers, more than any lord or Keeper, who came first to know exactly which m
LEFT	eras/age_III/book/14_of_the_carriers_and_the_first_bridges.md:20	the Keeper	(no "the" before it)	|	eag carry down the grey stone the blind Keeper had wanted for his cup. He had cut stai
LEFT	eras/age_III/book/14_of_the_carriers_and_the_first_bridges.md:48	the Keeper	(no "the" before it)	|	ould rather try it and fail than tell a Keeper who had just buried eleven carriers tha
LEFT	eras/age_III/book/14_of_the_carriers_and_the_first_bridges.md:50	the Keeper	(no "the" before it)	|	an once when the work went hard, that a Keeper who could not see the bridge at all had
LEFT	eras/age_III/book/14_of_the_carriers_and_the_first_bridges.md:66	the Hall	(no "the" before it)	|	hings a trade takes up before the wider Hall has quite noticed it happening. Every s
LEFT	eras/age_III/book/14_of_the_carriers_and_the_first_bridges.md:72	the Keeper	(no "the" before it)	|	 self not excepted, and saw no reason a Keeper should not do the same.
LEFT	eras/age_III/book/15_of_mor_nic_dhughaills_house_and_the_blind_keepers_last_road.md:48	the Keeper	(no "the" before it)	|	e him, longer by a good margin than any Keeper before him, and it was in the hundred a
LEFT	eras/age_III/book/15_of_mor_nic_dhughaills_house_and_the_blind_keepers_last_road.md:50	the Keeper	(no "the" before it)	|	temples himself, asked him why, since a Keeper's own ground lay ready and waiting not a 
LEFT	eras/age_III/book/15_of_mor_nic_dhughaills_house_and_the_blind_keepers_last_road.md:52	the Keeper	(no "the" before it)	|	lame fed before he came to sit, since a Keeper's dying, Fionnlagh said, was no excuse fo
LEFT	eras/age_III/book/15_of_mor_nic_dhughaills_house_and_the_blind_keepers_last_road.md:58	the Keeper	(no "the" before it)	|	go hungry, that a man could not carry a Keeper's weight on an empty stomach any better t
LEFT	eras/age_III/book/15_of_mor_nic_dhughaills_house_and_the_blind_keepers_last_road.md:64	the Keeper	(no "the" before it)	|	holding, he said, to the same silence a Keeper's own eyes owed the galleries, borrowed e
LEFT	eras/age_III/book/15_of_mor_nic_dhughaills_house_and_the_blind_keepers_last_road.md:66	the Keepers	(no "the" before it)	|	nd was hallowed five years afterward by Keepers who travelled down from Dùn ìseal to do
LEFT	eras/age_III/book/15_of_mor_nic_dhughaills_house_and_the_blind_keepers_last_road.md:66	the Keeper	(no "the" before it)	|	e ruling that a service kept for a dead Keeper's own sake was owed the one payment a Kee
LEFT	eras/age_III/book/15_of_mor_nic_dhughaills_house_and_the_blind_keepers_last_road.md:66	the Keeper	(no "the" before it)	|	r's own sake was owed the one payment a Keeper himself would have judged fitting.
LEFT	eras/age_III/book/16_of_the_unforgotten_wedding.md:18	the Hall	(no "the" before it)	|	ruer than any account of a war won or a Hall built, and that a man who wished to und
LEFT	eras/age_III/book/16_of_the_unforgotten_wedding.md:40	the Keeper	(no "the" before it)	|	-and-fifty years after, longer than any Keeper since Fionnlagh Dall and calmer, the te
LEFT	eras/age_III/book/16_of_the_unforgotten_wedding.md:44	the Keeper	(no "the" before it)	|	 nine hearths chose after her a younger Keeper who would hold much the same course, th
LEFT	eras/age_III/book/16_of_the_unforgotten_wedding.md:50	the eastern share	(no "the" before it)	|	hen, set down. Cormac mac Ailein, whose eastern share at Caol shean had taken no direct part 
LEFT	eras/age_III/book/16_of_the_unforgotten_wedding.md:50	the salt shore	(no "the" before it)	|	ct part in the quarrel between west and salt shore but felt its cold in every market that 
LEFT	eras/age_III/book/16_of_the_unforgotten_wedding.md:78	the long years	(no "the" before it)	|	elling: that the island, in all his own long years of watching it, was never so well gover
LEFT	eras/age_III/book/17_of_eilidh_nic_iomhair_and_the_four_houses.md:9	the Keeper	(no "the" before it)	|	d let anyone else pour it for her. That Keeper died in the winter of the three hundred
LEFT	eras/age_III/book/17_of_eilidh_nic_iomhair_and_the_four_houses.md:35	the Keeper	(no "the" before it)	|	e, much of a condition to ask, since no Keeper before Eilidh had ever once thought to 
LEFT	eras/age_III/book/17_of_eilidh_nic_iomhair_and_the_four_houses.md:35	the Keeper	(no "the" before it)	|	exactly as it had been poured for every Keeper before her, and the flame carried to he
LEFT	eras/age_III/book/17_of_eilidh_nic_iomhair_and_the_four_houses.md:37	the Keeper	(no "the" before it)	|	lidh's keeping nor in the reigns of any Keeper who came after her, and the tellers sin
LEFT	eras/age_III/book/17_of_eilidh_nic_iomhair_and_the_four_houses.md:43	the four houses	(no "the" before it)	|	Eilidh, who had grown tired of hearing four houses argue a question the other five hearths
LEFT	eras/age_III/book/17_of_eilidh_nic_iomhair_and_the_four_houses.md:43	the Keeper	(no "the" before it)	|	 argue its own case: that the office of Keeper would be bound, from that season on, to
LEFT	eras/age_III/book/17_of_eilidh_nic_iomhair_and_the_four_houses.md:43	the four houses	(no "the" before it)	|	be bound, from that season on, to these four houses of custody and no others, that the othe
LEFT	eras/age_III/book/18_of_the_plunderers_and_the_thing_under_the_boat.md:76	the Keeper	(no "the" before it)	|	 to clear the road. Eilidh nic Ìomhair, Keeper of the flame these forty years and more
LEFT	eras/age_III/book/18_of_the_plunderers_and_the_thing_under_the_boat.md:78	the Law	(no "the" before it)	|	nger than the carriers' own, and that a Law which measured every handful to the gra
LEFT	eras/age_III/book/19_of_the_reverent_centuries.md:22	the Keeper	(no "the" before it)	|	 his five-and-twentieth year, the first Keeper of Sliochd Thormoid, chosen by the four
LEFT	eras/age_III/book/19_of_the_reverent_centuries.md:22	the Keeper	(no "the" before it)	|	the houses named when they chose him: a Keeper, they said, did not need to be clever, 
LEFT	eras/age_III/book/19_of_the_reverent_centuries.md:24	the Keeper	(no "the" before it)	|	or two-and-sixty years, longer than any Keeper of any of the four houses before him, a
LEFT	eras/age_III/book/19_of_the_reverent_centuries.md:24	the Keeper	(no "the" before it)	|	held so long, and Coinneach said that a Keeper's mark, if he left one worth leaving, was
LEFT	eras/age_III/book/19_of_the_reverent_centuries.md:32	the Keepers	(no "the" before it)	|	hout much art, standing before the four Keepers with his hat in both hands and his feet
LEFT	eras/age_III/book/19_of_the_reverent_centuries.md:34	the Keepers	(no "the" before it)	|	oked once round the chamber at the four Keepers seated above him, and said that he had 
LEFT	eras/age_III/book/19_of_the_reverent_centuries.md:34	the Keeper	(no "the" before it)	|	ause the cord never changed, and that a Keeper's whole use, in such a matter, was only t
LEFT	eras/age_III/book/19_of_the_reverent_centuries.md:40	the outpost	(no "the" before it)	|	brought Làrach an Dùin-fhaire, a walled outpost on a spur above Cathair mhòr with stone
LEFT	eras/age_III/book/19_of_the_reverent_centuries.md:42	the Keeper	(no "the" before it)	|	 dressed up as a finding, saying that a Keeper who let his walkers guess once would ha
LEFT	eras/age_III/book/19_of_the_reverent_centuries.md:54	the Keeper	(no "the" before it)	|	e would not otherwise have drawn, and a Keeper, he said once to the widow herself, mig
LEFT	eras/age_III/book/19_of_the_reverent_centuries.md:60	the Keeper	(no "the" before it)	|	hts, said of them only, when a visiting Keeper of another house asked him how his own 
LEFT	eras/age_III/book/19_of_the_reverent_centuries.md:60	the Keeper	(no "the" before it)	|	not every good thing on it had needed a Keeper's hand to make it good.
LEFT	eras/age_III/book/19_of_the_reverent_centuries.md:68	the house of Ìomhar	(no "the" before it)	|	ght than the fire had been: land that a house of Ìomhar's blood and a house of Eithne's blood bot
LEFT	eras/age_III/book/20_of_fearghas_of_the_two_oaths.md:59	the boundary stones	(no "the" before it)	|	ng the standing barley from the eastern boundary stones, the Red Share's own markers, clear acr
LEFT	eras/age_III/book/21_of_the_peace_of_the_threshold.md:61	the Keeper	(no "the" before it)	|	ach other that evening, for there was a Keeper to greet, and lesser lords waiting thei
LEFT	eras/age_III/book/21_of_the_peace_of_the_threshold.md:63	the Keeper	(no "the" before it)	|	 cup at her feet all the same, as every Keeper before and since had held it, and when 
LEFT	eras/age_III/book/22_of_the_truce_in_the_galleries_and_the_walled_town.md:11	the Keeper	(no "the" before it)	|	earths raised her to the flame; a young Keeper by any measure the office had known sin
LEFT	eras/age_III/book/22_of_the_truce_in_the_galleries_and_the_walled_town.md:11	the Keeper	(no "the" before it)	|	 and with an eye always on how the last Keeper before her would have done a thing, unt
LEFT	eras/age_III/book/22_of_the_truce_in_the_galleries_and_the_walled_town.md:11	the Keeper	(no "the" before it)	|	ich is, by most tellings, the mark of a Keeper who has finally grown into the office r
LEFT	eras/age_III/book/22_of_the_truce_in_the_galleries_and_the_walled_town.md:13	the Keeper	(no "the" before it)	|	e hearths' word came down, that a young Keeper's first year was worth two of any other, 
LEFT	eras/age_III/book/22_of_the_truce_in_the_galleries_and_the_walled_town.md:13	the Keeper	(no "the" before it)	|	worth two of any other, because a young Keeper is watched by every hearth in the Hall 
LEFT	eras/age_III/book/22_of_the_truce_in_the_galleries_and_the_walled_town.md:13	the Keeper	(no "the" before it)	|	r the first lord who frowns, and that a Keeper who bends once in her first year is ask
LEFT	eras/age_III/book/22_of_the_truce_in_the_galleries_and_the_walled_town.md:13	the knot-keepers	(no "the" before it)	|	rs apart the asking fell, which her own knot-keepers came in time to reckon the surest mark 
LEFT	eras/age_III/book/22_of_the_truce_in_the_galleries_and_the_walled_town.md:17	the Keeper	(no "the" before it)	|	ce, as it had been turned away by every Keeper before her since Gormshuil nic Mhuirich
LEFT	eras/age_III/book/22_of_the_truce_in_the_galleries_and_the_walled_town.md:25	the Keeper	(no "the" before it)	|	 objection she had inherited from every Keeper before her — that a cutter trained outs
LEFT	eras/age_III/book/22_of_the_truce_in_the_galleries_and_the_walled_town.md:39	the knot-keepers	(no "the" before it)	|	til she found herself saying to her own knot-keepers, more than once, that she had come to k
LEFT	eras/age_III/book/22_of_the_truce_in_the_galleries_and_the_walled_town.md:57	the Hall	(no "the" before it)	|	rdless were no more remarkable, in that Hall, than a wall standing where a wall had 
LEFT	eras/age_III/book/22_of_the_truce_in_the_galleries_and_the_walled_town.md:61	the Keeper	(no "the" before it)	|	t stone over the last of them, which no Keeper before her, so far as the rolls remembe
LEFT	eras/age_III/book/22_of_the_truce_in_the_galleries_and_the_walled_town.md:67	the Keeper	(no "the" before it)	|	f custody had troubled to record of any Keeper before her, for the simple reason that 
LEFT	eras/age_III/book/22_of_the_truce_in_the_galleries_and_the_walled_town.md:67	the Keepers	(no "the" before it)	|	ore her, for the simple reason that few Keepers had held the cup long enough for anyone
LEFT	eras/age_III/book/22_of_the_truce_in_the_galleries_and_the_walled_town.md:67	the Keeper	(no "the" before it)	|	 worth setting down, which is, of every Keeper's ending, the kindest sort a Hall can giv
LEFT	eras/age_III/book/22_of_the_truce_in_the_galleries_and_the_walled_town.md:67	the Hall	(no "the" before it)	|	ery Keeper's ending, the kindest sort a Hall can give.
LEFT	eras/age_III/book/22_of_the_truce_in_the_galleries_and_the_walled_town.md:69	the Keeper	(no "the" before it)	|	y cutters young enough to have known no Keeper but her, and left again on the same sto
LEFT	eras/age_III/book/23_of_goraidh_mac_iomhair.md:13	the boundary stones	(no "the" before it)	|	st of the island's heirs had over their boundary stones, the holders of Dùn dhearg had only to 
LEFT	eras/age_III/book/23_of_goraidh_mac_iomhair.md:89	the Keeper	(no "the" before it)	|	down: what a rìgh might hold and what a Keeper must, what roads belonged to which of t
LEFT	eras/age_III/book/26_of_the_basket_of_fish-bones.md:81	the wolf-sworn	(no "the" before it)	|	ain found reason to doubt a toll that a wolf-sworn guard had counted. The harbour town of 
LEFT	eras/age_III/book/27_of_the_last_of_the_nine.md:40	the Keeper	(no "the" before it)	|	Eithne had this from a Keeper's messenger, one of the young men the Hal
LEFT	eras/age_III/book/27_of_the_last_of_the_nine.md:66	the Keepers	(no "the" before it)	|	e what four hundred years of rulers and Keepers, careful of each other's pride, had not
LEFT	eras/age_III/book/27_of_the_last_of_the_nine.md:70	the Keeper	(no "the" before it)	|	the meaning of it, a rìgh's pride and a Keeper's pride each finding it harder to swallow
LEFT	eras/age_III/book/27_of_the_last_of_the_nine.md:124	the boundary stones	(no "the" before it)	|	e living memories became names cut into boundary stones, read by carriers who did not know whos
LEFT	eras/age_III/book/28_of_the_eleven_names_and_tormod_the_writer.md:18	the Keepers	(no "the" before it)	|	, spoken, not written, and it gave five Keepers where the hall at Dùn dhearg gave eleve
LEFT	eras/age_III/book/28_of_the_eleven_names_and_tormod_the_writer.md:22	the boundary stones	(no "the" before it)	|	y the names were left standing, the way boundary stones stand long after the fence between them
LEFT	eras/age_III/book/28_of_the_eleven_names_and_tormod_the_writer.md:80	the Hall	(no "the" before it)	|	en than any other he ever spoke, that a Hall shamed by a rìgh's clerk into writing d
LEFT	eras/age_III/book/28_of_the_eleven_names_and_tormod_the_writer.md:80	the Hall	(no "the" before it)	|	he would not sit blind at the head of a Hall that let a lowland granary-clerk out-re
LEFT	eras/age_III/book/28_of_the_eleven_names_and_tormod_the_writer.md:98	the Roinn	(no "the" before it)	|	 her to coil it for storage between one Roinn business and the next, and laid it in t
LEFT	eras/age_III/book/29_of_the_wood-watchers.md:16	the Keepers	(no "the" before it)	|	he Keepers' roll goes on naming its own Keepers one after another, each dying and each 
LEFT	eras/age_III/book/29_of_the_wood-watchers.md:18	the Hall	(no "the" before it)	|	ap the Keeper of that day judged that a Hall which could not read its own roll witho
LEFT	eras/age_III/book/29_of_the_wood-watchers.md:18	the Hall	(no "the" before it)	|	borrowing another order's letters was a Hall too dependent on goodwill it had not ea
LEFT	eras/age_III/book/29_of_the_wood-watchers.md:18	the Keeper	(no "the" before it)	|	n to a stranger's alphabet at their own Keeper's order. From that year the Hall kept its
LEFT	eras/age_III/book/29_of_the_wood-watchers.md:20	the Keeper	(no "the" before it)	|	Seventy years further into the gap a Keeper was named of whom the roll gives only t
LEFT	eras/age_III/book/29_of_the_wood-watchers.md:80	the Keeper	(no "the" before it)	|	It was Calum Liath, made Keeper in the boy's ninth year, a man of forty
LEFT	eras/age_III/book/29_of_the_wood-watchers.md:82	the Keeper	(no "the" before it)	|	alked the wood's whole length together, Keeper and heir, from the western turf hut to 
LEFT	eras/age_III/book/30_of_the_knotted_cords_in_the_galleries.md:7	the Keeper	(no "the" before it)	|	 ìseal say, he asked for nothing that a Keeper had not already asked for before him. H
LEFT	eras/age_III/book/30_of_the_knotted_cords_in_the_galleries.md:11	the Keeper	(no "the" before it)	|	and most of them did not ask, because a Keeper's asking passed for an answer in the Hall
LEFT	eras/age_III/book/30_of_the_knotted_cords_in_the_galleries.md:19	the Keepers	(no "the" before it)	|	father, an old man who had outlived two Keepers and three of his own sons, sat by a fir
LEFT	eras/age_III/book/30_of_the_knotted_cords_in_the_galleries.md:23	the Keeper	(no "the" before it)	|	 household was a debt at all, or only a Keeper's word that a household must take on trus
LEFT	eras/age_III/book/30_of_the_knotted_cords_in_the_galleries.md:31	the Keeper	(no "the" before it)	|	f the rubble, an old cutter steadying a Keeper, which the reciters say pleased Aonghas
LEFT	eras/age_III/book/30_of_the_knotted_cords_in_the_galleries.md:45	the Keeper	(no "the" before it)	|	orse than the dark. They went without a Keeper's cutter to walk ahead of them, because n
LEFT	eras/age_III/book/30_of_the_knotted_cords_in_the_galleries.md:55	the Keeper	(no "the" before it)	|	r, who had not thought a basket worth a Keeper's cutter; with the slates, which had kept
LEFT	eras/age_III/book/30_of_the_knotted_cords_in_the_galleries.md:59	the Keeper	(no "the" before it)	|	 will, that he was never quite the same Keeper after Griogair and Sìne Bheag as he had
LEFT	eras/age_III/book/30_of_the_knotted_cords_in_the_galleries.md:59	the Keeper	(no "the" before it)	|	een, as if he had learned, late, that a Keeper's silence could cost more than his own di
LEFT	eras/age_III/book/30_of_the_knotted_cords_in_the_galleries.md:65	the Keeper	(no "the" before it)	|	ll still close in its grief for the old Keeper, and one of her first acts, before she 
LEFT	eras/age_III/book/30_of_the_knotted_cords_in_the_galleries.md:75	the Keeper	(no "the" before it)	|	r of that school, that a custom worth a Keeper's keeping was worth their own testing. Th
LEFT	eras/age_III/book/32_of_the_red_hall_and_the_census_of_hands.md:61	the Keeper	(no "the" before it)	|	fore him and asked, not unkindly, how a Keeper meant to judge eleven claims a season f
LEFT	eras/age_III/book/32_of_the_red_hall_and_the_census_of_hands.md:63	the Keeper	(no "the" before it)	|	inning of what came after, for a lesser Keeper, they say, would have found some answer
LEFT	eras/age_III/book/32_of_the_red_hall_and_the_census_of_hands.md:65	the Keeper	(no "the" before it)	|	 face better than her words, and that a Keeper who forgot the faces that had unsettled
LEFT	eras/age_III/book/32_of_the_red_hall_and_the_census_of_hands.md:65	the Keeper	(no "the" before it)	|	the faces that had unsettled him was no Keeper worth the flame he kept.
LEFT	eras/age_III/book/32_of_the_red_hall_and_the_census_of_hands.md:81	the Keeper	(no "the" before it)	|	e without troubling to explain, since a Keeper's silence in his own house's cause was, b
LEFT	eras/age_III/book/32_of_the_red_hall_and_the_census_of_hands.md:91	the Keeper	(no "the" before it)	|	y now in his own turn at the cup, still Keeper, still hearing the same handful of clai
LEFT	eras/age_III/book/33_of_the_silver_feud.md:18	the Keeper	(no "the" before it)	|	. It was Muireach Liath himself, second Keeper of the flame, who had ruled in the age'
LEFT	eras/age_III/book/33_of_the_silver_feud.md:36	the Keeper	(no "the" before it)	|	and that Muireach Liath himself, second Keeper of the flame, had said as much before a
LEFT	eras/age_III/book/33_of_the_silver_feud.md:42	the Keeper	(no "the" before it)	|	er it paid afterward, it paid because a Keeper had judged it owed and not because a rì
LEFT	eras/age_III/book/33_of_the_silver_feud.md:78	the Keeper	(no "the" before it)	|	: silver was not the mountain's, and no Keeper after him would say otherwise. But he r
LEFT	eras/age_III/book/33_of_the_silver_feud.md:100	the Keeper	(no "the" before it)	|	 and each wrong, a saying more than one Keeper after him borrowed without troubling to
LEFT	eras/age_III/book/34_of_peigis_hand_and_the_dawn-hawk.md:28	the Keeper	(no "the" before it)	|	d on anything, which turned out, when a Keeper's clerk went looking for it two centuries
LEFT	eras/age_III/book/35_of_the_strike-books.md:48	the Keeper	(no "the" before it)	|	as the story was told afterward, that a Keeper young enough to be his own daughter wou
LEFT	eras/age_III/book/35_of_the_strike-books.md:50	the Keeper	(no "the" before it)	|	t word asking the same thing of the new Keeper that they had once asked, without much 
LEFT	eras/age_III/book/35_of_the_strike-books.md:50	the Keeper	(no "the" before it)	|	ithout much hope of an answer, of every Keeper before her: that the Hall say, once and
LEFT	eras/age_III/book/35_of_the_strike-books.md:56	the Keeper	(no "the" before it)	|	summary noted, the plainest refusal any Keeper of that century had given, and for that
LEFT	eras/age_III/book/35_of_the_strike-books.md:56	the Keeper	(no "the" before it)	|	hey had no wish to settle themselves: a Keeper's own words, once given, standing thereaf
LEFT	eras/age_III/book/36_of_the_shared_meal.md:32	the king-list	(no "the" before it)	|	, as an unwritten custom older than any king-list, the habit of giving a neighbour grain 
LEFT	eras/age_III/book/36_of_the_shared_meal.md:36	the Keeper	(no "the" before it)	|	e year, the first ever made by rìgh and Keeper together rather than by the hall alone.
LEFT	eras/age_III/book/37_of_the_shut_hall_and_the_choosing_of_gilleasbuig.md:14	the king-list	(no "the" before it)	|	e for a year and then thrown out, and a king-list had to be true for longer than any man 
LEFT	eras/age_III/book/37_of_the_shut_hall_and_the_choosing_of_gilleasbuig.md:14	the king-list	(no "the" before it)	|	pring with a second question, whether a king-list could be wrong if all six copies agreed
LEFT	eras/age_III/book/37_of_the_shut_hall_and_the_choosing_of_gilleasbuig.md:26	the shared-meal law	(no "the" before it)	|	Bàn had built his granaries and set his shared-meal law with the Keeper Raonaid Dhubh, and had 
LEFT	eras/age_III/book/37_of_the_shut_hall_and_the_choosing_of_gilleasbuig.md:38	the red hall	(no "the" before it)	|	e to his father once that winter that a red hall with no one in it was, for all that any
LEFT	eras/age_III/book/37_of_the_shut_hall_and_the_choosing_of_gilleasbuig.md:38	the red hall	(no "the" before it)	|	outside it could tell, exactly the same red hall it had always been, the rolls being kep
LEFT	eras/age_III/book/37_of_the_shut_hall_and_the_choosing_of_gilleasbuig.md:40	the red hall	(no "the" before it)	|	cause no custom on the island covered a red hall with no one to fill it and the Hall's o
LEFT	eras/age_III/book/37_of_the_shut_hall_and_the_choosing_of_gilleasbuig.md:42	the four houses	(no "the" before it)	|	efore any name was put forward that all four houses could be brought to sit still for.
LEFT	eras/age_III/book/37_of_the_shut_hall_and_the_choosing_of_gilleasbuig.md:48	the red hall	(no "the" before it)	|	t to or not, exactly the kind of hand a red hall wanted at its head. Sliochd Ìomhair, wh
LEFT	eras/age_III/book/37_of_the_shut_hall_and_the_choosing_of_gilleasbuig.md:60	the Keeper	(no "the" before it)	|	e burned fuller than the Law allowed; a Keeper's cutter was sent every season after to t
LEFT	eras/age_III/book/37_of_the_shut_hall_and_the_choosing_of_gilleasbuig.md:70	the long years	(no "the" before it)	|	e coming of a queen from the same house long years later, the king-list at Cathair dhearg 
LEFT	eras/age_III/book/38_of_the_bridges_the_riders_and_the_north-west.md:52	the Hall	(no "the" before it)	|	n it came, was as plain as most of that Hall's rulings had always been: that a fire ke
LEFT	eras/age_III/book/39_of_anna_ruadhs_two_circuits_and_the_parting_of_the_rites.md:40	the Keeper	(no "the" before it)	|	{date:II-0214}}, and did what every new Keeper before him had done, and sat down with 
LEFT	eras/age_III/book/39_of_anna_ruadhs_two_circuits_and_the_parting_of_the_rites.md:44	the Hall	(no "the" before it)	|	ing aloud that night, to no one: that a Hall built so that no heir might hold the fl
LEFT	eras/age_III/book/39_of_anna_ruadhs_two_circuits_and_the_parting_of_the_rites.md:66	the wolf-sworn	(no "the" before it)	|	orn stones together, hawk-keeper beside wolf-sworn beside a stag scholar of the elders' sc
LEFT	eras/age_III/book/40_of_the_last_quiet_years.md:18	the beacon at Tobar dhearg	(no "the" before it)	|	 the tide. On the southern cape the old beacon at Tobar dhearg was built up in stone in the same years
LEFT	eras/age_III/book/40_of_the_last_quiet_years.md:42	the Keeper	(no "the" before it)	|	It was Catrìona nic Mhuirich, Keeper of the flame in those years and the las
LEFT	eras/age_III/book/40_of_the_last_quiet_years.md:42	the red hall	(no "the" before it)	|	uld never be called on to answer for. A red hall, she told the Four Houses, was no busin
LEFT	eras/age_III/book/40_of_the_last_quiet_years.md:46	the Keeper	(no "the" before it)	|	ing of her own twenty-fourth year, as a Keeper had set it in Gilleasbuig Mòr's hands f
LEFT	eras/age_III/book/40_of_the_last_quiet_years.md:52	the Keepers	(no "the" before it)	|	ts foot: one hundred and forty names of Keepers from Beathag Bhàn to Catrìona nic Mhuir
LEFT	eras/age_III/book/40_of_the_last_quiet_years.md:72	the Keeper	(no "the" before it)	|	ng on a journey neither she nor the old Keeper who had asked for it had yet troubled t
LEFT	eras/age_III/gazetteer/01_the_valley_and_the_red_share.json:315.history	the Keeper	(no "the" before it)	|	l-Burning Law here, and from here every Keeper after him sent cutters to try each hear
LEFT	eras/age_III/gazetteer/01_the_valley_and_the_red_share.json:209.history	the Keeper	(no "the" before it)	|	rolls record. No war touched it, and no Keeper's cutter found cause to write of it. Its 
LEFT	eras/age_III/gazetteer/01_the_valley_and_the_red_share.json:197.history	the eastern share	(no "the" before it)	|	 the island. Cormac mac Ailein held his eastern share from here and died here. It was a woman
LEFT	eras/age_III/gazetteer/01_the_valley_and_the_red_share.json:398.known_for	the Keeper	(no "the" before it)	|	the beacon and the blind Keeper's ruling
LEFT	eras/age_III/gazetteer/01_the_valley_and_the_red_share.json:229.history	the Keepers	(no "the" before it)	|	Keepers of the hot springs founded the town six
LEFT	eras/age_III/gazetteer/02_silver_graves_and_the_eastern_houses.json:432.history	the Keeper	(no "the" before it)	|	nds Tuam Cnoc dhìreach, where the blind Keeper Fionnlagh Dall was laid in FE 184. His 
LEFT	eras/age_III/gazetteer/02_silver_graves_and_the_eastern_houses.json:432.known_for	the Keeper	(no "the" before it)	|	the blind Keeper's tomb and its keepers
LEFT	eras/age_III/gazetteer/02_silver_graves_and_the_eastern_houses.json:18.history	the Keeper	(no "the" before it)	|	each Mòr mac Tormoid, the house's first Keeper, came from Seann Dunn and kept the flam
LEFT	eras/age_III/gazetteer/05_the_coasts_and_the_eastern_hills.json:462.history	the Keeper	(no "the" before it)	|	The blind Keeper Fionnlagh Dall was laid in FE 184 in th
LEFT	eras/age_III/gazetteer/05_the_coasts_and_the_eastern_hills.json:462.known_for	the Keeper	(no "the" before it)	|	the blind Keeper's burying-ground, and the carriers' cloth
LEFT	eras/age_III/appendices/A_heirs_keepers_rulers.md:5	the long years	(no "the" before it)	|	 twenty-six years old. His children had long years from him, and every generation after th
LEFT	eras/age_III/appendices/A_heirs_keepers_rulers.md:9	the nine great shares	(no "the" before it)	|	d argued through the winter. There were nine great shares for the nine eldest lines with living h
LEFT	eras/age_III/appendices/A_heirs_keepers_rulers.md:43	the Keeper	(no "the" before it)	|	| Keeper | House | Kept the flame | Age at takin
LEFT	eras/age_III/appendices/A_heirs_keepers_rulers.md:63	the Keeper	(no "the" before it)	|	each. **Eilidh nic Ìomhair**, the first Keeper chosen outside the house of Muireach, b
LEFT	eras/age_III/appendices/A_heirs_keepers_rulers.md:63	the Hall	(no "the" before it)	|	 heard the Silver Feud in the rain-shut Hall. **Raonaid Dhubh** made the shared-meal
LEFT	eras/age_III/appendices/A_heirs_keepers_rulers.md:63	the Keeper	(no "the" before it)	|	ann Bàn, the first law made by rìgh and Keeper together. **Seumas Bàn** counted his ow
LEFT	eras/age_III/appendices/B_flame_and_companies.md:43	the boundary stones	(no "the" before it)	|	efore Fearchar Òg and Calum Liath, with boundary stones cut in stag-letters. The wood-watchers 
LEFT	eras/age_III/appendices/C_reckoning_of_the_halls_years.md:11	the quarter-days	(no "the" before it)	|	nder the Hall's walls met on those four quarter-days, and the Lùnastal fair at Muileann òg t
LEFT	eras/age_III/appendices/C_reckoning_of_the_halls_years.md:21	the Keepers	(no "the" before it)	|	 from the Keepers' roll, taking so many Keepers to a hundred years. That served until s
LEFT	eras/age_III/appendices/C_reckoning_of_the_halls_years.md:49	the Keeper	(no "the" before it)	|	 is thin, as in the silent years when a Keeper is named with only the length of her ke
LEFT	eras/age_III/appendices/D_shares_provinces_stones.md:3	the nine great shares	(no "the" before it)	|	ong themselves. Within two years it had nine great shares, a Red Share, a portion of the dead, fo
LEFT	eras/age_III/appendices/D_shares_provinces_stones.md:3	the Red Share	(after "a")	|	n two years it had nine great shares, a Red Share, a portion of the dead, forty-four coun
LEFT	eras/age_III/appendices/D_shares_provinces_stones.md:3	the portion of the dead	(no "the" before it)	|	t had nine great shares, a Red Share, a portion of the dead, forty-four countries and a hundred and
LEFT	eras/age_III/appendices/E_roads_houses_bridges_measures.md:26	the Keeper	(no "the" before it)	|	e oldest law on the island that neither Keeper nor lord made, and it held through the 
LEFT	eras/age_III/appendices/E_roads_houses_bridges_measures.md:26	the strife of the heirs	(no "the" before it)	|	lord made, and it held through the long strife of the heirs. The hearth-sign token let a carrier on
LEFT	eras/age_III/appendices/E_roads_houses_bridges_measures.md:40	the Stone	(no "the" before it)	|	Stone crossings began to join the mining path
# run 2026-09-26 02:07: 341 changes, 284 left
CHANGE	eras/age_III/events/02.json:$.summary	the Mason's line	->	Clann a' Chlachair	|	und on the slope facing the vein; the reciters of the Mason's line, following Seathan Crom of Cl
CHANGE	eras/age_III/events/03.json:$.summary	the Mason's line	->	Clann a' Chlachair	|	re of their hut in a covered pot. The reciters of the Mason's line hold that it came down from t
CHANGE	eras/age_III/events/03.json:$.summary	the mason's fire	->	Teine a' Chlachair	|	s of the Mason's line hold that it came down from the mason's fire; the keepers say only that it
CHANGE	eras/age_III/events/03.json:$.title	the First Flame	->	A' Chiad Lasair	|	Gille-Brìde carries a coal of the First Flame home
CHANGE	eras/age_III/events/03.json:$.summary	the Binding	->	An Ceangal	|	omhairle comes down from the high valleys, swears the Binding last of the king's blood, and
CHANGE	eras/age_III/events/03.json:$.summary	the Binding	->	An Ceangal	|	After the Binding the First Flame is kept in th
CHANGE	eras/age_III/events/03.json:$.summary	the First Flame	->	A' Chiad Lasair	|	After the Binding the First Flame is kept in the keepers' hut o
CHANGE	eras/age_III/events/03.json:$.summary	the coloured coal	->	an gual dathach	|	athering-house at Dùn ìseal, fed with a little of the coloured coal each night.
CHANGE	eras/age_III/events/04.json:master_links.note	the portion of the dead	->	Cuid nam Marbh	|	the portion of the dead
CHANGE	eras/age_III/events/04.json:$.summary	the cord of the heirs	->	Sreang nan Oighrean	|	On the eleventh evening the cord of the heirs, Sreang nan Oighrean, is laid
CHANGE	eras/age_III/events/04.json:$.summary	(appositive)	->	Sreang nan Oighrean	|	dropped the English gloss beside Sreang nan Oighrean
CHANGE	eras/age_III/events/05.json:$.summary	the parting of the kingdom	->	Roinn na Rìoghachd	|	s' quarrel sorts itself into four rival rules for the parting of the kingdom: the eldest to hold and feed 
CHANGE	eras/age_III/events/05.json:$.title	the Red Share	->	an Earrann Dhearg	|	Four lines protest the Red Share
CHANGE	eras/age_III/events/05.json:$.summary	the salt shore	->	Tràigh an t-Salainn	|	Ailein of the western shore, Artair mac Ailein of the salt shore and Cormac mac Ailein of the 
CHANGE	eras/age_III/events/05.json:$.summary	the nine great shares	->	na h-Earrannan Mòra	|	 and Cormac mac Ailein of the east, agree to hold the nine great shares, with the portion of the dead
CHANGE	eras/age_III/events/05.json:$.summary	the portion of the dead	->	Cuid nam Marbh	|	e east, agree to hold the nine great shares, with the portion of the dead set out of all nine and the R
CHANGE	eras/age_III/events/05.json:$.summary	the Red Share	->	an Earrann Dhearg	|	h the portion of the dead set out of all nine and the Red Share of Ìomhar Dearg let stand.
CHANGE	eras/age_III/events/05.json:$.summary	the cord of the heirs	->	Sreang nan Oighrean	|	The nine lines agree that the cord of the heirs shall be laid on the gatherin
CHANGE	eras/age_III/events/05.json:$.summary	the night of the handful	->	Oidhche an Dòrlaich	|	ng-house floor again and cut into nine lengths at the night of the handful, with the clause against the 
CHANGE	eras/age_III/events/05.json:$.summary	the Hall's	->	Talla na Lasrach's	|	 clause against the name of rìgh and the peace of the Hall's ground sworn once before the 
CHANGE	eras/age_III/events/06.json:$.title	The cord of the heirs	->	Sreang nan Oighrean	|	The cord of the heirs laid twice round the gatherin
CHANGE	eras/age_III/events/06.json:$.summary	the cord of the heirs	->	Sreang nan Oighrean	|	On Oidhche an Dòrlaich the keepers bring the cord of the heirs down from its chest and lay i
CHANGE	eras/age_III/events/06.json:$.summary	the great share of the north	->	Earrann Mhurchaidh	|	 exactly where he had long meant to, and takes up the great share of the north, from Baile Mòr mhòr to the h
CHANGE	eras/age_III/events/06.json:$.summary	the salt shore	->	Tràigh an t-Salainn	|	Ciorstaidh of the salt shore, whose knot is cut through by
CHANGE	eras/age_III/events/06.json:$.title	The western share	->	Earrann Ros dhomhain	|	The western share sworn to Fionnghal nic Ailein
CHANGE	eras/age_III/events/06.json:$.summary	the western share	->	Earrann Ros dhomhain	|	ilein cuts her length of the cord clean and takes the western share, with its seat on the harbour
CHANGE	eras/age_III/events/06.json:$.title	The salt shore	->	Tràigh an t-Salainn	|	The salt shore sworn to Artair mac Ailein
CHANGE	eras/age_III/events/06.json:$.summary	the share of the salt shore	->	Earrann Baile ghorm	|	o had argued least of the nine that summer, takes the share of the salt shore, seated at the western Baile 
CHANGE	eras/age_III/events/06.json:$.title	The eastern share	->	Earrann Caol shean	|	The eastern share sworn to Cormac mac Ailein
CHANGE	eras/age_III/events/06.json:$.summary	the eastern share	->	Earrann Caol shean	|	Cormac mac Ailein takes the eastern share, seated at Caol shean, in whi
CHANGE	eras/age_III/events/06.json:$.summary	the Hawk bay	->	Bàgh an t-Seabhaig	|	hearg, and Tadhg mac Ailein the Abhainn ìseal and the Hawk bay at Cnoc bheag.
CHANGE	eras/age_III/events/06.json:$.title	The cord of the heirs	->	Sreang nan Oighrean	|	The cord of the heirs lies in nine pieces
CHANGE	eras/age_III/events/06.json:$.title	The Red Hill	->	An Cnoc Ruadh	|	The Red Hill declares itself sworn to nobo
CHANGE	eras/age_III/events/06.json:$.summary	the Red Hill	->	An Cnoc Ruadh	|	The holder of the Red Hill, whose line had sworn to Aile
CHANGE	eras/age_III/events/06.json:$.summary	the night of the handful	->	Oidhche an Dòrlaich	|	Mòr alone and to no lord of a share, stands up on the night of the handful and says his oath died with t
CHANGE	eras/age_III/events/06.json:$.summary	the Red Hill	->	An Cnoc Ruadh	|	ul and says his oath died with the king, and that the Red Hill is that night sworn to nobody
CHANGE	eras/age_III/events/06.json:$.title	the Red Hill	->	An Cnoc Ruadh	|	Three great shares claim the Red Hill
CHANGE	eras/age_III/events/06.json:$.summary	Red Hill	->	An Cnoc Ruadh	|	ne cross the floor at once to claim the ownerless Red Hill. None yields, and none of the
CHANGE	eras/age_III/events/06.json:$.title	The Hall's	->	Talla na Lasrach's	|	The Hall's ground confirmed in no share
CHANGE	eras/age_III/events/06.json:$.summary	the night of the handful	->	Oidhche an Dòrlaich	|	Aodh Crom reminds the nine, on the night of the handful, that the hill of the slab an
CHANGE	eras/age_III/events/06.json:$.summary	the Binding	->	An Ceangal	|	lked by the keepers, lie in no share, as sworn at the Binding, and are not to be argued afr
CHANGE	eras/age_III/events/07.json:$.title	The boundary stones	->	Clachan-crìche	|	The boundary stones cut and set along the Roinn
CHANGE	eras/age_III/events/07.json:$.title	the Roinn	->	Roinn na Rìoghachd	|	The boundary stones cut and set along the Roinn
CHANGE	eras/age_III/events/07.json:$.summary	the Red Share	->	an Earrann Dhearg	|	No steward of the north or of the Red Share will yield Dùn thais to the o
CHANGE	eras/age_III/events/07.json:$.summary	the Red Share	->	an Earrann Dhearg	|	d another on the south bank, cut with the sign of the Red Share, and leave the hill itself be
CHANGE	eras/age_III/events/07.json:$.summary	the Red Share	->	an Earrann Dhearg	|	 on the northern slope above Dùn thais belongs to the Red Share, stone or no stone, and that 
CHANGE	eras/age_III/events/07.json:$.summary	the nine great shares	->	na h-Earrannan Mòra	|	Under each of the nine great shares the households sworn to it ar
CHANGE	eras/age_III/events/07.json:$.summary	the Roinn	->	Roinn na Rìoghachd	|	 pond, and the miller, who built the wheel before the Roinn was thought of, takes to payi
CHANGE	eras/age_III/events/07.json:$.title	The knot-keepers	->	Luchd nan Snaidhm	|	The knot-keepers count forty-four countries
CHANGE	eras/age_III/events/07.json:$.summary	the knot-keepers	->	Luchd nan Snaidhm	|	he boundaries themselves with cords of their own, the knot-keepers of Dùn ìseal come to a count 
CHANGE	eras/age_III/events/07.json:$.summary	the nine great shares	->	na h-Earrannan Mòra	|	eal come to a count of forty-four countries under the nine great shares, a count that holds for a sea
CHANGE	eras/age_III/events/07.json:$.summary	The knot-keepers	->	Luchd nan Snaidhm	|	The knot-keepers count a hundred and thirty-on
CHANGE	eras/age_III/events/07.json:$.summary	the eastern share	->	Earrann Caol shean	|	ar, though even as it is counted two provinces of the eastern share split into three over a fishi
CHANGE	eras/age_III/events/07.json:$.title	The knot-keepers	->	Luchd nan Snaidhm	|	The knot-keepers give up the count at the coun
CHANGE	eras/age_III/events/07.json:$.title	the Hall's	->	Talla na Lasrach's	|	A boundary quarrel brought to the Hall's ground
CHANGE	eras/age_III/events/07.json:$.summary	the Red Share	->	an Earrann Dhearg	|	Stewards of the Red Share and the great share of the no
CHANGE	eras/age_III/events/07.json:$.summary	the great share of the north	->	Earrann Mhurchaidh	|	Stewards of the Red Share and the great share of the north, come to lay a raid and a cat
CHANGE	eras/age_III/events/08.json:$.summary	the Hall	->	Talla na Lasrach	|	om the cairns above Cnoc ghlas, the sign by which the Hall judges when a gallery may saf
CHANGE	eras/age_III/events/08.json:$.summary	the nine hearths	->	Na Naoi Teallaichean	|	, a boy of the northern district, is the first of the nine hearths sent up to sit a season with 
CHANGE	eras/age_III/events/08.json:$.summary	the Hall's	->	Talla na Lasrach's	|	Niall Òg climbs to the Hall's ground alone and offers Beath
CHANGE	eras/age_III/events/08.json:$.title	The nine hearths	->	Na Naoi Teallaichean	|	The nine hearths raise the hall's walls
CHANGE	eras/age_III/events/08.json:$.summary	the Hall's	->	Talla na Lasrach's	|	At Samhain on the Hall's ground, Ruairidh Glas, who ki
CHANGE	eras/age_III/events/09.json:$.summary	the eastern share	->	Earrann Caol shean	|	Asked by a walker of the eastern share what the households call the 
CHANGE	eras/age_III/events/09.json:$.summary	the Hall	->	Talla na Lasrach	|	and the silence kept on the ridge, old Beitris of the Hall answers for them: Seann Spior
CHANGE	eras/age_III/events/09.json:$.summary	the Hall	->	Talla na Lasrach	|	ried flint enough. His mother carries him down to the Hall herself rather than risk the 
CHANGE	eras/age_III/events/09.json:$.title	The Hall's	->	Talla na Lasrach's	|	The Hall's hearth opened to the Doire ua
CHANGE	eras/age_III/events/09.json:$.summary	the Keeper's	->	Coimheadaiche na Lasrach's	|	 may bring a sick child or a frost-bitten hand to the Keeper's own hearth at Dùn ìseal, the 
CHANGE	eras/age_III/events/09.json:$.title	the temple ruin	->	Làrach an Teampaill	|	Beathag Bhàn walks alone to the temple ruin
CHANGE	eras/age_III/events/09.json:$.summary	the temple ruin	->	Làrach an Teampaill	|	After argument over whether the temple ruin should be cleared and watched
CHANGE	eras/age_III/events/09.json:$.summary	The nine hearths	->	Na Naoi Teallaichean	|	The nine hearths gather within the week and na
CHANGE	eras/age_III/events/09.json:$.summary	the Hall	->	Talla na Lasrach	|	to Aodh Crom's own, and he carries the flame into the Hall that same evening.
CHANGE	eras/age_III/events/10.json:$.summary	the nine hearths	->	Na Naoi Teallaichean	|	Muireach Liath asks the nine hearths for a common measure, a lidde
CHANGE	eras/age_III/events/10.json:$.summary	the Hall's	->	Talla na Lasrach's	|	am running off the vein's own mountain belongs to the Hall's reckoning. His answer, given 
CHANGE	eras/age_III/events/10.json:$.summary	the warm springs	->	Fuarain Theth Muileann ruadh	|	In his fourth year Muireach Liath goes up to the warm springs himself rather than let the h
CHANGE	eras/age_III/events/10.json:$.summary	the First Flame	->	A' Chiad Lasair	|	-Brìde of Somhairle's line, who carried a coal of the First Flame home from the Binding and ask
CHANGE	eras/age_III/events/10.json:$.summary	the Binding	->	An Ceangal	|	, who carried a coal of the First Flame home from the Binding and asked for nothing since, 
CHANGE	eras/age_III/events/10.json:$.summary	the First Flame	->	A' Chiad Lasair	|	rìde takes up his father's hearth and the coal of the First Flame kept on it, changing nothing 
CHANGE	eras/age_III/events/10.json:$.summary	the great share of the north	->	Earrann Mhurchaidh	|	òr's eleven sons, none by the same mother, divide the great share of the north among themselves with a knife
CHANGE	eras/age_III/events/10.json:$.title	the Red Share's	->	an Earrann Dhearg's	|	Eachann Ruadh raids the Red Share's cattle
CHANGE	eras/age_III/events/10.json:$.summary	the boundary stones	->	Clachan-crìche	|	Eachann Ruadh rides a dozen men across the boundary stones into the Red Share's northern
CHANGE	eras/age_III/events/10.json:$.summary	the Red Share's	->	an Earrann Dhearg's	|	rides a dozen men across the boundary stones into the Red Share's northern grazing and drives o
CHANGE	eras/age_III/events/10.json:$.title	the Hall's	->	Talla na Lasrach's	|	Muireach refuses the Hall's ground to the cattle
CHANGE	eras/age_III/events/10.json:$.summary	the Red Share's	->	an Earrann Dhearg's	|	Asked to shelter the Red Share's recovered cattle on the Hall'
CHANGE	eras/age_III/events/10.json:$.summary	the Hall's	->	Talla na Lasrach's	|	ed to shelter the Red Share's recovered cattle on the Hall's own ground, Muireach Liath re
CHANGE	eras/age_III/events/11.json:$.summary	the Hall	->	Talla na Lasrach	|	 the vein's fires, builds his own fire apart from the Hall on the spur where the stone w
CHANGE	eras/age_III/events/11.json:$.summary	the Hall	->	Talla na Lasrach	|	 metal in Fearchar's hand that answers to no fire the Hall has ever kept.
CHANGE	eras/age_III/events/11.json:$.summary	the Hall	->	Talla na Lasrach	|	 the break as a coal always shows, and rules that the Hall has no claim on a thing that 
CHANGE	eras/age_III/events/11.json:$.title	the eastern share	->	Earrann Caol shean	|	Two cousins of the eastern share claim the silver ground
CHANGE	eras/age_III/events/11.json:$.summary	the First Flame	->	A' Chiad Lasair	|	Ceallach, who has kept the coal of the First Flame in the high valleys since his
CHANGE	eras/age_III/events/11.json:$.summary	the long years	->	na Bliadhnachan Fada	|	d and forty, the last of Somhairle's line in whom the long years still showed. His household c
CHANGE	eras/age_III/events/11.json:$.summary	the Hall's	->	Talla na Lasrach's	|	ll showed. His household carries the coal down to the Hall's own flame; his children leave
CHANGE	eras/age_III/events/11.json:$.summary	the nine hearths	->	Na Naoi Teallaichean	|	On Muireach Liath's death the nine hearths weigh three households' candi
CHANGE	eras/age_III/events/12.json:$.title	the holy wood	->	Coille Naomh Muileann chiar	|	Sìleas withdraws to the holy wood
CHANGE	eras/age_III/events/12.json:$.summary	the Red Share's	->	an Earrann Dhearg's	|	Riding to see a moved boundary stone on the Red Share's northern march, Ìomhar Dearg 
CHANGE	eras/age_III/events/12.json:$.title	The Red Share	->	An Earrann Dhearg	|	The Red Share held whole under Dùghall Dear
CHANGE	eras/age_III/events/12.json:$.summary	the Red Share	->	an Earrann Dhearg	|	Dùghall Dearg mac Ìomhair takes up the Red Share entire the week his father is
CHANGE	eras/age_III/events/12.json:$.title	the Hall's	->	Talla na Lasrach's	|	Eachann Ruadh flees to the Hall's ground
CHANGE	eras/age_III/events/12.json:$.summary	the Hall of the Flame	->	Talla na Lasrach	|	ough the night from the ford to the ground before the Hall of the Flame, throws down his second spear
CHANGE	eras/age_III/events/12.json:$.summary	the Keeper's	->	Coimheadaiche na Lasrach's	|	pear, and sits within sight of Brìde's fire until the Keeper's cutters come out to him, aski
CHANGE	eras/age_III/events/12.json:$.title	the Hall's	->	Talla na Lasrach's	|	Gormshuil rules the Hall's ground holds even a killer
CHANGE	eras/age_III/events/12.json:$.summary	the Hall's	->	Talla na Lasrach's	|	pear may follow Eachann Ruadh mac Mhurchaidh past the Hall's boundary stone, though what w
CHANGE	eras/age_III/events/12.json:$.summary	the Hall's	->	Talla na Lasrach's	|	 raise a hut at the ground's edge to cut turf for the Hall's own fires.
CHANGE	eras/age_III/events/12.json:$.summary	the Hall	->	Talla na Lasrach	|	ome from a season's loan to Muileann chiar, tells the Hall in passing that the eastern c
CHANGE	eras/age_III/events/13.json:$.summary	the Hall	->	Talla na Lasrach	|	or thirty-eight years, dies in the small room off the Hall at the age of eighty-seven, h
CHANGE	eras/age_III/events/13.json:$.summary	The nine hearths	->	Na Naoi Teallaichean	|	The nine hearths choose Fionnlagh, blind since
CHANGE	eras/age_III/events/13.json:$.summary	the Hall	->	Talla na Lasrach	|	A boy of ten who has followed Fionnlagh about the Hall since he could walk is brough
CHANGE	eras/age_III/events/13.json:$.summary	the Hall	->	Talla na Lasrach	|	Rather than keep the new cup within the Hall where a favoured keeper's han
CHANGE	eras/age_III/events/13.json:$.title	the Small-Burning Law	->	Lagh an Loscaidh Bhig	|	The lords swear the Small-Burning Law
CHANGE	eras/age_III/events/13.json:$.summary	the first law	->	Lagh an Loscaidh Bhig	|	each laying a hand on the stone cup itself. It is the first law the island has ever kept the 
CHANGE	eras/age_III/events/13.json:$.summary	the Small-Burning Law	->	Lagh an Loscaidh Bhig	|	e its dried fish and is the first sentenced under the Small-Burning Law: it loses its right to the co
CHANGE	eras/age_III/events/13.json:$.title	the beacon at Tobar dhearg	->	Taigh-solais Tobar dhearg	|	The question of the beacon at Tobar dhearg
CHANGE	eras/age_III/events/13.json:$.summary	The beacon at Tobar dhearg	->	Taigh-solais Tobar dhearg	|	 and to no boat that might never touch its shore. The beacon at Tobar dhearg is kept after with driftwood 
CHANGE	eras/age_III/events/14.json:$.summary	the nine hearths	->	Na Naoi Teallaichean	|	The council at Dùn ìseal asks the nine hearths' cutters whether any will cut
CHANGE	eras/age_III/events/14.json:$.summary	the Hall	->	Talla na Lasrach	|	ideways on bare rock have turned more ankles than the Hall has troubled to count. Ailean
CHANGE	eras/age_III/events/14.json:$.summary	the Hall's	->	Talla na Lasrach's	|	A party of eleven carriers bound south with the Hall's baskets crosses the ford of t
CHANGE	eras/age_III/events/14.json:$.title	The Hall	->	Talla na Lasrach	|	The Hall sets the names of the drowned
CHANGE	eras/age_III/events/14.json:$.summary	the salt shore	->	Tràigh an t-Salainn	|	 and a boy the roll gives only as young Tormod of the salt shore, who went on the crossing in 
CHANGE	eras/age_III/events/14.json:$.summary	the Hall	->	Talla na Lasrach	|	e drowning make a joke of their own grief, saying the Hall mourns its coal along with it
CHANGE	eras/age_III/events/14.json:$.title	the nine hearths	->	Na Naoi Teallaichean	|	Ailean gathers the forty of the nine hearths
CHANGE	eras/age_III/events/14.json:$.summary	the nine hearths	->	Na Naoi Teallaichean	|	winter Ailean draws forty cutters and masons from the nine hearths, none of whom has ever cut an
CHANGE	eras/age_III/events/14.json:$.summary	the Hall's	->	Talla na Lasrach's	|	his own upriver of the western span. A carrier of the Hall's baskets, reaching it after da
CHANGE	eras/age_III/events/15.json:$.title	The road-peace	->	Sìth an Rathaid	|	The road-peace kept as custom
CHANGE	eras/age_III/events/15.json:$.summary	the nine hearths	->	Na Naoi Teallaichean	|	Fishers of the nine hearths find old house-footings above
CHANGE	eras/age_III/events/15.json:$.summary	the Keepers	->	Coimheadaichean na Lasrach	|	Dall tells Calum Beag he wishes to be laid not on the Keepers' own slope but in the unclaim
CHANGE	eras/age_III/events/15.json:$.summary	The Keepers	->	Coimheadaichean na Lasrach	|	urial there any living hand has set down by name. The Keepers hallow the ground that same s
CHANGE	eras/age_III/events/15.json:$.summary	the Hall's	->	Talla na Lasrach's	|	 passes from belonging to no one to belonging, by the Hall's own reckoning, to everyone.
CHANGE	eras/age_III/events/15.json:$.summary	the Hall	->	Talla na Lasrach	|	ttle by Tuam Cnoc dhìreach to tend the grave, and the Hall pays them one measured handfu
CHANGE	eras/age_III/events/15.json:$.summary	the Small-Burning Law	->	Lagh an Loscaidh Bhig	|	d handful of coal each a season, the only service the Small-Burning Law is ever known to reward in co
CHANGE	eras/age_III/events/16.json:$.summary	the western share	->	Earrann Ros dhomhain	|	At a mason's wedding on the western share, Griogair mac Lachlainn of Sl
CHANGE	eras/age_III/events/16.json:$.summary	the western share's	->	Earrann Ros dhomhain's	|	d for the insult at Ros dhomhain. A barn burns on the western share's ground within the season in a
CHANGE	eras/age_III/events/16.json:$.summary	The nine hearths	->	Na Naoi Teallaichean	|	The nine hearths choose Eimhir nic Mhuirich, o
CHANGE	eras/age_III/events/16.json:$.summary	the Hall	->	Talla na Lasrach	|	lready, to keep the flame at Dùn ìseal. She holds the Hall to its measure through the wi
CHANGE	eras/age_III/events/16.json:$.title	the Hall's	->	Talla na Lasrach's	|	Tormod mac Ruairidh asks the Hall's blessing on a raid
CHANGE	eras/age_III/events/16.json:$.summary	the Hall	->	Talla na Lasrach	|	eance. She hears him out and refuses, telling him the Hall keeps coal and not grudges, a
CHANGE	eras/age_III/events/16.json:$.summary	the western share	->	Earrann Ros dhomhain	|	 nic Ailein, daughter of Ailean Mòr and holder of the western share since the age's early years, 
CHANGE	eras/age_III/events/16.json:$.summary	The nine hearths	->	Na Naoi Teallaichean	|	 the quarrel's own principals kept their tempers. The nine hearths choose a younger Keeper who h
CHANGE	eras/age_III/events/16.json:$.summary	the salt shore	->	Tràigh an t-Salainn	|	rtair mac Ailein, son of Ailean Mòr and holder of the salt shore at Baile ghorm, dies at his o
CHANGE	eras/age_III/events/16.json:$.summary	the eastern share	->	Earrann Caol shean	|	ormac mac Ailein, son of Ailean Mòr and holder of the eastern share at Caol shean, dies some two 
CHANGE	eras/age_III/events/16.json:$.summary	the Red Share	->	an Earrann Dhearg	|	 the king's kin. His own line, long at peace with the Red Share, takes no fresh quarrel from 
CHANGE	eras/age_III/events/17.json:$.title	The Keeper	->	Coimheadaiche na Lasrach	|	The Keeper before Eilidh dies at the cup
CHANGE	eras/age_III/events/17.json:$.summary	The Keeper	->	Coimheadaiche na Lasrach	|	The Keeper who held the flame after Eimh
CHANGE	eras/age_III/events/17.json:$.summary	the Hall	->	Talla na Lasrach	|	 the first time in living memory that any lamp in the Hall has been let go dark.
CHANGE	eras/age_III/events/17.json:$.summary	the nine hearths	->	Na Naoi Teallaichean	|	Two elders of the nine hearths walk from Dùn ìseal to Dùn dh
CHANGE	eras/age_III/events/17.json:$.summary	the Red Share's	->	an Earrann Dhearg's	|	aughter's granddaughter of Ìomhar Dearg who keeps the Red Share's granary rolls, whether she wo
CHANGE	eras/age_III/events/17.json:$.summary	the Binding's	->	An Ceangal's	|	sh to force the question of her own blood against the Binding's old rule.
CHANGE	eras/age_III/events/17.json:$.summary	the nine hearths	->	Na Naoi Teallaichean	|	For the better part of a year after the nine hearths choose Eilidh, Sliochd Mhuiri
CHANGE	eras/age_III/events/17.json:$.summary	the Binding's	->	An Ceangal's	|	y some thread of the king's blood by now, so that the Binding's old rule has become a rule ag
CHANGE	eras/age_III/events/17.json:$.summary	the Hall's	->	Talla na Lasrach's	|	The eldest of Sliochd Mhuirich comes to the Hall's threshold and offers a single
CHANGE	eras/age_III/events/17.json:$.summary	the nine hearths	->	Na Naoi Teallaichean	|	Eilidh nic Ìomhair swears before the nine hearths that the stone cup will never
CHANGE	eras/age_III/events/17.json:$.summary	the nine hearths	->	Na Naoi Teallaichean	|	At a gathering of the nine hearths, the eldest of Sliochd Thormo
CHANGE	eras/age_III/events/17.json:$.summary	the Keeper's	->	Coimheadaiche na Lasrach's	|	 as the ground of the house's claim to a voice in the Keeper's office.
CHANGE	eras/age_III/events/17.json:$.summary	the nine hearths	->	Na Naoi Teallaichean	|	Eilidh nic Ìomhair puts to the nine hearths that the Keeper's office be b
CHANGE	eras/age_III/events/17.json:$.summary	the Keeper's	->	Coimheadaiche na Lasrach's	|	Eilidh nic Ìomhair puts to the nine hearths that the Keeper's office be bound from that sea
CHANGE	eras/age_III/events/17.json:$.summary	the Law's	->	Lagh an Loscaidh Bhig's	|	 coal-lamp at Seann Dunn always burns fuller than the Law's measure allows, though no cut
CHANGE	eras/age_III/events/17.json:$.summary	the Small-Burning Law	->	Lagh an Loscaidh Bhig	|	t Seann Tarr, the very town first sentenced under the Small-Burning Law, keeps no galleries and cuts 
CHANGE	eras/age_III/events/18.json:$.summary	the Law	->	Lagh an Loscaidh Bhig	|	adh of Baile chrom is stripped of its right under the Law for a third offence, and goes
CHANGE	eras/age_III/events/19.json:$.summary	the four houses	->	Na Ceithir Taighean	|	In the month of Giblean, the four houses choose Coinneach Mòr mac Torm
CHANGE	eras/age_III/events/19.json:$.summary	the Roinn	->	Roinn na Rìoghachd	|	 refused for want of hearth-right cut in stone at the Roinn. He sits one courtesy season 
CHANGE	eras/age_III/events/19.json:$.summary	the four houses	->	Na Ceithir Taighean	|	f the plain to list every ruin standing on ground the four houses claim, ruling before they lea
CHANGE	eras/age_III/events/19.json:$.summary	the warm springs	->	Fuarain Theth Muileann ruadh	|	After a cousin of his own house is carried to the warm springs half dead of a wasting cough 
CHANGE	eras/age_III/events/19.json:$.summary	the house of Ìomhar's	->	Sliochd Ìomhair's	|	ng no child and no settled answer to which grant, the house of Ìomhar's or the line of Eithne's, shou
CHANGE	eras/age_III/events/19.json:$.summary	The house of Ìomhar	->	Sliochd Ìomhair	|	The house of Ìomhar claims Muireall's marriage-la
CHANGE	eras/age_III/events/20.json:$.summary	the Red Share	->	an Earrann Dhearg	|	A double-sworn household two valleys east chooses the Red Share and is burned to its field-wa
CHANGE	eras/age_III/events/20.json:$.summary	the Red Share's	->	an Earrann Dhearg's	|	 is burned within the year by both hosts in turn, the Red Share's riders taking the barn first 
CHANGE	eras/age_III/events/20.json:$.summary	the Red Share's	->	an Earrann Dhearg's	|	een years old when his company meets a company of the Red Share's riders on a narrow road and t
CHANGE	eras/age_III/events/20.json:$.title	The Red Share	->	An Earrann Dhearg	|	The Red Share presses its claim after the w
CHANGE	eras/age_III/events/20.json:$.summary	the Red Share	->	an Earrann Dhearg	|	With Torcall Donn dead, the Red Share presses its claim on Muireall
CHANGE	eras/age_III/events/20.json:$.summary	the Red Share's	->	an Earrann Dhearg's	|	In the heat of Lùnastal the Red Share's council and Cathair mhòr's bo
CHANGE	eras/age_III/events/21.json:$.summary	the Red Share	->	an Earrann Dhearg	|	Ruairidh Glas, holder of the Red Share at Dùn dhearg, sends word to 
CHANGE	eras/age_III/events/21.json:$.summary	the Red Share's	->	an Earrann Dhearg's	|	uairidh Glas that she will set foot in no hall of the Red Share's, as he will set foot in none 
CHANGE	eras/age_III/events/21.json:$.summary	the Roinn	->	Roinn na Rìoghachd	|	rly every other soul that remembers the valley of the Roinn, and who tells her, on the ro
CHANGE	eras/age_III/events/21.json:$.title	The Keeper	->	Coimheadaiche na Lasrach	|	The Keeper drafts and reads the terms of
CHANGE	eras/age_III/events/21.json:$.summary	the Keeper	->	Coimheadaiche na Lasrach	|	sts the other's clerks to write the terms fairly, the Keeper of the flame drafts the peace
CHANGE	eras/age_III/events/21.json:$.summary	the Peace of the Threshold	->	Sìth an Stairsnich	|	Swearing the Peace of the Threshold with his hand still on the st
CHANGE	eras/age_III/events/21.json:$.summary	the Peace	->	Sìth an Stairsnich	|	rter-day market held below Talla na Lasrach after the Peace draws little to sell, the hun
CHANGE	eras/age_III/events/21.json:$.summary	the Red Share	->	an Earrann Dhearg	|	households come only to watch whether a trader of the Red Share can stand at a stall beside o
CHANGE	eras/age_III/events/21.json:$.summary	the Peace	->	Sìth an Stairsnich	|	By the time of the spring sowing after the Peace, the boundary lines that had 
CHANGE	eras/age_III/events/22.json:$.title	The nine hearths	->	Na Naoi Teallaichean	|	The nine hearths raise Seonaid Chiar to the fl
CHANGE	eras/age_III/events/22.json:$.summary	The nine hearths	->	Na Naoi Teallaichean	|	The nine hearths of Dùn ìseal raise Seonaid Ch
CHANGE	eras/age_III/events/22.json:$.summary	the house of Muireach	->	Sliochd Mhuirich	|	 nine hearths of Dùn ìseal raise Seonaid Chiar of the house of Muireach to the flame at six-and-twent
CHANGE	eras/age_III/events/22.json:$.title	the Hall's	->	Talla na Lasrach's	|	ee teachers of Cnoc bhàn set an unlit lamp before the Hall's door
CHANGE	eras/age_III/events/22.json:$.summary	the Hall	->	Talla na Lasrach	|	 and swearing to ask nothing of the vein aloud if the Hall will stop asking whether they
CHANGE	eras/age_III/events/22.json:$.summary	the Hall's	->	Talla na Lasrach's	|	d load back, and, hearing neither had, tells them the Hall's grant is a right to carry and
CHANGE	eras/age_III/events/22.json:$.summary	the Red Share	->	an Earrann Dhearg	|	 hundred and ninth year, Ruairidh Glas, holder of the Red Share, asks unasked leave to climb 
CHANGE	eras/age_III/events/22.json:$.summary	the strife of the heirs	->	Aimhreit nan Oighrean	|	hais since the morning he shed the first blood of the strife of the heirs there. He outlives every soul
CHANGE	eras/age_III/events/22.json:$.summary	the Red Hill	->	An Cnoc Ruadh	|	 the ford where his grandfather's line first took the Red Hill.
CHANGE	eras/age_III/events/22.json:$.title	The Red Share	->	An Earrann Dhearg	|	The Red Share passes without a summons to t
CHANGE	eras/age_III/events/22.json:$.title	the Hall	->	Talla na Lasrach	|	The Red Share passes without a summons to the Hall
CHANGE	eras/age_III/events/22.json:$.summary	the Red Share	->	an Earrann Dhearg	|	Ruairidh Glas's son takes up the Red Share at Dùn dhearg without any sum
CHANGE	eras/age_III/events/22.json:$.summary	the Hall	->	Talla na Lasrach	|	he Red Share at Dùn dhearg without any summons to the Hall, as the Peace of the Threshol
CHANGE	eras/age_III/events/22.json:$.summary	the Peace of the Threshold	->	Sìth an Stairsnich	|	at Dùn dhearg without any summons to the Hall, as the Peace of the Threshold requires none where an heir i
CHANGE	eras/age_III/events/22.json:$.summary	the Hall's	->	Talla na Lasrach's	|	y strangely thin about naming this one, a silence the Hall's clerk lays to the household's
CHANGE	eras/age_III/events/22.json:$.title	the Hall's	->	Talla na Lasrach's	|	The four dead of the high gallery are buried on the Hall's own ground
CHANGE	eras/age_III/events/22.json:$.summary	the Hall's	->	Talla na Lasrach's	|	y falls at Dùn ìseal are carried up and buried on the Hall's own ground, the one ground on
CHANGE	eras/age_III/events/22.json:$.summary	the Hall	->	Talla na Lasrach	|	r orders timber props of oak set in every gallery the Hall works, the first timber the H
CHANGE	eras/age_III/events/22.json:$.summary	the Hall	->	Talla na Lasrach	|	in every gallery the Hall works, the first timber the Hall has ever spent on the mountai
CHANGE	eras/age_III/events/22.json:$.summary	The nine hearths	->	Na Naoi Teallaichean	|	ng held the flame the better part of six decades. The nine hearths that raised her young choose 
CHANGE	eras/age_III/events/22.json:$.title	the Law	->	Lagh an Loscaidh Bhig	|	Cathair dhomhain's shrine holds the Law to the grain
CHANGE	eras/age_III/events/22.json:$.summary	the Small-Burning Law	->	Lagh an Loscaidh Bhig	|	The new shrine at Cathair dhomhain keeps the Small-Burning Law to the very grain from its fo
CHANGE	eras/age_III/events/23.json:$.summary	the Peace of the Threshold	->	Sìth an Stairsnich	|	ing. Her county comes whole into the marriage, as the Peace of the Threshold allows, and Goraidh takes on 
CHANGE	eras/age_III/events/24.json:$.title	The golden house	->	An Taigh-seinnse Òir	|	The golden house opened free of toll
CHANGE	eras/age_III/events/24.json:$.summary	the golden house	->	An Taigh-seinnse Òir	|	em charged the toll. Carriers call the new timber the golden house before it has weathered, and 
CHANGE	eras/age_III/events/24.json:$.summary	the golden house's	->	An Taigh-seinnse Òir's	|	nd outside the hall, and Dòmhnall feeds them from the golden house's own stores.
CHANGE	eras/age_III/events/24.json:$.title	The Hall's	->	Talla na Lasrach's	|	The Hall's grain-carts reach Seann Chwen
CHANGE	eras/age_III/events/24.json:$.summary	the Keeper's	->	Coimheadaiche na Lasrach's	|	After the storm at Seann Chwen, the Keeper's grain-carts reach the ruined 
CHANGE	eras/age_III/events/25.json:$.summary	the holy wood	->	Coille Naomh Muileann chiar	|	from his father's holding to the stag's school in the holy wood east of Muileann chiar. Aongh
CHANGE	eras/age_III/events/25.json:$.summary	the night of the handful	->	Oidhche an Dòrlaich	|	ngs by the school's fire, telling pupils tales of the night of the handful. He asks, at the second eveni
CHANGE	eras/age_III/events/25.json:$.summary	the holy wood	->	Coille Naomh Muileann chiar	|	uicker with the knife than any pupil he taught in the holy wood.
CHANGE	eras/age_III/events/26.json:$.title	the Keeper's	->	Coimheadaiche na Lasrach's	|	Iain Garbh folds the Keeper's answer
CHANGE	eras/age_III/events/26.json:$.summary	the Hall's	->	Talla na Lasrach's	|	 it inside his coat, and never again sets foot on the Hall's ground.
CHANGE	eras/age_III/events/26.json:$.summary	the road-peace	->	Sìth an Rathaid	|	At the waypoint house on the road-peace, Lachlann Ciar tells Iain Gar
CHANGE	eras/age_III/events/27.json:$.summary	the Roinn	->	Roinn na Rìoghachd	|	lein, last living of the nine who cut the cord at the Roinn, the tale of Iain Garbh's war
CHANGE	eras/age_III/events/27.json:$.summary	the War of the Roads	->	Cogadh nan Rathad	|	Iain Garbh rules forty years past the end of the War of the Roads and never once goes up the mo
CHANGE	eras/age_III/events/27.json:$.summary	the Hall of the Flame	->	Talla na Lasrach	|	 coldness he had left between the rìgh's hall and the Hall of the Flame.
CHANGE	eras/age_III/events/27.json:$.title	the Hall	->	Talla na Lasrach	|	The rìgh's tithe sent again to the Hall
CHANGE	eras/age_III/events/27.json:$.summary	the Hall's	->	Talla na Lasrach's	|	rs that Cathair mhòr's own hall send its tithe to the Hall's handful again, unwaited-for, 
CHANGE	eras/age_III/events/27.json:$.title	The Keeper	->	Coimheadaiche na Lasrach	|	The Keeper keeps a place for the rìgh's 
CHANGE	eras/age_III/events/27.json:$.summary	the Keeper	->	Coimheadaiche na Lasrach	|	 returns each year at the turn of the season, and the Keeper comes to keep a place for him
CHANGE	eras/age_III/events/27.json:$.summary	the night of the handful	->	Oidhche an Dòrlaich	|	air mhòr, the last road he means to walk, so that the night of the handful should be told once more, to 
CHANGE	eras/age_III/events/27.json:$.summary	the night of the handful	->	Oidhche an Dòrlaich	|	 thousand years old, three days after telling her the night of the handful for what proves the last time
CHANGE	eras/age_III/events/27.json:$.summary	the Roinn	->	Roinn na Rìoghachd	|	e slope below Dùn ìseal, among the first heirs of the Roinn, though he was of no kin to h
CHANGE	eras/age_III/events/28.json:$.summary	the Hall	->	Talla na Lasrach	|	r the carriers crossing the pass; the miller pays the Hall in grain and the rìgh's toll 
CHANGE	eras/age_III/events/28.json:$.title	The Hall's	->	Talla na Lasrach's	|	The Hall's own roll for the same years
CHANGE	eras/age_III/events/28.json:$.summary	the king-list	->	Clàr nan Rìghrean	|	For the span the king-list gives eleven rulers, the Hall
CHANGE	eras/age_III/events/28.json:$.summary	the Hall's	->	Talla na Lasrach's	|	For the span the king-list gives eleven rulers, the Hall's spoken roll gives only five K
CHANGE	eras/age_III/events/28.json:$.title	the long years	->	na Bliadhnachan Fada	|	The last of the long years in the ruling line
CHANGE	eras/age_III/events/28.json:$.summary	the house of Ìomhar	->	Sliochd Ìomhair	|	The last ruler of the house of Ìomhar and Goraidh to carry any of t
CHANGE	eras/age_III/events/28.json:$.summary	the long years	->	na Bliadhnachan Fada	|	f the house of Ìomhar and Goraidh to carry any of the long years in his blood dies at a hundre
CHANGE	eras/age_III/events/28.json:$.title	the house of Tormod	->	Sliochd Thormoid	|	Tormod mac Iain born to the house of Tormod
CHANGE	eras/age_III/events/28.json:$.title	Tormod's roll	->	Clàr Thormoid	|	Tormod's roll finished
CHANGE	eras/age_III/events/28.json:$.title	The Hall	->	Talla na Lasrach	|	The Hall shamed into writing its own r
CHANGE	eras/age_III/events/28.json:$.summary	the written king-list	->	Clàr nan Rìghrean	|	Word of the written king-list reaches the blind Keeper on t
CHANGE	eras/age_III/events/28.json:$.summary	the Hall's	->	Talla na Lasrach's	|	in, who sits three days in silence and then tells the Hall's own reciters that a Hall out-
CHANGE	eras/age_III/events/28.json:$.summary	the Hall	->	Talla na Lasrach	|	ine who can read a knot without letters, comes to the Hall and unties the cord of the he
CHANGE	eras/age_III/events/28.json:$.summary	the cord of the heirs	->	Sreang nan Oighrean	|	not without letters, comes to the Hall and unties the cord of the heirs knot by knot over two days, n
CHANGE	eras/age_III/events/28.json:$.summary	the Hall	->	Talla na Lasrach	|	 coils it in the old way and lays it in the chest the Hall has made for it, telling the 
CHANGE	eras/age_III/events/29.json:$.summary	the house of Ìomhar	->	Sliochd Ìomhair	|	 and is carried up the mountain road to lie among the house of Ìomhar. Her son takes the hall after
CHANGE	eras/age_III/events/29.json:$.summary	the king-list	->	Clàr nan Rìghrean	|	After Ealasaid Chiar's son and granddaughter, the king-list Tormod began keeps no ruler's
CHANGE	eras/age_III/events/29.json:$.summary	The Keepers' roll	->	Clàr an Talla	|	uler's name for a span the reciters cannot close. The Keepers' roll at Dùn ìseal keeps its own co
CHANGE	eras/age_III/events/29.json:$.summary	its Keepers	->	Coimheadaichean na Lasrach	|	eeps its own count through the same years, naming its Keepers where the hall names none.
CHANGE	eras/age_III/events/29.json:$.title	The Hall's	->	Talla na Lasrach's	|	The Hall's clerks learn the stag-letters
CHANGE	eras/age_III/events/29.json:$.summary	the Hall at Dùn ìseal	->	Talla na Lasrach	|	n roll without borrowing another order's letters, the Hall at Dùn ìseal sets two of its own clerks to
CHANGE	eras/age_III/events/29.json:$.summary	the Hall	->	Talla na Lasrach	|	acher paid in coal for the winter. From that year the Hall keeps its roll in its own han
CHANGE	eras/age_III/events/29.json:$.summary	a Hall clerk	->	a clerk of Talla na Lasrach	|	ood-watchers by the people of Cathair dhearg, and a Hall clerk counting the season's coal is
CHANGE	eras/age_III/events/29.json:$.summary	the stag's people	->	Scoiltean nan Draoidhean	|	ver the cut tree, the teacher who first spoke for the stag's people dies of an ordinary winter co
CHANGE	eras/age_III/events/29.json:$.summary	the Keeper	->	Coimheadaiche na Lasrach	|	eal by his mother's hand and acknowledged heir by the Keeper of that year, the first claim
CHANGE	eras/age_III/events/29.json:$.summary	the Hall's	->	Talla na Lasrach's	|	 than the roll can say with certainty found worth the Hall's confidence.
CHANGE	eras/age_III/events/29.json:$.summary	the stag's people	->	Scoiltean nan Draoidhean	|	ar, and judges at once that the wood-watchers and the stag's people will share their silence fore
CHANGE	eras/age_III/events/30.json:$.body	The Keeper	->	Coimheadaiche na Lasrach	|	The Keeper Calum Liath gives every cutte
CHANGE	eras/age_III/events/30.json:$.body	the Hall's	->	Talla na Lasrach's	|	 cutter of Dùn ìseal a knotted cord and a lamp of the Hall's own oil, and sends them into 
CHANGE	eras/age_III/events/30.json:$.body	the Law's	->	Lagh an Loscaidh Bhig's	|	than cutting, the waypoint-keepers send less than the Law's full measure to households a 
CHANGE	eras/age_III/events/30.json:$.title	the Keeper	->	Coimheadaiche na Lasrach	|	A steward of the northern road questions the Keeper
CHANGE	eras/age_III/events/30.json:$.body	the Hall	->	Talla na Lasrach	|	A clerk of the Hall who learned her letters from 
CHANGE	eras/age_III/events/30.json:$.body	the Hall	->	Talla na Lasrach	|	ounting in short seasons, say nothing at all, and the Hall takes the silence for assent.
CHANGE	eras/age_III/events/30.json:$.body	the Hall	->	Talla na Lasrach	|	nds before the council at Dùn ìseal and asks what the Hall owes her son, sent into a gal
CHANGE	eras/age_III/events/30.json:$.body	the great shares	->	na h-Earrannan Mòra	|	The stewards of the great shares spend a first day laying blam
CHANGE	eras/age_III/events/30.json:$.title	the Hall's	->	Talla na Lasrach's	|	Calum Liath dies at the Hall's door
CHANGE	eras/age_III/events/30.json:$.body	The Keeper	->	Coimheadaiche na Lasrach	|	The Keeper Calum Liath dies by the doorw
CHANGE	eras/age_III/events/30.json:$.body	the Keepers	->	Coimheadaichean na Lasrach	|	 after it was cut, and is carried up to lie among the Keepers' own dead near the two youths
CHANGE	eras/age_III/events/30.json:$.body	The nine hearths	->	Na Naoi Teallaichean	|	The nine hearths choose Oighrig Bhàn, a woman 
CHANGE	eras/age_III/events/30.json:$.body	the Hall's	->	Talla na Lasrach's	|	In the Hall's own doorway Oighrig Bhàn bind
CHANGE	eras/age_III/events/30.json:$.body	the Hall	->	Talla na Lasrach	|	ding each apprentice to a master of the school as the Hall bound its own.
CHANGE	eras/age_III/events/30.json:$.body	the Hall	->	Talla na Lasrach	|	The teachers of Cnoc bhàn set a rule the Hall never made: that every bound 
CHANGE	eras/age_III/events/31.json:$.summary	the house of Ìomhar	->	Sliochd Ìomhair	|	air by his steward's grandson. He is buried among the house of Ìomhar after a reign of eighty-seven
CHANGE	eras/age_III/events/32.json:$.summary	the red hall	->	An Talla Dearg	|	mason Sìleas nan Clach of Cathair dhomhain raises the red hall at the bridge-foot through tw
CHANGE	eras/age_III/events/32.json:$.summary	the Red Share	->	an Earrann Dhearg	|	 own fish and buried its own drowned since before the Red Share held a single stone. Beathag 
CHANGE	eras/age_III/events/32.json:$.summary	The nine hearths	->	Na Naoi Teallaichean	|	The nine hearths choose Dùghall mac Raghnaill 
CHANGE	eras/age_III/events/32.json:$.title	the Keeper	->	Coimheadaiche na Lasrach	|	Beitris nic Ailein shames the Keeper into asking
CHANGE	eras/age_III/events/32.json:$.title	the Keeper	->	Coimheadaiche na Lasrach	|	The queen and the Keeper agree the count
CHANGE	eras/age_III/events/32.json:$.summary	the Small-Burning Law	->	Lagh an Loscaidh Bhig	|	o appeal, he answers that they burned peat before the Small-Burning Law was thought of and will burn 
CHANGE	eras/age_III/events/32.json:$.summary	the Small-Burning Law	->	Lagh an Loscaidh Bhig	|	rather than denied. The council rules against it: the Small-Burning Law protects a right already held
CHANGE	eras/age_III/events/32.json:$.summary	The Keeper	->	Coimheadaiche na Lasrach	|	ects a right already held, not one never claimed. The Keeper speaks neither for the argume
CHANGE	eras/age_III/events/32.json:$.summary	the house of Ìomhar	->	Sliochd Ìomhair	|	 is carried the length of the island to lie among the house of Ìomhar, the roll of the refused is b
CHANGE	eras/age_III/events/33.json:$.summary	the red hall	->	An Talla Dearg	|	Ruairidh Liath, grey since his cradle, takes the red hall in his thirty-sixth year, fiv
CHANGE	eras/age_III/events/33.json:$.summary	the Keeper's	->	Coimheadaiche na Lasrach's	|	ox of rings struck in Fearchar Òg's reign, to ask the Keeper's judgment on a right her house
CHANGE	eras/age_III/events/33.json:$.summary	the Hall	->	Talla na Lasrach	|	a right her house has never before brought before the Hall.
CHANGE	eras/age_III/events/33.json:$.summary	the red hall	->	An Talla Dearg	|	Ruairidh Liath dies in the red hall at Cathair dhearg in his eigh
CHANGE	eras/age_III/events/33.json:$.summary	the Hall's	->	Talla na Lasrach's	|	of her grandfather's silver settlement, she gives the Hall's clerks their own room and a w
CHANGE	eras/age_III/events/33.json:$.summary	the king-list	->	Clàr nan Rìghrean	|	s clerks their own room and a wage in silver, and the king-list begins to be kept year by yea
CHANGE	eras/age_III/events/34.json:$.title	the stag's people	->	Scoiltean nan Draoidhean	|	A teacher of the stag's people comes to Inis bheag
CHANGE	eras/age_III/events/34.json:$.summary	the stag's people	->	Scoiltean nan Draoidhean	|	A teacher of the stag's people, once a cutter's son, settles
CHANGE	eras/age_III/events/34.json:$.summary	The Hall's roll	->	Clàr an Talla	|	fisher-marks to children who will never cut coal. The Hall's roll notes the teaching and calls 
CHANGE	eras/age_III/events/34.json:$.summary	the Hall's	->	Talla na Lasrach's	|	s grave-marker in the fisher-marks rather than in the Hall's own hand, the first stone on 
CHANGE	eras/age_III/events/34.json:$.summary	the red hall's	->	An Talla Dearg's	|	earg a boy of Inis bheag, sent inland to serve in the red hall's stables, scratches a fisher's
CHANGE	eras/age_III/events/34.json:$.summary	the Hall's	->	Talla na Lasrach's	|	 and so learns the fisher-marks before she learns the Hall's own hand.
CHANGE	eras/age_III/events/34.json:$.summary	the red hall	->	An Talla Dearg	|	e willing to take the work. She keeps the roll of the red hall for four-and-forty years afte
CHANGE	eras/age_III/events/34.json:$.summary	the red hall	->	An Talla Dearg	|	n her own bed at seventy, having kept the roll of the red hall through a reign and the half 
CHANGE	eras/age_III/events/34.json:$.summary	the Hall's roll	->	Clàr an Talla	|	rom Cathair dhearg to set the dawn-hawk custom in the Hall's roll asks Raghnaid nic Chaluim why
CHANGE	eras/age_III/events/34.json:$.title	The Keeper	->	Coimheadaiche na Lasrach	|	The Keeper sends a clerk to see the dawn
CHANGE	eras/age_III/events/34.json:$.summary	the Keeper	->	Coimheadaiche na Lasrach	|	ssed by an uneasy household of the lowland plain, the Keeper of that season sends a clerk 
CHANGE	eras/age_III/events/34.json:$.title	The Hall	->	Talla na Lasrach	|	The Hall answers that the rite is no c
CHANGE	eras/age_III/events/34.json:$.summary	The Keeper	->	Coimheadaiche na Lasrach	|	The Keeper writes to the lowland househo
CHANGE	eras/age_III/events/34.json:$.summary	the Hall's	->	Talla na Lasrach's	|	te keeps the measure exactly and is no concern of the Hall's. It is the last time in the a
CHANGE	eras/age_III/events/34.json:$.summary	the Hall	->	Talla na Lasrach	|	ern of the Hall's. It is the last time in the age the Hall answers any rite so simply.
CHANGE	eras/age_III/events/34.json:$.title	The Hall's roll	->	Clàr an Talla	|	The Hall's roll outgrows the clerks' room
CHANGE	eras/age_III/events/35.json:$.title	the Keeper's	->	Coimheadaiche na Lasrach's	|	Raonaid Dhubh takes the Keeper's stool
CHANGE	eras/age_III/events/35.json:$.summary	the Keeper's	->	Coimheadaiche na Lasrach's	|	Raonaid Dhubh comes to the Keeper's own chest of clerks at twenty
CHANGE	eras/age_III/events/35.json:$.summary	the Keeper's	->	Coimheadaiche na Lasrach's	|	e than the diggers' road, kept long past any term the Keeper's sentence set.
CHANGE	eras/age_III/events/36.json:$.summary	the red hall	->	An Talla Dearg	|	Lachlann Bàn, come to the red hall in his twenty-sixth year, fin
CHANGE	eras/age_III/events/36.json:$.summary	the Keeper	->	Coimheadaiche na Lasrach	|	Lachlann Bàn climbs to Dùn ìseal to ask the Keeper Raonaid Dhubh to set the isla
CHANGE	eras/age_III/events/36.json:$.summary	the Hall at Dùn ìseal	->	Talla na Lasrach	|	baskets as the old toll fish once were packed for the Hall at Dùn ìseal.
CHANGE	eras/age_III/events/36.json:$.title	The Four Houses	->	Na Ceithir Taighean	|	The Four Houses begin their quiet counting
CHANGE	eras/age_III/events/36.json:$.summary	the red hall	->	An Talla Dearg	|	f it before her, to reckon what it might claim of the red hall should she die without an hei
CHANGE	eras/age_III/events/36.json:$.summary	the Keeper's	->	Coimheadaiche na Lasrach's	|	he die without an heir; Sliochd Mhuirich, holding the Keeper's own office, makes no claim at
CHANGE	eras/age_III/events/36.json:$.summary	the shared-meal law	->	Lagh a' Bhìdh Roinnte	|	 better part of forty years and the woman who set the shared-meal law beside Lachlann Bàn, dies in 
CHANGE	eras/age_III/events/36.json:$.summary	the shared-meal law	->	Lagh a' Bhìdh Roinnte	|	 of one beside him, the boy's first sight of what the shared-meal law meant in a true want.
CHANGE	eras/age_III/events/37.json:$.summary	the red hall	->	An Talla Dearg	|	ge of the whole reign between the woman who holds the red hall and the clerk who will one da
CHANGE	eras/age_III/events/37.json:$.title	the Four Houses	->	Na Ceithir Taighean	|	Gilleasbuig watches the Four Houses argue
CHANGE	eras/age_III/events/37.json:$.summary	the Four Houses	->	Na Ceithir Taighean	|	 to see them, Gilleasbuig Mòr sits at the edge of the Four Houses' long sitting at Dùn ìseal, a
CHANGE	eras/age_III/events/37.json:$.summary	the Four Houses	->	Na Ceithir Taighean	|	Sliochd Raghnaill is the first of the Four Houses to put Gilleasbuig Mòr's own 
CHANGE	eras/age_III/events/37.json:$.summary	the red hall	->	An Talla Dearg	|	ses to put Gilleasbuig Mòr's own name forward for the red hall, on the reasoning that a cler
CHANGE	eras/age_III/events/37.json:$.summary	the king-list	->	Clàr nan Rìghrean	|	 the cup is set in his hands, Gilleasbuig Mòr has the king-list copied again from its beginni
CHANGE	eras/age_III/events/37.json:$.summary	the red hall's	->	An Talla Dearg's	|	en, to sit beside him at Cathair dhearg and learn the red hall's own rolls before he is taught
CHANGE	eras/age_III/events/37.json:$.summary	the house of Ìomhar	->	Sliochd Ìomhair	|	a boy with a satchel of rolls, to be buried among the house of Ìomhar as Sliochd Ìomhair had sworn 
CHANGE	eras/age_III/events/38.json:$.title	The far-off house	->	An Sligeanach Fad' às	|	The far-off house is rebuilt in stone
CHANGE	eras/age_III/events/38.json:$.summary	the far-off house	->	An Sligeanach Fad' às	|	The waypoint house the carriers call the far-off house, so distant from any town tha
CHANGE	eras/age_III/events/38.json:$.title	The Keeper	->	Coimheadaiche na Lasrach	|	The Keeper rules fire-water no burning o
CHANGE	eras/age_III/events/38.json:$.title	the Law	->	Lagh an Loscaidh Bhig	|	The Keeper rules fire-water no burning of the Law
CHANGE	eras/age_III/events/38.json:$.summary	the Small-Burning Law	->	Lagh an Loscaidh Bhig	|	 of the northern road to rule on fire-water under the Small-Burning Law, the Keeper of that generatio
CHANGE	eras/age_III/events/38.json:$.summary	the Keeper	->	Coimheadaiche na Lasrach	|	o rule on fire-water under the Small-Burning Law, the Keeper of that generation answers th
CHANGE	eras/age_III/events/38.json:$.summary	the Law	->	Lagh an Loscaidh Bhig	|	at a fire kept in a man's own belly is no burning the Law was written to answer for, an
CHANGE	eras/age_III/events/38.json:$.summary	the Hall	->	Talla na Lasrach	|	rning the Law was written to answer for, and that the Hall will rule on drink the day it
CHANGE	eras/age_III/events/39.json:$.title	the sunny house's	->	An Taigh-òsta Grianach's	|	Anna Ruadh takes the sunny house's charter to stone
CHANGE	eras/age_III/events/39.json:$.summary	the sunny house	->	An Taigh-òsta Grianach	|	The keeper of the sunny house on the road to Cnoc leathan, 
CHANGE	eras/age_III/events/39.json:$.summary	the Keeper's	->	Coimheadaiche na Lasrach's	|	 wood-watcher, doubles its own cutter's visits to the Keeper's measure without being asked, 
CHANGE	eras/age_III/events/39.json:$.summary	the Keepers' roll	->	Clàr an Talla	|	Before the knife reaches the Keepers' roll, the clerk Seumas Bàn sends f
CHANGE	eras/age_III/events/39.json:$.summary	the Hall's	->	Talla na Lasrach's	|	st of the fowler households of Seann Skell, meets the Hall's cutter Ruairidh Òg at her own
CHANGE	eras/age_III/events/39.json:$.summary	the Keeper's	->	Coimheadaiche na Lasrach's	|	 tells him the dawn measure is the hawk's and not the Keeper's, allowing him only to watch f
CHANGE	eras/age_III/events/39.json:$.summary	the warm springs	->	Fuarain Theth Muileann ruadh	|	Beathag Fhionn, keeper of the bath-house over the warm springs at Muileann ruadh, rules that
CHANGE	eras/age_III/events/40.json:$.summary	the red hall	->	An Talla Dearg	|	e laws for every province, dies in his own bed at the red hall in the ninety-first year of h
CHANGE	eras/age_III/events/40.json:$.summary	the Four Houses	->	Na Ceithir Taighean	|	each Donn takes up the cup without any meeting of the Four Houses being called.
CHANGE	eras/age_III/events/40.json:$.title	the Four Houses	->	Na Ceithir Taighean	|	Tormod Donn's claim before the Four Houses
CHANGE	eras/age_III/events/40.json:$.summary	the Four Houses	->	Na Ceithir Taighean	|	Tormod Donn brings a claim to the Four Houses at Dùn ìseal against his niec
CHANGE	eras/age_III/events/40.json:$.summary	the Four Houses	->	Na Ceithir Taighean	|	 at Cuan ruadh, after Catrìona nic Mhuirich tells the Four Houses she will set the cup in no ha
CHANGE	eras/age_III/events/40.json:$.summary	the house of Tormod	->	Sliochd Thormoid	|	p in no hand but Mòr's. It is the last such claim the house of Tormod contests.
CHANGE	eras/age_III/events/40.json:$.summary	the red hall	->	An Talla Dearg	|	watch-tower at Baile ruadh. He holds no office at the red hall and keeps, through her reign,
CHANGE	eras/age_III/events/40.json:$.summary	the Holy Age	->	An Aois Naomh	|	 in blood to raise a claim. Hers is the last name the Holy Age itself sets down in the king-
CHANGE	eras/age_III/events/40.json:$.summary	the king-list	->	Clàr nan Rìghrean	|	is the last name the Holy Age itself sets down in the king-list.
CHANGE	eras/age_III/events/40.json:$.summary	the Four Houses	->	Na Ceithir Taighean	|	f her mother's death, by her own house's word and the Four Houses' assent, rather than by a win
CHANGE	eras/age_III/events/40.json:$.summary	the king-list	->	Clàr nan Rìghrean	|	Finding the old skin of the king-list and the Keepers' roll filled 
CHANGE	eras/age_III/events/40.json:$.summary	the Keepers' roll	->	Clàr an Talla	|	Finding the old skin of the king-list and the Keepers' roll filled to its last line with 
LEFT	eras/age_III/annals/age_III_01.json:EIII-1002.title	the cord of the heirs	(no "the" before it)	|	Aodh Crom asks for a cord of the heirs
LEFT	eras/age_III/annals/age_III_01.json:EIII-1044.body	the nine great shares	(no "the" before it)	|	tlement that gives each rule something: nine great shares for the eldest living lines, a portion 
LEFT	eras/age_III/annals/age_III_01.json:EIII-1058.title	the great shares	(no "the" before it)	|	Three great shares claim An Cnoc Ruadh
LEFT	eras/age_III/annals/age_III_02.json:EIII-2008.title	the Keeper	(no "the" before it)	|	Aodh Crom's charge to the new Keeper
LEFT	eras/age_III/annals/age_III_02.json:EIII-2033.body	the Telling	(no "the" before it)	|	Telling no one where she goes, Beathag Bhàn cro
LEFT	eras/age_III/annals/age_III_02.json:EIII-2034.body	the Keeper	(no "the" before it)	|	 ends it: no keeper of the slab, and no Keeper of the flame after her, will set foot i
LEFT	eras/age_III/annals/age_III_02.json:EIII-2041.body	the Keeper	(no "the" before it)	|	n a few sentences, is repeated by every Keeper who follows him.
LEFT	eras/age_III/annals/age_III_03.json:EIII-3002.body	the Keeper	(no "the" before it)	|	 good deal more than he might have as a Keeper chosen by kinship rather than by the ho
LEFT	eras/age_III/annals/age_III_03.json:EIII-3016.body	the Keeper	(no "the" before it)	|	Gormshuil, Keeper after Muireach Liath for thirty-eight y
LEFT	eras/age_III/annals/age_III_03.json:EIII-3017.title	the Keeper	(no "the" before it)	|	Fionnlagh Dall chosen Keeper
LEFT	eras/age_III/annals/age_III_03.json:EIII-3017.body	the Keeper	(no "the" before it)	|	thirty-eight years old, the first blind Keeper the island has known.
LEFT	eras/age_III/annals/age_III_03.json:EIII-3018.title	the Keeper	(no "the" before it)	|	Calum Beag begins leading the blind Keeper
LEFT	eras/age_III/annals/age_III_03.json:EIII-3018.body	the Keeper	(no "the" before it)	|	es, on the one condition that he keep a Keeper's silence about what he sees there. He ag
LEFT	eras/age_III/annals/age_III_03.json:EIII-3036.body	the Keeper	(no "the" before it)	|	at all, but will try rather than tell a Keeper who has just buried eleven carriers tha
LEFT	eras/age_III/annals/age_III_03.json:EIII-3062.body	the strife of the heirs	(no "the" before it)	|	hrough fifty-four years of the widening strife of the heirs more steadily than the quarrel's own pr
LEFT	eras/age_III/annals/age_III_03.json:EIII-3062.body	the Keeper	(no "the" before it)	|	. Na Naoi Teallaichean choose a younger Keeper who holds much the same course.
LEFT	eras/age_III/annals/age_III_04.json:EIII-4005.body	the Keeper	(no "the" before it)	|	 level to her palm exactly as for every Keeper before her.
LEFT	eras/age_III/annals/age_III_04.json:EIII-4008.title	the four houses	(no "the" before it)	|	Eilidh binds the office to four houses
LEFT	eras/age_III/annals/age_III_04.json:EIII-4008.body	the four houses	(no "the" before it)	|	h's office be bound from that season to four houses of custody alone, Sliochd Mhuirich, Sli
LEFT	eras/age_III/annals/age_III_04.json:EIII-4016.body	the beacon on the Baile chrom headland	(no "the" before it)	|	Once the old beacon on the Baile chrom headland is relit, the carrying of driftwood to 
LEFT	eras/age_III/annals/age_III_04.json:EIII-4019.body	the Law	(no "the" before it)	|	ing at the delay, and her answer that a Law which measures every handful can measur
LEFT	eras/age_III/annals/age_III_04.json:EIII-4023.title	the Keeper	(no "the" before it)	|	Coinneach Mòr chosen Keeper of Sliochd Thormoid
LEFT	eras/age_III/annals/age_III_04.json:EIII-4023.body	the Keeper	(no "the" before it)	|	Mòr mac Tormoid, five-and-twenty, first Keeper of his house, for his patience rather t
LEFT	eras/age_III/annals/age_III_04.json:EIII-4023.body	the Keeper	(no "the" before it)	|	ther than any gift of speech, judging a Keeper who keeps a flame steadily worth more t
LEFT	eras/age_III/annals/age_III_05.json:EIII-5001.body	the Keeper	(no "the" before it)	|	 six-and-twenty years old, the youngest Keeper chosen since Muireach Liath's own day. 
LEFT	eras/age_III/annals/age_III_05.json:EIII-5001.body	the Keeper	(no "the" before it)	|	er working life, warns her that a young Keeper who bends once in her first year is ask
LEFT	eras/age_III/annals/age_III_05.json:EIII-5007.body	the Keeper	(no "the" before it)	|	st of them with her own hands, which no Keeper before her is remembered to have done.
LEFT	eras/age_III/annals/age_III_05.json:EIII-5010.body	the Keeper	(no "the" before it)	|	ers young enough to have known no other Keeper, and left again on the same stones, sti
LEFT	eras/age_III/annals/age_III_05.json:EIII-5043.body	the druid school	(no "the" before it)	|	Two teachers of the western druid school travel to the far-eastern Muileann chia
LEFT	eras/age_III/annals/age_III_06.json:EIII-6020.body	the king-list	(no "the" before it)	|	o, the first of eleven rulers the later king-list will give only by name and order.
LEFT	eras/age_III/annals/age_III_06.json:EIII-6021.body	the Keepers	(no "the" before it)	|	a Lasrach's spoken roll gives only five Keepers, a mountain's years running longer than
LEFT	eras/age_III/annals/age_III_06.json:EIII-6033.body	the Keeper	(no "the" before it)	|	 of Clàr nan Rìghrean reaches the blind Keeper on the mountain, who sits three days in
LEFT	eras/age_III/annals/age_III_06.json:EIII-6033.body	the Hall	(no "the" before it)	|	 Talla na Lasrach's own reciters that a Hall out-remembered by a rìgh's clerk has no
LEFT	eras/age_III/annals/age_III_06.json:EIII-6036.body	the king-list	(no "the" before it)	|	gned thirty-one years and had the first king-list written, and is carried up the mountain
LEFT	eras/age_III/annals/age_III_06.json:EIII-6039.title	the Keeper	(no "the" before it)	|	A Keeper named in the silent years
LEFT	eras/age_III/annals/age_III_06.json:EIII-6039.body	the Keeper	(no "the" before it)	|	A Keeper is named at Dùn ìseal of whom the roll 
LEFT	eras/age_III/annals/age_III_06.json:EIII-6046.body	the Keeper	(no "the" before it)	|	Calum Liath is made Keeper at forty-five, in Fearchar Òg's ninth y
LEFT	eras/age_III/annals/age_III_06.json:EIII-6055.body	the Keeper	(no "the" before it)	|	Sent without a Keeper's cutter to bring up a left basket, two y
LEFT	eras/age_III/annals/age_III_06.json:EIII-6059.title	the Keeper	(no "the" before it)	|	Oighrig Bhàn chosen Keeper
LEFT	eras/age_III/annals/age_III_06.json:EIII-6062.body	the Keeper	(no "the" before it)	|	ur in later years are themselves chosen Keeper, which the reciters of Dùn ìseal count 
LEFT	eras/age_III/annals/age_III_07.json:EIII-7045.body	the Keeper	(no "the" before it)	|	, having held the flame longer than any Keeper before him. The reciters of Dùn ìseal r
LEFT	eras/age_III/annals/age_III_07.json:EIII-7052.body	the Keeper	(no "the" before it)	|	ad agreed on anything, a plain record a Keeper's clerk consults to settle a far larger d
LEFT	eras/age_III/annals/age_III_08.json:EIII-8020.title	the Keeper	(no "the" before it)	|	Both schools ask the new Keeper for a ruling
LEFT	eras/age_III/annals/age_III_08.json:EIII-8020.body	the Keeper	(no "the" before it)	|	ding of the vein is the truer, as every Keeper before her has been asked and never onc
LEFT	eras/age_III/annals/age_III_08.json:EIII-8031.body	the Keeper	(no "the" before it)	|	Raonaid Dhubh, Keeper of the flame at Dùn ìseal for the bette
LEFT	eras/age_III/annals/age_III_08.json:EIII-8040.body	the king-list	(no "the" before it)	|	s that a tithe is true for a year and a king-list must be true for longer than any man wh
LEFT	eras/age_III/annals/age_III_08.json:EIII-8045.body	the red hall	(no "the" before it)	|	 rolls and answering reeves at the shut red hall who no longer know whose name to render
LEFT	eras/age_III/annals/age_III_08.json:EIII-8049.body	the red hall	(no "the" before it)	|	 the work, has already shown the hand a red hall wants at its head.
LEFT	eras/age_III/annals/age_III_08.json:EIII-8054.body	the Keeper	(no "the" before it)	|	er than Lagh an Loscaidh Bhig allows. A Keeper's cutter is sent every season to try its 
LEFT	eras/age_III/annals/age_III_09.json:EIII-9034.title	the Keepers	(no "the" before it)	|	Seumas Bàn reckons two Keepers in three of his house
LEFT	eras/age_III/annals/age_III_09.json:EIII-9034.body	the Keepers	(no "the" before it)	|	s Bàn reckons how many of the remaining Keepers married into Sliochd Mhuirich or foster
LEFT	eras/age_III/book/04_of_the_knots.md:63	the line of Fionnghal	(no "the" before it)	|	g, of another line altogether, the grey line of Fionnghal; and when Sìne looked up at the second 
LEFT	eras/age_III/book/04_of_the_knots.md:75	the great shares	(no "the" before it)	|	nd by hearths and in the halls of three great shares, and he always told it against himself.
LEFT	eras/age_III/book/07_of_the_stones_and_the_first_blood.md:56	the great shares	(no "the" before it)	|	asy half of the work, and knew it. Nine great shares, agreed on a cord and marked, more or l
LEFT	eras/age_III/book/07_of_the_stones_and_the_first_blood.md:58	the nine great shares	(no "the" before it)	|	nt up at Dùn thais, until what had been nine great shares on the cord had become countries under 
LEFT	eras/age_III/book/07_of_the_stones_and_the_first_blood.md:68	the great shares	(no "the" before it)	|	They began well enough. Nine great shares, no one disputed; and by careful asking
LEFT	eras/age_III/book/08_of_beathag_bhan.md:33	the Binding	(no "the" before it)	|	 a reverence that ran alongside the new Binding rather than under it: the ancestors, th
LEFT	eras/age_III/book/08_of_beathag_bhan.md:47	the nine hearths	(no "the" before it)	|	back to one or another of the nine than nine hearths could ever truly have bred, and the kee
LEFT	eras/age_III/book/08_of_beathag_bhan.md:63	the Keeper	(no "the" before it)	|	 like again, with her or with any other Keeper. The keepers of the slab, when the stor
LEFT	eras/age_III/book/08_of_beathag_bhan.md:83	the Hall	(no "the" before it)	|	s of the same fire below the unfinished Hall, close enough that either could have cr
LEFT	eras/age_III/book/08_of_beathag_bhan.md:93	the Keeper	(no "the" before it)	|	pure habit and a little vanity, since a Keeper who let her flame gutter on the one mor
LEFT	eras/age_III/book/09_of_the_cairns_and_the_unentered_temple.md:54	the Keeper	(no "the" before it)	|	gh the night he was brought in, since a Keeper's hearth was the one fire on the mountain
LEFT	eras/age_III/book/09_of_the_cairns_and_the_unentered_temple.md:72	the Keeper	(no "the" before it)	|	said that no keeper of the slab, and no Keeper of the flame after her, would set foot 
LEFT	eras/age_III/book/09_of_the_cairns_and_the_unentered_temple.md:82	the Keeper	(no "the" before it)	|	red aloud, in the days after, whether a Keeper ought not to be laid the same way as ev
LEFT	eras/age_III/book/09_of_the_cairns_and_the_unentered_temple.md:82	the Keeper	(no "the" before it)	|	one argued the point further, and every Keeper after Beathag Bhàn was laid the same wa
LEFT	eras/age_III/book/10_of_muireach_liath_and_the_luck-stream.md:20	the Keeper	(no "the" before it)	|	ab since before An Ceangal and buried a Keeper, said of Muireach in those years that h
LEFT	eras/age_III/book/10_of_muireach_liath_and_the_luck-stream.md:68	the Keeper	(no "the" before it)	|	 themselves. You might try it yourself, Keeper. It's restful, not knowing everything."
LEFT	eras/age_III/book/11_of_the_silver_of_muileann_chiar.md:20	the holy wood	(no "the" before it)	|	ce of that name far to the east, near a holy wood, and the two were never once mistaken f
LEFT	eras/age_III/book/11_of_the_silver_of_muileann_chiar.md:68	the Keeper	(no "the" before it)	|	 good deal more than he might have as a Keeper who had come to the flame by kinship ra
LEFT	eras/age_III/book/11_of_the_silver_of_muileann_chiar.md:70	the Keeper	(no "the" before it)	|	e vein and away from the sea that every Keeper before her had passed through. Seven ye
LEFT	eras/age_III/book/12_of_sileas_and_the_stag.md:84	the Keeper	(no "the" before it)	|	ed, why it behaved as it behaved, and a Keeper who had spent thirty years learning tha
LEFT	eras/age_III/book/12_of_sileas_and_the_stag.md:88	the Keeper	(no "the" before it)	|	ein was a demand made of it, and that a Keeper who let a demand stand unanswered in he
LEFT	eras/age_III/book/13_of_the_smoke_and_the_stone_cup.md:8	the Keeper	(no "the" before it)	|	aid of Fionnlagh Dall, called the Blind Keeper
LEFT	eras/age_III/book/13_of_the_smoke_and_the_stone_cup.md:24	the Keeper	(no "the" before it)	|	hearths were done arguing to say that a Keeper's hands mattered more to the measure than
LEFT	eras/age_III/book/13_of_the_smoke_and_the_stone_cup.md:24	the Keeper	(no "the" before it)	|	nds mattered more to the measure than a Keeper's eyes, and that they had watched Fionnla
LEFT	eras/age_III/book/13_of_the_smoke_and_the_stone_cup.md:26	the Keeper	(no "the" before it)	|	t what he saw in the galleries, since a Keeper's eyes, borrowed or his own, owed the vei
LEFT	eras/age_III/book/13_of_the_smoke_and_the_stone_cup.md:26	the Keeper	(no "the" before it)	|	ut Talla na Lasrach together, the blind Keeper and the boy who told him, in a voice pi
LEFT	eras/age_III/book/13_of_the_smoke_and_the_stone_cup.md:40	the Keeper	(no "the" before it)	|	ess and others, more rightly, for a new Keeper's unwillingness to answer a hard question
LEFT	eras/age_III/book/13_of_the_smoke_and_the_stone_cup.md:60	the Keeper	(no "the" before it)	|	held till then by nothing firmer than a Keeper's word and the memory of two dead Keepers
LEFT	eras/age_III/book/13_of_the_smoke_and_the_stone_cup.md:60	the Keepers	(no "the" before it)	|	eeper's word and the memory of two dead Keepers before him, should be sworn as a law bi
LEFT	eras/age_III/book/13_of_the_smoke_and_the_stone_cup.md:68	the Keeper	(no "the" before it)	|	arshest thing Fionnlagh had yet done as Keeper, and the household's own descendants, t
LEFT	eras/age_III/book/13_of_the_smoke_and_the_stone_cup.md:74	the Keeper	(no "the" before it)	|	children afterward, said that the blind Keeper had judged rightly what a fire owed to 
LEFT	eras/age_III/book/14_of_the_carriers_and_the_first_bridges.md:14	the Keeper	(no "the" before it)	|	was the carriers, more than any lord or Keeper, who came first to know exactly which m
LEFT	eras/age_III/book/14_of_the_carriers_and_the_first_bridges.md:20	the Keeper	(no "the" before it)	|	eag carry down the grey stone the blind Keeper had wanted for his cup. He had cut stai
LEFT	eras/age_III/book/14_of_the_carriers_and_the_first_bridges.md:48	the Keeper	(no "the" before it)	|	ould rather try it and fail than tell a Keeper who had just buried eleven carriers tha
LEFT	eras/age_III/book/14_of_the_carriers_and_the_first_bridges.md:50	the Keeper	(no "the" before it)	|	an once when the work went hard, that a Keeper who could not see the bridge at all had
LEFT	eras/age_III/book/14_of_the_carriers_and_the_first_bridges.md:66	the Hall	(no "the" before it)	|	hings a trade takes up before the wider Hall has quite noticed it happening. Every s
LEFT	eras/age_III/book/14_of_the_carriers_and_the_first_bridges.md:72	the Keeper	(no "the" before it)	|	 self not excepted, and saw no reason a Keeper should not do the same.
LEFT	eras/age_III/book/15_of_mor_nic_dhughaills_house_and_the_blind_keepers_last_road.md:48	the Keeper	(no "the" before it)	|	e him, longer by a good margin than any Keeper before him, and it was in the hundred a
LEFT	eras/age_III/book/15_of_mor_nic_dhughaills_house_and_the_blind_keepers_last_road.md:50	the Keeper	(no "the" before it)	|	temples himself, asked him why, since a Keeper's own ground lay ready and waiting not a 
LEFT	eras/age_III/book/15_of_mor_nic_dhughaills_house_and_the_blind_keepers_last_road.md:52	the Keeper	(no "the" before it)	|	lame fed before he came to sit, since a Keeper's dying, Fionnlagh said, was no excuse fo
LEFT	eras/age_III/book/15_of_mor_nic_dhughaills_house_and_the_blind_keepers_last_road.md:58	the Keeper	(no "the" before it)	|	go hungry, that a man could not carry a Keeper's weight on an empty stomach any better t
LEFT	eras/age_III/book/15_of_mor_nic_dhughaills_house_and_the_blind_keepers_last_road.md:64	the Keeper	(no "the" before it)	|	holding, he said, to the same silence a Keeper's own eyes owed the galleries, borrowed e
LEFT	eras/age_III/book/15_of_mor_nic_dhughaills_house_and_the_blind_keepers_last_road.md:66	the Keepers	(no "the" before it)	|	nd was hallowed five years afterward by Keepers who travelled down from Dùn ìseal to do
LEFT	eras/age_III/book/15_of_mor_nic_dhughaills_house_and_the_blind_keepers_last_road.md:66	the Keeper	(no "the" before it)	|	e ruling that a service kept for a dead Keeper's own sake was owed the one payment a Kee
LEFT	eras/age_III/book/15_of_mor_nic_dhughaills_house_and_the_blind_keepers_last_road.md:66	the Keeper	(no "the" before it)	|	r's own sake was owed the one payment a Keeper himself would have judged fitting.
LEFT	eras/age_III/book/16_of_the_unforgotten_wedding.md:18	the Hall	(no "the" before it)	|	ruer than any account of a war won or a Hall built, and that a man who wished to und
LEFT	eras/age_III/book/16_of_the_unforgotten_wedding.md:40	the Keeper	(no "the" before it)	|	-and-fifty years after, longer than any Keeper since Fionnlagh Dall and calmer, the te
LEFT	eras/age_III/book/16_of_the_unforgotten_wedding.md:44	the Keeper	(no "the" before it)	|	 Teallaichean chose after her a younger Keeper who would hold much the same course, Ta
LEFT	eras/age_III/book/16_of_the_unforgotten_wedding.md:50	the eastern share	(no "the" before it)	|	hen, set down. Cormac mac Ailein, whose eastern share at Caol shean had taken no direct part 
LEFT	eras/age_III/book/16_of_the_unforgotten_wedding.md:50	the salt shore	(no "the" before it)	|	ct part in the quarrel between west and salt shore but felt its cold in every market that 
LEFT	eras/age_III/book/16_of_the_unforgotten_wedding.md:78	the long years	(no "the" before it)	|	elling: that the island, in all his own long years of watching it, was never so well gover
LEFT	eras/age_III/book/17_of_eilidh_nic_iomhair_and_the_four_houses.md:9	the Keeper	(no "the" before it)	|	d let anyone else pour it for her. That Keeper died in the winter of the three hundred
LEFT	eras/age_III/book/17_of_eilidh_nic_iomhair_and_the_four_houses.md:35	the Keeper	(no "the" before it)	|	e, much of a condition to ask, since no Keeper before Eilidh had ever once thought to 
LEFT	eras/age_III/book/17_of_eilidh_nic_iomhair_and_the_four_houses.md:35	the Keeper	(no "the" before it)	|	exactly as it had been poured for every Keeper before her, and the flame carried to he
LEFT	eras/age_III/book/17_of_eilidh_nic_iomhair_and_the_four_houses.md:37	the Keeper	(no "the" before it)	|	lidh's keeping nor in the reigns of any Keeper who came after her, and the tellers sin
LEFT	eras/age_III/book/17_of_eilidh_nic_iomhair_and_the_four_houses.md:43	the four houses	(no "the" before it)	|	Eilidh, who had grown tired of hearing four houses argue a question the other five hearths
LEFT	eras/age_III/book/17_of_eilidh_nic_iomhair_and_the_four_houses.md:43	the Keeper	(no "the" before it)	|	 argue its own case: that the office of Keeper would be bound, from that season on, to
LEFT	eras/age_III/book/17_of_eilidh_nic_iomhair_and_the_four_houses.md:43	the four houses	(no "the" before it)	|	be bound, from that season on, to these four houses of custody and no others, that the othe
LEFT	eras/age_III/book/18_of_the_plunderers_and_the_thing_under_the_boat.md:76	the Keeper	(no "the" before it)	|	 to clear the road. Eilidh nic Ìomhair, Keeper of the flame these forty years and more
LEFT	eras/age_III/book/18_of_the_plunderers_and_the_thing_under_the_boat.md:78	the Law	(no "the" before it)	|	nger than the carriers' own, and that a Law which measured every handful to the gra
LEFT	eras/age_III/book/19_of_the_reverent_centuries.md:22	the Keeper	(no "the" before it)	|	 his five-and-twentieth year, the first Keeper of Sliochd Thormoid, chosen by Na Ceith
LEFT	eras/age_III/book/19_of_the_reverent_centuries.md:22	the Keeper	(no "the" before it)	|	the houses named when they chose him: a Keeper, they said, did not need to be clever, 
LEFT	eras/age_III/book/19_of_the_reverent_centuries.md:24	the Keeper	(no "the" before it)	|	or two-and-sixty years, longer than any Keeper of any of Na Ceithir Taighean before hi
LEFT	eras/age_III/book/19_of_the_reverent_centuries.md:24	the Keeper	(no "the" before it)	|	held so long, and Coinneach said that a Keeper's mark, if he left one worth leaving, was
LEFT	eras/age_III/book/19_of_the_reverent_centuries.md:32	the Keepers	(no "the" before it)	|	hout much art, standing before the four Keepers with his hat in both hands and his feet
LEFT	eras/age_III/book/19_of_the_reverent_centuries.md:34	the Keepers	(no "the" before it)	|	oked once round the chamber at the four Keepers seated above him, and said that he had 
LEFT	eras/age_III/book/19_of_the_reverent_centuries.md:34	the Keeper	(no "the" before it)	|	ause the cord never changed, and that a Keeper's whole use, in such a matter, was only t
LEFT	eras/age_III/book/19_of_the_reverent_centuries.md:40	the outpost	(no "the" before it)	|	brought Làrach an Dùin-fhaire, a walled outpost on a spur above Cathair mhòr with stone
LEFT	eras/age_III/book/19_of_the_reverent_centuries.md:42	the Keeper	(no "the" before it)	|	 dressed up as a finding, saying that a Keeper who let his walkers guess once would ha
LEFT	eras/age_III/book/19_of_the_reverent_centuries.md:54	the Keeper	(no "the" before it)	|	e would not otherwise have drawn, and a Keeper, he said once to the widow herself, mig
LEFT	eras/age_III/book/19_of_the_reverent_centuries.md:60	the Keeper	(no "the" before it)	|	hts, said of them only, when a visiting Keeper of another house asked him how his own 
LEFT	eras/age_III/book/19_of_the_reverent_centuries.md:60	the Keeper	(no "the" before it)	|	not every good thing on it had needed a Keeper's hand to make it good.
LEFT	eras/age_III/book/19_of_the_reverent_centuries.md:68	the house of Ìomhar	(no "the" before it)	|	ght than the fire had been: land that a house of Ìomhar's blood and a house of Eithne's blood bot
LEFT	eras/age_III/book/20_of_fearghas_of_the_two_oaths.md:59	the boundary stones	(no "the" before it)	|	ng the standing barley from the eastern boundary stones, an Earrann Dhearg's own markers, clear
LEFT	eras/age_III/book/21_of_the_peace_of_the_threshold.md:61	the Keeper	(no "the" before it)	|	ach other that evening, for there was a Keeper to greet, and lesser lords waiting thei
LEFT	eras/age_III/book/21_of_the_peace_of_the_threshold.md:63	the Keeper	(no "the" before it)	|	 cup at her feet all the same, as every Keeper before and since had held it, and when 
LEFT	eras/age_III/book/22_of_the_truce_in_the_galleries_and_the_walled_town.md:11	the Keeper	(no "the" before it)	|	ichean raised her to the flame; a young Keeper by any measure the office had known sin
LEFT	eras/age_III/book/22_of_the_truce_in_the_galleries_and_the_walled_town.md:11	the Keeper	(no "the" before it)	|	 and with an eye always on how the last Keeper before her would have done a thing, unt
LEFT	eras/age_III/book/22_of_the_truce_in_the_galleries_and_the_walled_town.md:11	the Keeper	(no "the" before it)	|	ich is, by most tellings, the mark of a Keeper who has finally grown into the office r
LEFT	eras/age_III/book/22_of_the_truce_in_the_galleries_and_the_walled_town.md:13	the Keeper	(no "the" before it)	|	llaichean' word came down, that a young Keeper's first year was worth two of any other, 
LEFT	eras/age_III/book/22_of_the_truce_in_the_galleries_and_the_walled_town.md:13	the Keeper	(no "the" before it)	|	worth two of any other, because a young Keeper is watched by every hearth in Talla na 
LEFT	eras/age_III/book/22_of_the_truce_in_the_galleries_and_the_walled_town.md:13	the Keeper	(no "the" before it)	|	r the first lord who frowns, and that a Keeper who bends once in her first year is ask
LEFT	eras/age_III/book/22_of_the_truce_in_the_galleries_and_the_walled_town.md:13	the knot-keepers	(no "the" before it)	|	rs apart the asking fell, which her own knot-keepers came in time to reckon the surest mark 
LEFT	eras/age_III/book/22_of_the_truce_in_the_galleries_and_the_walled_town.md:17	the Keeper	(no "the" before it)	|	ce, as it had been turned away by every Keeper before her since Gormshuil nic Mhuirich
LEFT	eras/age_III/book/22_of_the_truce_in_the_galleries_and_the_walled_town.md:25	the Keeper	(no "the" before it)	|	 objection she had inherited from every Keeper before her — that a cutter trained outs
LEFT	eras/age_III/book/22_of_the_truce_in_the_galleries_and_the_walled_town.md:39	the knot-keepers	(no "the" before it)	|	til she found herself saying to her own knot-keepers, more than once, that she had come to k
LEFT	eras/age_III/book/22_of_the_truce_in_the_galleries_and_the_walled_town.md:57	the Hall	(no "the" before it)	|	rdless were no more remarkable, in that Hall, than a wall standing where a wall had 
LEFT	eras/age_III/book/22_of_the_truce_in_the_galleries_and_the_walled_town.md:61	the Keeper	(no "the" before it)	|	t stone over the last of them, which no Keeper before her, so far as the rolls remembe
LEFT	eras/age_III/book/22_of_the_truce_in_the_galleries_and_the_walled_town.md:67	the Keeper	(no "the" before it)	|	f custody had troubled to record of any Keeper before her, for the simple reason that 
LEFT	eras/age_III/book/22_of_the_truce_in_the_galleries_and_the_walled_town.md:67	the Keepers	(no "the" before it)	|	ore her, for the simple reason that few Keepers had held the cup long enough for anyone
LEFT	eras/age_III/book/22_of_the_truce_in_the_galleries_and_the_walled_town.md:67	the Keeper	(no "the" before it)	|	 worth setting down, which is, of every Keeper's ending, the kindest sort a Hall can giv
LEFT	eras/age_III/book/22_of_the_truce_in_the_galleries_and_the_walled_town.md:67	the Hall	(no "the" before it)	|	ery Keeper's ending, the kindest sort a Hall can give.
LEFT	eras/age_III/book/22_of_the_truce_in_the_galleries_and_the_walled_town.md:69	the Keeper	(no "the" before it)	|	y cutters young enough to have known no Keeper but her, and left again on the same sto
LEFT	eras/age_III/book/23_of_goraidh_mac_iomhair.md:13	the boundary stones	(no "the" before it)	|	st of the island's heirs had over their boundary stones, the holders of Dùn dhearg had only to 
LEFT	eras/age_III/book/23_of_goraidh_mac_iomhair.md:89	the Keeper	(no "the" before it)	|	down: what a rìgh might hold and what a Keeper must, what roads belonged to which of t
LEFT	eras/age_III/book/27_of_the_last_of_the_nine.md:40	the Keeper	(no "the" before it)	|	Eithne had this from a Keeper's messenger, one of the young men Talla n
LEFT	eras/age_III/book/27_of_the_last_of_the_nine.md:66	the Keepers	(no "the" before it)	|	e what four hundred years of rulers and Keepers, careful of each other's pride, had not
LEFT	eras/age_III/book/27_of_the_last_of_the_nine.md:70	the Keeper	(no "the" before it)	|	the meaning of it, a rìgh's pride and a Keeper's pride each finding it harder to swallow
LEFT	eras/age_III/book/27_of_the_last_of_the_nine.md:124	the boundary stones	(no "the" before it)	|	e living memories became names cut into boundary stones, read by carriers who did not know whos
LEFT	eras/age_III/book/28_of_the_eleven_names_and_tormod_the_writer.md:18	the Keepers	(no "the" before it)	|	, spoken, not written, and it gave five Keepers where the hall at Dùn dhearg gave eleve
LEFT	eras/age_III/book/28_of_the_eleven_names_and_tormod_the_writer.md:22	the boundary stones	(no "the" before it)	|	y the names were left standing, the way boundary stones stand long after the fence between them
LEFT	eras/age_III/book/28_of_the_eleven_names_and_tormod_the_writer.md:80	the Hall	(no "the" before it)	|	en than any other he ever spoke, that a Hall shamed by a rìgh's clerk into writing d
LEFT	eras/age_III/book/28_of_the_eleven_names_and_tormod_the_writer.md:80	the Hall	(no "the" before it)	|	he would not sit blind at the head of a Hall that let a lowland granary-clerk out-re
LEFT	eras/age_III/book/28_of_the_eleven_names_and_tormod_the_writer.md:98	the Roinn	(no "the" before it)	|	 her to coil it for storage between one Roinn business and the next, and laid it in t
LEFT	eras/age_III/book/29_of_the_wood-watchers.md:16	the Keepers	(no "the" before it)	|	nt Clàr an Talla goes on naming its own Keepers one after another, each dying and each 
LEFT	eras/age_III/book/29_of_the_wood-watchers.md:18	the Hall	(no "the" before it)	|	he na Lasrach of that day judged that a Hall which could not read its own roll witho
LEFT	eras/age_III/book/29_of_the_wood-watchers.md:18	the Hall	(no "the" before it)	|	borrowing another order's letters was a Hall too dependent on goodwill it had not ea
LEFT	eras/age_III/book/29_of_the_wood-watchers.md:18	the Keeper	(no "the" before it)	|	n to a stranger's alphabet at their own Keeper's order. From that year Talla na Lasrach 
LEFT	eras/age_III/book/29_of_the_wood-watchers.md:20	the Keeper	(no "the" before it)	|	Seventy years further into the gap a Keeper was named of whom the roll gives only t
LEFT	eras/age_III/book/29_of_the_wood-watchers.md:80	the Keeper	(no "the" before it)	|	It was Calum Liath, made Keeper in the boy's ninth year, a man of forty
LEFT	eras/age_III/book/29_of_the_wood-watchers.md:82	the Keeper	(no "the" before it)	|	alked the wood's whole length together, Keeper and heir, from the western turf hut to 
LEFT	eras/age_III/book/30_of_the_knotted_cords_in_the_galleries.md:7	the Keeper	(no "the" before it)	|	 ìseal say, he asked for nothing that a Keeper had not already asked for before him. H
LEFT	eras/age_III/book/30_of_the_knotted_cords_in_the_galleries.md:11	the Keeper	(no "the" before it)	|	and most of them did not ask, because a Keeper's asking passed for an answer in Talla na
LEFT	eras/age_III/book/30_of_the_knotted_cords_in_the_galleries.md:19	the Keepers	(no "the" before it)	|	father, an old man who had outlived two Keepers and three of his own sons, sat by a fir
LEFT	eras/age_III/book/30_of_the_knotted_cords_in_the_galleries.md:23	the Keeper	(no "the" before it)	|	 household was a debt at all, or only a Keeper's word that a household must take on trus
LEFT	eras/age_III/book/30_of_the_knotted_cords_in_the_galleries.md:31	the Keeper	(no "the" before it)	|	f the rubble, an old cutter steadying a Keeper, which the reciters say pleased Aonghas
LEFT	eras/age_III/book/30_of_the_knotted_cords_in_the_galleries.md:45	the Keeper	(no "the" before it)	|	orse than the dark. They went without a Keeper's cutter to walk ahead of them, because n
LEFT	eras/age_III/book/30_of_the_knotted_cords_in_the_galleries.md:55	the Keeper	(no "the" before it)	|	r, who had not thought a basket worth a Keeper's cutter; with the slates, which had kept
LEFT	eras/age_III/book/30_of_the_knotted_cords_in_the_galleries.md:59	the Keeper	(no "the" before it)	|	 will, that he was never quite the same Keeper after Griogair and Sìne Bheag as he had
LEFT	eras/age_III/book/30_of_the_knotted_cords_in_the_galleries.md:59	the Keeper	(no "the" before it)	|	een, as if he had learned, late, that a Keeper's silence could cost more than his own di
LEFT	eras/age_III/book/30_of_the_knotted_cords_in_the_galleries.md:65	the Keeper	(no "the" before it)	|	ch still close in its grief for the old Keeper, and one of her first acts, before she 
LEFT	eras/age_III/book/30_of_the_knotted_cords_in_the_galleries.md:75	the Keeper	(no "the" before it)	|	r of that school, that a custom worth a Keeper's keeping was worth their own testing. Th
LEFT	eras/age_III/book/32_of_the_red_hall_and_the_census_of_hands.md:61	the Keeper	(no "the" before it)	|	fore him and asked, not unkindly, how a Keeper meant to judge eleven claims a season f
LEFT	eras/age_III/book/32_of_the_red_hall_and_the_census_of_hands.md:63	the Keeper	(no "the" before it)	|	inning of what came after, for a lesser Keeper, they say, would have found some answer
LEFT	eras/age_III/book/32_of_the_red_hall_and_the_census_of_hands.md:65	the Keeper	(no "the" before it)	|	 face better than her words, and that a Keeper who forgot the faces that had unsettled
LEFT	eras/age_III/book/32_of_the_red_hall_and_the_census_of_hands.md:65	the Keeper	(no "the" before it)	|	the faces that had unsettled him was no Keeper worth the flame he kept.
LEFT	eras/age_III/book/32_of_the_red_hall_and_the_census_of_hands.md:81	the Keeper	(no "the" before it)	|	e without troubling to explain, since a Keeper's silence in his own house's cause was, b
LEFT	eras/age_III/book/32_of_the_red_hall_and_the_census_of_hands.md:91	the Keeper	(no "the" before it)	|	y now in his own turn at the cup, still Keeper, still hearing the same handful of clai
LEFT	eras/age_III/book/33_of_the_silver_feud.md:18	the Keeper	(no "the" before it)	|	. It was Muireach Liath himself, second Keeper of the flame, who had ruled in the age'
LEFT	eras/age_III/book/33_of_the_silver_feud.md:36	the Keeper	(no "the" before it)	|	and that Muireach Liath himself, second Keeper of the flame, had said as much before a
LEFT	eras/age_III/book/33_of_the_silver_feud.md:42	the Keeper	(no "the" before it)	|	er it paid afterward, it paid because a Keeper had judged it owed and not because a rì
LEFT	eras/age_III/book/33_of_the_silver_feud.md:78	the Keeper	(no "the" before it)	|	: silver was not the mountain's, and no Keeper after him would say otherwise. But he r
LEFT	eras/age_III/book/33_of_the_silver_feud.md:100	the Keeper	(no "the" before it)	|	 and each wrong, a saying more than one Keeper after him borrowed without troubling to
LEFT	eras/age_III/book/34_of_peigis_hand_and_the_dawn-hawk.md:28	the Keeper	(no "the" before it)	|	d on anything, which turned out, when a Keeper's clerk went looking for it two centuries
LEFT	eras/age_III/book/35_of_the_strike-books.md:48	the Keeper	(no "the" before it)	|	as the story was told afterward, that a Keeper young enough to be his own daughter wou
LEFT	eras/age_III/book/35_of_the_strike-books.md:50	the Keeper	(no "the" before it)	|	t word asking the same thing of the new Keeper that they had once asked, without much 
LEFT	eras/age_III/book/35_of_the_strike-books.md:50	the Keeper	(no "the" before it)	|	ithout much hope of an answer, of every Keeper before her: that Talla na Lasrach say, 
LEFT	eras/age_III/book/35_of_the_strike-books.md:56	the Keeper	(no "the" before it)	|	summary noted, the plainest refusal any Keeper of that century had given, and for that
LEFT	eras/age_III/book/35_of_the_strike-books.md:56	the Keeper	(no "the" before it)	|	hey had no wish to settle themselves: a Keeper's own words, once given, standing thereaf
LEFT	eras/age_III/book/36_of_the_shared_meal.md:32	the king-list	(no "the" before it)	|	, as an unwritten custom older than any king-list, the habit of giving a neighbour grain 
LEFT	eras/age_III/book/36_of_the_shared_meal.md:36	the Keeper	(no "the" before it)	|	e year, the first ever made by rìgh and Keeper together rather than by the hall alone.
LEFT	eras/age_III/book/37_of_the_shut_hall_and_the_choosing_of_gilleasbuig.md:14	the king-list	(no "the" before it)	|	e for a year and then thrown out, and a king-list had to be true for longer than any man 
LEFT	eras/age_III/book/37_of_the_shut_hall_and_the_choosing_of_gilleasbuig.md:14	the king-list	(no "the" before it)	|	pring with a second question, whether a king-list could be wrong if all six copies agreed
LEFT	eras/age_III/book/37_of_the_shut_hall_and_the_choosing_of_gilleasbuig.md:26	the shared-meal law	(no "the" before it)	|	Bàn had built his granaries and set his shared-meal law with Coimheadaiche na Lasrach Raonaid D
LEFT	eras/age_III/book/37_of_the_shut_hall_and_the_choosing_of_gilleasbuig.md:38	the red hall	(no "the" before it)	|	e to his father once that winter that a red hall with no one in it was, for all that any
LEFT	eras/age_III/book/37_of_the_shut_hall_and_the_choosing_of_gilleasbuig.md:38	the red hall	(no "the" before it)	|	outside it could tell, exactly the same red hall it had always been, the rolls being kep
LEFT	eras/age_III/book/37_of_the_shut_hall_and_the_choosing_of_gilleasbuig.md:40	the red hall	(no "the" before it)	|	cause no custom on the island covered a red hall with no one to fill it and Talla na Las
LEFT	eras/age_III/book/37_of_the_shut_hall_and_the_choosing_of_gilleasbuig.md:42	the four houses	(no "the" before it)	|	efore any name was put forward that all four houses could be brought to sit still for.
LEFT	eras/age_III/book/37_of_the_shut_hall_and_the_choosing_of_gilleasbuig.md:48	the red hall	(no "the" before it)	|	t to or not, exactly the kind of hand a red hall wanted at its head. Sliochd Ìomhair, wh
LEFT	eras/age_III/book/37_of_the_shut_hall_and_the_choosing_of_gilleasbuig.md:60	the Keeper	(no "the" before it)	|	r than Lagh an Loscaidh Bhig allowed; a Keeper's cutter was sent every season after to t
LEFT	eras/age_III/book/37_of_the_shut_hall_and_the_choosing_of_gilleasbuig.md:70	the long years	(no "the" before it)	|	e coming of a queen from the same house long years later, Clàr nan Rìghrean at Cathair dhe
LEFT	eras/age_III/book/38_of_the_bridges_the_riders_and_the_north-west.md:52	the Hall	(no "the" before it)	|	n it came, was as plain as most of that Hall's rulings had always been: that a fire ke
LEFT	eras/age_III/book/39_of_anna_ruadhs_two_circuits_and_the_parting_of_the_rites.md:40	the Keeper	(no "the" before it)	|	{date:II-0214}}, and did what every new Keeper before him had done, and sat down with 
LEFT	eras/age_III/book/39_of_anna_ruadhs_two_circuits_and_the_parting_of_the_rites.md:44	the Hall	(no "the" before it)	|	ing aloud that night, to no one: that a Hall built so that no heir might hold the fl
LEFT	eras/age_III/book/40_of_the_last_quiet_years.md:18	the beacon at Tobar dhearg	(no "the" before it)	|	 the tide. On the southern cape the old beacon at Tobar dhearg was built up in stone in the same years
LEFT	eras/age_III/book/40_of_the_last_quiet_years.md:42	the Keeper	(no "the" before it)	|	It was Catrìona nic Mhuirich, Keeper of the flame in those years and the las
LEFT	eras/age_III/book/40_of_the_last_quiet_years.md:42	the red hall	(no "the" before it)	|	uld never be called on to answer for. A red hall, she told Na Ceithir Taighean, was no b
LEFT	eras/age_III/book/40_of_the_last_quiet_years.md:46	the Keeper	(no "the" before it)	|	ing of her own twenty-fourth year, as a Keeper had set it in Gilleasbuig Mòr's hands f
LEFT	eras/age_III/book/40_of_the_last_quiet_years.md:52	the Keepers	(no "the" before it)	|	ts foot: one hundred and forty names of Keepers from Beathag Bhàn to Catrìona nic Mhuir
LEFT	eras/age_III/book/40_of_the_last_quiet_years.md:72	the Keeper	(no "the" before it)	|	ng on a journey neither she nor the old Keeper who had asked for it had yet troubled t
LEFT	eras/age_III/gazetteer/01_the_valley_and_the_red_share.json:315.history	the Keeper	(no "the" before it)	|	Loscaidh Bhig here, and from here every Keeper after him sent cutters to try each hear
LEFT	eras/age_III/gazetteer/01_the_valley_and_the_red_share.json:209.history	the Keeper	(no "the" before it)	|	rolls record. No war touched it, and no Keeper's cutter found cause to write of it. Its 
LEFT	eras/age_III/gazetteer/01_the_valley_and_the_red_share.json:197.history	the eastern share	(no "the" before it)	|	 the island. Cormac mac Ailein held his eastern share from here and died here. It was a woman
LEFT	eras/age_III/gazetteer/01_the_valley_and_the_red_share.json:398.known_for	the Keeper	(no "the" before it)	|	the beacon and the blind Keeper's ruling
LEFT	eras/age_III/gazetteer/01_the_valley_and_the_red_share.json:229.history	the Keepers	(no "the" before it)	|	Keepers of Fuarain Theth Muileann ruadh founded
LEFT	eras/age_III/gazetteer/02_silver_graves_and_the_eastern_houses.json:432.history	the Keeper	(no "the" before it)	|	nds Tuam Cnoc dhìreach, where the blind Keeper Fionnlagh Dall was laid in FE 184. His 
LEFT	eras/age_III/gazetteer/02_silver_graves_and_the_eastern_houses.json:432.known_for	the Keeper	(no "the" before it)	|	the blind Keeper's tomb and its keepers
LEFT	eras/age_III/gazetteer/02_silver_graves_and_the_eastern_houses.json:18.history	the Keeper	(no "the" before it)	|	each Mòr mac Tormoid, the house's first Keeper, came from Seann Dunn and kept the flam
LEFT	eras/age_III/gazetteer/05_the_coasts_and_the_eastern_hills.json:462.history	the Keeper	(no "the" before it)	|	The blind Keeper Fionnlagh Dall was laid in FE 184 in th
LEFT	eras/age_III/gazetteer/05_the_coasts_and_the_eastern_hills.json:462.known_for	the Keeper	(no "the" before it)	|	the blind Keeper's burying-ground, and the carriers' cloth
LEFT	eras/age_III/appendices/A_heirs_keepers_rulers.md:5	the long years	(no "the" before it)	|	 twenty-six years old. His children had long years from him, and every generation after th
LEFT	eras/age_III/appendices/A_heirs_keepers_rulers.md:9	the nine great shares	(no "the" before it)	|	d argued through the winter. There were nine great shares for the nine eldest lines with living h
LEFT	eras/age_III/appendices/A_heirs_keepers_rulers.md:43	the Keeper	(no "the" before it)	|	| Keeper | House | Kept the flame | Age at takin
LEFT	eras/age_III/appendices/A_heirs_keepers_rulers.md:63	the Keeper	(no "the" before it)	|	each. **Eilidh nic Ìomhair**, the first Keeper chosen outside Sliochd Mhuirich, bound 
LEFT	eras/age_III/appendices/A_heirs_keepers_rulers.md:63	the Hall	(no "the" before it)	|	eard Falachd an Airgid in the rain-shut Hall. **Raonaid Dhubh** made Lagh a' Bhìdh R
LEFT	eras/age_III/appendices/A_heirs_keepers_rulers.md:63	the Keeper	(no "the" before it)	|	 Lagh an Loscaidh Bhig made by rìgh and Keeper together. **Seumas Bàn** counted his ow
LEFT	eras/age_III/appendices/B_flame_and_companies.md:43	the boundary stones	(no "the" before it)	|	efore Fearchar Òg and Calum Liath, with boundary stones cut in stag-letters. The wood-watchers 
LEFT	eras/age_III/appendices/C_reckoning_of_the_halls_years.md:11	the quarter-days	(no "the" before it)	|	la na Lasrach's walls met on those four quarter-days, and the Lùnastal fair at Muileann òg t
LEFT	eras/age_III/appendices/C_reckoning_of_the_halls_years.md:21	the Keepers	(no "the" before it)	|	oned from Clàr an Talla, taking so many Keepers to a hundred years. That served until s
LEFT	eras/age_III/appendices/C_reckoning_of_the_halls_years.md:49	the Keeper	(no "the" before it)	|	 is thin, as in the silent years when a Keeper is named with only the length of her ke
LEFT	eras/age_III/appendices/D_shares_provinces_stones.md:3	the nine great shares	(no "the" before it)	|	ong themselves. Within two years it had nine great shares, a Red Share, a portion of the dead, fo
LEFT	eras/age_III/appendices/D_shares_provinces_stones.md:3	the Red Share	(after "a")	|	n two years it had nine great shares, a Red Share, a portion of the dead, forty-four coun
LEFT	eras/age_III/appendices/D_shares_provinces_stones.md:3	the portion of the dead	(no "the" before it)	|	t had nine great shares, a Red Share, a portion of the dead, forty-four countries and a hundred and
LEFT	eras/age_III/appendices/E_roads_houses_bridges_measures.md:26	the Keeper	(no "the" before it)	|	e oldest law on the island that neither Keeper nor lord made, and it held through the 
LEFT	eras/age_III/appendices/E_roads_houses_bridges_measures.md:26	the strife of the heirs	(no "the" before it)	|	lord made, and it held through the long strife of the heirs. The hearth-sign token let a carrier on
LEFT	eras/age_III/appendices/E_roads_houses_bridges_measures.md:40	the Stone	(no "the" before it)	|	Stone crossings began to join the mining path
LEFT	eras/age_III/events/02.json:$.title	the cord of the heirs	(no "the" before it)	|	Aodh Crom asks for a cord of the heirs
LEFT	eras/age_III/events/05.json:$.summary	the nine great shares	(no "the" before it)	|	tlement that gives each rule something: nine great shares for the eldest living lines, a portion 
LEFT	eras/age_III/events/06.json:$.title	the great shares	(no "the" before it)	|	Three great shares claim the Red Hill
LEFT	eras/age_III/events/08.json:$.title	the Keeper	(no "the" before it)	|	Aodh Crom's charge to the new Keeper
LEFT	eras/age_III/events/09.json:$.summary	the Telling	(no "the" before it)	|	Telling no one where she goes, Beathag Bhàn cro
LEFT	eras/age_III/events/09.json:$.summary	the Keeper	(no "the" before it)	|	 ends it: no keeper of the slab, and no Keeper of the flame after her, will set foot i
LEFT	eras/age_III/events/10.json:$.summary	the Keeper	(no "the" before it)	|	n a few sentences, is repeated by every Keeper who follows him.
LEFT	eras/age_III/events/11.json:$.summary	the Keeper	(no "the" before it)	|	 good deal more than he might have as a Keeper chosen by kinship rather than by the ho
LEFT	eras/age_III/events/13.json:$.summary	the Keeper	(no "the" before it)	|	Gormshuil, Keeper after Muireach Liath for thirty-eight y
LEFT	eras/age_III/events/13.json:$.title	the Keeper	(no "the" before it)	|	Fionnlagh Dall chosen Keeper
LEFT	eras/age_III/events/13.json:$.summary	the Keeper	(no "the" before it)	|	thirty-eight years old, the first blind Keeper the island has known.
LEFT	eras/age_III/events/13.json:$.title	the Keeper	(no "the" before it)	|	Calum Beag begins leading the blind Keeper
LEFT	eras/age_III/events/13.json:$.summary	the Keeper	(no "the" before it)	|	es, on the one condition that he keep a Keeper's silence about what he sees there. He ag
LEFT	eras/age_III/events/14.json:$.summary	the Keeper	(no "the" before it)	|	at all, but will try rather than tell a Keeper who has just buried eleven carriers tha
LEFT	eras/age_III/events/16.json:$.summary	the strife of the heirs	(no "the" before it)	|	hrough fifty-four years of the widening strife of the heirs more steadily than the quarrel's own pr
LEFT	eras/age_III/events/16.json:$.summary	the Keeper	(no "the" before it)	|	pers. The nine hearths choose a younger Keeper who holds much the same course.
LEFT	eras/age_III/events/17.json:$.summary	the Keeper	(no "the" before it)	|	 level to her palm exactly as for every Keeper before her.
LEFT	eras/age_III/events/17.json:$.title	the four houses	(no "the" before it)	|	Eilidh binds the office to four houses
LEFT	eras/age_III/events/17.json:$.summary	the four houses	(no "the" before it)	|	r's office be bound from that season to four houses of custody alone, Sliochd Mhuirich, Sli
LEFT	eras/age_III/events/18.json:$.summary	the beacon on the Baile chrom headland	(no "the" before it)	|	Once the old beacon on the Baile chrom headland is relit, the carrying of driftwood to 
LEFT	eras/age_III/events/18.json:$.summary	the Law	(no "the" before it)	|	ing at the delay, and her answer that a Law which measures every handful can measur
LEFT	eras/age_III/events/19.json:$.title	the Keeper	(no "the" before it)	|	Coinneach Mòr chosen Keeper of Sliochd Thormoid
LEFT	eras/age_III/events/19.json:$.summary	the Keeper	(no "the" before it)	|	Mòr mac Tormoid, five-and-twenty, first Keeper of his house, for his patience rather t
LEFT	eras/age_III/events/19.json:$.summary	the Keeper	(no "the" before it)	|	ther than any gift of speech, judging a Keeper who keeps a flame steadily worth more t
LEFT	eras/age_III/events/22.json:$.summary	the Keeper	(no "the" before it)	|	 six-and-twenty years old, the youngest Keeper chosen since Muireach Liath's own day. 
LEFT	eras/age_III/events/22.json:$.summary	the Keeper	(no "the" before it)	|	er working life, warns her that a young Keeper who bends once in her first year is ask
LEFT	eras/age_III/events/22.json:$.summary	the Keeper	(no "the" before it)	|	st of them with her own hands, which no Keeper before her is remembered to have done.
LEFT	eras/age_III/events/22.json:$.summary	the Keeper	(no "the" before it)	|	ers young enough to have known no other Keeper, and left again on the same stones, sti
LEFT	eras/age_III/events/25.json:$.summary	the druid school	(no "the" before it)	|	Two teachers of the western druid school travel to the far-eastern Muileann chia
LEFT	eras/age_III/events/28.json:$.summary	the king-list	(no "the" before it)	|	o, the first of eleven rulers the later king-list will give only by name and order.
LEFT	eras/age_III/events/28.json:$.summary	the Keepers	(no "the" before it)	|	 the Hall's spoken roll gives only five Keepers, a mountain's years running longer than
LEFT	eras/age_III/events/28.json:$.summary	the Keeper	(no "the" before it)	|	the written king-list reaches the blind Keeper on the mountain, who sits three days in
LEFT	eras/age_III/events/28.json:$.summary	the Hall	(no "the" before it)	|	en tells the Hall's own reciters that a Hall out-remembered by a rìgh's clerk has no
LEFT	eras/age_III/events/29.json:$.summary	the king-list	(no "the" before it)	|	gned thirty-one years and had the first king-list written, and is carried up the mountain
LEFT	eras/age_III/events/29.json:$.title	the Keeper	(no "the" before it)	|	A Keeper named in the silent years
LEFT	eras/age_III/events/29.json:$.summary	the Keeper	(no "the" before it)	|	A Keeper is named at Dùn ìseal of whom the roll 
LEFT	eras/age_III/events/29.json:$.summary	the Keeper	(no "the" before it)	|	Calum Liath is made Keeper at forty-five, in Fearchar Òg's ninth y
LEFT	eras/age_III/events/30.json:$.body	the Keeper	(no "the" before it)	|	Sent without a Keeper's cutter to bring up a left basket, two y
LEFT	eras/age_III/events/30.json:$.title	the Keeper	(no "the" before it)	|	Oighrig Bhàn chosen Keeper
LEFT	eras/age_III/events/30.json:$.body	the Keeper	(no "the" before it)	|	ur in later years are themselves chosen Keeper, which the reciters of Dùn ìseal count 
LEFT	eras/age_III/events/33.json:$.summary	the Keeper	(no "the" before it)	|	, having held the flame longer than any Keeper before him. The reciters of Dùn ìseal r
LEFT	eras/age_III/events/34.json:$.summary	the Keeper	(no "the" before it)	|	ad agreed on anything, a plain record a Keeper's clerk consults to settle a far larger d
LEFT	eras/age_III/events/35.json:$.title	the Keeper	(no "the" before it)	|	Both schools ask the new Keeper for a ruling
LEFT	eras/age_III/events/35.json:$.summary	the Keeper	(no "the" before it)	|	ding of the vein is the truer, as every Keeper before her has been asked and never onc
LEFT	eras/age_III/events/36.json:$.summary	the Keeper	(no "the" before it)	|	Raonaid Dhubh, Keeper of the flame at Dùn ìseal for the bette
LEFT	eras/age_III/events/37.json:$.summary	the red hall	(no "the" before it)	|	 rolls and answering reeves at the shut red hall who no longer know whose name to render
LEFT	eras/age_III/events/37.json:$.summary	the red hall	(no "the" before it)	|	 the work, has already shown the hand a red hall wants at its head.
