# run 2026-09-26 01:34: 1485 changes, 88 left
CHANGE	eras/age_IV/annals/age_IV_01.json:EIV-1003.title	the red hall	->	An Talla Dearg	|	The Cuan shean crew heard in the red hall
CHANGE	eras/age_IV/annals/age_IV_01.json:EIV-1004.title	the red hall	->	An Talla Dearg	|	The Ros bheag crew heard in the red hall
CHANGE	eras/age_IV/annals/age_IV_01.json:EIV-1005.title	the red hall	->	An Talla Dearg	|	The Ceann mhòr crew heard in the red hall
CHANGE	eras/age_IV/annals/age_IV_01.json:EIV-1006.body	the red hall	->	An Talla Dearg	|	on nothing else. The leaf is kept in the chest of the red hall.
CHANGE	eras/age_IV/annals/age_IV_01.json:EIV-1007.body	the red hall	->	An Talla Dearg	|	At the lower board of the red hall the queen's sister Mòrag nic 
CHANGE	eras/age_IV/annals/age_IV_01.json:EIV-1010.body	the vein-house	->	Taigh na Fèithe	|	ngs, comes down to Cathair dhearg on an errand of the vein-house and asks to hear the three te
CHANGE	eras/age_IV/annals/age_IV_01.json:EIV-1012.body	the red hall	->	An Talla Dearg	|	sister walk the Cuan shean skipper to the gate of the red hall and look down the river road 
CHANGE	eras/age_IV/annals/age_IV_01.json:EIV-1013.body	The red hall's	->	An Talla Dearg's	|	The red hall's rolls enter the first year of
CHANGE	eras/age_IV/annals/age_IV_01.json:EIV-1015.body	the harbour-house of Seann Skell	->	Taigh a' Chalaidh	|	h a fisher of Inis àrsaidh and his wife come into the harbour-house of Seann Skell and ask to be written down as
CHANGE	eras/age_IV/annals/age_IV_01.json:EIV-1016.body	the vein-house	->	Taigh na Fèithe	|	will write a household whole or not at all, since the vein-house measures the handful to the h
CHANGE	eras/age_IV/annals/age_IV_01.json:EIV-1021.title	The vein-house	->	Taigh na Fèithe	|	The vein-house sends to read the roll
CHANGE	eras/age_IV/annals/age_IV_01.json:EIV-1021.body	the roll of the willing	->	Rolla nan Deònach	|	A custodian's servant comes by night to read the roll of the willing and ask how many households o
CHANGE	eras/age_IV/annals/age_IV_01.json:EIV-1026.body	the vein-house	->	Taigh na Fèithe	|	 Seann Skell and every harbour of the west and to the vein-house: the crown will send no one a
CHANGE	eras/age_IV/annals/age_IV_01.json:EIV-1030.body	the vein-house	->	Taigh na Fèithe	|	Through the winter the custodians at the vein-house argue whether the right to th
CHANGE	eras/age_IV/annals/age_IV_01.json:EIV-1031.title	the vein-house	->	Taigh na Fèithe	|	The roll copied for the vein-house
CHANGE	eras/age_IV/annals/age_IV_01.json:EIV-1031.body	the roll of the willing	->	Rolla nan Deònach	|	The harbour scribe's son copies the roll of the willing onto skin, with a flame-mark 
CHANGE	eras/age_IV/annals/age_IV_01.json:EIV-1031.body	the vein-house	->	Taigh na Fèithe	|	ght to the coal, and sends it up the coal-road to the vein-house.
CHANGE	eras/age_IV/annals/age_IV_01.json:EIV-1033.body	the vein-house	->	Taigh na Fèithe	|	In the moon of Lùghnas the custodians of the vein-house sit at the long table with th
CHANGE	eras/age_IV/annals/age_IV_01.json:EIV-1033.body	the custody-book	->	Leabhar a' Chùraim	|	e long table with the copied roll on one side and the custody-book on the other, and count heart
CHANGE	eras/age_IV/annals/age_IV_02.json:EIV-1508.body	the vein-house	->	Taigh na Fèithe	|	nd themselves into one fellowship. A custodian of the vein-house swears their apprentices over
CHANGE	eras/age_IV/annals/age_IV_02.json:EIV-1512.body	the vein-house	->	Taigh na Fèithe	|	off the blocks below Seann Skell with a coal from the vein-house set at her step. The town cal
CHANGE	eras/age_IV/annals/age_IV_02.json:EIV-1520.body	The second hull	->	An Dara Fhaoileag	|	The second hull stands planked from keel to s
CHANGE	eras/age_IV/annals/age_IV_02.json:EIV-1523.body	the steering star	->	Reul na Stiùire	|	 teaching the six pilots the wheel of the sky and the steering star, Reul na Stiùire, by which it
CHANGE	eras/age_IV/annals/age_IV_02.json:EIV-1523.body	(appositive)	->	Reul na Stiùire	|	dropped the English gloss beside Reul na Stiùire
CHANGE	eras/age_IV/annals/age_IV_02.json:EIV-1524.body	the vein-house's	->	Taigh na Fèithe's	|	At the vein-house's asking, Seumas Reultach has h
CHANGE	eras/age_IV/annals/age_IV_02.json:EIV-1524.body	the steering star	->	Reul na Stiùire	|	ter cut onto a scraped hide the wheel of the sky, the steering star and the four turning marks of
CHANGE	eras/age_IV/annals/age_IV_02.json:EIV-1526.body	the steering star	->	Reul na Stiùire	|	d what they have learned of the wheel of the sky, the steering star and the smell of the dark bef
CHANGE	eras/age_IV/annals/age_IV_02.json:EIV-1528.body	the steering star	->	Reul na Stiùire	|	 of her hull, An Ròn Glas, and Catrìona names her the steering star.
CHANGE	eras/age_IV/annals/age_IV_03.json:EIV-2001.body	the vein-house	->	Taigh na Fèithe	|	Fearchar mac Ruairidh comes to the vein-house and asks that each hull found
CHANGE	eras/age_IV/annals/age_IV_03.json:EIV-2001.body	the Small-Burning Law	->	Lagh an Loscaidh Bhig	|	l, no more than a single household's season under the Small-Burning Law. The custodians send him down
CHANGE	eras/age_IV/annals/age_IV_03.json:EIV-2002.title	the vein-house	->	Taigh na Fèithe	|	Donnchadh mac Thormoid given to the vein-house
CHANGE	eras/age_IV/annals/age_IV_03.json:EIV-2003.body	the vein-house's	->	Taigh na Fèithe's	|	After six winters of argument the vein-house's board finally votes on Fearch
CHANGE	eras/age_IV/annals/age_IV_03.json:EIV-2003.body	the Law	->	Lagh an Loscaidh Bhig	|	ossed water and should not; Fearchar answers that the Law measures a hearth wherever a 
CHANGE	eras/age_IV/annals/age_IV_03.json:EIV-2003.body	The custody-book	->	Leabhar a' Chùraim	|	ures a hearth wherever a hearth chooses to stand. The custody-book is opened and the question is
CHANGE	eras/age_IV/annals/age_IV_03.json:EIV-2004.body	the vein-house	->	Taigh na Fèithe	|	 first measures of coal are weighed and sealed at the vein-house, each against the words "for 
CHANGE	eras/age_IV/annals/age_IV_03.json:EIV-2006.body	the custody-book	->	Leabhar a' Chùraim	|	 is set at fifteen to render the ruling clean for the custody-book, after it has lain four years
CHANGE	eras/age_IV/annals/age_IV_03.json:EIV-2006.body	the vein-house's	->	Taigh na Fèithe's	|	aled measure a ship, a single household's season, the vein-house's own mark. He copies it exactl
CHANGE	eras/age_IV/annals/age_IV_03.json:EIV-2009.body	the vein-house	->	Taigh na Fèithe	|	The master of the vein-house, who wrote the first count of
CHANGE	eras/age_IV/annals/age_IV_03.json:EIV-2009.body	the vein-house	->	Taigh na Fèithe	|	ount of the departing households in LE 3, dies at the vein-house grown very old, soon after se
CHANGE	eras/age_IV/annals/age_IV_03.json:EIV-2013.title	the red hall	->	An Talla Dearg	|	The council of the red hall divided on the grain
CHANGE	eras/age_IV/annals/age_IV_03.json:EIV-2013.body	the Small-Burning Law	->	Lagh an Loscaidh Bhig	|	ross open water without bread enough, others that the Small-Burning Law was never meant to measure a 
CHANGE	eras/age_IV/annals/age_IV_03.json:EIV-2017.body	the bridge at Cathair dhearg	->	Drochaid Cathair dhearg	|	On the bridge at Cathair dhearg the tally-keeper Mairead nic 
CHANGE	eras/age_IV/annals/age_IV_03.json:EIV-2018.body	the harbour-house of Seann Skell	->	Taigh a' Chalaidh	|	At the harbour-house of Seann Skell, Calum mac Nèill cuts his own
CHANGE	eras/age_IV/annals/age_IV_03.json:EIV-2018.body	the roll of the willing	->	Rolla nan Deònach	|	 mac Nèill cuts his own daughter's household onto the roll of the willing: Mairead nic Chaluim, her hus
CHANGE	eras/age_IV/annals/age_IV_03.json:EIV-2019.body	the vein-house's	->	Taigh na Fèithe's	|	leet's crossing, one measure to a household under the vein-house's own ruling. By spring the qua
CHANGE	eras/age_IV/annals/age_IV_03.json:EIV-2022.body	the custody-book	->	Leabhar a' Chùraim	|	new stones. What passes between them is not told; the custody-book gives only that the queen was
CHANGE	eras/age_IV/annals/age_IV_03.json:EIV-2029.body	the night of lamps	->	Oidhche nan Lòchran	|	e to the boards, stands by his empty cart through the night of lamps and through the sailing itsel
CHANGE	eras/age_IV/annals/age_IV_03.json:EIV-2030.title	the sunwise turn	->	An Diosal	|	Niall's tally of the sunwise turn
CHANGE	eras/age_IV/annals/age_IV_04.json:EIV-2501.title	The custody-book's	->	Leabhar a' Chùraim's	|	The custody-book's entry of the turn
CHANGE	eras/age_IV/annals/age_IV_04.json:EIV-2501.body	the vein-house	->	Taigh na Fèithe	|	At the vein-house Donnchadh mac Thormoid enters
CHANGE	eras/age_IV/annals/age_IV_04.json:EIV-2501.body	the custody-book	->	Leabhar a' Chùraim	|	dh mac Thormoid enters the turn of the fleet into the custody-book under a day after Samhain, a 
CHANGE	eras/age_IV/annals/age_IV_04.json:EIV-2502.body	the vein-house	->	Taigh na Fèithe	|	 convenience, and for no reason he offers anyone, the vein-house clerk Donnchadh mac Thormoid 
CHANGE	eras/age_IV/annals/age_IV_04.json:EIV-2502.body	the sunwise turn	->	An Diosal	|	onnchadh mac Thormoid begins to number years from the sunwise turn rather than from a reign, wor
CHANGE	eras/age_IV/annals/age_IV_04.json:EIV-2505.title	the red hall	->	An Talla Dearg	|	The tidings copied to the red hall and the vein-house
CHANGE	eras/age_IV/annals/age_IV_04.json:EIV-2505.title	the vein-house	->	Taigh na Fèithe	|	The tidings copied to the red hall and the vein-house
CHANGE	eras/age_IV/annals/age_IV_04.json:EIV-2505.body	the vein-house	->	Taigh na Fèithe	|	cond copy, made by his son Dòmhnall, goes east to the vein-house, where Donnchadh mac Thormoid
CHANGE	eras/age_IV/annals/age_IV_04.json:EIV-2506.body	the red hall	->	An Talla Dearg	|	At the red hall the custodians argue whether 
CHANGE	eras/age_IV/annals/age_IV_04.json:EIV-2508.body	the red hall's	->	An Talla Dearg's	|	's first grandson and the third of her line under the red hall's roof.
CHANGE	eras/age_IV/annals/age_IV_04.json:EIV-2513.title	the thinning	->	An Tanachadh	|	The taproom tales of the thinning at Seann Skell
CHANGE	eras/age_IV/annals/age_IV_04.json:EIV-2513.body	the vein-house	->	Taigh na Fèithe	|	in by the third generation. A custodian down from the vein-house answers her over a jug that t
CHANGE	eras/age_IV/annals/age_IV_04.json:EIV-2515.body	the white sorrow	->	an Tùrsa Geal	|	e court names the queen's mourning an Tùrsa Geal, the white sorrow, and within a generation any 
CHANGE	eras/age_IV/annals/age_IV_04.json:EIV-2515.body	(appositive)	->	an Tùrsa Geal	|	dropped the English gloss beside an Tùrsa Geal
CHANGE	eras/age_IV/annals/age_IV_04.json:EIV-2516.title	The vein-house's	->	Taigh na Fèithe's	|	The vein-house's second count made
CHANGE	eras/age_IV/annals/age_IV_04.json:EIV-2516.body	the vein-house's	->	Taigh na Fèithe's	|	now nine-and-thirty, carries the greater share of the vein-house's second tallying, checking the
CHANGE	eras/age_IV/annals/age_IV_04.json:EIV-2516.body	the roll of the willing	->	Rolla nan Deònach	|	are of the vein-house's second tallying, checking the roll of the willing against the coal-right's rema
CHANGE	eras/age_IV/annals/age_IV_04.json:EIV-2518.body	the vein-house's	->	Taigh na Fèithe's	|	Queen Beathag nic Dhòmhnaill reads the vein-house's figure of one hand in five, a
CHANGE	eras/age_IV/annals/age_IV_04.json:EIV-2519.body	the red hall	->	An Talla Dearg	|	Beathag nic Dhòmhnaill comes into the red hall in plain undyed wool for the 
CHANGE	eras/age_IV/annals/age_IV_04.json:EIV-2521.title	the Law's	->	Lagh an Loscaidh Bhig's	|	Donnchadh speaks of the Law's limit
CHANGE	eras/age_IV/annals/age_IV_04.json:EIV-2521.body	the vein-house	->	Taigh na Fèithe	|	custodians' own stretching can carry it, and that the vein-house owes itself an honest look at
CHANGE	eras/age_IV/annals/age_IV_04.json:EIV-2523.title	The seven houses of custody	->	Na Seachd Taighean	|	The seven houses of custody sworn
CHANGE	eras/age_IV/annals/age_IV_04.json:EIV-2523.body	The vein-house	->	Taigh na Fèithe	|	The vein-house gathers the remaining custodi
CHANGE	eras/age_IV/annals/age_IV_04.json:EIV-2524.title	the oath of the seven	->	Mionnan nan Seachd	|	Donnchadh writes the oath of the seven heads
CHANGE	eras/age_IV/annals/age_IV_04.json:EIV-2524.body	the custody-book	->	Leabhar a' Chùraim	|	dh mac Thormoid enters the seven heads' oath into the custody-book in the same plain hand he has
CHANGE	eras/age_IV/annals/age_IV_04.json:EIV-2524.body	the Law	->	Lagh an Loscaidh Bhig	|	 working life, and finds himself thinking less of the Law than of the fifth of hands th
CHANGE	eras/age_IV/annals/age_IV_04.json:EIV-2525.body	the red hall's	->	An Talla Dearg's	|	and six years old, after one-and-sixty years upon the red hall's floor, the oldest of her line
CHANGE	eras/age_IV/annals/age_IV_04.json:EIV-2526.body	the red hall	->	An Talla Dearg	|	of Beathag and of Uilleam mac Iain, is crowned in the red hall within the month of his mothe
CHANGE	eras/age_IV/annals/age_IV_04.json:EIV-2531.body	the sunwise turn	->	An Diosal	|	own the hazel stick Calum kept since the night of the sunwise turn and sets it at his own writin
CHANGE	eras/age_IV/annals/age_IV_04.json:EIV-2532.body	the sunwise turn	->	An Diosal	|	On the eve nearest the day of the sunwise turn the households of Seann Skell
CHANGE	eras/age_IV/annals/age_IV_04.json:EIV-2533.body	the sunwise turn	->	An Diosal	|	little more than half the trade it carried before the sunwise turn.
CHANGE	eras/age_IV/annals/age_IV_04.json:EIV-2535.body	the sunwise turn	->	An Diosal	|	ed from the island's own shore in the years after the sunwise turn and never been heard from sin
CHANGE	eras/age_IV/annals/age_IV_04.json:EIV-2536.title	the headland watch	->	Faire a' Chinn	|	The first turn of the headland watch
CHANGE	eras/age_IV/annals/age_IV_04.json:EIV-2536.body	the headland watch	->	Faire a' Chinn	|	after her, and the custom becomes Faire a' Chinn, the headland watch.
CHANGE	eras/age_IV/annals/age_IV_04.json:EIV-2536.body	(appositive)	->	Faire a' Chinn	|	dropped the English gloss beside Faire a' Chinn
CHANGE	eras/age_IV/annals/age_IV_04.json:EIV-2537.body	the quay of the sunwise turn	->	Cidhe an Diosail	|	known the fleet come to call it Cidhe an Diosail, the quay of the sunwise turn, without any single day anyon
CHANGE	eras/age_IV/annals/age_IV_04.json:EIV-2537.body	(appositive)	->	Cidhe an Diosail	|	dropped the English gloss beside Cidhe an Diosail
CHANGE	eras/age_IV/annals/age_IV_04.json:EIV-2538.title	the harbour rolls	->	Rolla a' Chalaidh	|	Cidhe an Diosail entered in the harbour rolls
CHANGE	eras/age_IV/annals/age_IV_04.json:EIV-2538.body	the harbour rolls	->	Rolla a' Chalaidh	|	Niall enters the west quay's new name into the harbour rolls in his own hand, letting the 
CHANGE	eras/age_IV/annals/age_IV_04.json:EIV-2539.body	the harbour rolls	->	Rolla a' Chalaidh	|	In the harbour rolls the word roghnaich, to choose
CHANGE	eras/age_IV/annals/age_IV_05.json:EIV-3003.body	the vein-house	->	Taigh na Fèithe	|	seadair's is the only household on the hill below the vein-house that does the whole of the br
CHANGE	eras/age_IV/annals/age_IV_05.json:EIV-3004.title	The Diosal	->	An Diosal	|	The Diosal count taken up at Cathair dhe
CHANGE	eras/age_IV/annals/age_IV_05.json:EIV-3004.body	the red hall	->	An Talla Dearg	|	The crown's own scribes at the red hall begin dating their rolls by t
CHANGE	eras/age_IV/annals/age_IV_05.json:EIV-3004.body	the vein-house	->	Taigh na Fèithe	|	he count Donnchadh mac Thormoid had kept alone at the vein-house for near thirty years, settin
CHANGE	eras/age_IV/annals/age_IV_05.json:EIV-3005.title	the vein-house	->	Taigh na Fèithe	|	Eachann Briseadair raises the first house below the vein-house
CHANGE	eras/age_IV/annals/age_IV_05.json:EIV-3005.body	the vein-house's	->	Taigh na Fèithe's	|	 galleries, builds the first house of stone below the vein-house's own gate; his sons build thre
CHANGE	eras/age_IV/annals/age_IV_05.json:EIV-3006.body	the vein-house's	->	Taigh na Fèithe's	|	The coal-breakers' settlement below the vein-house's gate, which has borne the nam
CHANGE	eras/age_IV/annals/age_IV_05.json:EIV-3006.body	the vein-house	->	Taigh na Fèithe	|	 with its own well, smith and reeve, answering to the vein-house rather than to any shire.
CHANGE	eras/age_IV/annals/age_IV_05.json:EIV-3009.title	the seven houses	->	Na Seachd Taighean	|	The lots drawn among the seven houses
CHANGE	eras/age_IV/annals/age_IV_05.json:EIV-3009.body	the seven houses	->	Na Seachd Taighean	|	The heads of the seven houses that hold the right to the co
CHANGE	eras/age_IV/annals/age_IV_05.json:EIV-3009.body	the vein-house	->	Taigh na Fèithe	|	ses that hold the right to the coal are called to the vein-house and each draws a marked stone
CHANGE	eras/age_IV/annals/age_IV_05.json:EIV-3010.body	the red hall	->	An Talla Dearg	|	eighty-fifth year after seven-and-thirty years on the red hall; his son Raghnall mac Raghnai
CHANGE	eras/age_IV/annals/age_IV_05.json:EIV-3010.body	the custody-book	->	Leabhar a' Chùraim	|	ars old, is crowned in his place without dispute, the custody-book giving the closed reign one l
CHANGE	eras/age_IV/annals/age_IV_05.json:EIV-3014.title	The lot-stones	->	Clachan a' Chrannchuir	|	The lot-stones shown to a visitor
CHANGE	eras/age_IV/annals/age_IV_05.json:EIV-3014.body	the vein-house	->	Taigh na Fèithe	|	grandson of Eachann Briseadair's, waiting idle in the vein-house hall, hold it and hear how th
CHANGE	eras/age_IV/annals/age_IV_05.json:EIV-3016.body	the custody-book	->	Leabhar a' Chùraim	|	nd the same oath said over it, a quiet continuity the custody-book itself gives only a single li
CHANGE	eras/age_IV/annals/age_IV_05.json:EIV-3018.body	the seven houses of custody	->	Na Seachd Taighean	|	The heads of the seven houses of custody first wear the neck-rings bea
CHANGE	eras/age_IV/annals/age_IV_05.json:EIV-3018.body	the vein-house	->	Taigh na Fèithe	|	e smiths of Muileann chiar, so that a stranger at the vein-house or the red hall may know a cu
CHANGE	eras/age_IV/annals/age_IV_05.json:EIV-3018.body	the red hall	->	An Talla Dearg	|	nn chiar, so that a stranger at the vein-house or the red hall may know a custodian by the c
CHANGE	eras/age_IV/annals/age_IV_05.json:EIV-3021.body	the vein-house's	->	Taigh na Fèithe's	|	 the prop, the cut and the tally-mark before him; the vein-house's scribe judges it a kind of co
CHANGE	eras/age_IV/annals/age_IV_05.json:EIV-3024.body	the seven houses	->	Na Seachd Taighean	|	ousehold above Muileann dhearg, as every child of the seven houses is meant to be, while his you
CHANGE	eras/age_IV/annals/age_IV_05.json:EIV-3029.body	the sunwise turn	->	An Diosal	|	athair dhearg to choose, for the first time since the sunwise turn, a king the crown's own blood
CHANGE	eras/age_IV/annals/age_IV_05.json:EIV-3032.body	the red hall	->	An Talla Dearg	|	After a morning's silence in the yard of the red hall the head of Clann Ìomhair spe
CHANGE	eras/age_IV/annals/age_IV_05.json:EIV-3033.body	the seven houses	->	Na Seachd Taighean	|	of his hair; he is the first child born to a king the seven houses chose.
CHANGE	eras/age_IV/annals/age_IV_05.json:EIV-3034.body	the vein-house	->	Taigh na Fèithe	|	hair dhearg and partly at Baile Mòr dhomhain near the vein-house, with his brother Iain keepin
CHANGE	eras/age_IV/annals/age_IV_05.json:EIV-3038.body	the vein-house	->	Taigh na Fèithe	|	 ordinary handful for any rite made over him, and the vein-house keeps the asking to the lette
CHANGE	eras/age_IV/annals/age_IV_05.json:EIV-3039.title	The seven houses	->	Na Seachd Taighean	|	The seven houses stand at Clann Fhearchair's g
CHANGE	eras/age_IV/annals/age_IV_05.json:EIV-3039.body	the seven houses	->	Na Seachd Taighean	|	The heads of the seven houses, each still wearing the neck-
CHANGE	eras/age_IV/annals/age_IV_05.json:EIV-3043.title	the Hungry Hawk	->	An Seabhag Acrach	|	Gormshuil first names the vein the Hungry Hawk
CHANGE	eras/age_IV/annals/age_IV_05.json:EIV-3044.body	the Hawk bay	->	Bàgh an t-Seabhaig	|	uil's teaching, carried inland by a wool-buyer of the Hawk bay, brings three keepers of the 
CHANGE	eras/age_IV/annals/age_IV_05.json:EIV-3045.title	The Hawk bay	->	Bàgh an t-Seabhaig	|	The Hawk bay elder questions Gormshuil's o
CHANGE	eras/age_IV/annals/age_IV_06.json:EIV-3501.body	the vein-house's	->	Taigh na Fèithe's	|	 sixty-eighth year, the last of his own riding to the vein-house's winter burning long past. His
CHANGE	eras/age_IV/annals/age_IV_06.json:EIV-3502.body	the seven houses	->	Na Seachd Taighean	|	 same oath as her father before her. The heads of the seven houses swear over her hands to hold 
CHANGE	eras/age_IV/annals/age_IV_06.json:EIV-3505.body	The seven houses	->	Na Seachd Taighean	|	hom she has known since the years of her regency. The seven houses' heads attend the wedding at 
CHANGE	eras/age_IV/annals/age_IV_06.json:EIV-3506.title	the red hall	->	An Talla Dearg	|	A cold supper at the red hall
CHANGE	eras/age_IV/annals/age_IV_06.json:EIV-3507.body	the red hall	->	An Talla Dearg	|	armer and a grain-seller come near to blows below the red hall over the true size of a baske
CHANGE	eras/age_IV/annals/age_IV_06.json:EIV-3517.title	the Yellow Lion	->	An Leòmhann Buidhe	|	Coinneach hears the carters' grumbling at the Yellow Lion
CHANGE	eras/age_IV/annals/age_IV_06.json:EIV-3520.title	The house of disputation	->	Taigh na Deasbaid	|	The house of disputation raised at Dùn thais
CHANGE	eras/age_IV/annals/age_IV_06.json:EIV-3527.body	the red hall	->	An Talla Dearg	|	s at Cathair dhearg, one-and-eighty years old, in the red hall where she had reigned longer 
CHANGE	eras/age_IV/annals/age_IV_06.json:EIV-3529.body	the seven houses	->	Na Seachd Taighean	|	Learning how the seven houses have answered his question wi
CHANGE	eras/age_IV/annals/age_IV_06.json:EIV-3537.body	the white sorrow	->	an Tùrsa Geal	|	ld's season of loss as the whole island once wore the white sorrow.
CHANGE	eras/age_IV/annals/age_IV_06.json:EIV-3541.body	the vein-house	->	Taigh na Fèithe	|	ings down a byre at Cill ghlas. The custodians of the vein-house send men into the galleries b
CHANGE	eras/age_IV/annals/age_IV_06.json:EIV-3542.title	The vein-house	->	Taigh na Fèithe	|	The vein-house offers stone for Cill ghlas's
CHANGE	eras/age_IV/annals/age_IV_06.json:EIV-3542.body	the vein-house	->	Taigh na Fèithe	|	The custodians of the vein-house offer stone from their own su
CHANGE	eras/age_IV/annals/age_IV_06.json:EIV-3543.body	the red hall	->	An Talla Dearg	|	is letters as a child, the first time any heir to the red hall has been given a tutor for th
CHANGE	eras/age_IV/annals/age_IV_06.json:EIV-3548.body	the Fianna	->	an Fhianna	|	e is Lia Fàil, and that its watching families are the Fianna, sworn to keep the whole isla
CHANGE	eras/age_IV/annals/age_IV_06.json:EIV-3548.body	the order of the Stone	->	Òrd na Cloiche	|	grow through the year into the first gathering of the order of the Stone at Inis thais.
CHANGE	eras/age_IV/annals/age_IV_06.json:EIV-3551.body	The Fianna of the Stone	->	An Fhianna	|	The Fianna of the Stone at Inis thais take up a horn 
CHANGE	eras/age_IV/annals/age_IV_06.json:EIV-3552.title	the Stone	->	Lia Fàil	|	The naming of the Stone carried inland by a hide-trad
CHANGE	eras/age_IV/annals/age_IV_06.json:EIV-3552.body	the Stone	->	Lia Fàil	|	d Dòmhnall mac Ailein twice repeats the naming of the Stone to three inland villages whil
CHANGE	eras/age_IV/annals/age_IV_06.json:EIV-3553.title	The Hawk	->	Òrd an t-Seabhaig	|	The Hawk and the Fianna claim the same
CHANGE	eras/age_IV/annals/age_IV_06.json:EIV-3553.title	the Fianna	->	an Fhianna	|	The Hawk and the Fianna claim the same feast day at C
CHANGE	eras/age_IV/annals/age_IV_06.json:EIV-3553.body	the Hawk	->	Òrd an t-Seabhaig	|	The priests of the Hawk and the Fianna of the Stone b
CHANGE	eras/age_IV/annals/age_IV_06.json:EIV-3553.body	the Fianna of the Stone	->	an Fhianna	|	The priests of the Hawk and the Fianna of the Stone both come to the harbour shri
CHANGE	eras/age_IV/annals/age_IV_06.json:EIV-3553.body	the Hawk's	->	Òrd an t-Seabhaig's	|	ine at Caol leathan for the same morning's hours, the Hawk's reckoning and the Stone's vig
CHANGE	eras/age_IV/annals/age_IV_06.json:EIV-3553.body	the Stone's	->	Òrd na Cloiche's	|	he same morning's hours, the Hawk's reckoning and the Stone's vigil falling that year on th
CHANGE	eras/age_IV/annals/age_IV_06.json:EIV-3554.body	the Hawk	->	Òrd an t-Seabhaig	|	ilpein, halves the harbour shrine's hours between the Hawk and the Fianna, as the sacred
CHANGE	eras/age_IV/annals/age_IV_06.json:EIV-3554.body	the Fianna	->	an Fhianna	|	s the harbour shrine's hours between the Hawk and the Fianna, as the sacred woods of an ol
CHANGE	eras/age_IV/annals/age_IV_06.json:EIV-3556.body	the Hawk bay	->	Bàgh an t-Seabhaig	|	An amber-worker of Seann Skell on the Hawk bay is caught selling rough amber
CHANGE	eras/age_IV/annals/age_IV_06.json:EIV-3557.body	The Fianna of the Stone	->	An Fhianna	|	n the order his hearers named after his teaching. The Fianna of the Stone carry him to the shrine and s
CHANGE	eras/age_IV/annals/age_IV_06.json:EIV-3558.body	the wood-watchers	->	Òrd Mhacha	|	Before he takes up the wood-watchers' rite himself, King Aonghas m
CHANGE	eras/age_IV/annals/age_IV_06.json:EIV-3559.title	the wood-watchers	->	Òrd Mhacha	|	A councillor warns Aonghas against the wood-watchers' rite
CHANGE	eras/age_IV/annals/age_IV_06.json:EIV-3559.body	the red hall	->	An Talla Dearg	|	An old councillor of the red hall warns King Aonghas that a cro
CHANGE	eras/age_IV/annals/age_IV_06.json:EIV-3559.body	the seven houses	->	Na Seachd Taighean	|	hat a crown seen at a moor-custom may be asked by the seven houses why it will not be seen at th
CHANGE	eras/age_IV/annals/age_IV_06.json:EIV-3560.title	the red hall's	->	An Talla Dearg's	|	Half the red hall's household takes up the rite o
CHANGE	eras/age_IV/annals/age_IV_06.json:EIV-3560.body	the wood-watchers	->	Òrd Mhacha	|	year of King Aonghas standing at the yoke-pole of the wood-watchers' rite, half his own household
CHANGE	eras/age_IV/annals/age_IV_06.json:EIV-3563.body	the wood-watchers	->	Òrd Mhacha	|	King Aonghas rides out to the wood-watchers' rite a second spring running
CHANGE	eras/age_IV/annals/age_IV_07.json:EIV-4001.body	the wood-watchers	->	Òrd Mhacha	|	ar, after six-and-fifty years crowned, having set the wood-watchers' rite of Macha as the crown's
CHANGE	eras/age_IV/annals/age_IV_07.json:EIV-4001.body	The custody-book	->	Leabhar a' Chùraim	|	atchers' rite of Macha as the crown's own custom. The custody-book gives him one line: the name,
CHANGE	eras/age_IV/annals/age_IV_07.json:EIV-4005.title	the sacred forest at Cnoc bheag	->	Coille Naomh Cnoc bheag	|	Macha's priests granted the sacred forest at Cnoc bheag
CHANGE	eras/age_IV/annals/age_IV_07.json:EIV-4005.body	the sacred forest at Cnoc bheag	->	Coille Naomh Cnoc bheag	|	The custody of the sacred forest at Cnoc bheag, held in common since the Hol
CHANGE	eras/age_IV/annals/age_IV_07.json:EIV-4005.body	the Holy Age	->	An Aois Naomh	|	sacred forest at Cnoc bheag, held in common since the Holy Age, passes by royal grant to the
CHANGE	eras/age_IV/annals/age_IV_07.json:EIV-4006.title	The vein-house	->	Taigh na Fèithe	|	The vein-house orders every copy of the trac
CHANGE	eras/age_IV/annals/age_IV_07.json:EIV-4006.body	the vein-house	->	Taigh na Fèithe	|	the custodians' galleries at Muileann dhearg, and the vein-house orders every copy brought in 
CHANGE	eras/age_IV/annals/age_IV_07.json:EIV-4007.title	the vein-house	->	Taigh na Fèithe	|	Some hundred tracts burned in the vein-house yard
CHANGE	eras/age_IV/annals/age_IV_07.json:EIV-4007.body	the vein-house	->	Taigh na Fèithe	|	households across the north-east and burn them in the vein-house yard at Muileann dhearg befor
CHANGE	eras/age_IV/annals/age_IV_07.json:EIV-4009.title	The druid schools	->	Scoiltean nan Draoidhean	|	The druid schools take up the walk of Flidais's
CHANGE	eras/age_IV/annals/age_IV_07.json:EIV-4009.title	Flidais's wood	->	Coille Naomh Muileann chiar	|	The druid schools take up the walk of Flidais's wood
CHANGE	eras/age_IV/annals/age_IV_07.json:EIV-4009.body	The druid schools	->	Scoiltean nan Draoidhean	|	The druid schools, holding no ground of their o
CHANGE	eras/age_IV/annals/age_IV_07.json:EIV-4009.body	the Holy Age	->	An Aois Naomh	|	uid schools, holding no ground of their own since the Holy Age, take up the yearly keeping o
CHANGE	eras/age_IV/annals/age_IV_07.json:EIV-4009.body	the holy wood	->	Coille Naomh Muileann chiar	|	since the Holy Age, take up the yearly keeping of the holy wood at Muileann chiar, walking it
CHANGE	eras/age_IV/annals/age_IV_07.json:EIV-4010.body	the wood-watchers	->	Òrd Mhacha	|	 and is carried to his grave at Cathair dhearg by the wood-watchers' rite of Macha, the first kin
CHANGE	eras/age_IV/annals/age_IV_07.json:EIV-4014.body	the red hall	->	An Talla Dearg	|	son, Dùghall, the first of his three sons born at the red hall itself under a crown his fath
CHANGE	eras/age_IV/annals/age_IV_07.json:EIV-4015.body	the red hall	->	An Talla Dearg	|	e-and-sixty, twelve years crowned, the third king the red hall has buried in a single genera
CHANGE	eras/age_IV/annals/age_IV_07.json:EIV-4019.body	the red hall	->	An Talla Dearg	|	driven over the waterfront of Cuan dhearg reaches the red hall nine days late by a rider who
CHANGE	eras/age_IV/annals/age_IV_07.json:EIV-4023.title	the Mason's line	->	Clann a' Chlachair	|	A reciter of Clann na Ceiste says the Mason's line at a naming
CHANGE	eras/age_IV/annals/age_IV_07.json:EIV-4023.body	the Mason	->	An Clachair	|	 the reciter Muireach mac Ailein says the line of the Mason over the child rather than th
CHANGE	eras/age_IV/annals/age_IV_07.json:EIV-4027.title	the red hall	->	An Talla Dearg	|	Mairead nic Ailein keeps her daughter from the red hall
CHANGE	eras/age_IV/annals/age_IV_07.json:EIV-4031.body	the vein-house	->	Taigh na Fèithe	|	he fourth year after the ferry, the custodians of the vein-house cease to reckon quietly who s
CHANGE	eras/age_IV/annals/age_IV_07.json:EIV-4032.title	the vein-house	->	Taigh na Fèithe	|	Raghnall Ruadh made master of the vein-house
CHANGE	eras/age_IV/annals/age_IV_07.json:EIV-4032.body	the vein-house	->	Taigh na Fèithe	|	The custodians of the vein-house at Muileann dhearg choose Rag
CHANGE	eras/age_IV/annals/age_IV_07.json:EIV-4033.body	the red hall	->	An Talla Dearg	|	An old councillor of the red hall asks King Tormod Bàn, seven y
CHANGE	eras/age_IV/annals/age_IV_07.json:EIV-4035.body	the seven houses	->	Na Seachd Taighean	|	 on any one of the three claims laid before them, the seven houses hold the red hall in common, 
CHANGE	eras/age_IV/annals/age_IV_07.json:EIV-4035.body	the red hall	->	An Talla Dearg	|	ee claims laid before them, the seven houses hold the red hall in common, a council of custo
CHANGE	eras/age_IV/annals/age_IV_08.json:EIV-4501.body	the vein-house	->	Taigh na Fèithe	|	At the vein-house Raghnall Ruadh hands the stor
CHANGE	eras/age_IV/annals/age_IV_08.json:EIV-4505.title	The vein-house	->	Taigh na Fèithe	|	The vein-house opened
CHANGE	eras/age_IV/annals/age_IV_08.json:EIV-4506.body	the vein-house	->	Taigh na Fèithe	|	Word reaches Catrìona at the vein-house that the temple fire at Catha
CHANGE	eras/age_IV/annals/age_IV_08.json:EIV-4507.body	the vein-house	->	Taigh na Fèithe	|	 already dead, his last words asking only whether the vein-house gates stood open.
CHANGE	eras/age_IV/annals/age_IV_08.json:EIV-4509.title	the red hall	->	An Talla Dearg	|	Catrìona crowned at the red hall
CHANGE	eras/age_IV/annals/age_IV_08.json:EIV-4509.body	the vein-house's	->	Taigh na Fèithe's	|	mony, the crown itself sent down under guard from the vein-house's own custody. The seven heads 
CHANGE	eras/age_IV/annals/age_IV_08.json:EIV-4510.body	the vein-house	->	Taigh na Fèithe	|	ghann mac Dhùghaill, still master of the store at the vein-house, leaves Raghnall Ruadh's list
CHANGE	eras/age_IV/annals/age_IV_08.json:EIV-4511.title	the ruling of the hearth	->	Riaghailt an Teallaich	|	The drafting of the ruling of the hearth
CHANGE	eras/age_IV/annals/age_IV_08.json:EIV-4511.body	the vein-house's	->	Taigh na Fèithe's	|	At the vein-house's own yard Catrìona and the sev
CHANGE	eras/age_IV/annals/age_IV_08.json:EIV-4512.body	The ruling of the hearth	->	Riaghailt an Teallaich	|	The ruling of the hearth is entered into the custody-b
CHANGE	eras/age_IV/annals/age_IV_08.json:EIV-4512.body	the custody-book	->	Leabhar a' Chùraim	|	The ruling of the hearth is entered into the custody-book beside the Small-Burning Law 
CHANGE	eras/age_IV/annals/age_IV_08.json:EIV-4512.body	the Small-Burning Law	->	Lagh an Loscaidh Bhig	|	he hearth is entered into the custody-book beside the Small-Burning Law in the same hand, and the sev
CHANGE	eras/age_IV/annals/age_IV_08.json:EIV-4514.title	the red hall	->	An Talla Dearg	|	Seònaid nic Coinnich comes to the red hall
CHANGE	eras/age_IV/annals/age_IV_08.json:EIV-4514.body	the red hall	->	An Talla Dearg	|	ough he never lost, walks up from Cathair mhòr to the red hall and is taken into the queen's
CHANGE	eras/age_IV/annals/age_IV_08.json:EIV-4515.body	the red hall	->	An Talla Dearg	|	In her first winter at the red hall, Seònaid nic Coinnich asks to
CHANGE	eras/age_IV/annals/age_IV_08.json:EIV-4515.body	the custody-book's	->	Leabhar a' Chùraim's	|	at the red hall, Seònaid nic Coinnich asks to see the custody-book's oldest entries and copies out
CHANGE	eras/age_IV/annals/age_IV_08.json:EIV-4515.body	the cold hearths	->	Na Teallaichean Fuara	|	e tallies of the hearths refused in the winter of the cold hearths, a labour the queen never que
CHANGE	eras/age_IV/annals/age_IV_08.json:EIV-4516.title	the queen's road	->	Rathad na Banrighinn	|	The council questions the queen's road
CHANGE	eras/age_IV/annals/age_IV_08.json:EIV-4517.title	The queen's road	->	Rathad na Banrighinn	|	The queen's road laid to Inis thais
CHANGE	eras/age_IV/annals/age_IV_08.json:EIV-4518.title	the queen's road	->	Rathad na Banrighinn	|	The first carters run the queen's road
CHANGE	eras/age_IV/annals/age_IV_08.json:EIV-4519.body	the red hall	->	An Talla Dearg	|	ehold can name. He had kept, through his years in the red hall, to the smaller business of t
CHANGE	eras/age_IV/annals/age_IV_08.json:EIV-4522.body	the vein-house's	->	Taigh na Fèithe's	|	ims: a soldier who fought at the ford, the son of the vein-house's store-master, and a woman of 
CHANGE	eras/age_IV/annals/age_IV_08.json:EIV-4522.body	the cold hearths	->	Na Teallaichean Fuara	|	e-master, and a woman of Doire mhin who remembers the cold hearths as a child.
CHANGE	eras/age_IV/annals/age_IV_08.json:EIV-4523.body	the War of the Three Claimants	->	Cogadh nan Trì Tagraichean	|	t seventy-eight, the last ruler to have fought in the War of the Three Claimants. Her son Lachlann mac Iain, n
CHANGE	eras/age_IV/annals/age_IV_08.json:EIV-4524.title	The seven houses	->	Na Seachd Taighean	|	The seven houses swear in a single day
CHANGE	eras/age_IV/annals/age_IV_08.json:EIV-4525.body	the roll of the willing	->	Rolla nan Deònach	|	lean mac Mhurchaidh to show her the old boards of the roll of the willing, and rides home with an erran
CHANGE	eras/age_IV/annals/age_IV_08.json:EIV-4526.body	the vein-house's	->	Taigh na Fèithe's	|	ited his father Eòghann mac Dhùghaill's office at the vein-house's store, lets Seònaid nic Coinn
CHANGE	eras/age_IV/annals/age_IV_08.json:EIV-4526.body	the cold hearths	->	Na Teallaichean Fuara	|	e board of shires refused the coal in the year of the cold hearths, a board his father kept face
CHANGE	eras/age_IV/annals/age_IV_08.json:EIV-4528.title	the custody-book	->	Leabhar a' Chùraim	|	Seònaid weighs the custody-book against her witnesses
CHANGE	eras/age_IV/annals/age_IV_08.json:EIV-4528.body	the vein-house	->	Taigh na Fèithe	|	At the vein-house Seònaid nic Coinnich sets her
CHANGE	eras/age_IV/annals/age_IV_08.json:EIV-4528.body	the custody-book's	->	Leabhar a' Chùraim's	|	 nic Coinnich sets her gathered testimony against the custody-book's own entries of the war, and f
CHANGE	eras/age_IV/annals/age_IV_08.json:EIV-4529.body	the custody-book	->	Leabhar a' Chùraim	|	Where the custody-book gives the breaking at the for
CHANGE	eras/age_IV/annals/age_IV_08.json:EIV-4531.title	the Book of the Three Claimants	->	Leabhar nan Trì Tagraichean	|	Seònaid finishes the Book of the Three Claimants
CHANGE	eras/age_IV/annals/age_IV_08.json:EIV-4532.title	The Book of the Three Claimants	->	Leabhar nan Trì Tagraichean	|	The Book of the Three Claimants read at the red hall
CHANGE	eras/age_IV/annals/age_IV_08.json:EIV-4532.title	the red hall	->	An Talla Dearg	|	The Book of the Three Claimants read at the red hall
CHANGE	eras/age_IV/annals/age_IV_08.json:EIV-4532.body	the red hall	->	An Talla Dearg	|	innich's finished history read into the record at the red hall and orders it copied again an
CHANGE	eras/age_IV/annals/age_IV_08.json:EIV-4534.body	the king-list	->	Clàr nan Rìghrean	|	 Iain's daughter, then five-and-thirty years old; the king-list keeps the year of the birth a
CHANGE	eras/age_IV/annals/age_IV_09.json:EIV-5004.body	the harbour rolls	->	Rolla a' Chalaidh	|	fuses to enter the blessings of Òrd Mhanannain in the harbour rolls beside the tallies of hulls a
CHANGE	eras/age_IV/annals/age_IV_09.json:EIV-5006.body	The order of Manannan	->	Òrd Mhanannain	|	The order of Manannan raises its own house at Seann
CHANGE	eras/age_IV/annals/age_IV_09.json:EIV-5007.body	the king-list	->	Clàr nan Rìghrean	|	the six-and-twentieth year of Queen Anna's reign; the king-list keeps the year and not the na
CHANGE	eras/age_IV/annals/age_IV_09.json:EIV-5008.body	the king-list	->	Clàr nan Rìghrean	|	ned, the last of the house of Catrìona whose name the king-list keeps for more than a century
CHANGE	eras/age_IV/annals/age_IV_09.json:EIV-5009.body	The king-list	->	Clàr nan Rìghrean	|	athair dhearg within the season, fifty years old. The king-list keeps the reign's years and n
CHANGE	eras/age_IV/annals/age_IV_09.json:EIV-5011.body	Manannan's order	->	Òrd Mhanannain	|	After a winter's debate, the priests of Manannan's order at Ros bheag lay down that no
CHANGE	eras/age_IV/annals/age_IV_09.json:EIV-5013.body	Manannan's order	->	Òrd Mhanannain	|	A priest of Manannan's order at Ros bheag asks a boy named
CHANGE	eras/age_IV/annals/age_IV_09.json:EIV-5014.body	the Sundering	->	a' Scaradh	|	yal granaries at Àth shean, standing since before the Sundering, are pulled down and rebuilt 
CHANGE	eras/age_IV/annals/age_IV_09.json:EIV-5015.body	the vein-house	->	Taigh na Fèithe	|	The old scribe of the vein-house, Murchadh Beag, hears a coal-
CHANGE	eras/age_IV/annals/age_IV_09.json:EIV-5015.body	the vein-house	->	Taigh na Fèithe	|	ibe's stool. Eòghann mac Pheadair is set to sweep the vein-house floor and mix ink before he i
CHANGE	eras/age_IV/annals/age_IV_09.json:EIV-5016.title	The vein-house's	->	Taigh na Fèithe's	|	The vein-house's leaf takes in the rope-ground
CHANGE	eras/age_IV/annals/age_IV_09.json:EIV-5018.body	the vein-house	->	Taigh na Fèithe	|	ann mac Pheadair has old Murchadh Beag's stool at the vein-house as good as his own, and enter
CHANGE	eras/age_IV/annals/age_IV_09.json:EIV-5019.body	the vein-house's	->	Taigh na Fèithe's	|	water. Eòghann mac Pheadair enters the removal on the vein-house's leaf the following season, co
CHANGE	eras/age_IV/annals/age_IV_09.json:EIV-5020.body	the seven houses	->	Na Seachd Taighean	|	rst time, Eòghann mac Pheadair stands witness for the seven houses when the crown's grant of a m
CHANGE	eras/age_IV/annals/age_IV_09.json:EIV-5021.title	the vein-house	->	Taigh na Fèithe	|	Mòrag nic Ìomhair rides to the vein-house with the crown's leaves
CHANGE	eras/age_IV/annals/age_IV_09.json:EIV-5021.body	the red hall's	->	An Talla Dearg's	|	A scribe of the red hall's own household, Mòrag nic Ìomh
CHANGE	eras/age_IV/annals/age_IV_09.json:EIV-5021.body	the vein-house	->	Taigh na Fèithe	|	Mòrag nic Ìomhair, rides the thirty-nine miles to the vein-house at Muileann dhearg to set the
CHANGE	eras/age_IV/annals/age_IV_09.json:EIV-5021.body	the years of the Diosal	->	Bliadhnaichean an Diosail	|	t Muileann dhearg to set the crown's reckoning of the years of the Diosal against the custody-book's ow
CHANGE	eras/age_IV/annals/age_IV_09.json:EIV-5021.body	the custody-book's	->	Leabhar a' Chùraim's	|	wn's reckoning of the years of the Diosal against the custody-book's own, after the two offices' c
CHANGE	eras/age_IV/annals/age_IV_09.json:EIV-5021.body	the vein-house	->	Taigh na Fèithe	|	ces' counts are found not to agree. The master of the vein-house grants her the book for as ma
CHANGE	eras/age_IV/annals/age_IV_09.json:EIV-5022.body	the Diosal	->	An Diosal	|	òrag nic Ìomhair trace the two offices' counts of the Diosal back to a single year, early 
CHANGE	eras/age_IV/annals/age_IV_09.json:EIV-5022.body	the sunwise turn	->	An Diosal	|	 of the Diosal back to a single year, early after the sunwise turn, entered twice by one office'
CHANGE	eras/age_IV/annals/age_IV_09.json:EIV-5023.body	The vein-house	->	Taigh na Fèithe	|	The vein-house and the crown's scribe take t
CHANGE	eras/age_IV/annals/age_IV_09.json:EIV-5023.body	the vein-house's	->	Taigh na Fèithe's	|	go forward, since it touches more households than the vein-house's own, and Eòghann mac Pheadair
CHANGE	eras/age_IV/annals/age_IV_09.json:EIV-5023.body	the vein-house's	->	Taigh na Fèithe's	|	vein-house's own, and Eòghann mac Pheadair writes the vein-house's agreement to it in his own ha
CHANGE	eras/age_IV/annals/age_IV_09.json:EIV-5023.body	the vein-house's	->	Taigh na Fèithe's	|	's agreement to it in his own hand. The master of the vein-house's mark is set under his, and th
CHANGE	eras/age_IV/annals/age_IV_09.json:EIV-5024.title	the rite of the empty harbour	->	Deas-ghnàth a' Chalaidh Fhalaimh	|	The day of the rite of the empty harbour fixed
CHANGE	eras/age_IV/annals/age_IV_09.json:EIV-5024.body	the rite of the empty harbour	->	Deas-ghnàth a' Chalaidh Fhalaimh	|	 fixes, for the first time, a single day on which the rite of the empty harbour is to be kept by every harbou
CHANGE	eras/age_IV/annals/age_IV_09.json:EIV-5025.title	the custody-book	->	Leabhar a' Chùraim	|	The agreement-leaf folded into the custody-book
CHANGE	eras/age_IV/annals/age_IV_09.json:EIV-5025.body	the custody-book	->	Leabhar a' Chùraim	|	 the sealed agreement between two older leaves of the custody-book that had never before had a s
CHANGE	eras/age_IV/annals/age_IV_09.json:EIV-5025.body	the vein-house	->	Taigh na Fèithe	|	mark folded in among them. He tells the master of the vein-house only that the crown's scribe 
CHANGE	eras/age_IV/annals/age_IV_09.json:EIV-5026.body	the rite of the empty harbour	->	Deas-ghnàth a' Chalaidh Fhalaimh	|	 coast has written to complain of the day set for the rite of the empty harbour. Eòghann keeps the short note
CHANGE	eras/age_IV/annals/age_IV_09.json:EIV-5028.title	the vein-house	->	Taigh na Fèithe	|	Word of the disputation at Inis mhòr reaches the vein-house
CHANGE	eras/age_IV/annals/age_IV_09.json:EIV-5028.body	the vein-house	->	Taigh na Fèithe	|	A rider carries north country talk to the vein-house of a house of disputation new
CHANGE	eras/age_IV/annals/age_IV_09.json:EIV-5029.title	the vein-house	->	Taigh na Fèithe	|	The master of the vein-house stands for Eòghann at the cro
CHANGE	eras/age_IV/annals/age_IV_09.json:EIV-5029.body	the seven houses	->	Na Seachd Taighean	|	When the seven houses' custodians go down to Cathai
CHANGE	eras/age_IV/annals/age_IV_09.json:EIV-5029.body	the vein-house	->	Taigh na Fèithe	|	n crowned, as the compact requires, the master of the vein-house goes in place of Eòghann mac 
CHANGE	eras/age_IV/annals/age_IV_09.json:EIV-5030.title	the hot springs	->	Fuarain Theth Muileann ruadh	|	hann mac Pheadair is carried to the bath-house at the hot springs
CHANGE	eras/age_IV/annals/age_IV_09.json:EIV-5034.title	The harbour rolls	->	Rolla a' Chalaidh	|	The harbour rolls name Aonghas mac Ruairidh amo
CHANGE	eras/age_IV/annals/age_IV_09.json:EIV-5037.body	the red hall	->	An Talla Dearg	|	r the mountain and has never once been asked into the red hall except to petition.
CHANGE	eras/age_IV/annals/age_IV_09.json:EIV-5040.title	The raid on Eilean dhubh	->	Creach Eilean dhubh	|	The raid on Eilean dhubh
CHANGE	eras/age_IV/annals/age_IV_09.json:EIV-5047.title	The king-list	->	Clàr nan Rìghrean	|	The king-list recopied
CHANGE	eras/age_IV/annals/age_IV_09.json:EIV-5047.body	the Choosing	->	An Roghnachadh	|	 had gone and setting the new copy's beginning at the Choosing rather than at the sailing.
CHANGE	eras/age_IV/annals/age_IV_10.json:EIV-5501.title	The seven houses	->	Na Seachd Taighean	|	The seven houses ride to the vein-house rather
CHANGE	eras/age_IV/annals/age_IV_10.json:EIV-5501.title	the vein-house	->	Taigh na Fèithe	|	The seven houses ride to the vein-house rather than the red hall
CHANGE	eras/age_IV/annals/age_IV_10.json:EIV-5501.title	the red hall	->	An Talla Dearg	|	e seven houses ride to the vein-house rather than the red hall
CHANGE	eras/age_IV/annals/age_IV_10.json:EIV-5501.body	the seven houses	->	Na Seachd Taighean	|	On the queen's death the seven houses' messengers pass over the emp
CHANGE	eras/age_IV/annals/age_IV_10.json:EIV-5501.body	the vein-house	->	Taigh na Fèithe	|	roof. No leaf gives the reason; a young scribe of the vein-house later says it felt from the f
CHANGE	eras/age_IV/annals/age_IV_10.json:EIV-5502.body	the seven houses	->	Na Seachd Taighean	|	The heads of the seven houses sit first nine days at the ta
CHANGE	eras/age_IV/annals/age_IV_10.json:EIV-5502.body	the vein-house's	->	Taigh na Fèithe's	|	ven houses sit first nine days at the table under the vein-house's north window, and ride up aga
CHANGE	eras/age_IV/annals/age_IV_10.json:EIV-5503.body	the vein-house	->	Taigh na Fèithe	|	ian takes the newly named Dòmhnall Ruadh aside in the vein-house yard and tells him it is the 
CHANGE	eras/age_IV/annals/age_IV_10.json:EIV-5506.body	the vein-house	->	Taigh na Fèithe	|	 the thirty-nine miles between Cathair dhearg and the vein-house so often in the first years o
CHANGE	eras/age_IV/annals/age_IV_10.json:EIV-5507.body	the vein-house	->	Taigh na Fèithe	|	playing as children, rather than by any measuring the vein-house owns.
CHANGE	eras/age_IV/annals/age_IV_10.json:EIV-5508.title	the red hall	->	An Talla Dearg	|	The king keeps his seat at the red hall
CHANGE	eras/age_IV/annals/age_IV_10.json:EIV-5508.body	the vein-house	->	Taigh na Fèithe	|	at to the mountain, since a king who is master of the vein-house belongs among the galleries, 
CHANGE	eras/age_IV/annals/age_IV_10.json:EIV-5509.body	the vein-house	->	Taigh na Fèithe	|	 of the entry joining the crown to the mastery of the vein-house before it is set to the king'
CHANGE	eras/age_IV/annals/age_IV_10.json:EIV-5510.title	The custody-book	->	Leabhar a' Chùraim	|	The custody-book and the crown's rolls copied 
CHANGE	eras/age_IV/annals/age_IV_10.json:EIV-5510.body	The vein-house's	->	Taigh na Fèithe's	|	The vein-house's clerks spend the better part 
CHANGE	eras/age_IV/annals/age_IV_10.json:EIV-5510.body	the custody-book	->	Leabhar a' Chùraim	|	clerks spend the better part of two years copying the custody-book and the crown's rolls, kept a
CHANGE	eras/age_IV/annals/age_IV_10.json:EIV-5512.body	the vein-house	->	Taigh na Fèithe	|	e of Catrìona's tombs at Cathair dhearg but up to the vein-house, where the custodians dig his
CHANGE	eras/age_IV/annals/age_IV_10.json:EIV-5515.body	the Hawk	->	Òrd an t-Seabhaig	|	At the council of the Hawk a young priest rises to ask t
CHANGE	eras/age_IV/annals/age_IV_10.json:EIV-5515.body	the Fed Hawk	->	An Seabhag Biadhte	|	o meet it. The council turns on the question, and the Fed Hawk is named from that day.
CHANGE	eras/age_IV/annals/age_IV_10.json:EIV-5517.title	the Fed Hawk's	->	An Seabhag Biadhte's	|	Beathag nic Sheumais builds the Fed Hawk's house
CHANGE	eras/age_IV/annals/age_IV_10.json:EIV-5517.body	the Fed Hawk's	->	An Seabhag Biadhte's	|	thag nic Sheumais, nineteen at the schism, builds the Fed Hawk's following at Seann Skell on t
CHANGE	eras/age_IV/annals/age_IV_10.json:EIV-5519.body	The vein-house	->	Taigh na Fèithe	|	The vein-house sets a stone with the fourtee
CHANGE	eras/age_IV/annals/age_IV_10.json:EIV-5527.body	the red hall	->	An Talla Dearg	|	Asked by a clerk of the red hall why he sells his barley at Ca
CHANGE	eras/age_IV/annals/age_IV_10.json:EIV-5530.title	The custody-book	->	Leabhar a' Chùraim	|	The custody-book takes Calum Dubh's silence as
CHANGE	eras/age_IV/annals/age_IV_10.json:EIV-5530.body	The vein-house's	->	Taigh na Fèithe's	|	The vein-house's custodians wall the mouth of 
CHANGE	eras/age_IV/annals/age_IV_10.json:EIV-5534.body	the custody-book	->	Leabhar a' Chùraim	|	called Mòrag Ruadh, is born into Clann Raghnaill; the custody-book gives the house and the year,
CHANGE	eras/age_IV/annals/age_IV_10.json:EIV-5539.title	The seven houses	->	Na Seachd Taighean	|	The seven houses name Mòrag Ruadh
CHANGE	eras/age_IV/annals/age_IV_10.json:EIV-5539.body	The seven houses of custody	->	Na Seachd Taighean	|	The seven houses of custody, meeting at the vein-house on
CHANGE	eras/age_IV/annals/age_IV_10.json:EIV-5539.body	the vein-house	->	Taigh na Fèithe	|	The seven houses of custody, meeting at the vein-house on the death of the old king,
CHANGE	eras/age_IV/annals/age_IV_10.json:EIV-5539.body	the custody-book	->	Leabhar a' Chùraim	|	o keeps her own small tally beside the steward's; the custody-book gives four lines and no reaso
CHANGE	eras/age_IV/annals/age_IV_10.json:EIV-5541.body	the red hall	->	An Talla Dearg	|	at Cathair dhearg at nineteen, the youngest ruler the red hall has seen since Eilidh Bhàn, a
CHANGE	eras/age_IV/annals/age_IV_10.json:EIV-5545.body	the seven houses	->	Na Seachd Taighean	|	Asked by the seven houses whether the vein-house's thou
CHANGE	eras/age_IV/annals/age_IV_10.json:EIV-5545.body	the vein-house's	->	Taigh na Fèithe's	|	Asked by the seven houses whether the vein-house's thousandth year deserves a fe
CHANGE	eras/age_IV/annals/age_IV_10.json:EIV-5547.body	the vein-house's	->	Taigh na Fèithe's	|	s own book gives the cost of the coal reckoned to the vein-house's weights, and beneath it five 
CHANGE	eras/age_IV/annals/age_IV_10.json:EIV-5552.body	the vein-house's	->	Taigh na Fèithe's	|	r washing; cloth of it is worn within the year at the vein-house's midwinter gathering.
CHANGE	eras/age_IV/annals/age_IV_10.json:EIV-5554.title	the red hall	->	An Talla Dearg	|	Word of the cough reaches the red hall
CHANGE	eras/age_IV/annals/age_IV_10.json:EIV-5557.body	the red hall	->	An Talla Dearg	|	hty, sixty-three years crowned, the longest reign the red hall has yet entered. Her own ledg
CHANGE	eras/age_IV/annals/age_IV_11.json:EIV-6007.body	the house of Raghnall	->	Sliochd Raghnaill	|	A son, Ailean, is born in the house of Raghnall, the crown's own house since 
CHANGE	eras/age_IV/annals/age_IV_11.json:EIV-6007.body	the custody-book	->	Leabhar a' Chùraim	|	crown's own house since the reign of Mòrag Ruadh; the custody-book gives the year and the house 
CHANGE	eras/age_IV/annals/age_IV_11.json:EIV-6008.body	the house of disputation	->	Taigh na Deasbaid	|	or nine years before he brings any finding before the house of disputation.
CHANGE	eras/age_IV/annals/age_IV_11.json:EIV-6009.body	the house of disputation	->	Taigh na Deasbaid	|	When a scholar of the house of disputation calls Raghnall's table a wish
CHANGE	eras/age_IV/annals/age_IV_11.json:EIV-6010.title	the vein-house	->	Taigh na Fèithe	|	Raghnall's copy entered in the vein-house inventory
CHANGE	eras/age_IV/annals/age_IV_11.json:EIV-6010.body	the vein-house's	->	Taigh na Fèithe's	|	safekeeping. It is sent, and entered that year in the vein-house's own inventory, one line among
CHANGE	eras/age_IV/annals/age_IV_11.json:EIV-6010.body	the lot-stones	->	Clachan a' Chrannchuir	|	s own inventory, one line among the galleries and the lot-stones.
CHANGE	eras/age_IV/annals/age_IV_11.json:EIV-6015.body	the red hall's	->	An Talla Dearg's	|	awing up King Ailean mac Raghnaill's burial roll, the red hall's clerks leave a blank space wh
CHANGE	eras/age_IV/annals/age_IV_11.json:EIV-6016.body	the vein-house's	->	Taigh na Fèithe's	|	At the winter reading of the vein-house's inventory, the custodian paus
CHANGE	eras/age_IV/annals/age_IV_11.json:EIV-6017.body	the red hall	->	An Talla Dearg	|	A messenger of Alasdair Bàn's, riding to the red hall with the household's ordinary
CHANGE	eras/age_IV/annals/age_IV_11.json:EIV-6025.body	the red hall	->	An Talla Dearg	|	Alasdair Bàn goes up to the red hall himself to carry word of an o
CHANGE	eras/age_IV/annals/age_IV_11.json:EIV-6026.body	the red hall's	->	An Talla Dearg's	|	ther than grant it to another man, a stubbornness the red hall's clerks never once ask him to 
CHANGE	eras/age_IV/annals/age_IV_11.json:EIV-6031.body	the account of the Brothers' War	->	Leabhar nam Bràithrean	|	The clerk who wrote the account of the Brothers' War in King Iain Ciar's praise di
CHANGE	eras/age_IV/annals/age_IV_11.json:EIV-6038.body	the keel-song's	->	Òran na Druime's	|	d with the lead, tells the gatherer Iseabail that the keel-song's strange words are likely only
CHANGE	eras/age_IV/annals/age_IV_11.json:EIV-6039.title	The keel-song	->	Òran na Druime	|	The keel-song read at the king's court
CHANGE	eras/age_IV/annals/age_IV_11.json:EIV-6039.body	the keel-song's	->	Òran na Druime's	|	ing before the king's hall at Cathair dhearg, and the keel-song's strange lines silence a room 
CHANGE	eras/age_IV/annals/age_IV_11.json:EIV-6041.body	the keel-song	->	Òran na Druime	|	The rope-maker who led the walk that sang the keel-song dies at Cuan shean, seventy y
CHANGE	eras/age_IV/annals/age_IV_11.json:EIV-6044.title	the vein-house	->	Taigh na Fèithe	|	Iseabail's tablets entered in the vein-house
CHANGE	eras/age_IV/annals/age_IV_11.json:EIV-6044.body	the vein-house	->	Taigh na Fèithe	|	he rest of her life sends her whole collection to the vein-house, where the clerks write into 
CHANGE	eras/age_IV/annals/age_IV_12.json:EIV-6501.body	the ruling of the hearth	->	Riaghailt an Teallaich	|	Before swearing last to the ruling of the hearth, the head of Clann Choinnich 
CHANGE	eras/age_IV/annals/age_IV_12.json:EIV-6503.title	The custody-book	->	Leabhar a' Chùraim	|	The custody-book binds the two stairs
CHANGE	eras/age_IV/annals/age_IV_12.json:EIV-6503.body	the custody-book	->	Leabhar a' Chùraim	|	s break into the eastern Toll-dubh, the scribe of the custody-book binds its entry to the wester
CHANGE	eras/age_IV/annals/age_IV_12.json:EIV-6513.body	the custody-book	->	Leabhar a' Chùraim	|	he right to the coal, Sìleas Òg has it entered in the custody-book without a word either way, a 
CHANGE	eras/age_IV/annals/age_IV_12.json:EIV-6517.title	the silver petition	->	Athchuingean an Airgid	|	Clann Choinnich's clerk drafts the silver petition
CHANGE	eras/age_IV/annals/age_IV_12.json:EIV-6520.body	the seven houses	->	Na Seachd Taighean	|	When the seven houses begin burying their heads at 
CHANGE	eras/age_IV/annals/age_IV_12.json:EIV-6521.body	the king-list	->	Clàr nan Rìghrean	|	single stone rather than two, the plainest record the king-list gives of the short reign she 
CHANGE	eras/age_IV/annals/age_IV_12.json:EIV-6523.body	the custody-book	->	Leabhar a' Chùraim	|	within the year of his crowning, forty years old; the custody-book does not say what ailed him, 
CHANGE	eras/age_IV/annals/age_IV_12.json:EIV-6526.body	the seven houses	->	Na Seachd Taighean	|	them no death by war, no famine and no quarrel of the seven houses.
CHANGE	eras/age_IV/annals/age_IV_12.json:EIV-6527.body	the king-list	->	Clàr nan Rìghrean	|	r-and-seventieth year, after forty years crowned; the king-list sets down the end of it and l
CHANGE	eras/age_IV/annals/age_IV_12.json:EIV-6529.body	the vein-house	->	Taigh na Fèithe	|	, the only surviving copy of a custodians' ruling the vein-house had lost to fire two generati
CHANGE	eras/age_IV/annals/age_IV_12.json:EIV-6531.title	the vein-house	->	Taigh na Fèithe	|	Beathag carries the proposal of paper to the vein-house
CHANGE	eras/age_IV/annals/age_IV_12.json:EIV-6531.body	the vein-house	->	Taigh na Fèithe	|	Beathag nic Thòmais rides the sixty miles to the vein-house herself to put Anna's rag pap
CHANGE	eras/age_IV/annals/age_IV_12.json:EIV-6538.body	the vein-house	->	Taigh na Fèithe	|	town has to papers that belong by their matter to the vein-house or the crown. He answers that
CHANGE	eras/age_IV/annals/age_IV_12.json:EIV-6539.body	the rite of the empty harbour	->	Deas-ghnàth a' Chalaidh Fhalaimh	|	Sent to note the rite of the empty harbour for the crown's book, a scrib
CHANGE	eras/age_IV/annals/age_IV_12.json:EIV-6542.body	the house of disputation	->	Taigh na Deasbaid	|	e question of longer lives is never raised again, the house of disputation at Dùn thais turns instead to
CHANGE	eras/age_IV/annals/age_IV_12.json:EIV-6542.body	the custody-book's	->	Leabhar a' Chùraim's	|	disputation at Dùn thais turns instead to whether the custody-book's measure of the handful answer
CHANGE	eras/age_IV/annals/age_IV_12.json:EIV-6543.body	the vein-house	->	Taigh na Fèithe	|	ar reign, that he never once found courage to ask the vein-house a question the house of dispu
CHANGE	eras/age_IV/annals/age_IV_12.json:EIV-6543.body	the house of disputation	->	Taigh na Deasbaid	|	ce found courage to ask the vein-house a question the house of disputation was forbidden to ask on his b
CHANGE	eras/age_IV/annals/age_IV_12.json:EIV-6544.body	the red hall	->	An Talla Dearg	|	Gormshuil nic Thormoid is crowned in the red hall a fortnight after her father'
CHANGE	eras/age_IV/annals/age_IV_12.json:EIV-6548.body	the silver petition	->	Athchuingean an Airgid	|	very account to vote with the three houses behind the silver petition, Aonghas mac Lachlainn change
CHANGE	eras/age_IV/annals/age_IV_12.json:EIV-6549.body	the custody-book	->	Leabhar a' Chùraim	|	rd is his to keep, and she lets the matter lie as the custody-book lets it lie.
CHANGE	eras/age_IV/annals/age_IV_12.json:EIV-6552.body	The custody-book's	->	Leabhar a' Chùraim's	|	The custody-book's clerk notes under the last co
CHANGE	eras/age_IV/annals/age_IV_12.json:EIV-6552.body	the seven houses	->	Na Seachd Taighean	|	ry hand kept since Donnchadh's day, that three of the seven houses now hold more than half the w
CHANGE	eras/age_IV/annals/age_IV_12.json:EIV-6554.title	the vein-house	->	Taigh na Fèithe	|	The queen goes up to the vein-house for the winter burning
CHANGE	eras/age_IV/annals/age_IV_12.json:EIV-6554.body	the vein-house	->	Taigh na Fèithe	|	ld, Gormshuil nic Thormoid rides the coal-road to the vein-house for the winter burning as she
CHANGE	eras/age_IV/annals/age_IV_12.json:EIV-6555.title	the table of years	->	Clàr nam Bliadhnachan	|	The oldest crowned ruler since the table of years
CHANGE	eras/age_IV/annals/age_IV_12.json:EIV-6555.body	the custody-book	->	Leabhar a' Chùraim	|	 Queen Gormshuil nic Thormoid is the oldest ruler the custody-book has entered crowned and still
CHANGE	eras/age_IV/annals/age_IV_12.json:EIV-6555.body	the table of years	->	Clàr nam Bliadhnachan	|	ered crowned and still reigning since long before the table of years, nine-and-twenty years crowne
CHANGE	eras/age_IV/annals/age_IV_12.json:EIV-6556.body	the seven houses	->	Na Seachd Taighean	|	shuil since the winter burning, the custodians of the seven houses meet at the red hall in the p
CHANGE	eras/age_IV/annals/age_IV_12.json:EIV-6556.body	the red hall	->	An Talla Dearg	|	rning, the custodians of the seven houses meet at the red hall in the place the crown's own 
CHANGE	eras/age_IV/annals/age_IV_12.json:EIV-6557.body	the vein-house's	->	Taigh na Fèithe's	|	The custodians seal their letters with the vein-house's trellis and hollow stone as e
CHANGE	eras/age_IV/annals/age_IV_12.json:EIV-6558.body	the night of lamps	->	Oidhche nan Lòchran	|	 left on the Seann Skell waterfront still keeping the night of lamps, an old woman, Ealasaid nic I
CHANGE	eras/age_IV/annals/age_IV_12.json:EIV-6560.body	the rite of the empty harbour	->	Deas-ghnàth a' Chalaidh Fhalaimh	|	At the rite of the empty harbour on Cidhe an Diosail, Eòghann 
CHANGE	eras/age_IV/annals/age_IV_12.json:EIV-6561.body	second silver petition	->	Athchuingean an Airgid	|	of the council that had refused Clann Choinnich's second silver petition; asked once more on his death
CHANGE	eras/age_IV/annals/age_IV_12.json:EIV-6564.title	The seven houses	->	Na Seachd Taighean	|	The seven houses name themselves Comhairle a' 
CHANGE	eras/age_IV/annals/age_IV_12.json:EIV-6564.body	the seven houses	->	Na Seachd Taighean	|	 errands rather than by any summons, the heads of the seven houses call themselves Comhairle a' 
CHANGE	eras/age_IV/annals/age_IV_12.json:EIV-6566.body	The seven houses	->	Na Seachd Taighean	|	The seven houses leave the chair at the head o
CHANGE	eras/age_IV/annals/age_IV_12.json:EIV-6567.body	the vein-house's	->	Taigh na Fèithe's	|	s out its letters from Cathair dhearg sealed with the vein-house's own trellis and hollow stone 
CHANGE	eras/age_IV/annals/age_IV_12.json:EIV-6567.body	the red hall's	->	An Talla Dearg's	|	ove the seal, continuing without comment a custom the red hall's clerks had already begun in t
CHANGE	eras/age_IV/annals/age_IV_12.json:EIV-6568.title	The red hall	->	An Talla Dearg	|	The red hall holds five hundred souls
CHANGE	eras/age_IV/annals/age_IV_12.json:EIV-6568.body	the seven houses	->	Na Seachd Taighean	|	In the year the seven houses name their council, the red h
CHANGE	eras/age_IV/annals/age_IV_12.json:EIV-6568.body	the red hall	->	An Talla Dearg	|	In the year the seven houses name their council, the red hall at Cathair dhearg holds perha
CHANGE	eras/age_IV/annals/age_IV_12.json:EIV-6568.body	the seven houses	->	Na Seachd Taighean	|	closes, fewer than the tenants of a single one of the seven houses in a good year.
CHANGE	eras/age_IV/annals/age_IV_12.json:EIV-6572.body	the night of lamps	->	Oidhche nan Lòchran	|	le the harbour-house lamp-window that once marked the night of lamps stands dark for another winte
CHANGE	eras/age_IV/book/01_of_the_three_crews.md:12	the Red Hill	->	An Cnoc Ruadh	|	 of Dia-thìr kept their hall at Cathair dhearg on the Red Hill, above the place where the mi
CHANGE	eras/age_IV/book/01_of_the_three_crews.md:12	the vein-house	->	Taigh na Fèithe	|	 custodians kept the vein under the mountain from the vein-house above the diggings at Muilean
CHANGE	eras/age_IV/book/01_of_the_three_crews.md:12	the Hall at Dùn ìseal	->	Talla na Lasrach	|	iggings at Muileann dhearg, which was the heir of the Hall at Dùn ìseal, and they kept the custody-bo
CHANGE	eras/age_IV/book/01_of_the_three_crews.md:12	the custody-book	->	Leabhar a' Chùraim	|	 the heir of the Hall at Dùn ìseal, and they kept the custody-book there, in which every hearth 
CHANGE	eras/age_IV/book/01_of_the_three_crews.md:12	the Keepers	->	Coimheadaichean na Lasrach	|	he lords of the shares had sworn their peace, and the Keepers came and went about it as the
CHANGE	eras/age_IV/book/01_of_the_three_crews.md:12	The Small-Burning Law	->	Lagh an Loscaidh Bhig	|	pers came and went about it as their mothers had. The Small-Burning Law measured out the coloured coa
CHANGE	eras/age_IV/book/01_of_the_three_crews.md:12	the coloured coal	->	an gual dathach	|	r mothers had. The Small-Burning Law measured out the coloured coal hearth by hearth, a handful a
CHANGE	eras/age_IV/book/01_of_the_three_crews.md:14	the Old Faith	->	An Creideamh Sean	|	The orders of the Old Faith sat apart from one another at
CHANGE	eras/age_IV/book/01_of_the_three_crews.md:14	The wolf-sworn	->	An Fhianna	|	ue keeper. The dawn-hawk was flown at Cnoc bheag. The wolf-sworn kept their stone at Caol leat
CHANGE	eras/age_IV/book/01_of_the_three_crews.md:14	The druid schools	->	Scoiltean nan Draoidhean	|	p with the scorpion on it, which breaks at a lie. The druid schools argued over the question of t
CHANGE	eras/age_IV/book/01_of_the_three_crews.md:14	the wood-watchers	->	Òrd Mhacha	|	schools argued over the question of the stag, and the wood-watchers read the omens of the two hor
CHANGE	eras/age_IV/book/01_of_the_three_crews.md:14	the great shares	->	na h-Earrannan Mòra	|	 east in the old way, as they always had been. Of the great shares into which the first king's k
CHANGE	eras/age_IV/book/01_of_the_three_crews.md:16	The Otherworld	->	An Saoghal Thall	|	. There was nothing out there that anyone wanted. The Otherworld lay west over the open water,
CHANGE	eras/age_IV/book/01_of_the_three_crews.md:18	the red hall	->	An Talla Dearg	|	, Beathag nic Dhòmhnaill, who had been crowned in the red hall at fifteen, eight years befor
CHANGE	eras/age_IV/book/01_of_the_three_crews.md:18	the custody-book	->	Leabhar a' Chùraim	|	 and wrote a close square hand that the clerks of the custody-book envied.
CHANGE	eras/age_IV/book/01_of_the_three_crews.md:34	the Red Hill	->	An Cnoc Ruadh	|	salt fish and seal-oil at the autumn market below the Red Hill and drink the proceeds; and t
CHANGE	eras/age_IV/book/01_of_the_three_crews.md:34	the red hall	->	An Talla Dearg	|	 the town and up the hill and through the door of the red hall, and on {{date:III-0002}} the
CHANGE	eras/age_IV/book/01_of_the_three_crews.md:36	the red hall	->	An Talla Dearg	|	silent men under Tòmas mac Uilleim, who looked at the red hall as though it might sink.
CHANGE	eras/age_IV/book/01_of_the_three_crews.md:48	the Sea-Watcher's	->	Uilebheist na Mara's	|	 a long way north, past the north cape and beyond the Sea-Watcher's water, and it was high: cliff
CHANGE	eras/age_IV/book/01_of_the_three_crews.md:58	the Red Hill	->	An Cnoc Ruadh	|	 there was a queen in Cathair dhearg or a hall on the Red Hill or a cup at Dùn ìseal. The re
CHANGE	eras/age_IV/book/01_of_the_three_crews.md:114	The Choosing	->	An Roghnachadh	|	The Choosing began then, though nobody cal
CHANGE	eras/age_IV/book/01_of_the_three_crews.md:118	the vein-house	->	Taigh na Fèithe	|	y that they were bored. But when the tale came to the vein-house, some of the young custodians
CHANGE	eras/age_IV/book/01_of_the_three_crews.md:118	the vein-house's	->	Taigh na Fèithe's	|	 capital in the moon of Dubhlas on some errand of the vein-house's and asked, while he was there
CHANGE	eras/age_IV/book/01_of_the_three_crews.md:128	the red hall	->	An Talla Dearg	|	 it again. She asked him questions that nobody in the red hall had asked: how long the pilot
CHANGE	eras/age_IV/book/01_of_the_three_crews.md:130	the Stone Kings	->	Rìghrean na Cloiche	|	oak, and a keel to her, like the old tellings say the Stone Kings' boats had, and you'd want a 
CHANGE	eras/age_IV/book/01_of_the_three_crews.md:160	the red hall	->	An Talla Dearg	|	y sight in every harbour. A rider brought word to the red hall that the lady Mòrag had been 
CHANGE	eras/age_IV/book/01_of_the_three_crews.md:164	the red hall	->	An Talla Dearg	|	 of her bower, which looked down over the yard of the red hall to the gate and the river roa
CHANGE	eras/age_IV/book/01_of_the_three_crews.md:188	the red hall	->	An Talla Dearg	|	rvests, and that year was written in the rolls of the red hall as the ninth year of Queen Be
CHANGE	eras/age_IV/book/01_of_the_three_crews.md:188	the custody-book	->	Leabhar a' Chùraim	|	ar for barley and a middling one for fish, and in the custody-book at the vein-house as a year i
CHANGE	eras/age_IV/book/01_of_the_three_crews.md:188	the vein-house	->	Taigh na Fèithe	|	middling one for fish, and in the custody-book at the vein-house as a year in which the handfu
CHANGE	eras/age_IV/book/01_of_the_three_crews.md:192	the vein-house	->	Taigh na Fèithe	|	useholds had said aloud that they would go. Up at the vein-house a young custodian had asked t
CHANGE	eras/age_IV/book/02_of_the_boards_in_the_harbour_house.md:7	The harbour-house of Seann Skell	->	Taigh a' Chalaidh	|	The harbour-house of Seann Skell stood at the head of the west
CHANGE	eras/age_IV/book/02_of_the_boards_in_the_harbour_house.md:11	The custody-book	->	Leabhar a' Chùraim	|	up the river, barley down it. He wrote on boards. The custody-book at the vein-house was kept on
CHANGE	eras/age_IV/book/02_of_the_boards_in_the_harbour_house.md:11	the vein-house	->	Taigh na Fèithe	|	 down it. He wrote on boards. The custody-book at the vein-house was kept on good skin, and th
CHANGE	eras/age_IV/book/02_of_the_boards_in_the_harbour_house.md:31	the vein-house	->	Taigh na Fèithe	|	 nothing all this while, and of the custodians at the vein-house, who had said nothing either;
CHANGE	eras/age_IV/book/02_of_the_boards_in_the_harbour_house.md:39	the custody-book	->	Leabhar a' Chùraim	|	04}}. That board was the first of the roll, which the custody-book afterward called Rolla nan De
CHANGE	eras/age_IV/book/02_of_the_boards_in_the_harbour_house.md:39	the roll of the willing	->	Rolla nan Deònach	|	 custody-book afterward called Rolla nan Deònach, the roll of the willing, and it hung on the wall of t
CHANGE	eras/age_IV/book/02_of_the_boards_in_the_harbour_house.md:39	(appositive)	->	Rolla nan Deònach	|	dropped the English gloss beside Rolla nan Deònach
CHANGE	eras/age_IV/book/02_of_the_boards_in_the_harbour_house.md:57	the vein-house	->	Taigh na Fèithe	|	nd that held the right to the coal was entered by the vein-house in the custody-book, and ever
CHANGE	eras/age_IV/book/02_of_the_boards_in_the_harbour_house.md:57	the custody-book	->	Leabhar a' Chùraim	|	ight to the coal was entered by the vein-house in the custody-book, and every season the handful
CHANGE	eras/age_IV/book/02_of_the_boards_in_the_harbour_house.md:57	the custody-book's	->	Leabhar a' Chùraim's	|	 a single man or woman. A hearth was one thing in the custody-book's eyes. If half of a household 
CHANGE	eras/age_IV/book/02_of_the_boards_in_the_harbour_house.md:67	the vein-house	->	Taigh na Fèithe	|	egan with a scribe who did not wish to argue with the vein-house over half a hearth.
CHANGE	eras/age_IV/book/02_of_the_boards_in_the_harbour_house.md:135	the vein-house	->	Taigh na Fèithe	|	aster to read what the roll held and count it for the vein-house, who confessed as much at onc
CHANGE	eras/age_IV/book/02_of_the_boards_in_the_harbour_house.md:143	the red hall	->	An Talla Dearg	|	oke. An old man who had once carried a message to the red hall and had never since let anyon
CHANGE	eras/age_IV/book/02_of_the_boards_in_the_harbour_house.md:145	the custody-book	->	Leabhar a' Chùraim	|	 know. He had not asked. The harbour roll was not the custody-book, and a fisher did not tell th
CHANGE	eras/age_IV/book/02_of_the_boards_in_the_harbour_house.md:147	the vein-house's	->	Taigh na Fèithe's	|	bour business, and she had been right. Now it was the vein-house's business too, and the red hal
CHANGE	eras/age_IV/book/02_of_the_boards_in_the_harbour_house.md:147	the red hall's	->	An Talla Dearg's	|	ht. Now it was the vein-house's business too, and the red hall's; and he had the uneasy sense 
CHANGE	eras/age_IV/book/02_of_the_boards_in_the_harbour_house.md:159	The vein-house	->	Taigh na Fèithe	|	obody's asked you to keep them. The queen hasn't. The vein-house hasn't. You started it yourse
CHANGE	eras/age_IV/book/03_of_the_queens_word_and_the_queens_sister.md:25	the red hall	->	An Talla Dearg	|	m, Mòrag, you know that, their mothers will curse the red hall, and they'll be right to. And
CHANGE	eras/age_IV/book/03_of_the_queens_word_and_the_queens_sister.md:43	the vein-house	->	Taigh na Fèithe	|	chrom and every other harbour of the west, and to the vein-house above Muileann dhearg.
CHANGE	eras/age_IV/book/03_of_the_queens_word_and_the_queens_sister.md:45	The custody-book	->	Leabhar a' Chùraim	|	It was not long. The custody-book gives it only in substance: t
CHANGE	eras/age_IV/book/03_of_the_queens_word_and_the_queens_sister.md:47	the red hall	->	An Talla Dearg	|	et there before her. But she stood at the gate of the red hall in the grey morning and watch
CHANGE	eras/age_IV/book/03_of_the_queens_word_and_the_queens_sister.md:66	the custody-book	->	Leabhar a' Chùraim	|	 said it so ever since, and they are younger than the custody-book and less careful, and nobody 
CHANGE	eras/age_IV/book/03_of_the_queens_word_and_the_queens_sister.md:112	the red hall	->	An Talla Dearg	|	er; it was on half the leaves that came down from the red hall. But she spelled it all the s
CHANGE	eras/age_IV/book/03_of_the_queens_word_and_the_queens_sister.md:124	the vein-house	->	Taigh na Fèithe	|	ain country, the copy of the queen's word came to the vein-house by the coal-road, three days 
CHANGE	eras/age_IV/book/03_of_the_queens_word_and_the_queens_sister.md:126	The vein-house	->	Taigh na Fèithe	|	The vein-house stood on a shoulder of the hi
CHANGE	eras/age_IV/book/03_of_the_queens_word_and_the_queens_sister.md:126	the custody-book	->	Leabhar a' Chùraim	|	 the room beyond it, on a table of black oak, lay the custody-book, which had been kept since th
CHANGE	eras/age_IV/book/03_of_the_queens_word_and_the_queens_sister.md:126	the Holy Age	->	An Aois Naomh	|	, lay the custody-book, which had been kept since the Holy Age, and in which every hearth on
CHANGE	eras/age_IV/book/03_of_the_queens_word_and_the_queens_sister.md:126	The vein-house	->	Taigh na Fèithe	|	land that held the right to the coal was written. The vein-house was heir to the Hall at Dùn ì
CHANGE	eras/age_IV/book/03_of_the_queens_word_and_the_queens_sister.md:126	the Hall at Dùn ìseal	->	Talla na Lasrach	|	 the coal was written. The vein-house was heir to the Hall at Dùn ìseal, where Brìde's flame had firs
CHANGE	eras/age_IV/book/03_of_the_queens_word_and_the_queens_sister.md:126	the Keepers	->	Coimheadaichean na Lasrach	|	 ìseal, where Brìde's flame had first been bound; the Keepers still kept the flame there, a
CHANGE	eras/age_IV/book/03_of_the_queens_word_and_the_queens_sister.md:128	the vein-house	->	Taigh na Fèithe	|	The master of the vein-house in those years was Eòghann ma
CHANGE	eras/age_IV/book/03_of_the_queens_word_and_the_queens_sister.md:128	the Keepers	->	Coimheadaichean na Lasrach	|	ose years was Eòghann mac Mhuirich, an old man of the Keepers' blood, dry and thin and very
CHANGE	eras/age_IV/book/03_of_the_queens_word_and_the_queens_sister.md:136	the Law	->	Lagh an Loscaidh Bhig	|	The right to the coal was earned. That was the Law as it had stood since the Hol
CHANGE	eras/age_IV/book/03_of_the_queens_word_and_the_queens_sister.md:136	the Holy Age	->	An Aois Naomh	|	as earned. That was the Law as it had stood since the Holy Age. A custodian served his appre
CHANGE	eras/age_IV/book/03_of_the_queens_word_and_the_queens_sister.md:136	the Law	->	Lagh an Loscaidh Bhig	|	 held it because its people had kept the coal and the Law, generation after generation.
CHANGE	eras/age_IV/book/03_of_the_queens_word_and_the_queens_sister.md:136	the custody-book	->	Leabhar a' Chùraim	|	 the hands that had learned it. It was written in the custody-book against the hearth, and the v
CHANGE	eras/age_IV/book/03_of_the_queens_word_and_the_queens_sister.md:136	the vein-house	->	Taigh na Fèithe	|	itten in the custody-book against the hearth, and the vein-house measured to it.
CHANGE	eras/age_IV/book/03_of_the_queens_word_and_the_queens_sister.md:154	the custody-book	->	Leabhar a' Chùraim	|	g table with the copy of the roll on one side and the custody-book on the other, and counted.
CHANGE	eras/age_IV/book/03_of_the_queens_word_and_the_queens_sister.md:164	the roll of the willing	->	Rolla nan Deònach	|	the island that held the right to the coal was on the roll of the willing. Not one in fifty, which was 
CHANGE	eras/age_IV/book/03_of_the_queens_word_and_the_queens_sister.md:174	the custody-book	->	Leabhar a' Chùraim	|	a long time. Then he took his pen and wrote it in the custody-book, in his own old careful hand,
CHANGE	eras/age_IV/book/03_of_the_queens_word_and_the_queens_sister.md:194	the vein-house	->	Taigh na Fèithe	|	The master of the vein-house turned the leaf of the custod
CHANGE	eras/age_IV/book/03_of_the_queens_word_and_the_queens_sister.md:194	the custody-book	->	Leabhar a' Chùraim	|	The master of the vein-house turned the leaf of the custody-book, very carefully, so as not to
CHANGE	eras/age_IV/book/04_of_the_oaks_of_doire_fhionn.md:19	the Stone Kings	->	Rìghrean na Cloiche	|	he old tellers of the west said that the boats of the Stone Kings, in the Age of Ailean, had be
CHANGE	eras/age_IV/book/04_of_the_oaks_of_doire_fhionn.md:19	the Age of Ailean	->	An Aois Ailein	|	e west said that the boats of the Stone Kings, in the Age of Ailean, had been built on a spine of
CHANGE	eras/age_IV/book/04_of_the_oaks_of_doire_fhionn.md:19	The Stone Kings	->	Rìghrean na Cloiche	|	wn boat rode it, and she could stay out for days. The Stone Kings had sailed round the whole is
CHANGE	eras/age_IV/book/04_of_the_oaks_of_doire_fhionn.md:19	the Age of Ailean	->	An Aois Ailein	|	then, as the tellers always said of everything in the Age of Ailean, the making of them had been 
CHANGE	eras/age_IV/book/04_of_the_oaks_of_doire_fhionn.md:41	the Stone Kings	->	Rìghrean na Cloiche	|	. He said the oaks had been standing since before the Stone Kings. You couldn't see the tops fr
CHANGE	eras/age_IV/book/04_of_the_oaks_of_doire_fhionn.md:63	the four feasts	->	Na Ceithir Fèilltean	|	 grove kept itself. The keeper walked round it at the four feasts, and saw that no one cut the 
CHANGE	eras/age_IV/book/04_of_the_oaks_of_doire_fhionn.md:155	The custody-book	->	Leabhar a' Chùraim	|	They made it a fellowship. The custody-book gives its name as Comann nan 
CHANGE	eras/age_IV/book/04_of_the_oaks_of_doire_fhionn.md:155	the vein-house	->	Taigh na Fèithe	|	 keep it and teach it. A custodian came down from the vein-house to swear the apprentices, a g
CHANGE	eras/age_IV/book/04_of_the_oaks_of_doire_fhionn.md:155	the vein-house	->	Taigh na Fèithe	|	same over a coal from the vein in a clay dish, as the vein-house heard its own.
CHANGE	eras/age_IV/book/05_of_the_hull_that_lay_down.md:13	the vein-house	->	Taigh na Fèithe	|	vein came, at Mòrag's asking, and set a coal from the vein-house in a clay dish at her step, a
CHANGE	eras/age_IV/book/05_of_the_hull_that_lay_down.md:67	the second hull	->	An Dara Fhaoileag	|	By midsummer the second hull stood in frame on the strand,
CHANGE	eras/age_IV/book/05_of_the_hull_that_lay_down.md:101	the second hull	->	An Dara Fhaoileag	|	By the ninth year of the age the second hull was planked from keel to shee
CHANGE	eras/age_IV/book/05_of_the_hull_that_lay_down.md:109	the second hull	->	An Dara Fhaoileag	|	n's sons to sail. Alasdair looked a long while at the second hull, and past her at the black sh
CHANGE	eras/age_IV/book/06_of_the_star_steersmen_of_cuan_ruadh.md:11	the vein-house	->	Taigh na Fèithe	|	t on the households' business more than he sat at the vein-house, put the question to the harb
CHANGE	eras/age_IV/book/06_of_the_star_steersmen_of_cuan_ruadh.md:19	the headland watch	->	Faire a' Chinn	|	r in their lives been more than a day's sail from the headland watch; the Cuan shean man was a rop
CHANGE	eras/age_IV/book/06_of_the_star_steersmen_of_cuan_ruadh.md:21	the vein-house	->	Taigh na Fèithe	|	went up the coal-road past Muileann dhearg, where the vein-house stood black on its hill and t
CHANGE	eras/age_IV/book/06_of_the_star_steersmen_of_cuan_ruadh.md:43	the steering star	->	Reul na Stiùire	|	a clear night, he named to them: Reul na Stiùire, the steering star. From three others set in a l
CHANGE	eras/age_IV/book/06_of_the_star_steersmen_of_cuan_ruadh.md:43	(appositive)	->	Reul na Stiùire	|	dropped the English gloss beside Reul na Stiùire
CHANGE	eras/age_IV/book/06_of_the_star_steersmen_of_cuan_ruadh.md:51	the Stone Kings	->	Rìghrean na Cloiche	|	e town; a telling of steersmen from an age before the Stone Kings who were said to have gone we
CHANGE	eras/age_IV/book/06_of_the_star_steersmen_of_cuan_ruadh.md:53	the steering star	->	Reul na Stiùire	|	s as he named them to her by the fire: the wheel, the steering star and the three that found it, 
CHANGE	eras/age_IV/book/06_of_the_star_steersmen_of_cuan_ruadh.md:57	the steering star	->	Reul na Stiùire	|	 wheel had gone round while he sat there and left the steering star exactly where it always was.
CHANGE	eras/age_IV/book/06_of_the_star_steersmen_of_cuan_ruadh.md:71	the vein-house	->	Taigh na Fèithe	|	 queen's own sister, and Fearchar mac Ruairidh of the vein-house, and that the two of them wer
CHANGE	eras/age_IV/book/07_of_the_handful_for_the_new_hearth.md:10	the custody-book	->	Leabhar a' Chùraim	|	> — a couplet written beside the ruling in the custody-book
CHANGE	eras/age_IV/book/07_of_the_handful_for_the_new_hearth.md:14	the vein-house	->	Taigh na Fèithe	|	 years if the household could spare the hands and the vein-house would have them, the same man
CHANGE	eras/age_IV/book/07_of_the_handful_for_the_new_hearth.md:16	The vein-house	->	Taigh na Fèithe	|	The vein-house stood black on its hill above
CHANGE	eras/age_IV/book/07_of_the_handful_for_the_new_hearth.md:18	the vein-house	->	Taigh na Fèithe	|	The master of the vein-house in those years was Eòghann ma
CHANGE	eras/age_IV/book/07_of_the_handful_for_the_new_hearth.md:18	the custody-book	->	Leabhar a' Chùraim	|	man even then, stooped from sixty years bent over the custody-book, who had written the figure o
CHANGE	eras/age_IV/book/07_of_the_handful_for_the_new_hearth.md:20	the vein-house	->	Taigh na Fèithe	|	It was in his first winter at the vein-house, before he had held the stylu
CHANGE	eras/age_IV/book/07_of_the_handful_for_the_new_hearth.md:24	the vein-house	->	Taigh na Fèithe	|	dh had gone, by then, from a custodian who sat at the vein-house board twice a season to a man
CHANGE	eras/age_IV/book/07_of_the_handful_for_the_new_hearth.md:24	the vein-house	->	Taigh na Fèithe	|	how the levy of sail-cloth was going, up again to the vein-house with word of what the harbour
CHANGE	eras/age_IV/book/07_of_the_handful_for_the_new_hearth.md:26	the custody-book	->	Leabhar a' Chùraim	|	ny man's own to give: the coal of the vein, which the custody-book measured out hearth by hearth
CHANGE	eras/age_IV/book/07_of_the_handful_for_the_new_hearth.md:26	the Small-Burning Law	->	Lagh an Loscaidh Bhig	|	 custody-book measured out hearth by hearth under the Small-Burning Law and had never, in all the yea
CHANGE	eras/age_IV/book/07_of_the_handful_for_the_new_hearth.md:28	the Law	->	Lagh an Loscaidh Bhig	|	k like any other hearth's. I ask for no more than the Law already gives a household tha
CHANGE	eras/age_IV/book/07_of_the_handful_for_the_new_hearth.md:30	The Law	->	Lagh an Loscaidh Bhig	|	"The Law measures a hearth," said one 
CHANGE	eras/age_IV/book/07_of_the_handful_for_the_new_hearth.md:34	the vein-house's	->	Taigh na Fèithe's	|	e put to the board at the next burning, which was the vein-house's way, Donnchadh learned, of sa
CHANGE	eras/age_IV/book/07_of_the_handful_for_the_new_hearth.md:38	the vein-house	->	Taigh na Fèithe	|	 coal-breakers' cots below the hill, in the years the vein-house argued Fearchar's petition ba
CHANGE	eras/age_IV/book/07_of_the_handful_for_the_new_hearth.md:38	the vein-house	->	Taigh na Fèithe	|	d, that a measure sealed and sent out of sight of the vein-house was a measure the custody-boo
CHANGE	eras/age_IV/book/07_of_the_handful_for_the_new_hearth.md:38	the custody-book	->	Leabhar a' Chùraim	|	sent out of sight of the vein-house was a measure the custody-book could no longer answer for, g
CHANGE	eras/age_IV/book/07_of_the_handful_for_the_new_hearth.md:38	the Law's	->	Lagh an Loscaidh Bhig's	|	ustody-book could no longer answer for, gone from the Law's keeping into nobody's; and Fe
CHANGE	eras/age_IV/book/07_of_the_handful_for_the_new_hearth.md:38	the Law	->	Lagh an Loscaidh Bhig	|	ho had come round to him one by one, holding that the Law measured hearths because hear
CHANGE	eras/age_IV/book/07_of_the_handful_for_the_new_hearth.md:40	the vein-house	->	Taigh na Fèithe	|	g of the year Donnchadh turned eleven was the one the vein-house remembered afterward, because
CHANGE	eras/age_IV/book/07_of_the_handful_for_the_new_hearth.md:40	the custody-book	->	Leabhar a' Chùraim	|	stodians ranged along both sides of the board and the custody-book lying closed at its head, as 
CHANGE	eras/age_IV/book/07_of_the_handful_for_the_new_hearth.md:42	the Law	->	Lagh an Loscaidh Bhig	|	ours of being answered. "We are asked to say that the Law follows a household wherever 
CHANGE	eras/age_IV/book/07_of_the_handful_for_the_new_hearth.md:42	the Law	->	Lagh an Loscaidh Bhig	|	s to go, though it go past the edge of everything the Law was ever made to answer for. 
CHANGE	eras/age_IV/book/07_of_the_handful_for_the_new_hearth.md:46	the custody-book	->	Leabhar a' Chùraim	|	 on the board at last and said that he would have the custody-book opened, and the question put 
CHANGE	eras/age_IV/book/07_of_the_handful_for_the_new_hearth.md:50	the Small-Burning Law	->	Lagh an Loscaidh Bhig	|	n a single household might burn in a season under the Small-Burning Law, entered in the custody-book 
CHANGE	eras/age_IV/book/07_of_the_handful_for_the_new_hearth.md:50	the custody-book	->	Leabhar a' Chùraim	|	 a season under the Small-Burning Law, entered in the custody-book as any hearth's measure was e
CHANGE	eras/age_IV/book/07_of_the_handful_for_the_new_hearth.md:50	the vein-house's	->	Taigh na Fèithe's	|	s any hearth's measure was entered, and sealed by the vein-house's own mark so that no man could
CHANGE	eras/age_IV/book/07_of_the_handful_for_the_new_hearth.md:50	the custody-book	->	Leabhar a' Chùraim	|	single ordinary winter: exactly the size of thing the custody-book had always measured, Donnchad
CHANGE	eras/age_IV/book/07_of_the_handful_for_the_new_hearth.md:52	the custody-book	->	Leabhar a' Chùraim	|	ugh marks, for the master would let no entry into the custody-book in a hand he did not trust. H
CHANGE	eras/age_IV/book/07_of_the_handful_for_the_new_hearth.md:52	the vein-house	->	Taigh na Fèithe	|	 he did not trust. His hand was not the finest in the vein-house; the ruling had been argued a
CHANGE	eras/age_IV/book/07_of_the_handful_for_the_new_hearth.md:52	the vein-house	->	Taigh na Fèithe	|	 book that would stand, unaltered, for as long as the vein-house kept records at all. It was h
CHANGE	eras/age_IV/book/07_of_the_handful_for_the_new_hearth.md:52	the custody-book	->	Leabhar a' Chùraim	|	se kept records at all. It was his first entry in the custody-book proper, and he remembered eve
CHANGE	eras/age_IV/book/07_of_the_handful_for_the_new_hearth.md:54	the vein-house's	->	Taigh na Fèithe's	|	he sealed measure, the single household's season, the vein-house's mark; and when he had finishe
CHANGE	eras/age_IV/book/07_of_the_handful_for_the_new_hearth.md:54	the vein-house's	->	Taigh na Fèithe's	|	 hearth, opened or closed with some small word of the vein-house's own, a blessing on the hearth
CHANGE	eras/age_IV/book/07_of_the_handful_for_the_new_hearth.md:58	the vein-house	->	Taigh na Fèithe	|	ted out against any tally of hulls, for nobody at the vein-house yet knew, or claimed to know,
CHANGE	eras/age_IV/book/07_of_the_handful_for_the_new_hearth.md:58	the vein-house	->	Taigh na Fèithe	|	res made, understood the weight of. It meant that the vein-house had bound itself to a number 
CHANGE	eras/age_IV/book/07_of_the_handful_for_the_new_hearth.md:58	the vein-house	->	Taigh na Fèithe	|	n the coal-road to Seann Skell without any man at the vein-house ever adding up how many had g
CHANGE	eras/age_IV/book/07_of_the_handful_for_the_new_hearth.md:60	the vein-house	->	Taigh na Fèithe	|	bhlas, in the low room off the custody-hall where the vein-house kept its scales: a store-cler
CHANGE	eras/age_IV/book/07_of_the_handful_for_the_new_hearth.md:64	the vein-house	->	Taigh na Fèithe	|	d staging, she lent the harbour's trade something the vein-house could not give it: hands. A g
CHANGE	eras/age_IV/book/07_of_the_handful_for_the_new_hearth.md:64	the Red Hill's	->	An Cnoc Ruadh's	|	t thirty who had cut his teeth dressing stone for the Red Hill's own walls, came down the rive
CHANGE	eras/age_IV/book/07_of_the_handful_for_the_new_hearth.md:64	the vein-house	->	Taigh na Fèithe	|	n the rider would name. It was said afterward, at the vein-house as everywhere else, that Beat
CHANGE	eras/age_IV/book/07_of_the_handful_for_the_new_hearth.md:64	the red hall's	->	An Talla Dearg's	|	 she had never once, in more than thirty years on the red hall's high seat, called a thing by 
CHANGE	eras/age_IV/book/07_of_the_handful_for_the_new_hearth.md:72	the red hall	->	An Talla Dearg	|	 queen's son, grown too tall for the low doors of the red hall. Neither sister spoke, that e
CHANGE	eras/age_IV/book/07_of_the_handful_for_the_new_hearth.md:74	the vein-house's	->	Taigh na Fèithe's	|	Donnchadh never saw that evening; the vein-house's business kept him on the hill
CHANGE	eras/age_IV/book/07_of_the_handful_for_the_new_hearth.md:74	the custody-book's	->	Leabhar a' Chùraim's	|	d he copied the line about the queen's visit into the custody-book's own margin, where such things
CHANGE	eras/age_IV/book/07_of_the_handful_for_the_new_hearth.md:74	the vein-house	->	Taigh na Fèithe	|	g needed a ruling to be worth the keeping, a fact the vein-house ought not to let go unwritten
CHANGE	eras/age_IV/book/07_of_the_handful_for_the_new_hearth.md:78	the vein-house's	->	Taigh na Fèithe's	|	am mac Iain, was dead: a man who had never sat at the vein-house's board nor asked it for anythi
CHANGE	eras/age_IV/book/07_of_the_handful_for_the_new_hearth.md:80	the red hall's	->	An Talla Dearg's	|	f grain in a year the harvest had been thin, only the red hall's own household and the few cus
CHANGE	eras/age_IV/book/07_of_the_handful_for_the_new_hearth.md:80	the vein-house	->	Taigh na Fèithe	|	n before the week was out. It was remarked on, at the vein-house as everywhere the tidings tra
CHANGE	eras/age_IV/book/07_of_the_handful_for_the_new_hearth.md:80	the Law	->	Lagh an Loscaidh Bhig	|	uries a wife: no more show made of her grief than the Law made of a hearth's handful. E
CHANGE	eras/age_IV/book/07_of_the_handful_for_the_new_hearth.md:80	the vein-house's	->	Taigh na Fèithe's	|	 left to him, said only, when the tidings reached the vein-house's board, that a queen who measu
CHANGE	eras/age_IV/book/07_of_the_handful_for_the_new_hearth.md:86	the vein-house	->	Taigh na Fèithe	|	lamplight in the low room off the custody-hall at the vein-house, alone but for the store-cler
CHANGE	eras/age_IV/book/07_of_the_handful_for_the_new_hearth.md:86	the vein-house's	->	Taigh na Fèithe's	|	ghed the coal against the stone weights, pressing the vein-house's mark into the wax with a hand
CHANGE	eras/age_IV/book/07_of_the_handful_for_the_new_hearth.md:86	the vein-house	->	Taigh na Fèithe	|	, to a hearth not yet built, on a shore no one at the vein-house had ever seen and no one ther
CHANGE	eras/age_IV/book/08_of_the_grain_strife_and_the_forty_one_barges.md:7	the red hall's	->	An Talla Dearg's	|	oning, and he had never once been asked to sit at the red hall's board; but he could tell to t
CHANGE	eras/age_IV/book/08_of_the_grain_strife_and_the_forty_one_barges.md:17	the red hall	->	An Talla Dearg	|	The council at the red hall divided on the question throu
CHANGE	eras/age_IV/book/08_of_the_grain_strife_and_the_forty_one_barges.md:17	the Small-Burning Law	->	Lagh an Loscaidh Bhig	|	ssing cost the island behind it; others held that the Small-Burning Law measured a hearth and had nev
CHANGE	eras/age_IV/book/08_of_the_grain_strife_and_the_forty_one_barges.md:27	the red hall	->	An Talla Dearg	|	"You'll answer for this at the red hall."
CHANGE	eras/age_IV/book/08_of_the_grain_strife_and_the_forty_one_barges.md:49	the red hall	->	An Talla Dearg	|	carry and a road to carry it on. What was said at the red hall to make that word, I was not 
CHANGE	eras/age_IV/book/08_of_the_grain_strife_and_the_forty_one_barges.md:59	the bridge at Cathair dhearg	->	Drochaid Cathair dhearg	|	On the bridge at Cathair dhearg a woman named Mairead nic Iai
CHANGE	eras/age_IV/book/08_of_the_grain_strife_and_the_forty_one_barges.md:67	the red hall	->	An Talla Dearg	|	 or after, what had been argued over the grain at the red hall that winter, nor why the door
CHANGE	eras/age_IV/book/08_of_the_grain_strife_and_the_forty_one_barges.md:71	the roll of the willing	->	Rolla nan Deònach	|	ed the quay, Calum mac Nèill cut a household onto the roll of the willing that he had feared, since the
CHANGE	eras/age_IV/book/08_of_the_grain_strife_and_the_forty_one_barges.md:83	The custody-book	->	Leabhar a' Chùraim	|	d up the river road with its tale of a far shore. The custody-book at the vein-house, when its c
CHANGE	eras/age_IV/book/08_of_the_grain_strife_and_the_forty_one_barges.md:83	the vein-house	->	Taigh na Fèithe	|	with its tale of a far shore. The custody-book at the vein-house, when its clerk came down tha
CHANGE	eras/age_IV/book/09_of_the_night_of_lamps_and_the_sunwise_turn.md:14	the red hall	->	An Talla Dearg	|	and had stood before three kings and one queen at the red hall in that time, and he still, h
CHANGE	eras/age_IV/book/09_of_the_night_of_lamps_and_the_sunwise_turn.md:16	the red hall	->	An Talla Dearg	|	first hung, and she knew, better than most men at the red hall, how many households had gone
CHANGE	eras/age_IV/book/09_of_the_night_of_lamps_and_the_sunwise_turn.md:24	The custody-book	->	Leabhar a' Chùraim	|	not on the queen. It was not a long conversation. The custody-book, when it comes at last to spe
CHANGE	eras/age_IV/book/09_of_the_night_of_lamps_and_the_sunwise_turn.md:26	the custody-book	->	Leabhar a' Chùraim	|	It is told, though not in the custody-book, that Beathag put her hand on
CHANGE	eras/age_IV/book/09_of_the_night_of_lamps_and_the_sunwise_turn.md:54	the steering star	->	Reul na Stiùire	|	on the quay, the same evening she had first named the steering star to Mòrag by its Dia-thìris na
CHANGE	eras/age_IV/book/09_of_the_night_of_lamps_and_the_sunwise_turn.md:74	The second hull	->	An Dara Fhaoileag	|	The second hull came after her before the fir
CHANGE	eras/age_IV/book/09_of_the_night_of_lamps_and_the_sunwise_turn.md:86	the red hall	->	An Talla Dearg	|	At Cathair dhearg that same morning, in the red hall above the river, Queen Beatha
CHANGE	eras/age_IV/book/10_of_the_count_from_the_turn.md:7	The custody-book	->	Leabhar a' Chùraim	|	The custody-book of the vein-house above Muile
CHANGE	eras/age_IV/book/10_of_the_count_from_the_turn.md:7	the vein-house	->	Taigh na Fèithe	|	The custody-book of the vein-house above Muileann dhearg was kep
CHANGE	eras/age_IV/book/10_of_the_count_from_the_turn.md:7	the sunwise turn	->	An Diosal	|	st, and the hand that kept it in the autumn after the sunwise turn belonged to a clerk of six-an
CHANGE	eras/age_IV/book/10_of_the_count_from_the_turn.md:9	the vein-house's	->	Taigh na Fèithe's	|	What came to Donnchadh, in the ordinary course of the vein-house's business, was a leaf carried 
CHANGE	eras/age_IV/book/10_of_the_count_from_the_turn.md:11	the vein-house's	->	Taigh na Fèithe's	|	 Donnchadh, turning the leaf over by the light of the vein-house's lamp with his master's old ru
CHANGE	eras/age_IV/book/10_of_the_count_from_the_turn.md:11	the custody-book	->	Leabhar a' Chùraim	|	 open beside it, the rule by which every entry in the custody-book was dated against the feasts 
CHANGE	eras/age_IV/book/10_of_the_count_from_the_turn.md:13	the vein-house	->	Taigh na Fèithe	|	ap between the day the fleet had gone and the day the vein-house was told of the going: no wor
CHANGE	eras/age_IV/book/10_of_the_count_from_the_turn.md:15	the vein-house's	->	Taigh na Fèithe's	|	aster had taught him, closed the book, and banked the vein-house's night fire himself, because t
CHANGE	eras/age_IV/book/10_of_the_count_from_the_turn.md:19	the vein-house	->	Taigh na Fèithe	|	Four years passed at the vein-house much as the four before them 
CHANGE	eras/age_IV/book/10_of_the_count_from_the_turn.md:19	the red hall	->	An Talla Dearg	|	er, between the custodians of Muileann dhearg and the red hall at Cathair dhearg over matter
CHANGE	eras/age_IV/book/10_of_the_count_from_the_turn.md:21	the custody-book	->	Leabhar a' Chùraim	|	Donnchadh kept the custody-book through all of it, and kept a
CHANGE	eras/age_IV/book/10_of_the_count_from_the_turn.md:21	the custody-book	->	Leabhar a' Chùraim	|	 feast or the season a gallery was opened, served the custody-book well enough but served his ow
CHANGE	eras/age_IV/book/10_of_the_count_from_the_turn.md:23	the Diosal	->	An Diosal	|	 in the margins of his own book only, the year of the Diosal beside the year of the reign,
CHANGE	eras/age_IV/book/10_of_the_count_from_the_turn.md:23	the Diosal	->	An Diosal	|	 year then running, which he called the fourth of the Diosal, and then, working backward w
CHANGE	eras/age_IV/book/10_of_the_count_from_the_turn.md:25	the vein-house	->	Taigh na Fèithe	|	ortcut for his own sums, and if any other hand at the vein-house noticed the odd figures in th
CHANGE	eras/age_IV/book/10_of_the_count_from_the_turn.md:27	the vein-house's	->	Taigh na Fèithe's	|	ere it stayed, a private arithmetic run alongside the vein-house's public one, the two agreeing 
CHANGE	eras/age_IV/book/10_of_the_count_from_the_turn.md:29	the vein-house	->	Taigh na Fèithe	|	 or the wages owed a mason for a season's work on the vein-house wall, one figure among many, 
CHANGE	eras/age_IV/book/10_of_the_count_from_the_turn.md:57	the vein-house	->	Taigh na Fèithe	|	d than his father's, went the sixty miles east to the vein-house, where it came, in the course
CHANGE	eras/age_IV/book/10_of_the_count_from_the_turn.md:59	the custody-book	->	Leabhar a' Chùraim	|	He read it standing, the custody-book still open on the board befor
CHANGE	eras/age_IV/book/10_of_the_count_from_the_turn.md:59	the vein-house's	->	Taigh na Fèithe's	|	y morning and nothing more heard of it, so far as the vein-house's own book showed, until this. 
CHANGE	eras/age_IV/book/10_of_the_count_from_the_turn.md:59	the custody-book's	->	Leabhar a' Chùraim's	|	hout comment, copying Calum's broken telling into the custody-book's formal hand exactly as it sto
CHANGE	eras/age_IV/book/10_of_the_count_from_the_turn.md:61	the red hall	->	An Talla Dearg	|	uch things did, before the queen's own council in the red hall, and there it fared rather le
CHANGE	eras/age_IV/book/10_of_the_count_from_the_turn.md:61	the vein-house's	->	Taigh na Fèithe's	|	there it fared rather less quietly than it had at the vein-house's plain board. The council of D
CHANGE	eras/age_IV/book/10_of_the_count_from_the_turn.md:65	the red hall	->	An Talla Dearg	|	e year's leaves where it lay, so far as anyone at the red hall ever afterward saw, unread ag
CHANGE	eras/age_IV/book/10_of_the_count_from_the_turn.md:69	the red hall	->	An Talla Dearg	|	The two years that followed brought the red hall the ordinary weather of a kin
CHANGE	eras/age_IV/book/10_of_the_count_from_the_turn.md:75	the red hall	->	An Talla Dearg	|	n now, older than any other hand still serving at the red hall, whose eyes had begun to want
CHANGE	eras/age_IV/book/11_of_the_white_sorrow.md:11	the vein-house	->	Taigh na Fèithe	|	A custodian of the coal, down from the vein-house on the shire's business that 
CHANGE	eras/age_IV/book/11_of_the_white_sorrow.md:11	the Law	->	Lagh an Loscaidh Bhig	|	 the hand that had learned the galleries and kept the Law, and a hand once away from th
CHANGE	eras/age_IV/book/11_of_the_white_sorrow.md:13	the vein-house	->	Taigh na Fèithe	|	as no one aboard any hull who could be asked, and the vein-house, which alone might have spoke
CHANGE	eras/age_IV/book/11_of_the_white_sorrow.md:17	the vein-house's	->	Taigh na Fèithe's	|	It was the vein-house's own reckoning, made once more
CHANGE	eras/age_IV/book/11_of_the_white_sorrow.md:17	the roll of the willing	->	Rolla nan Deònach	|	before the fleet sailed and once again the autumn the roll of the willing closed, was dead these many y
CHANGE	eras/age_IV/book/11_of_the_white_sorrow.md:17	the vein-house	->	Taigh na Fèithe	|	e count, and the counting fell, as most things at the vein-house now fell, to younger hands un
CHANGE	eras/age_IV/book/11_of_the_white_sorrow.md:17	the custody-book	->	Leabhar a' Chùraim	|	e custodians sat down once more with the roll and the custody-book open side by side, as they ha
CHANGE	eras/age_IV/book/11_of_the_white_sorrow.md:19	the roll of the willing	->	Rolla nan Deònach	|	ng, column against column, hearth against hearth, the roll of the willing checked off one name at a tim
CHANGE	eras/age_IV/book/11_of_the_white_sorrow.md:21	the custody-book	->	Leabhar a' Chùraim	|	He wrote the figure into the custody-book in his own plain hand, one he
CHANGE	eras/age_IV/book/11_of_the_white_sorrow.md:21	the vein-house	->	Taigh na Fèithe	|	 slow weeks of the counting, over every measuring the vein-house had made since the turn, and 
CHANGE	eras/age_IV/book/11_of_the_white_sorrow.md:21	the red hall's	->	An Talla Dearg's	|	oning was, and it came, in the ordinary course of the red hall's business, before the queen.
CHANGE	eras/age_IV/book/11_of_the_white_sorrow.md:23	the vein-house	->	Taigh na Fèithe	|	hat the coal itself, the thing every custodian at the vein-house had spent his life learning t
CHANGE	eras/age_IV/book/11_of_the_white_sorrow.md:37	the white sorrow	->	an Tùrsa Geal	|	alled it, before the year was out, an Tùrsa Geal, the white sorrow, the name settling on it the 
CHANGE	eras/age_IV/book/11_of_the_white_sorrow.md:37	the red hall's	->	An Talla Dearg's	|	it came to be told afterward at more hearths than the red hall's own, a household anywhere on 
CHANGE	eras/age_IV/book/11_of_the_white_sorrow.md:37	(appositive)	->	an Tùrsa Geal	|	dropped the English gloss beside an Tùrsa Geal
CHANGE	eras/age_IV/book/11_of_the_white_sorrow.md:41	the vein-house	->	Taigh na Fèithe	|	The fifteenth year past the turn brought the vein-house a piece of business that had 
CHANGE	eras/age_IV/book/11_of_the_white_sorrow.md:43	the custody-book	->	Leabhar a' Chùraim	|	e served: galleries walked, the handful measured, the custody-book kept true against every heart
CHANGE	eras/age_IV/book/11_of_the_white_sorrow.md:43	the vein-house's	->	Taigh na Fèithe's	|	een years; but it was Donnchadh mac Thormoid, now the vein-house's senior clerk and no longer it
CHANGE	eras/age_IV/book/11_of_the_white_sorrow.md:43	the vein-house	->	Taigh na Fèithe	|	stodians' own stretching could carry it, and that the vein-house owed itself, if it owed nothi
CHANGE	eras/age_IV/book/11_of_the_white_sorrow.md:45	the vein-house	->	Taigh na Fèithe	|	What the vein-house found, when it looked honestl
CHANGE	eras/age_IV/book/11_of_the_white_sorrow.md:47	the vein-house	->	Taigh na Fèithe	|	rder ran the better part of two days, the longest the vein-house had held in Donnchadh's own m
CHANGE	eras/age_IV/book/11_of_the_white_sorrow.md:47	the vein-house	->	Taigh na Fèithe	|	 her answer, more than any argument the master of the vein-house himself made, that the sittin
CHANGE	eras/age_IV/book/11_of_the_white_sorrow.md:49	the vein-house	->	Taigh na Fèithe	|	 heads, chosen by their own kindreds and sworn at the vein-house before Crom's stone in the sa
CHANGE	eras/age_IV/book/11_of_the_white_sorrow.md:49	the custody-book	->	Leabhar a' Chùraim	|	s own two, and Donnchadh, who wrote the oath into the custody-book in the same plain hand he had
CHANGE	eras/age_IV/book/11_of_the_white_sorrow.md:49	the Law	->	Lagh an Loscaidh Bhig	|	rn and the book lay open to dry, thinking less of the Law than of the fifth of hands th
CHANGE	eras/age_IV/book/11_of_the_white_sorrow.md:49	the vein-house's	->	Taigh na Fèithe's	|	re fifteen years and a whole sea away, on a shore the vein-house's own book had no line to enter
CHANGE	eras/age_IV/book/11_of_the_white_sorrow.md:53	the vein-house	->	Taigh na Fèithe	|	naill was seventy and six years old in the summer the vein-house swore its seven heads, older 
CHANGE	eras/age_IV/book/11_of_the_white_sorrow.md:53	the red hall	->	An Talla Dearg	|	 Cathair dhearg within living memory, and had sat the red hall for one-and-sixty years, sinc
CHANGE	eras/age_IV/book/11_of_the_white_sorrow.md:55	the red hall	->	An Talla Dearg	|	 years old, she was the oldest of her line to sit the red hall since the years when a ruler'
CHANGE	eras/age_IV/book/11_of_the_white_sorrow.md:57	the red hall's	->	An Talla Dearg's	|	ng, grey already at the temple and no stranger to the red hall's business, having sat at his m
CHANGE	eras/age_IV/book/12_of_the_empty_harbour.md:9	the sunwise turn	->	An Diosal	|	hat Calum's boards had become, in the years since the sunwise turn, was less a roll than a wall 
CHANGE	eras/age_IV/book/12_of_the_empty_harbour.md:11	the sunwise turn	->	An Diosal	|	nty who had been eleven years old on the night of the sunwise turn and had stood on the west qua
CHANGE	eras/age_IV/book/12_of_the_empty_harbour.md:21	the sunwise turn	->	An Diosal	|	er than newly made. On the eve nearest the day of the sunwise turn, as near as the harbour-house
CHANGE	eras/age_IV/book/12_of_the_empty_harbour.md:25	the vein-house	->	Taigh na Fèithe	|	n entry of a rite the crown had never ordered and the vein-house had never asked after, but be
CHANGE	eras/age_IV/book/12_of_the_empty_harbour.md:29	the sunwise turn	->	An Diosal	|	ch more than half the trade it had carried before the sunwise turn.
CHANGE	eras/age_IV/book/12_of_the_empty_harbour.md:33	the roll of the willing	->	Rolla nan Deònach	|	r would have done, and set Murchadh's leaf beside the roll of the willing on the same wall, the names o
CHANGE	eras/age_IV/book/12_of_the_empty_harbour.md:37	the sunwise turn	->	An Diosal	|	on the island's own shore in the years just after the sunwise turn, and had likewise never been 
CHANGE	eras/age_IV/book/12_of_the_empty_harbour.md:49	the headland watch	->	Faire a' Chinn	|	Seonag's watch", came in time to be called simply the headland watch, Faire a' Chinn, by fisher-fo
CHANGE	eras/age_IV/book/12_of_the_empty_harbour.md:49	(appositive)	->	Faire a' Chinn	|	dropped the English gloss beside Faire a' Chinn
CHANGE	eras/age_IV/book/12_of_the_empty_harbour.md:55	the quay of the sunwise turn	->	Cidhe an Diosail	|	int to a single day of coining, Cidhe an Diosail, the quay of the sunwise turn, spoken now by carters and fi
CHANGE	eras/age_IV/book/12_of_the_empty_harbour.md:55	the harbour rolls	->	Rolla a' Chalaidh	|	be misunderstood, Niall entered the new name into the harbour rolls himself, in his own hand, Cid
CHANGE	eras/age_IV/book/12_of_the_empty_harbour.md:55	(appositive)	->	Cidhe an Diosail	|	dropped the English gloss beside Cidhe an Diosail
CHANGE	eras/age_IV/book/12_of_the_empty_harbour.md:59	the harbour rolls	->	Rolla a' Chalaidh	|	ld point to as the first, that he began to notice the harbour rolls using a word he had grown up 
CHANGE	eras/age_IV/book/12_of_the_empty_harbour.md:73	the harbour rolls	->	Rolla a' Chalaidh	|	iner name, stood now and would stand hereafter in the harbour rolls as Cidhe an Diosail, and that
CHANGE	eras/age_IV/book/13_of_the_moulds_in_the_fire.md:8	the Book of the Hawk	->	Leabhar an t-Seabhaig	|	> — the first saying in the Book of the Hawk
CHANGE	eras/age_IV/book/13_of_the_moulds_in_the_fire.md:24	the harbour rolls	->	Rolla a' Chalaidh	|	at he did not know what heading to give it under, the harbour rolls having no place kept for the 
CHANGE	eras/age_IV/book/13_of_the_moulds_in_the_fire.md:30	the red hall	->	An Talla Dearg	|	ally did, that Raghnall mac Uilleim, who had held the red hall since Niall was a young man, 
CHANGE	eras/age_IV/book/13_of_the_moulds_in_the_fire.md:30	the custody-book	->	Leabhar a' Chùraim	|	d the death and the crowning on the same leaf, as the custody-book at Cathair dhearg was said to
CHANGE	eras/age_IV/book/13_of_the_moulds_in_the_fire.md:30	the harbour rolls	->	Rolla a' Chalaidh	|	the shires kept as they had always been kept, and the harbour rolls of Seann Skell no fuller nor 
CHANGE	eras/age_IV/book/13_of_the_moulds_in_the_fire.md:34	the red hall	->	An Talla Dearg	|	 was perhaps the kindest king a coast so far from the red hall could hope for, since every k
CHANGE	eras/age_IV/book/13_of_the_moulds_in_the_fire.md:40	the sunwise turn	->	An Diosal	|	y of eleven to the west quay wall on the night of the sunwise turn, and he held it a long while 
CHANGE	eras/age_IV/book/13_of_the_moulds_in_the_fire.md:46	the vein-house	->	Taigh na Fèithe	|	At Muileann dhearg, below the vein-house where the coal-road came down
CHANGE	eras/age_IV/book/13_of_the_moulds_in_the_fire.md:46	the Small-Burning Law's	->	Lagh an Loscaidh Bhig's	|	and sorted before it went out to the shires under the Small-Burning Law's own measure. He had learned t
CHANGE	eras/age_IV/book/13_of_the_moulds_in_the_fire.md:46	the vein-house	->	Taigh na Fèithe	|	is father, who had learned it from a custodian of the vein-house two generations before either
CHANGE	eras/age_IV/book/13_of_the_moulds_in_the_fire.md:48	the vein-house's	->	Taigh na Fèithe's	|	that Eachann built his first house of stone below the vein-house's own gate in the two-and-seven
CHANGE	eras/age_IV/book/13_of_the_moulds_in_the_fire.md:48	the vein-house	->	Taigh na Fèithe	|	catter of houses could properly hold, by the name the vein-house had long given the whole of t
CHANGE	eras/age_IV/book/13_of_the_moulds_in_the_fire.md:48	the vein-house	->	Taigh na Fèithe	|	n more than name, with its own reeve answering to the vein-house rather than to any shire, and
CHANGE	eras/age_IV/book/13_of_the_moulds_in_the_fire.md:50	the vein-house	->	Taigh na Fèithe	|	 had raised and the coal-road climbing past it to the vein-house gate, and it is told that his
CHANGE	eras/age_IV/book/13_of_the_moulds_in_the_fire.md:50	the vein-house	->	Taigh na Fèithe	|	hing a mason could cut for him. The custodians of the vein-house, hearing of it, sent down no 
CHANGE	eras/age_IV/book/13_of_the_moulds_in_the_fire.md:50	the Small-Burning Law's	->	Lagh an Loscaidh Bhig's	|	nt down no objection, the coal being Eachann's by the Small-Burning Law's own measure to burn or to kee
CHANGE	eras/age_IV/book/13_of_the_moulds_in_the_fire.md:50	the vein-house's	->	Taigh na Fèithe's	|	uld afterward say, weathering no differently than the vein-house's own walls did.
CHANGE	eras/age_IV/book/13_of_the_moulds_in_the_fire.md:52	the vein-house's	->	Taigh na Fèithe's	|	Donnchadh mac Thormoid, who had kept the vein-house's own boards since he was fifte
CHANGE	eras/age_IV/book/13_of_the_moulds_in_the_fire.md:52	the vein-house	->	Taigh na Fèithe	|	e certain which had come first, that word reached the vein-house from Cathair dhearg that the 
CHANGE	eras/age_IV/book/13_of_the_moulds_in_the_fire.md:52	the red hall	->	An Talla Dearg	|	om Cathair dhearg that the crown's own scribes at the red hall had begun to date their rolls
CHANGE	eras/age_IV/book/13_of_the_moulds_in_the_fire.md:52	the red hall	->	An Talla Dearg	|	t named no pride and claimed no credit, only that the red hall now counted its years as Muil
CHANGE	eras/age_IV/book/13_of_the_moulds_in_the_fire.md:56	The seven houses	->	Na Seachd Taighean	|	The seven houses that held the right to the co
CHANGE	eras/age_IV/book/13_of_the_moulds_in_the_fire.md:56	the Small-Burning Law	->	Lagh an Loscaidh Bhig	|	even houses that held the right to the coal under the Small-Burning Law had each, since the houses we
CHANGE	eras/age_IV/book/13_of_the_moulds_in_the_fire.md:56	the vein-house	->	Taigh na Fèithe	|	he boards, frequent enough that the custodians of the vein-house judged the matter could not b
CHANGE	eras/age_IV/book/13_of_the_moulds_in_the_fire.md:56	the seven houses	->	Na Seachd Taighean	|	ll had released its last journeymen, the heads of the seven houses were called to Muileann dhear
CHANGE	eras/age_IV/book/13_of_the_moulds_in_the_fire.md:56	the vein-house	->	Taigh na Fèithe	|	 before the custodians and the whole household of the vein-house looking on, each stone marked
CHANGE	eras/age_IV/book/13_of_the_moulds_in_the_fire.md:58	the vein-house's	->	Taigh na Fèithe's	|	afterward, in his own private hand rather than in the vein-house's formal rolls, that he had nev
CHANGE	eras/age_IV/book/13_of_the_moulds_in_the_fire.md:58	the vein-house's	->	Taigh na Fèithe's	|	been drawn from, and the bag was hung on a peg in the vein-house's own hall rather than broken u
CHANGE	eras/age_IV/book/13_of_the_moulds_in_the_fire.md:62	the vein-house	->	Taigh na Fèithe	|	 man in his own right, the youngest apprentice at the vein-house calling him, without any unki
CHANGE	eras/age_IV/book/13_of_the_moulds_in_the_fire.md:62	the vein-house's	->	Taigh na Fèithe's	|	n to show a visitor about the hall when one came, the vein-house's affairs by then running large
CHANGE	eras/age_IV/book/13_of_the_moulds_in_the_fire.md:62	the vein-house's	->	Taigh na Fèithe's	|	of his father's, found himself waiting a while in the vein-house's hall for the custodian he had
CHANGE	eras/age_IV/book/13_of_the_moulds_in_the_fire.md:64	the vein-house	->	Taigh na Fèithe	|	earned, so far as Donnchadh could tell, only that the vein-house kept old stones in a bag and 
CHANGE	eras/age_IV/book/13_of_the_moulds_in_the_fire.md:68	the vein-house's	->	Taigh na Fèithe's	|	 season the boy had come and gone, the last entry the vein-house's own boards ever received from
CHANGE	eras/age_IV/book/13_of_the_moulds_in_the_fire.md:68	the Small-Burning Law	->	Lagh an Loscaidh Bhig	|	g of coal, household by household, in the measure the Small-Burning Law had held since Fionnlagh Dall
CHANGE	eras/age_IV/book/13_of_the_moulds_in_the_fire.md:68	the seven houses	->	Na Seachd Taighean	|	rst took up the boards at fifteen, beginning with the seven houses in the order their galleries 
CHANGE	eras/age_IV/book/13_of_the_moulds_in_the_fire.md:68	the vein-house	->	Taigh na Fèithe	|	ded, with the coal-breakers' row that answered to the vein-house rather than to any house's cl
CHANGE	eras/age_IV/book/13_of_the_moulds_in_the_fire.md:70	the vein-house	->	Taigh na Fèithe	|	em, since none living could remember another, and the vein-house went on, in the season that f
CHANGE	eras/age_IV/book/13_of_the_moulds_in_the_fire.md:70	the red hall's	->	An Talla Dearg's	|	gate as surely as the crown itself now bore it in the red hall's rolls. The bag of lot-stones 
CHANGE	eras/age_IV/book/13_of_the_moulds_in_the_fire.md:70	the vein-house's	->	Taigh na Fèithe's	|	here it had hung since the drawing, on its peg in the vein-house's hall, and no hand troubled to
CHANGE	eras/age_IV/book/14_of_the_king_the_houses_made.md:7	the custody-book	->	Leabhar a' Chùraim	|	all mac Raghnaill died in his eightieth year, and the custody-book gave him, as it had given his
CHANGE	eras/age_IV/book/14_of_the_king_the_houses_made.md:9	the Holy Age	->	An Aois Naomh	|	iar, where a seam of silver had been worked since the Holy Age within four families who call
CHANGE	eras/age_IV/book/14_of_the_king_the_houses_made.md:9	the seven houses of custody	->	Na Seachd Taighean	|	ose about the throat, beaten out for the heads of the seven houses of custody to wear at the vein-house and
CHANGE	eras/age_IV/book/14_of_the_king_the_houses_made.md:9	the vein-house	->	Taigh na Fèithe	|	e heads of the seven houses of custody to wear at the vein-house and at the red hall alike, so
CHANGE	eras/age_IV/book/14_of_the_king_the_houses_made.md:9	the red hall	->	An Talla Dearg	|	ouses of custody to wear at the vein-house and at the red hall alike, so that a stranger new
CHANGE	eras/age_IV/book/14_of_the_king_the_houses_made.md:15	the vein-house	->	Taigh na Fèithe	|	It is in the leaves of the vein-house, not the red hall's, that the
CHANGE	eras/age_IV/book/14_of_the_king_the_houses_made.md:15	the red hall's	->	An Talla Dearg's	|	It is in the leaves of the vein-house, not the red hall's, that the fullest word of tho
CHANGE	eras/age_IV/book/14_of_the_king_the_houses_made.md:15	the Small-Burning Law	->	Lagh an Loscaidh Bhig	|	 exactly as Fionnlagh Dall had first measured it, the Small-Burning Law untouched by a change of king
CHANGE	eras/age_IV/book/14_of_the_king_the_houses_made.md:17	the vein-house's	->	Taigh na Fèithe's	|	s thought it a king's idle amusement and no more; the vein-house's own scribe, who watched him d
CHANGE	eras/age_IV/book/14_of_the_king_the_houses_made.md:21	the vein-house's	->	Taigh na Fèithe's	|	 he should be gone; Fearchar was given instead to the vein-house's own custom, a boy's seven yea
CHANGE	eras/age_IV/book/14_of_the_king_the_houses_made.md:21	the seven houses	->	Na Seachd Taighean	|	 the galleries and the measures as every child of the seven houses was meant to learn them, whet
CHANGE	eras/age_IV/book/14_of_the_king_the_houses_made.md:29	the Old Spirits	->	Na Seann Spioradan	|	The spirit-house the keepers of the Old Spirits raised at {{place:burg:315}} 
CHANGE	eras/age_IV/book/14_of_the_king_the_houses_made.md:31	the custody-book	->	Leabhar a' Chùraim	|	sister nor kept her ended in a single sentence in the custody-book, and that the heads of the se
CHANGE	eras/age_IV/book/14_of_the_king_the_houses_made.md:31	the seven houses	->	Na Seachd Taighean	|	ntence in the custody-book, and that the heads of the seven houses were summoned to the capital 
CHANGE	eras/age_IV/book/14_of_the_king_the_houses_made.md:31	the sunwise turn	->	An Diosal	|	o the capital to choose, for the first time since the sunwise turn, a king the crown's own blood
CHANGE	eras/age_IV/book/14_of_the_king_the_houses_made.md:35	the red hall	->	An Talla Dearg	|	an any other custodian. He remembered the yard of the red hall as smaller than he had pictur
CHANGE	eras/age_IV/book/14_of_the_king_the_houses_made.md:37	the Holy Age's	->	An Aois Naomh's	|	ent and the one whose own house had given most of the Holy Age's Keepers, who said, after a fu
CHANGE	eras/age_IV/book/14_of_the_king_the_houses_made.md:39	the vein-house	->	Taigh na Fèithe	|	nd knew, better than any man born to a hall, what the vein-house asked of the houses that answ
CHANGE	eras/age_IV/book/14_of_the_king_the_houses_made.md:43	the vein-house	->	Taigh na Fèithe	|	he family's own memory rather than in any leaf of the vein-house, was that he tried three time
CHANGE	eras/age_IV/book/14_of_the_king_the_houses_made.md:45	the custody-book's	->	Leabhar a' Chùraim's	|	8}}, five-and-twenty years old, the first king in the custody-book's own memory set on the hall by
CHANGE	eras/age_IV/book/14_of_the_king_the_houses_made.md:45	the seven houses	->	Na Seachd Taighean	|	ng from a cup that belonged, strictly, to none of the seven houses and to one of them alone, a s
CHANGE	eras/age_IV/book/14_of_the_king_the_houses_made.md:49	the red hall	->	An Talla Dearg	|	t is told at Baile Mòr dhomhain, though seldom at the red hall, that he never once in all th
CHANGE	eras/age_IV/book/14_of_the_king_the_houses_made.md:49	the vein-house	->	Taigh na Fèithe	|	}} among his own house and within an easy ride of the vein-house, so that no matter that touch
CHANGE	eras/age_IV/book/14_of_the_king_the_houses_made.md:49	the red hall's	->	An Talla Dearg's	|	it is from those letters, more than from anything the red hall's own scribes set down, that th
CHANGE	eras/age_IV/book/14_of_the_king_the_houses_made.md:51	the seven houses	->	Na Seachd Taighean	|	ian might have asked of a gallery's sharing among the seven houses, and it was only riding home 
CHANGE	eras/age_IV/book/14_of_the_king_the_houses_made.md:53	the seven houses	->	Na Seachd Taighean	|	 after him, said sometimes of the coal-right when the seven houses' own dealings grew strained, 
CHANGE	eras/age_IV/book/14_of_the_king_the_houses_made.md:57	the red hall	->	An Talla Dearg	|	ar:III-0061}}, among his own house rather than at the red hall, four-and-fifty years old, hi
CHANGE	eras/age_IV/book/14_of_the_king_the_houses_made.md:57	the vein-house	->	Taigh na Fèithe	|	han any tenant of his own galleries would be, and the vein-house kept the asking to the letter
CHANGE	eras/age_IV/book/14_of_the_king_the_houses_made.md:57	the seven houses	->	Na Seachd Taighean	|	ny royal tomb at the capital, and it is told that the seven houses sent their heads to stand at 
CHANGE	eras/age_IV/book/15_of_the_hawk_of_acaill.md:7	the Holy Age	->	An Aois Naomh	|	 river from the coast where the dawn-hawk rite of the Holy Age had been kept without a break
CHANGE	eras/age_IV/book/15_of_the_hawk_of_acaill.md:9	the vein-house	->	Taigh na Fèithe	|	their place, and what each family's coal-right at the vein-house came to that season, for the 
CHANGE	eras/age_IV/book/15_of_the_hawk_of_acaill.md:27	the vein-house	->	Taigh na Fèithe	|	re between the two was not a rule written once at the vein-house and left to stand, any more t
CHANGE	eras/age_IV/book/15_of_the_hawk_of_acaill.md:33	the Hawk bay	->	Bàgh an t-Seabhaig	|	y messenger sent for the purpose: a wool-buyer of the Hawk bay who had business at Cnoc bhea
CHANGE	eras/age_IV/book/15_of_the_hawk_of_acaill.md:33	the Hawk bay	->	Bàgh an t-Seabhaig	|	near Gormshuil's own age who had kept a shrine on the Hawk bay since before Gormshuil was a 
CHANGE	eras/age_IV/book/15_of_the_hawk_of_acaill.md:35	the vein-house's	->	Taigh na Fèithe's	|	Within a few years more, and without the vein-house's own scribes troubling themsel
CHANGE	eras/age_IV/book/15_of_the_hawk_of_acaill.md:35	the Hawk of Acaill	->	Seabhag Acaill	|	 for the rest of her life and after it: that Mòd, the Hawk of Acaill, was old as Fionntan mac Bòch
CHANGE	eras/age_IV/book/15_of_the_hawk_of_acaill.md:35	the Hungry Hawk	->	An Seabhag Acrach	|	 years; that every hearth's coal was a feeding of the Hungry Hawk beneath the mountain, owed th
CHANGE	eras/age_IV/book/15_of_the_hawk_of_acaill.md:37	the Hawk	->	Òrd an t-Seabhaig	|	t took the name Taigh an t-Seabhaig, the house of the Hawk, and gave the old dawn-hawk r
CHANGE	eras/age_IV/book/15_of_the_hawk_of_acaill.md:53	the Book of the Hawk	->	Leabhar an t-Seabhaig	|	r:III-0065}} and called it Leabhar an t-Seabhaig, the Book of the Hawk, and set at its head, before 
CHANGE	eras/age_IV/book/15_of_the_hawk_of_acaill.md:53	(appositive)	->	Leabhar an t-Seabhaig	|	dropped the English gloss beside Leabhar an t-Seabhaig
CHANGE	eras/age_IV/book/16_of_the_firlot_of_cathair_dhearg.md:7	the red hall	->	An Talla Dearg	|	hat day at her father's elbow in the market below the red hall at {{place:burg:19}}, where t
CHANGE	eras/age_IV/book/16_of_the_firlot_of_cathair_dhearg.md:15	the vein-house's	->	Taigh na Fèithe's	|	n. His last ride north to Muileann dhearg, to see the vein-house's winter burning as every king 
CHANGE	eras/age_IV/book/16_of_the_firlot_of_cathair_dhearg.md:15	the red hall	->	An Talla Dearg	|	year, and he never made the ride again. He sat in the red hall and let the shires send their
CHANGE	eras/age_IV/book/16_of_the_firlot_of_cathair_dhearg.md:19	the white sorrow	->	an Tùrsa Geal	|	 keep the vein and the right to it in the year of the white sorrow, took it in turn to sit the h
CHANGE	eras/age_IV/book/16_of_the_firlot_of_cathair_dhearg.md:25	the seven houses	->	Na Seachd Taighean	|	drank from it, and handed it on, and the heads of the seven houses came forward one by one and p
CHANGE	eras/age_IV/book/16_of_the_firlot_of_cathair_dhearg.md:31	the great hate	->	Am Fuath Mòr	|	that the fishers there came to call Am Fuath Mòr, the great hate. It came in the black of nigh
CHANGE	eras/age_IV/book/16_of_the_firlot_of_cathair_dhearg.md:31	(appositive)	->	Am Fuath Mòr	|	dropped the English gloss beside Am Fuath Mòr
CHANGE	eras/age_IV/book/16_of_the_firlot_of_cathair_dhearg.md:43	the seven houses	->	Na Seachd Taighean	|	d at Cathair dhearg in the month of Faolach, with the seven houses' heads in attendance and Ragh
CHANGE	eras/age_IV/book/16_of_the_firlot_of_cathair_dhearg.md:47	the red hall	->	An Talla Dearg	|	She summoned Dùghall's father to the red hall that season, on some other bu
CHANGE	eras/age_IV/book/17_of_carson_an_lamh_seo.md:11	the vein-house	->	Taigh na Fèithe	|	rossing as carefully as any feast of the crown or the vein-house. He came down off the hill ro
CHANGE	eras/age_IV/book/17_of_carson_an_lamh_seo.md:13	the Yellow Lion	->	An Leòmhann Buidhe	|	oad, at the road-house called An Leòmhann Buidhe, the Yellow Lion, in {{year:III-0073}} as in e
CHANGE	eras/age_IV/book/17_of_carson_an_lamh_seo.md:13	the vein-house	->	Taigh na Fèithe	|	 was hands the vein would answer quickly, so that the vein-house had taken to setting two men 
CHANGE	eras/age_IV/book/17_of_carson_an_lamh_seo.md:13	(appositive)	->	An Leòmhann Buidhe	|	dropped the English gloss beside An Leòmhann Buidhe
CHANGE	eras/age_IV/book/17_of_carson_an_lamh_seo.md:19	the Yellow Lion	->	An Leòmhann Buidhe	|	From the Yellow Lion the road ran on to Dùn thais 
CHANGE	eras/age_IV/book/17_of_carson_an_lamh_seo.md:27	the house of disputation	->	Taigh na Deasbaid	|	ations of thumbs tracing them. Taigh na Deasbaid, the house of disputation, he called it, and when the m
CHANGE	eras/age_IV/book/17_of_carson_an_lamh_seo.md:27	(appositive)	->	Taigh na Deasbaid	|	dropped the English gloss beside Taigh na Deasbaid
CHANGE	eras/age_IV/book/17_of_carson_an_lamh_seo.md:31	the seven houses	->	Na Seachd Taighean	|	nd nothing in the book to trouble a single one of the seven houses: whether a hall raised withou
CHANGE	eras/age_IV/book/17_of_carson_an_lamh_seo.md:51	the seven houses	->	Na Seachd Taighean	|	The same year that the seven houses carried their ban to their ow
CHANGE	eras/age_IV/book/17_of_carson_an_lamh_seo.md:53	the red hall	->	An Talla Dearg	|	eas nic Fhearchair had died at Cathair dhearg, in the red hall where she had reigned longer 
CHANGE	eras/age_IV/book/17_of_carson_an_lamh_seo.md:53	the red hall	->	An Talla Dearg	|	ning set side by side. Coinneach had never sat in the red hall nor spoken a word to the quee
CHANGE	eras/age_IV/book/17_of_carson_an_lamh_seo.md:55	the Yellow Lion's	->	An Leòmhann Buidhe's	|	ndred times before the house was ever built, past the Yellow Lion's low lamp and on into the dark
CHANGE	eras/age_IV/book/18_of_salt_and_the_listing_hull.md:29	the red hall	->	An Talla Dearg	|	 dhearg: that Uisdean mac Dhùghaill, who had held the red hall since he was a man of four-an
CHANGE	eras/age_IV/book/18_of_salt_and_the_listing_hull.md:29	the red hall	->	An Talla Dearg	|	 evening's supper, and then talked of it no more, the red hall and its business being to a b
CHANGE	eras/age_IV/book/18_of_salt_and_the_listing_hull.md:31	the white sorrow	->	an Tùrsa Geal	|	n the manner, the old women of the flats said, of the white sorrow the whole island had once wor
CHANGE	eras/age_IV/book/18_of_salt_and_the_listing_hull.md:41	the vein-house's	->	Taigh na Fèithe's	|	l village far to the south-west of the bridge, in the vein-house's own country, and the shaking,
CHANGE	eras/age_IV/book/18_of_salt_and_the_listing_hull.md:41	the vein-house	->	Taigh na Fèithe	|	s found their own course again. The custodians of the vein-house, hearing of it within days, a
CHANGE	eras/age_IV/book/18_of_salt_and_the_listing_hull.md:41	the vein-house	->	Taigh na Fèithe	|	und, to the relief of everyone from the master of the vein-house down to the least of the digg
CHANGE	eras/age_IV/book/18_of_salt_and_the_listing_hull.md:45	the vein-house's	->	Taigh na Fèithe's	|	 stone hauled, at the custodians' own offer, from the vein-house's surplus, a small kindness tha
CHANGE	eras/age_IV/book/18_of_salt_and_the_listing_hull.md:45	the vein-house's	->	Taigh na Fèithe's	|	llage had not looked for and did not soon forget, the vein-house's custodians being known along 
CHANGE	eras/age_IV/book/18_of_salt_and_the_listing_hull.md:51	the red hall	->	An Talla Dearg	|	count agreeing near enough with the count kept at the red hall, that word came south along t
CHANGE	eras/age_IV/book/19_of_the_stone_that_cries_out_and_the_two_horses.md:11	the red hall	->	An Talla Dearg	|	 beneath the man or woman who by right should sit the red hall at {{place:burg:19}}, as a ho
CHANGE	eras/age_IV/book/19_of_the_stone_that_cries_out_and_the_two_horses.md:11	the Fianna	->	an Fhianna	|	ir proper name, the name their oath deserved, was the Fianna, who keep the whole island as
CHANGE	eras/age_IV/book/19_of_the_stone_that_cries_out_and_the_two_horses.md:23	the Fianna of the Stone	->	an Fhianna	|	at year on and without argument among themselves, the Fianna of the Stone, and kept a horn there that w
CHANGE	eras/age_IV/book/19_of_the_stone_that_cries_out_and_the_two_horses.md:25	the Fianna's	->	an Fhianna's	|	The horn fell, by lot among the Fianna's own households, to whoever's 
CHANGE	eras/age_IV/book/19_of_the_stone_that_cries_out_and_the_two_horses.md:29	the Hawk	->	Òrd an t-Seabhaig	|	 a shrine down by the harbour that the priests of the Hawk had also long claimed, a low 
CHANGE	eras/age_IV/book/19_of_the_stone_that_cries_out_and_the_two_horses.md:31	the Stone's	->	Òrd na Cloiche's	|	young birds down to the water for the first time, the Stone's marking it a night the Fianna
CHANGE	eras/age_IV/book/19_of_the_stone_that_cries_out_and_the_two_horses.md:31	the Fianna	->	an Fhianna	|	or the first time, the Stone's marking it a night the Fianna kept vigil against no enemy e
CHANGE	eras/age_IV/book/19_of_the_stone_that_cries_out_and_the_two_horses.md:31	the Hawk's	->	Òrd an t-Seabhaig's	|	d for the same hours, and neither would give way, the Hawk's priests saying their reckonin
CHANGE	eras/age_IV/book/19_of_the_stone_that_cries_out_and_the_two_horses.md:31	the Fianna	->	an Fhianna	|	k's priests saying their reckoning was the older, the Fianna saying the stone did not reck
CHANGE	eras/age_IV/book/19_of_the_stone_that_cries_out_and_the_two_horses.md:33	the Hawk's	->	Òrd an t-Seabhaig's	|	e:III-0088}}. Both sides took it sourly at first, the Hawk's priests muttering that half a
CHANGE	eras/age_IV/book/19_of_the_stone_that_cries_out_and_the_two_horses.md:33	the Fianna	->	an Fhianna	|	uttering that half a shrine was no shrine at all, the Fianna saying much the same in diffe
CHANGE	eras/age_IV/book/19_of_the_stone_that_cries_out_and_the_two_horses.md:35	the Hawk's	->	Òrd an t-Seabhaig's	|	sion down on a single strip of hide, one side for the Hawk's hours and one for the Fianna'
CHANGE	eras/age_IV/book/19_of_the_stone_that_cries_out_and_the_two_horses.md:35	the Fianna's	->	an Fhianna's	|	f hide, one side for the Hawk's hours and one for the Fianna's, and nailed it to the shrine 
CHANGE	eras/age_IV/book/19_of_the_stone_that_cries_out_and_the_two_horses.md:49	the Fianna of the Stone	->	an Fhianna	|	 tide-horn he had never asked anyone to blow, and the Fianna of the Stone carried him to the shrine the
CHANGE	eras/age_IV/book/19_of_the_stone_that_cries_out_and_the_two_horses.md:55	the Hawk	->	Òrd an t-Seabhaig	|	 old himself by then, had watched the quarrels of the Hawk and the Stone from the red ha
CHANGE	eras/age_IV/book/19_of_the_stone_that_cries_out_and_the_two_horses.md:55	the Stone	->	Òrd na Cloiche	|	by then, had watched the quarrels of the Hawk and the Stone from the red hall with the wa
CHANGE	eras/age_IV/book/19_of_the_stone_that_cries_out_and_the_two_horses.md:55	the red hall	->	An Talla Dearg	|	tched the quarrels of the Hawk and the Stone from the red hall with the wariness of a man wh
CHANGE	eras/age_IV/book/19_of_the_stone_that_cries_out_and_the_two_horses.md:55	the wood-watchers	->	Òrd Mhacha	|	an either the hawk's flight or the stone's watch: the wood-watchers' rite of Macha, kept by famil
CHANGE	eras/age_IV/book/19_of_the_stone_that_cries_out_and_the_two_horses.md:57	the wood-watchers	->	Òrd Mhacha	|	It was said among the wood-watchers, and Aonghas had heard it sai
CHANGE	eras/age_IV/book/19_of_the_stone_that_cries_out_and_the_two_horses.md:59	the Hawk	->	Òrd an t-Seabhaig	|	tched, these forty years and more, the priests of the Hawk and the Fianna of the Stone d
CHANGE	eras/age_IV/book/19_of_the_stone_that_cries_out_and_the_two_horses.md:59	the Fianna of the Stone	->	an Fhianna	|	forty years and more, the priests of the Hawk and the Fianna of the Stone divide a single shrine's hour
CHANGE	eras/age_IV/book/19_of_the_stone_that_cries_out_and_the_two_horses.md:59	the wood-watchers	->	Òrd Mhacha	|	st told his own household he meant to ride out to the wood-watchers' rite himself, one of his old
CHANGE	eras/age_IV/book/19_of_the_stone_that_cries_out_and_the_two_horses.md:59	the seven houses	->	Na Seachd Taighean	|	a crown seen kneeling to a moor-custom might find the seven houses asking, before the year was o
CHANGE	eras/age_IV/book/19_of_the_stone_that_cries_out_and_the_two_horses.md:59	the wood-watchers	->	Òrd Mhacha	|	send its own hands to stand at a yoke-pole, since the wood-watchers, so far as he had ever heard,
CHANGE	eras/age_IV/book/19_of_the_stone_that_cries_out_and_the_two_horses.md:61	the wood-watchers	->	Òrd Mhacha	|	He rode out to the wood-watchers' own rite the spring he turne
CHANGE	eras/age_IV/book/19_of_the_stone_that_cries_out_and_the_two_horses.md:61	the red hall's	->	An Talla Dearg's	|	s son, did as courts do, and within the year half the red hall's own household had taken up th
CHANGE	eras/age_IV/book/19_of_the_stone_that_cries_out_and_the_two_horses.md:65	the wood-watchers	->	Òrd Mhacha	|	That same year, in the season the wood-watchers call the between-moon, a fire
CHANGE	eras/age_IV/book/19_of_the_stone_that_cries_out_and_the_two_horses.md:71	the red hall	->	An Talla Dearg	|	Aonghas heard the tidings of the fire at the red hall and sent what the crown's own
CHANGE	eras/age_IV/book/19_of_the_stone_that_cries_out_and_the_two_horses.md:71	the wood-watchers	->	Òrd Mhacha	|	and then, the following spring, rode out again to the wood-watchers' rite as he had the year befo
CHANGE	eras/age_IV/book/19_of_the_stone_that_cries_out_and_the_two_horses.md:71	the vein-house	->	Taigh na Fèithe	|	 northern sea and Dubh Sainglenn dark as the coal the vein-house sent up by the basket-load, a
CHANGE	eras/age_IV/book/20_of_the_burned_tracts.md:12	the vein-house's	->	Taigh na Fèithe's	|	nd grey stone set among birch and low hazel where the vein-house's own writ ran thin and the coa
CHANGE	eras/age_IV/book/20_of_the_burned_tracts.md:12	the Holy Age	->	An Aois Naomh	|	nder a teacher of the rival school, the school of the Holy Age that held the vein answered l
CHANGE	eras/age_IV/book/20_of_the_burned_tracts.md:14	the seven houses	->	Na Seachd Taighean	|	no more owed a gallery than a collier's, and that the seven houses who now wore the neck-rings o
CHANGE	eras/age_IV/book/20_of_the_burned_tracts.md:20	the vein-house's	->	Taigh na Fèithe's	|	old hosting the gathering, a woman of no love for the vein-house's seven, let him stand on her o
CHANGE	eras/age_IV/book/20_of_the_burned_tracts.md:24	the vein-house	->	Taigh na Fèithe	|	ough not one copy had yet been shown to anyone at the vein-house.
CHANGE	eras/age_IV/book/20_of_the_burned_tracts.md:28	the vein-house's	->	Taigh na Fèithe's	|	ng no particular harm by it, to a cousin who kept the vein-house's own store at {{place:burg:491
CHANGE	eras/age_IV/book/20_of_the_burned_tracts.md:28	the vein-house's	->	Taigh na Fèithe's	|	that came down within the month was plain and, by the vein-house's own lights, moderate: every c
CHANGE	eras/age_IV/book/20_of_the_burned_tracts.md:30	the vein-house's	->	Taigh na Fèithe's	|	d the whole country held, and they were burned in the vein-house's own yard on a still morning w
CHANGE	eras/age_IV/book/20_of_the_burned_tracts.md:32	the vein-house	->	Taigh na Fèithe	|	person, then or after; whether that mercy came of the vein-house judging her too old, too poor
CHANGE	eras/age_IV/book/20_of_the_burned_tracts.md:36	the sacred forest	->	Coille Naomh Cnoc bheag	|	 blow struck over any of it. At {{place:burg:20}} the sacred forest, held in common since the Hol
CHANGE	eras/age_IV/book/20_of_the_burned_tracts.md:36	the Holy Age	->	An Aois Naomh	|	burg:20}} the sacred forest, held in common since the Holy Age by more claimants than any on
CHANGE	eras/age_IV/book/20_of_the_burned_tracts.md:36	the red hall	->	An Talla Dearg	|	in the season, without protest that any scribe of the red hall thought worth setting down; w
CHANGE	eras/age_IV/book/20_of_the_burned_tracts.md:38	The druid schools	->	Scoiltean nan Draoidhean	|	The druid schools, who had held no ground of th
CHANGE	eras/age_IV/book/20_of_the_burned_tracts.md:38	the Holy Age's	->	An Aois Naomh's	|	chools, who had held no ground of their own since the Holy Age's own quarrels scattered the la
CHANGE	eras/age_IV/book/20_of_the_burned_tracts.md:38	Flidais's wood	->	Coille Naomh Muileann chiar	|	he keeping of {{place:burg:355}}'s own holy wood, Flidais's wood, walking its bounds once in e
CHANGE	eras/age_IV/book/20_of_the_burned_tracts.md:38	the Hawk	->	Òrd an t-Seabhaig	|	f custody troubling to forbid it or any priest of the Hawk or the Stone troubling to cla
CHANGE	eras/age_IV/book/20_of_the_burned_tracts.md:38	the Stone	->	Òrd na Cloiche	|	oubling to forbid it or any priest of the Hawk or the Stone troubling to claim the wood f
CHANGE	eras/age_IV/book/20_of_the_burned_tracts.md:42	the vein-house's	->	Taigh na Fèithe's	|	None of these three things touched the vein-house's own quarrel with Doire chiar,
CHANGE	eras/age_IV/book/20_of_the_burned_tracts.md:42	the custody-book	->	Leabhar a' Chùraim	|	t down together, made so much as a single line in the custody-book; but a country that grants a 
CHANGE	eras/age_IV/book/20_of_the_burned_tracts.md:48	the vein-house's	->	Taigh na Fèithe's	|	ing brought no second order and no second search, the vein-house's own attention turning, as a h
CHANGE	eras/age_IV/book/20_of_the_burned_tracts.md:50	the Hawk	->	Òrd an t-Seabhaig	|	 own house rather than in any consecrated plot of the Hawk or the Stone or Macha's own p
CHANGE	eras/age_IV/book/20_of_the_burned_tracts.md:50	the Stone	->	Òrd na Cloiche	|	ather than in any consecrated plot of the Hawk or the Stone or Macha's own priests, none 
CHANGE	eras/age_IV/book/20_of_the_burned_tracts.md:54	the vein-house	->	Taigh na Fèithe	|	While Doire chiar kept its own quiet quarrel with the vein-house, the red hall at {{place:burg
CHANGE	eras/age_IV/book/20_of_the_burned_tracts.md:54	the red hall	->	An Talla Dearg	|	r kept its own quiet quarrel with the vein-house, the red hall at {{place:burg:19}} was losi
CHANGE	eras/age_IV/book/20_of_the_burned_tracts.md:54	the wood-watchers	->	Òrd Mhacha	|	s one. King Aonghas mac Uisdein, who had taken up the wood-watchers' rite of Macha in his own old
CHANGE	eras/age_IV/book/20_of_the_burned_tracts.md:54	the custody-book	->	Leabhar a' Chùraim	|	tom, died at seventy-eight years old, LE 450, and the custody-book gave him, as it gave every cr
CHANGE	eras/age_IV/book/20_of_the_burned_tracts.md:56	the Hawk	->	Òrd an t-Seabhaig	|	r little beyond its own length and its own quiet, the Hawk and the Stone having settled,
CHANGE	eras/age_IV/book/20_of_the_burned_tracts.md:56	the Stone	->	Òrd na Cloiche	|	nd its own length and its own quiet, the Hawk and the Stone having settled, in his father
CHANGE	eras/age_IV/book/20_of_the_burned_tracts.md:56	the vein-house's	->	Taigh na Fèithe's	|	eace neither order troubled to disturb again, and the vein-house's own quarrel with a woman of D
CHANGE	eras/age_IV/book/20_of_the_burned_tracts.md:56	the red hall's	->	An Talla Dearg's	|	own quarrel with a woman of Doire chiar being, in the red hall's own reckoning, too small a th
CHANGE	eras/age_IV/book/20_of_the_burned_tracts.md:56	the wood-watchers	->	Òrd Mhacha	|	er every spring of his reign, and it is told that the wood-watchers who led that first royal bury
CHANGE	eras/age_IV/book/20_of_the_burned_tracts.md:58	the custody-book	->	Leabhar a' Chùraim	|	man grown, and reigned twelve years only, a reign the custody-book called short even while it wa
CHANGE	eras/age_IV/book/20_of_the_burned_tracts.md:58	the red hall's	->	An Talla Dearg's	|	ising a question over the succession, a plainness the red hall's own scribes noted with someth
CHANGE	eras/age_IV/book/20_of_the_burned_tracts.md:64	the red hall	->	An Talla Dearg	|	f the household could afterward agree on, born at the red hall rather than at any lesser hou
CHANGE	eras/age_IV/book/20_of_the_burned_tracts.md:66	the red hall	->	An Talla Dearg	|	 beyond the ordinary place of a king's own kin at the red hall, and within a few years had s
CHANGE	eras/age_IV/book/20_of_the_burned_tracts.md:72	the red hall	->	An Talla Dearg	|	ny careful man's private ledger, and no scribe of the red hall ever asked to see it nor any 
CHANGE	eras/age_IV/book/20_of_the_burned_tracts.md:72	the seven houses	->	Na Seachd Taighean	|	ed hall ever asked to see it nor any custodian of the seven houses troubled to learn it existed;
CHANGE	eras/age_IV/book/20_of_the_burned_tracts.md:74	the red hall's	->	An Talla Dearg's	|	 a country's true weight was carried less by what the red hall's own scribes thought fit to se
CHANGE	eras/age_IV/book/20_of_the_burned_tracts.md:74	the custody-book	->	Leabhar a' Chùraim	|	 the red hall's own scribes thought fit to set in the custody-book than by the small, careful, u
CHANGE	eras/age_IV/book/21_of_the_ferry_on_the_abhainn_fhionn.md:11	the Hawk	->	Òrd an t-Seabhaig	|	 the length of the south coast as the house where the Hawk had first put its call into b
CHANGE	eras/age_IV/book/21_of_the_ferry_on_the_abhainn_fhionn.md:13	the Stone	->	Òrd na Cloiche	|	s. Hawk-houses further north, on the coasts where the Stone or the sting-oath of Manannan
CHANGE	eras/age_IV/book/21_of_the_ferry_on_the_abhainn_fhionn.md:13	the Hawk's	->	Òrd an t-Seabhaig's	|	 the sting-oath of Manannan pressed close against the Hawk's own ground, had begun by then
CHANGE	eras/age_IV/book/21_of_the_ferry_on_the_abhainn_fhionn.md:13	the Hawk's	->	Òrd an t-Seabhaig's	|	 and down the coast, the southernmost place where the Hawk's own word was still said in fu
CHANGE	eras/age_IV/book/21_of_the_ferry_on_the_abhainn_fhionn.md:15	the red hall	->	An Talla Dearg	|	ree, to that house and its country rather than to the red hall. Tormod had never quarrelled 
CHANGE	eras/age_IV/book/21_of_the_ferry_on_the_abhainn_fhionn.md:19	the wood-watchers	->	Òrd Mhacha	|	Five years on, in the moon the wood-watchers call Sìolach, a storm the sou
CHANGE	eras/age_IV/book/21_of_the_ferry_on_the_abhainn_fhionn.md:19	the Black Laugh	->	An Gàire Dubh	|	a storm the south-coast rolls name An Gàire Dubh, the Black Laugh, came up out of the west in a
CHANGE	eras/age_IV/book/21_of_the_ferry_on_the_abhainn_fhionn.md:19	(appositive)	->	An Gàire Dubh	|	dropped the English gloss beside An Gàire Dubh
CHANGE	eras/age_IV/book/21_of_the_ferry_on_the_abhainn_fhionn.md:29	the red hall	->	An Talla Dearg	|	ells that claim the mason's crack, rather than in the red hall at Cathair dhearg, a custom h
CHANGE	eras/age_IV/book/21_of_the_ferry_on_the_abhainn_fhionn.md:31	the Stone Kings	->	Rìghrean na Cloiche	|	 a child of the king's own household, the line of the Stone Kings, whose names the hearths of t
CHANGE	eras/age_IV/book/21_of_the_ferry_on_the_abhainn_fhionn.md:31	the Mason	->	An Clachair	|	he plain unsurprise of no one at all, the line of the Mason instead: Neachdan and those w
CHANGE	eras/age_IV/book/21_of_the_ferry_on_the_abhainn_fhionn.md:31	the first fire	->	Teine a' Chlachair	|	d: Neachdan and those who came after him, back to the first fire taken from the burnt vein.
CHANGE	eras/age_IV/book/21_of_the_ferry_on_the_abhainn_fhionn.md:33	the Mason's line	->	Clann a' Chlachair	|	, asked once by a younger keeper of the house why the Mason's line and not the Stone Kings' had 
CHANGE	eras/age_IV/book/21_of_the_ferry_on_the_abhainn_fhionn.md:33	the Stone Kings	->	Rìghrean na Cloiche	|	 keeper of the house why the Mason's line and not the Stone Kings' had come to him that day, sa
CHANGE	eras/age_IV/book/21_of_the_ferry_on_the_abhainn_fhionn.md:47	the red hall	->	An Talla Dearg	|	ther the crown would want its own brother laid at the red hall, that a man who had chosen to
CHANGE	eras/age_IV/book/21_of_the_ferry_on_the_abhainn_fhionn.md:51	the red hall	->	An Talla Dearg	|	Inis thais rather than take her daughter north to the red hall, though Tormod offered more t
CHANGE	eras/age_IV/book/21_of_the_ferry_on_the_abhainn_fhionn.md:63	the custody-book	->	Leabhar a' Chùraim	|	asked anything else. {{date:III-0102}} is the day the custody-book sets against it, though the f
CHANGE	eras/age_IV/book/21_of_the_ferry_on_the_abhainn_fhionn.md:63	the custody-book	->	Leabhar a' Chùraim	|	nding of the second body came two days later, and the custody-book, for once, notes both dates r
CHANGE	eras/age_IV/book/21_of_the_ferry_on_the_abhainn_fhionn.md:71	the vein-house	->	Taigh na Fèithe	|	h other, but by the second year the custodians of the vein-house had begun, quietly and among 
CHANGE	eras/age_IV/book/21_of_the_ferry_on_the_abhainn_fhionn.md:73	the red hall	->	An Talla Dearg	|	at country's own small disputes without troubling the red hall to settle them. Catrìona, Aon
CHANGE	eras/age_IV/book/21_of_the_ferry_on_the_abhainn_fhionn.md:73	the vein-house	->	Taigh na Fèithe	|	uadh, head of Clann Raghnaill, was made master of the vein-house at {{place:burg:491}} in the 
CHANGE	eras/age_IV/book/21_of_the_ferry_on_the_abhainn_fhionn.md:73	the custody-book	->	Leabhar a' Chùraim	|	 hand available; and Raghnall took the office and the custody-book both, and said nothing at all
CHANGE	eras/age_IV/book/21_of_the_ferry_on_the_abhainn_fhionn.md:75	the red hall	->	An Talla Dearg	|	 in the years that followed, did any other man of the red hall, though the counting went on 
CHANGE	eras/age_IV/book/21_of_the_ferry_on_the_abhainn_fhionn.md:81	the red hall	->	An Talla Dearg	|	rs he had left after the ferry, and it is told at the red hall that his last clear words, sa
CHANGE	eras/age_IV/book/21_of_the_ferry_on_the_abhainn_fhionn.md:83	the custody-book	->	Leabhar a' Chùraim	|	had seen, and the scribe who wrote his death into the custody-book noted, in a line no one had a
CHANGE	eras/age_IV/book/21_of_the_ferry_on_the_abhainn_fhionn.md:85	The seven houses	->	Na Seachd Taighean	|	The seven houses met within the month, as the 
CHANGE	eras/age_IV/book/21_of_the_ferry_on_the_abhainn_fhionn.md:85	the vein-house	->	Taigh na Fèithe	|	 her own along the south-west coast, and Raghnall the vein-house and the custody-book both in 
CHANGE	eras/age_IV/book/21_of_the_ferry_on_the_abhainn_fhionn.md:85	the custody-book	->	Leabhar a' Chùraim	|	south-west coast, and Raghnall the vein-house and the custody-book both in his keeping. So the h
CHANGE	eras/age_IV/book/21_of_the_ferry_on_the_abhainn_fhionn.md:85	the red hall	->	An Talla Dearg	|	all in common: a council of custodians sitting in the red hall in the crown's stead, keeping
CHANGE	eras/age_IV/book/21_of_the_ferry_on_the_abhainn_fhionn.md:87	the seven houses	->	Na Seachd Taighean	|	here one crown had stood a generation before, and the seven houses, which had kept a common coun
CHANGE	eras/age_IV/book/22_of_the_ford_and_the_fouled_wells.md:7	the custody-book	->	Leabhar a' Chùraim	|	 were laid at once before the houses, in the year the custody-book calls the year of the three c
CHANGE	eras/age_IV/book/22_of_the_ford_and_the_fouled_wells.md:9	the Holy Age	->	An Aois Naomh	|	he capital shore counted towns, its wall built in the Holy Age against raiders who had not c
CHANGE	eras/age_IV/book/22_of_the_ford_and_the_fouled_wells.md:15	the custody-book	->	Leabhar a' Chùraim	|	{{date:III-0105}} is the day the custody-book sets down her answer, though 
CHANGE	eras/age_IV/book/22_of_the_ford_and_the_fouled_wells.md:29	the custody-book	->	Leabhar a' Chùraim	|	It is told at Cathair dhearg, from the custody-book and from the men who carried 
CHANGE	eras/age_IV/book/22_of_the_ford_and_the_fouled_wells.md:31	the vein-house's	->	Taigh na Fèithe's	|	 shean, who owed him no love after two winters of the vein-house's silence toward their town, di
CHANGE	eras/age_IV/book/22_of_the_ford_and_the_fouled_wells.md:35	the custody-book's	->	Leabhar a' Chùraim's	|	ot knowing which bank they were swimming for, and the custody-book's own account, taken from survi
CHANGE	eras/age_IV/book/22_of_the_ford_and_the_fouled_wells.md:37	The custody-book	->	Leabhar a' Chùraim	|	The custody-book counts three hundred dead the
CHANGE	eras/age_IV/book/22_of_the_ford_and_the_fouled_wells.md:45	the vein-house	->	Taigh na Fèithe	|	oire mhin, which had given carts and coal both to the vein-house without complaint for as long
CHANGE	eras/age_IV/book/22_of_the_ford_and_the_fouled_wells.md:47	The custody-book	->	Leabhar a' Chùraim	|	 and a dozen houses about it before they went on. The custody-book gives them small credit for h
CHANGE	eras/age_IV/book/22_of_the_ford_and_the_fouled_wells.md:47	the custody-book	->	Leabhar a' Chùraim	|	:III-0107}} is set against it, the second burning the custody-book records in that war and, as i
CHANGE	eras/age_IV/book/22_of_the_ford_and_the_fouled_wells.md:49	the vein-house	->	Taigh na Fèithe	|	e village, forty-one households at the fire-count the vein-house kept of it, set in a fold of 
CHANGE	eras/age_IV/book/22_of_the_ford_and_the_fouled_wells.md:57	the custody-book's	->	Leabhar a' Chùraim's	|	d not made. The temple's own roll, set apart from the custody-book's numbered days, records forty-
CHANGE	eras/age_IV/book/22_of_the_ford_and_the_fouled_wells.md:75	the Holy Age	->	An Aois Naomh	|	The city stood well for a siege: walled in the Holy Age, its citadel above the river 
CHANGE	eras/age_IV/book/22_of_the_ford_and_the_fouled_wells.md:79	The custody-book	->	Leabhar a' Chùraim	|	It ran forty days from the water being shut. The custody-book gives the figure plainly and 
CHANGE	eras/age_IV/book/23_of_the_hearths_refused.md:19	the custody-book	->	Leabhar a' Chùraim	|	r's father to a man whose name was only a mark in the custody-book, and none of them, so far as 
CHANGE	eras/age_IV/book/23_of_the_hearths_refused.md:19	The Small-Burning Law	->	Lagh an Loscaidh Bhig	|	beam, and none of them had ever measured nothing. The Small-Burning Law was older than any king who c
CHANGE	eras/age_IV/book/23_of_the_hearths_refused.md:47	the vein-house	->	Taigh na Fèithe	|	time it reached her it had already grown a shape: the vein-house had shut its gate on the coal
CHANGE	eras/age_IV/book/23_of_the_hearths_refused.md:74	the vein-house	->	Taigh na Fèithe	|	reached her at Cathair dhomhain within the month: the vein-house shut. It was shut to no enemy
CHANGE	eras/age_IV/book/23_of_the_hearths_refused.md:74	the Small-Burning Law	->	Lagh an Loscaidh Bhig	|	 authority that had lit them. She had grown up on the Small-Burning Law the way she had grown up on t
CHANGE	eras/age_IV/book/23_of_the_hearths_refused.md:80	the vein-house	->	Taigh na Fèithe	|	 it now," Dùghall said, without preamble, meaning the vein-house, meaning perhaps the crown it
CHANGE	eras/age_IV/book/23_of_the_hearths_refused.md:92	the vein-house	->	Taigh na Fèithe	|	ning, before she had sent any order of her own to the vein-house, its gates opened from within
CHANGE	eras/age_IV/book/23_of_the_hearths_refused.md:92	the custody-book	->	Leabhar a' Chùraim	|	e men who had measured and weighed and written in the custody-book all through the winter of the
CHANGE	eras/age_IV/book/24_of_catriona_bhuadhach.md:13	the vein-house	->	Taigh na Fèithe	|	se, that he had asked once, near the end, whether the vein-house gates were open, and been tol
CHANGE	eras/age_IV/book/24_of_catriona_bhuadhach.md:19	the vein-house	->	Taigh na Fèithe	|	ing was over, and had been over since the morning the vein-house gates opened from within.
CHANGE	eras/age_IV/book/24_of_catriona_bhuadhach.md:21	the red hall	->	An Talla Dearg	|	ode to {{place:burg:19}} in {{year:III-0112}}, to the red hall her uncle's line had held sin
CHANGE	eras/age_IV/book/24_of_catriona_bhuadhach.md:21	the vein-house's	->	Taigh na Fèithe's	|	n itself had lain fifteen years in a strongbox in the vein-house's custody, no one quite sure wh
CHANGE	eras/age_IV/book/24_of_catriona_bhuadhach.md:21	the vein-house	->	Taigh na Fèithe	|	ìr was the crown of Dia-thìr whoever wore it, and the vein-house claimed no more of it than th
CHANGE	eras/age_IV/book/24_of_catriona_bhuadhach.md:21	the seven houses	->	Na Seachd Taighean	|	use claimed no more of it than that. The heads of the seven houses swore to her one after anothe
CHANGE	eras/age_IV/book/24_of_catriona_bhuadhach.md:29	the vein-house	->	Taigh na Fèithe	|	d winter, do to his hearth what the old master of the vein-house had done to another's.
CHANGE	eras/age_IV/book/24_of_catriona_bhuadhach.md:35	the vein-house's	->	Taigh na Fèithe's	|	wn galleries, exactly what Raghnall had done from the vein-house's own store; and three of the s
CHANGE	eras/age_IV/book/24_of_catriona_bhuadhach.md:41	the vein-house	->	Taigh na Fèithe	|	through the better part of three days, a clerk of the vein-house setting each draft on a fresh
CHANGE	eras/age_IV/book/24_of_catriona_bhuadhach.md:43	the vein-house's	->	Taigh na Fèithe's	|	seven years before, and Catrìona thought, hearing the vein-house's clerk read the final draft al
CHANGE	eras/age_IV/book/24_of_catriona_bhuadhach.md:43	the ruling of the hearth	->	Riaghailt an Teallaich	|	d not fully decided she wished to give up. It was the ruling of the hearth, the first law the record kep
CHANGE	eras/age_IV/book/24_of_catriona_bhuadhach.md:43	the first law	->	Lagh an Loscaidh Bhig	|	shed to give up. It was the ruling of the hearth, the first law the record kept that bound th
CHANGE	eras/age_IV/book/24_of_catriona_bhuadhach.md:43	the custody-book	->	Leabhar a' Chùraim	|	he households that came to them, and it went into the custody-book beside the Small-Burning Law 
CHANGE	eras/age_IV/book/24_of_catriona_bhuadhach.md:43	the Small-Burning Law	->	Lagh an Loscaidh Bhig	|	to them, and it went into the custody-book beside the Small-Burning Law it was written to guard, in t
CHANGE	eras/age_IV/book/24_of_catriona_bhuadhach.md:51	the red hall	->	An Talla Dearg	|	A girl of seventeen came to the red hall the following year, sent up f
CHANGE	eras/age_IV/book/24_of_catriona_bhuadhach.md:55	the red hall	->	An Talla Dearg	|	poken of as a king; he had kept, all his years in the red hall, to the smaller business of t
CHANGE	eras/age_IV/book/24_of_catriona_bhuadhach.md:57	the custody-book's	->	Leabhar a' Chùraim's	|	in her first winter at the hall, only to be shown the custody-book's oldest entries, and spent wha
CHANGE	eras/age_IV/book/24_of_catriona_bhuadhach.md:61	the queen's road	->	Rathad na Banrighinn	|	It came to be called Rathad na Banrighinn, the queen's road, though she had never asked f
CHANGE	eras/age_IV/book/24_of_catriona_bhuadhach.md:61	(appositive)	->	Rathad na Banrighinn	|	dropped the English gloss beside Rathad na Banrighinn
CHANGE	eras/age_IV/book/24_of_catriona_bhuadhach.md:63	the vein-house's	->	Taigh na Fèithe's	|	t on being built, mile by mile, through the years the vein-house's ruling was still settling int
CHANGE	eras/age_IV/book/24_of_catriona_bhuadhach.md:63	the custody-book's	->	Leabhar a' Chùraim's	|	s the vein-house's ruling was still settling into the custody-book's habit.
CHANGE	eras/age_IV/book/24_of_catriona_bhuadhach.md:69	the red hall	->	An Talla Dearg	|	She grew old at the red hall the way her uncle Tormod Bàn'
CHANGE	eras/age_IV/book/24_of_catriona_bhuadhach.md:71	the vein-house's	->	Taigh na Fèithe's	|	een, by his mother's own choosing, kept away from the vein-house's business until he was old eno
CHANGE	eras/age_IV/book/24_of_catriona_bhuadhach.md:73	the ruling of the hearth	->	Riaghailt an Teallaich	|	ever asked her outright what it had cost to write the ruling of the hearth, that the hardest part of the
CHANGE	eras/age_IV/book/24_of_catriona_bhuadhach.md:73	the vein-house	->	Taigh na Fèithe	|	ore than one of the older mourners of the yard at the vein-house forty years before, and thoug
CHANGE	eras/age_IV/book/24_of_catriona_bhuadhach.md:75	the custody-book	->	Leabhar a' Chùraim	|	he household's clerks remarked on at the time and the custody-book set down afterward as worth r
CHANGE	eras/age_IV/book/25_of_the_book_of_the_three_claimants.md:21	the roll of the willing	->	Rolla nan Deònach	|	She had heard the roll of the willing spoken of all her life, the w
CHANGE	eras/age_IV/book/25_of_the_book_of_the_three_claimants.md:37	the custody-book	->	Leabhar a' Chùraim	|	he ford under Raghnall Ruadh's banner in the year the custody-book counted some three hundred de
CHANGE	eras/age_IV/book/25_of_the_book_of_the_three_claimants.md:39	the custody-book's	->	Leabhar a' Chùraim's	|	d that half of what he had told her did not match the custody-book's account of the battle at all:
CHANGE	eras/age_IV/book/25_of_the_book_of_the_three_claimants.md:41	the vein-house	->	Taigh na Fèithe	|	ac Dhùghaill, who had been master of the store at the vein-house in the year of the cold heart
CHANGE	eras/age_IV/book/25_of_the_book_of_the_three_claimants.md:41	the cold hearths	->	Na Teallaichean Fuara	|	ter of the store at the vein-house in the year of the cold hearths and had kept, until his own d
CHANGE	eras/age_IV/book/25_of_the_book_of_the_three_claimants.md:55	the custody-book	->	Leabhar a' Chùraim	|	rrand: to set the leaves she had gathered against the custody-book itself, the record the crown 
CHANGE	eras/age_IV/book/25_of_the_book_of_the_three_claimants.md:57	the custody-book's	->	Leabhar a' Chùraim's	|	both figures down side by side in her own leaves, the custody-book's count and the water's, and le
CHANGE	eras/age_IV/book/25_of_the_book_of_the_three_claimants.md:59	the custody-book	->	Leabhar a' Chùraim	|	rstood that he had never before seen anyone treat the custody-book as a thing to be questioned r
CHANGE	eras/age_IV/book/25_of_the_book_of_the_three_claimants.md:69	the custody-book	->	Leabhar a' Chùraim	|	By Ògach of the year the custody-book, copied at Cathair dhearg, ga
CHANGE	eras/age_IV/book/25_of_the_book_of_the_three_claimants.md:71	The custody-book	->	Leabhar a' Chùraim	|	The custody-book told the war as the custody-b
CHANGE	eras/age_IV/book/25_of_the_book_of_the_three_claimants.md:71	the custody-book	->	Leabhar a' Chùraim	|	The custody-book told the war as the custody-book told everything: an entry for
CHANGE	eras/age_IV/book/25_of_the_book_of_the_three_claimants.md:73	the custody-book's	->	Leabhar a' Chùraim's	|	itness's voice let into it where she had one, and the custody-book's plain word standing in where 
CHANGE	eras/age_IV/book/25_of_the_book_of_the_three_claimants.md:75	the red hall	->	An Talla Dearg	|	ing and into the summer, at a table in a room off the red hall that had been Catrìona's own 
CHANGE	eras/age_IV/book/25_of_the_book_of_the_three_claimants.md:87	The Fianna	->	An Fhianna	|	 Cathair dhearg, some forty of the town's people. The Fianna of the wolf-sworn stone, whos
CHANGE	eras/age_IV/book/25_of_the_book_of_the_three_claimants.md:87	the wolf-sworn	->	an Fhianna	|	g, some forty of the town's people. The Fianna of the wolf-sworn stone, whose house stood near
CHANGE	eras/age_IV/book/25_of_the_book_of_the_three_claimants.md:95	the red hall	->	An Talla Dearg	|	 book she left behind was read into the record at the red hall the following spring, at Lach
CHANGE	eras/age_IV/book/25_of_the_book_of_the_three_claimants.md:95	the vein-house's	->	Taigh na Fèithe's	|	 be made shorter than the one before it, a ruling the vein-house's own clerks found strange at f
CHANGE	eras/age_IV/book/25_of_the_book_of_the_three_claimants.md:97	the custody-book	->	Leabhar a' Chùraim	|	istory of the war alone, says nothing at all; but the custody-book and the harbour rolls kept th
CHANGE	eras/age_IV/book/25_of_the_book_of_the_three_claimants.md:97	the harbour rolls	->	Rolla a' Chalaidh	|	ne, says nothing at all; but the custody-book and the harbour rolls kept them, as they kept every
CHANGE	eras/age_IV/book/26_of_manannans_cup.md:18	the Holy Age	->	An Aois Naomh	|	same stretch of quay where the old sting-creed of the Holy Age had first stood up, longer ag
CHANGE	eras/age_IV/book/26_of_manannans_cup.md:18	Manannan's Cup	->	Cupa na Fìrinne	|	not the ancestors under their posts at Dùn ìseal. Manannan's Cup of Truth would not hold a lie
CHANGE	eras/age_IV/book/26_of_manannans_cup.md:20	the order of Manannan	->	Òrd Mhanannain	|	erward remembered as the first of Òrd Mhanannain, the order of Manannan, though Mànas himself, asked 
CHANGE	eras/age_IV/book/26_of_manannans_cup.md:20	(appositive)	->	Òrd Mhanannain	|	dropped the English gloss beside Òrd Mhanannain
CHANGE	eras/age_IV/book/26_of_manannans_cup.md:24	the harbour rolls	->	Rolla a' Chalaidh	|	 order, refused to enter the order's blessings in the harbour rolls alongside the tallies of hull
CHANGE	eras/age_IV/book/26_of_manannans_cup.md:30	the Sundering	->	a' Scaradh	|	 to the building of the fleet in the years before the Sundering and had never, in all the yea
CHANGE	eras/age_IV/book/26_of_manannans_cup.md:46	the Sundering	->	a' Scaradh	|	, the royal granaries that had stood since before the Sundering, low buildings of timber and 
CHANGE	eras/age_IV/book/26_of_manannans_cup.md:48	Manannan's mist	->	Ceò Mhanannain	|	or ever. The keeper is said to have answered that Manannan's mist had been drawn once, for a re
CHANGE	eras/age_IV/book/26_of_manannans_cup.md:50	The harbour rolls	->	Rolla a' Chalaidh	|	The harbour rolls say nothing of the boy Grioga
CHANGE	eras/age_IV/book/27_of_the_bargain_of_the_counts.md:12	the vein-house's	->	Taigh na Fèithe's	|	fore his own, and he grew up knowing the sound of the vein-house's bell for opening and closing 
CHANGE	eras/age_IV/book/27_of_the_bargain_of_the_counts.md:12	the vein-house	->	Taigh na Fèithe	|	more than a strong back. It was the old scribe of the vein-house, a stooped, dry man named Mur
CHANGE	eras/age_IV/book/27_of_the_bargain_of_the_counts.md:12	the seven houses	->	Na Seachd Taighean	|	n named Murchadh Beag who had kept the tallies of the seven houses' galleries for thirty years a
CHANGE	eras/age_IV/book/27_of_the_bargain_of_the_counts.md:14	the vein-house	->	Taigh na Fèithe	|	He was set to it at seven, sweeping the vein-house floor and mixing the ink befo
CHANGE	eras/age_IV/book/27_of_the_bargain_of_the_counts.md:16	the vein-house	->	Taigh na Fèithe	|	r:III-0125}}, that word came up from the coast to the vein-house of a thing Eòghann was set to
CHANGE	eras/age_IV/book/27_of_the_bargain_of_the_counts.md:18	the vein-house's	->	Taigh na Fèithe's	|	 once more, the winter he turned sixteen, whether the vein-house's own leaves said anything of w
CHANGE	eras/age_IV/book/27_of_the_bargain_of_the_counts.md:18	the custody-book	->	Leabhar a' Chùraim	|	e fleet had gone, and Murchadh told him only that the custody-book held what it held and no more
CHANGE	eras/age_IV/book/27_of_the_bargain_of_the_counts.md:22	the vein-house's	->	Taigh na Fèithe's	|	haol set its racks higher up the shore after, and the vein-house's leaf recorded, the following 
CHANGE	eras/age_IV/book/27_of_the_bargain_of_the_counts.md:24	the vein-house	->	Taigh na Fèithe	|	r, near his thirty-first year, that the master of the vein-house sent him east on his own feet
CHANGE	eras/age_IV/book/27_of_the_bargain_of_the_counts.md:24	the seven houses	->	Na Seachd Taighean	|	n the straight eastern road, to stand witness for the seven houses when the crown's grant of a m
CHANGE	eras/age_IV/book/27_of_the_bargain_of_the_counts.md:28	the vein-house	->	Taigh na Fèithe	|	 reading with the other witnesses, said the words the vein-house had sent him to say, and watc
CHANGE	eras/age_IV/book/27_of_the_bargain_of_the_counts.md:28	the vein-house	->	Taigh na Fèithe	|	nding longer at that trestle than his errand from the vein-house had any need of him to stand.
CHANGE	eras/age_IV/book/27_of_the_bargain_of_the_counts.md:34	the vein-house's	->	Taigh na Fèithe's	|	He was eight-and-thirty, keeper of the vein-house's leaves in his own right by th
CHANGE	eras/age_IV/book/27_of_the_bargain_of_the_counts.md:34	the red hall's	->	An Talla Dearg's	|	's own household was coming to Taigh na Fèithe on the red hall's business, and would the maste
CHANGE	eras/age_IV/book/27_of_the_bargain_of_the_counts.md:34	the vein-house	->	Taigh na Fèithe	|	 the red hall's business, and would the master of the vein-house grant her the custody-book fo
CHANGE	eras/age_IV/book/27_of_the_bargain_of_the_counts.md:34	the custody-book	->	Leabhar a' Chùraim	|	 and would the master of the vein-house grant her the custody-book for a day, or as many days as
CHANGE	eras/age_IV/book/27_of_the_bargain_of_the_counts.md:34	the seven houses	->	Na Seachd Taighean	|	is tongue about the rest of it, by which he meant the seven houses' own accounts, which were not
CHANGE	eras/age_IV/book/27_of_the_bargain_of_the_counts.md:36	the vein-house	->	Taigh na Fèithe	|	hirty-nine miles from {{place:burg:19}} expecting the vein-house to be difficult about its boo
CHANGE	eras/age_IV/book/27_of_the_bargain_of_the_counts.md:36	the years of the Diosal	->	Bliadhnaichean an Diosail	|	tesies were done, to set the crown's reckoning of the years of the Diosal against the vein-house's own,
CHANGE	eras/age_IV/book/27_of_the_bargain_of_the_counts.md:36	the vein-house's	->	Taigh na Fèithe's	|	wn's reckoning of the years of the Diosal against the vein-house's own, for the red hall's clerk
CHANGE	eras/age_IV/book/27_of_the_bargain_of_the_counts.md:36	the red hall's	->	An Talla Dearg's	|	s of the Diosal against the vein-house's own, for the red hall's clerks had lately found, comp
CHANGE	eras/age_IV/book/27_of_the_bargain_of_the_counts.md:38	the vein-house's	->	Taigh na Fèithe's	|	e wrapped in cloth, meaning, she said, to trouble the vein-house's kitchen as little as its book
CHANGE	eras/age_IV/book/27_of_the_bargain_of_the_counts.md:38	the custody-book	->	Leabhar a' Chùraim	|	 coal-breakers' town below, while Eòghann fetched the custody-book from its chest and blew the d
CHANGE	eras/age_IV/book/27_of_the_bargain_of_the_counts.md:40	the vein-house's	->	Taigh na Fèithe's	|	better part of three days at the long table under the vein-house's north window, each running a 
CHANGE	eras/age_IV/book/27_of_the_bargain_of_the_counts.md:40	the sunwise turn	->	An Diosal	|	s north window, each running a count forward from the sunwise turn by their own office's method,
CHANGE	eras/age_IV/book/27_of_the_bargain_of_the_counts.md:40	the Diosal	->	An Diosal	|	f down next to his and said only that she counted the Diosal a year longer than his book d
CHANGE	eras/age_IV/book/27_of_the_bargain_of_the_counts.md:42	the vein-house	->	Taigh na Fèithe	|	counts a second time, by lamplight, the master of the vein-house looking in once and going awa
CHANGE	eras/age_IV/book/27_of_the_bargain_of_the_counts.md:46	the vein-house's	->	Taigh na Fèithe's	|	s touched more households across more shires than the vein-house's own and a single count servin
CHANGE	eras/age_IV/book/27_of_the_bargain_of_the_counts.md:46	the vein-house's	->	Taigh na Fèithe's	|	 office's pride in being first; and Eòghann wrote the vein-house's agreement to it himself, in h
CHANGE	eras/age_IV/book/27_of_the_bargain_of_the_counts.md:46	the vein-house's	->	Taigh na Fèithe's	|	his own hand, on a fresh leaf, with the master of the vein-house's mark set under his and Mòrag'
CHANGE	eras/age_IV/book/27_of_the_bargain_of_the_counts.md:48	the rite of the empty harbour	->	Deas-ghnàth a' Chalaidh Fhalaimh	|	d, behind the first: the day of the year on which the rite of the empty harbour should properly fall, which t
CHANGE	eras/age_IV/book/27_of_the_bargain_of_the_counts.md:50	the custody-book	->	Leabhar a' Chùraim	|	el she had brought empty, and Eòghann kept his in the custody-book, between two older leaves tha
CHANGE	eras/age_IV/book/27_of_the_bargain_of_the_counts.md:50	the vein-house	->	Taigh na Fèithe	|	rk folded in among them. He said to the master of the vein-house, when he was asked how the cr
CHANGE	eras/age_IV/book/27_of_the_bargain_of_the_counts.md:54	the vein-house	->	Taigh na Fèithe	|	for giving one of his own, and word of it reached the vein-house the way most northern news re
CHANGE	eras/age_IV/book/27_of_the_bargain_of_the_counts.md:58	the vein-house's	->	Taigh na Fèithe's	|	d, without any disturbance that reached as far as the vein-house's own hill, from the fifth rule
CHANGE	eras/age_IV/book/27_of_the_bargain_of_the_counts.md:58	the seven houses	->	Na Seachd Taighean	|	ll her grandmother had held for near fifty years; the seven houses sent their custodians down to
CHANGE	eras/age_IV/book/27_of_the_bargain_of_the_counts.md:58	the vein-house	->	Taigh na Fèithe	|	ne, as the compact required, though the master of the vein-house went in Eòghann's stead, for 
CHANGE	eras/age_IV/book/27_of_the_bargain_of_the_counts.md:58	the red hall	->	An Talla Dearg	|	ce carried between two seals: that whoever sat in the red hall, the count the leaf had fixed
CHANGE	eras/age_IV/book/27_of_the_bargain_of_the_counts.md:60	the hot springs	->	Fuarain Theth Muileann ruadh	|	was that same year, too, that the bath-house over the hot springs below Muileann ruadh was rais
CHANGE	eras/age_IV/book/28_of_the_sea_thieves_strand.md:17	The harbour rolls	->	Rolla a' Chalaidh	|	They were known, within the season. The harbour rolls of the coast towns began, tha
CHANGE	eras/age_IV/book/28_of_the_sea_thieves_strand.md:19	the harbour rolls	->	Rolla a' Chalaidh	|	hat ought to be done by the reeve and not left to the harbour rolls to say for him, and found her
CHANGE	eras/age_IV/book/28_of_the_sea_thieves_strand.md:63	the Choosing	->	An Roghnachadh	|	had gone, and setting the new copy's beginning at the Choosing rather than at the sailing, a
CHANGE	eras/age_IV/book/29_of_the_crown_joined_to_the_vein.md:12	the red hall	->	An Talla Dearg	|	 never named one to come after her; the clerks of the red hall, who had served her seventy-t
CHANGE	eras/age_IV/book/29_of_the_crown_joined_to_the_vein.md:14	the seven houses	->	Na Seachd Taighean	|	Riders went out that same evening to the seven houses, as riders had gone out at ev
CHANGE	eras/age_IV/book/29_of_the_crown_joined_to_the_vein.md:14	the seven houses	->	Na Seachd Taighean	|	rying the same plain summons; and it is told that the seven houses did not meet at Cathair dhear
CHANGE	eras/age_IV/book/29_of_the_crown_joined_to_the_vein.md:14	the lot-stones	->	Clachan a' Chrannchuir	|	e mountain, and sat there among the galleries and the lot-stones and the old smell of tallow a
CHANGE	eras/age_IV/book/29_of_the_crown_joined_to_the_vein.md:14	the red hall's	->	An Talla Dearg's	|	d smell of tallow and coal-dust rather than under the red hall's own roof. No one wrote why, a
CHANGE	eras/age_IV/book/29_of_the_crown_joined_to_the_vein.md:14	the custody-book	->	Leabhar a' Chùraim	|	er the red hall's own roof. No one wrote why, and the custody-book, when it came at last to ente
CHANGE	eras/age_IV/book/29_of_the_crown_joined_to_the_vein.md:14	the vein-house	->	Taigh na Fèithe	|	red only the fact and not the reason. A scribe of the vein-house who was young that year and v
CHANGE	eras/age_IV/book/29_of_the_crown_joined_to_the_vein.md:14	the red hall	->	An Talla Dearg	|	ward said that the head of one house had proposed the red hall first, as custom asked, and t
CHANGE	eras/age_IV/book/29_of_the_crown_joined_to_the_vein.md:14	the lot-stones	->	Clachan a' Chrannchuir	|	 she said, a plainer thing to choose a king among the lot-stones than among the tapestries the
CHANGE	eras/age_IV/book/29_of_the_crown_joined_to_the_vein.md:16	the vein-house's	->	Taigh na Fèithe's	|	They sat first nine days in the long room under the vein-house's north window, the same table 
CHANGE	eras/age_IV/book/29_of_the_crown_joined_to_the_vein.md:16	the red hall	->	An Talla Dearg	|	in at each season's turning for five years, while the red hall stood empty and the stack of 
CHANGE	eras/age_IV/book/29_of_the_crown_joined_to_the_vein.md:16	the seven houses	->	Na Seachd Taighean	|	 a name was spoken that had not been spoken among the seven houses in living memory, and was not
CHANGE	eras/age_IV/book/29_of_the_crown_joined_to_the_vein.md:20	the vein-house	->	Taigh na Fèithe	|	e measuring told against him. He had ridden up to the vein-house at the second summons not bec
CHANGE	eras/age_IV/book/29_of_the_crown_joined_to_the_vein.md:30	the vein-house's	->	Taigh na Fèithe's	|	badly, the crown's business at Cathair dhearg and the vein-house's business at the mountain, rid
CHANGE	eras/age_IV/book/29_of_the_crown_joined_to_the_vein.md:32	the custody-book	->	Leabhar a' Chùraim	|	es, not he, who first wrote the plain remedy into the custody-book, on {{date:III-0138}}: that t
CHANGE	eras/age_IV/book/29_of_the_crown_joined_to_the_vein.md:32	the vein-house	->	Taigh na Fèithe	|	er of Dia-thìr was, from that day, also master of the vein-house, and that the two offices, wh
CHANGE	eras/age_IV/book/29_of_the_crown_joined_to_the_vein.md:32	the vein-house	->	Taigh na Fèithe	|	practice, been true since the morning he stood in the vein-house yard; the reeve answered that
CHANGE	eras/age_IV/book/29_of_the_crown_joined_to_the_vein.md:34	the seven houses	->	Na Seachd Taighean	|	The heads of the seven houses, who had chosen him at the mo
CHANGE	eras/age_IV/book/29_of_the_crown_joined_to_the_vein.md:34	the custody-book	->	Leabhar a' Chùraim	|	 two houses the business of the day required, and the custody-book and the crown's rolls, kept a
CHANGE	eras/age_IV/book/29_of_the_crown_joined_to_the_vein.md:34	the vein-house's	->	Taigh na Fèithe's	|	scribes onto the same shelves, a labour that took the vein-house's clerks the better part of two
CHANGE	eras/age_IV/book/29_of_the_crown_joined_to_the_vein.md:36	the vein-house's	->	Taigh na Fèithe's	|	ished, judged by every custodian who saw it to be the vein-house's own old device exactly, unalt
CHANGE	eras/age_IV/book/29_of_the_crown_joined_to_the_vein.md:36	the vein-house	->	Taigh na Fèithe	|	t that was properly his to add, and the master of the vein-house, an old woman who had buried 
CHANGE	eras/age_IV/book/29_of_the_crown_joined_to_the_vein.md:42	the red hall	->	An Talla Dearg	|	, by his own account late in life, spent doing at the red hall exactly what he had once done
CHANGE	eras/age_IV/book/29_of_the_crown_joined_to_the_vein.md:42	the vein-house	->	Taigh na Fèithe	|	saying plainly that a king who was also master of the vein-house belonged among the galleries 
CHANGE	eras/age_IV/book/29_of_the_crown_joined_to_the_vein.md:44	the vein-house	->	Taigh na Fèithe	|	 once chased a goat than with every measuring-rod the vein-house owned.
CHANGE	eras/age_IV/book/29_of_the_crown_joined_to_the_vein.md:46	the red hall	->	An Talla Dearg	|	 honour a dying king could be given: the lamps of the red hall kept lit three nights running
CHANGE	eras/age_IV/book/29_of_the_crown_joined_to_the_vein.md:46	the custody-book	->	Leabhar a' Chùraim	|	ry shire seat sent a rider to carry the word, and the custody-book, when it came to enter his de
CHANGE	eras/age_IV/book/29_of_the_crown_joined_to_the_vein.md:46	the vein-house's	->	Taigh na Fèithe's	|	d him with a single unlit lamp at his head, which the vein-house's own rite asked for no other r
CHANGE	eras/age_IV/book/29_of_the_crown_joined_to_the_vein.md:48	the vein-house	->	Taigh na Fèithe	|	might see a shire plea before dark. The crown and the vein-house went on being one office unde
CHANGE	eras/age_IV/book/29_of_the_crown_joined_to_the_vein.md:48	the custody-book	->	Leabhar a' Chùraim	|	as though the joining his father had written into the custody-book had already, in a single reig
CHANGE	eras/age_IV/book/29_of_the_crown_joined_to_the_vein.md:50	the red hall	->	An Talla Dearg	|	that he had ridden the whole way from the mole to the red hall under one seal the entire roa
CHANGE	eras/age_IV/book/29_of_the_crown_joined_to_the_vein.md:54	the Hawk of Acaill	->	Seabhag Acaill	|	It is told that the Hawk of Acaill, whose priests had for six hu
CHANGE	eras/age_IV/book/29_of_the_crown_joined_to_the_vein.md:56	the Hungry Hawk	->	An Seabhag Acrach	|	older reading kept the name of An Seabhag Acrach, the Hungry Hawk, and kept the house at Cnoc b
CHANGE	eras/age_IV/book/29_of_the_crown_joined_to_the_vein.md:56	the Fed Hawk	->	An Seabhag Biadhte	|	e called from that council on An Seabhag Biadhte, the Fed Hawk, and were asked, before the w
CHANGE	eras/age_IV/book/29_of_the_crown_joined_to_the_vein.md:56	the harbour rolls	->	Rolla a' Chalaidh	|	ast and not the river port of the same name where the harbour rolls had first been opened, and it
CHANGE	eras/age_IV/book/29_of_the_crown_joined_to_the_vein.md:56	the Fed Hawk	->	An Seabhag Biadhte	|	lies' worth of following to a proper school, that the Fed Hawk raised their own house and ke
CHANGE	eras/age_IV/book/29_of_the_crown_joined_to_the_vein.md:56	(appositive)	->	An Seabhag Acrach	|	dropped the English gloss beside An Seabhag Acrach
CHANGE	eras/age_IV/book/29_of_the_crown_joined_to_the_vein.md:56	(appositive)	->	An Seabhag Biadhte	|	dropped the English gloss beside An Seabhag Biadhte
CHANGE	eras/age_IV/book/29_of_the_crown_joined_to_the_vein.md:58	the Law	->	Lagh an Loscaidh Bhig	|	 which she said went colder in a hard winter than the Law had ever meant any hearth to 
CHANGE	eras/age_IV/book/29_of_the_crown_joined_to_the_vein.md:58	the custody-book	->	Leabhar a' Chùraim	|	mong them, heard her out in full and refused her, the custody-book noting, at some length and fo
CHANGE	eras/age_IV/book/29_of_the_crown_joined_to_the_vein.md:60	The Fed Hawk's	->	An Seabhag Biadhte's	|	hair dhearg agreed with the keeping of it or not. The Fed Hawk's house at Seann Skell stood af
CHANGE	eras/age_IV/book/29_of_the_crown_joined_to_the_vein.md:64	The vein-house	->	Taigh na Fèithe	|	 warning in the small hours of the morning shift. The vein-house closed the gallery for good r
CHANGE	eras/age_IV/book/29_of_the_crown_joined_to_the_vein.md:66	the seven houses	->	Na Seachd Taighean	|	hat had not declared for him. One of the heads of the seven houses, laying the matter before the
CHANGE	eras/age_IV/book/29_of_the_crown_joined_to_the_vein.md:70	the custody-book	->	Leabhar a' Chùraim	|	 and it was that plain answer, more than any leaf the custody-book kept of the council's own deb
CHANGE	eras/age_IV/book/30_of_the_stair_under_the_hill.md:7	the red hall	->	An Talla Dearg	|	so that the word of the council could travel from the red hall to the mountain between one d
CHANGE	eras/age_IV/book/30_of_the_stair_under_the_hill.md:17	the red hall	->	An Talla Dearg	|	er of the southern road, asked once by a clerk of the red hall why he always sold his barley
CHANGE	eras/age_IV/book/30_of_the_stair_under_the_hill.md:31	the vein-house's	->	Taigh na Fèithe's	|	h that the foreman sent the water-boy running for the vein-house's own custodians rather than wa
CHANGE	eras/age_IV/book/30_of_the_stair_under_the_hill.md:33	the vein-house	->	Taigh na Fèithe	|	 quarryman was to work that face again as long as the vein-house had any say in the matter. It
CHANGE	eras/age_IV/book/30_of_the_stair_under_the_hill.md:33	the custody-book	->	Leabhar a' Chùraim	|	bh gave them of his own account and entered it in the custody-book exactly as he gave it, adding
CHANGE	eras/age_IV/book/30_of_the_stair_under_the_hill.md:35	the vein-house's	->	Taigh na Fèithe's	|	l a grown son what he had never told a wife. Even the vein-house's own scribe asked him, gently,
CHANGE	eras/age_IV/book/30_of_the_stair_under_the_hill.md:35	the custody-book's	->	Leabhar a' Chùraim's	|	 own scribe asked him, gently, of an evening when the custody-book's entry on the matter seemed a 
CHANGE	eras/age_IV/book/30_of_the_stair_under_the_hill.md:37	the vein-house's	->	Taigh na Fèithe's	|	custodian who kept his own counsel on a matter of the vein-house's business that the coal-right 
CHANGE	eras/age_IV/book/30_of_the_stair_under_the_hill.md:43	the druid school	->	Scoiltean nan Draoidhean	|	II-0151}} that Ailean mac Dhùghaill, a scholar of the druid school at Dùn thais, walked north wi
CHANGE	eras/age_IV/book/31_of_the_thousandth_year.md:7	the red hall's	->	An Talla Dearg's	|	steward's own great ledger, kept for the whole of the red hall's household, swallowed every sm
CHANGE	eras/age_IV/book/31_of_the_thousandth_year.md:11	the red hall	->	An Talla Dearg	|	The old king who sat the red hall in those years had sat it lon
CHANGE	eras/age_IV/book/31_of_the_thousandth_year.md:11	the custody-book	->	Leabhar a' Chùraim	|	to, and of the manner of his going, when it came, the custody-book sets down no more than the ye
CHANGE	eras/age_IV/book/31_of_the_thousandth_year.md:11	the seven houses	->	Na Seachd Taighean	|	 down no more than the year. What is told is that the seven houses met at the vein-house above {
CHANGE	eras/age_IV/book/31_of_the_thousandth_year.md:11	the vein-house	->	Taigh na Fèithe	|	ear. What is told is that the seven houses met at the vein-house above {{place:burg:491}} in t
CHANGE	eras/age_IV/book/31_of_the_thousandth_year.md:11	the custody-book	->	Leabhar a' Chùraim	|	 own small tally beside the steward's, a choosing the custody-book records in four lines and no 
CHANGE	eras/age_IV/book/31_of_the_thousandth_year.md:13	the red hall	->	An Talla Dearg	|	19}} in {{year:III-0153}}, nineteen years old, in the red hall her own girlhood tally had be
CHANGE	eras/age_IV/book/31_of_the_thousandth_year.md:13	the vein-house's	->	Taigh na Fèithe's	|	 from that day to its last page, and it survived, the vein-house's own scribes noted afterward, 
CHANGE	eras/age_IV/book/31_of_the_thousandth_year.md:19	the red hall	->	An Talla Dearg	|	 the cleared stone and its unread letters reached the red hall before the season turned, car
CHANGE	eras/age_IV/book/31_of_the_thousandth_year.md:31	The vein-house's	->	Taigh na Fèithe's	|	The vein-house's own count of the Diosal, kept
CHANGE	eras/age_IV/book/31_of_the_thousandth_year.md:31	the sunwise turn	->	An Diosal	|	osal, kept without a break of a single year since the sunwise turn, came in {{year:III-0156}} to
CHANGE	eras/age_IV/book/31_of_the_thousandth_year.md:31	the seven houses	->	Na Seachd Taighean	|	ll: whether the year deserved a feast, as some of the seven houses held, or a fast, as others he
CHANGE	eras/age_IV/book/31_of_the_thousandth_year.md:31	the red hall	->	An Talla Dearg	|	rself, hearing the three views laid before her in the red hall that autumn, who judged betwe
CHANGE	eras/age_IV/book/31_of_the_thousandth_year.md:33	the vein-house's	->	Taigh na Fèithe's	|	ed evening, at the edge of Cidhe an Diosail among the vein-house's own custodians and a crowd th
CHANGE	eras/age_IV/book/31_of_the_thousandth_year.md:33	the vein-house	->	Taigh na Fèithe	|	at one telling. The measure was brought down from the vein-house in a plain iron scuttle, no m
CHANGE	eras/age_IV/book/31_of_the_thousandth_year.md:35	the vein-house	->	Taigh na Fèithe	|	A custodian of the vein-house stood at the queen's own shou
CHANGE	eras/age_IV/book/31_of_the_thousandth_year.md:35	the seven houses	->	Na Seachd Taighean	|	through the whole of the burning, an old woman of the seven houses named Catrìona nic Fhearchair
CHANGE	eras/age_IV/book/31_of_the_thousandth_year.md:35	the custody-book	->	Leabhar a' Chùraim	|	 first year; and the old woman answered only that the custody-book gave no reason beyond the sun
CHANGE	eras/age_IV/book/31_of_the_thousandth_year.md:35	the sunwise turn	->	An Diosal	|	 only that the custody-book gave no reason beyond the sunwise turn, and that a keeping a thousan
CHANGE	eras/age_IV/book/31_of_the_thousandth_year.md:37	the red hall	->	An Talla Dearg	|	own to ash without, by every account that reached the red hall afterward, a single voice rai
CHANGE	eras/age_IV/book/31_of_the_thousandth_year.md:41	the vein-house's	->	Taigh na Fèithe's	|	grain, one line set apart from the rest in a hand the vein-house's own scribes afterward remarke
CHANGE	eras/age_IV/book/31_of_the_thousandth_year.md:41	the seven houses	->	Na Seachd Taighean	|	lt up higher than the season strictly needed, and the seven houses sent, each in its own turn ov
CHANGE	eras/age_IV/book/31_of_the_thousandth_year.md:41	the custody-book	->	Leabhar a' Chùraim	|	 could neither use nor remember receiving, given, the custody-book notes, more for the houses' o
CHANGE	eras/age_IV/book/31_of_the_thousandth_year.md:53	the vein-house's	->	Taigh na Fèithe's	|	Cloth of that new blue was worn first at the vein-house's own midwinter gathering the y
CHANGE	eras/age_IV/book/31_of_the_thousandth_year.md:53	the seven houses	->	Na Seachd Taighean	|	horm's own blue had become the feast-day dress of the seven houses entire, worn at every gatheri
CHANGE	eras/age_IV/book/31_of_the_thousandth_year.md:55	the vein-house's	->	Taigh na Fèithe's	|	ength of that new blue bought for her own wear at the vein-house's midwinter gathering, set down
CHANGE	eras/age_IV/book/31_of_the_thousandth_year.md:55	the vein-house's	->	Taigh na Fèithe's	|	ad written only the cost of the coal, reckoned to the vein-house's own weights, and beneath it, 
CHANGE	eras/age_IV/book/32_of_the_swallowing_cough.md:7	the red hall	->	An Talla Dearg	|	ars old and had sat at her mother's right hand in the red hall for eleven of them, hearing b
CHANGE	eras/age_IV/book/32_of_the_swallowing_cough.md:61	the house of Raghnall	->	Sliochd Raghnaill	|	 hall could offer, the first king of that name in the house of Raghnall, and it is told that he wept 
CHANGE	eras/age_IV/book/32_of_the_swallowing_cough.md:67	the custody-book	->	Leabhar a' Chùraim	|	 cut the names again as best their own memory and the custody-book together could recover them, 
CHANGE	eras/age_IV/book/33_of_the_table_of_years.md:18	the custody-book	->	Leabhar a' Chùraim	|	father to daughter and back again for longer than the custody-book troubled to record, was done 
CHANGE	eras/age_IV/book/33_of_the_table_of_years.md:28	the Sea-Watcher	->	Uilebheist na Mara	|	gain of the thing they called Uilebheist na Mara, the Sea-Watcher, seen close enough in {{year:
CHANGE	eras/age_IV/book/33_of_the_table_of_years.md:28	(appositive)	->	Uilebheist na Mara	|	dropped the English gloss beside Uilebheist na Mara
CHANGE	eras/age_IV/book/33_of_the_table_of_years.md:30	the Sea-Watcher	->	Uilebheist na Mara	|	is mother's people had once fished the same water the Sea-Watcher now kept for its own, a trade
CHANGE	eras/age_IV/book/33_of_the_table_of_years.md:36	the house of disputation	->	Taigh na Deasbaid	|	uld carry his name past his own death. He came to the house of disputation as a boy who counted sheep th
CHANGE	eras/age_IV/book/33_of_the_table_of_years.md:38	the Sea-Watcher	->	Uilebheist na Mara	|	 brothers, who had fished the thinned water until the Sea-Watcher drove them off it, had died y
CHANGE	eras/age_IV/book/33_of_the_table_of_years.md:40	the house of disputation	->	Taigh na Deasbaid	|	ar, going through every roll of births and deaths the house of disputation would let him copy: the custo
CHANGE	eras/age_IV/book/33_of_the_table_of_years.md:40	the custody-book's	->	Leabhar a' Chùraim's	|	aths the house of disputation would let him copy: the custody-book's own entries where they touche
CHANGE	eras/age_IV/book/33_of_the_table_of_years.md:40	the seven houses	->	Na Seachd Taighean	|	the custody-book's own entries where they touched the seven houses, the shire seats' tallies of 
CHANGE	eras/age_IV/book/33_of_the_table_of_years.md:40	the custody-book	->	Leabhar a' Chùraim	|	ation, and totted the years each had lived before the custody-book or a priest's roll marked the
CHANGE	eras/age_IV/book/33_of_the_table_of_years.md:40	the house of disputation's	->	Taigh na Deasbaid's	|	of nine years, most of it done by lamplight after the house of disputation's own business was finished for
CHANGE	eras/age_IV/book/33_of_the_table_of_years.md:42	the house of disputation	->	Taigh na Deasbaid	|	date:III-0171}} he laid the finished table before the house of disputation entire, called together in it
CHANGE	eras/age_IV/book/33_of_the_table_of_years.md:42	the seven houses of custody	->	Na Seachd Taighean	|	before the hall could read it whole. The heads of the seven houses of custody lived, on the whole, some yea
CHANGE	eras/age_IV/book/33_of_the_table_of_years.md:44	the house of disputation	->	Taigh na Deasbaid	|	No one at the house of disputation that day gave him an answer e
CHANGE	eras/age_IV/book/33_of_the_table_of_years.md:48	the vein-house	->	Taigh na Fèithe	|	Raghnall did not burn it. He sent a fair copy to the vein-house, addressed to no one custodia
CHANGE	eras/age_IV/book/33_of_the_table_of_years.md:50	the vein-house	->	Taigh na Fèithe	|	or the rest of that season, before a custodian of the vein-house he had never met sent word as
CHANGE	eras/age_IV/book/33_of_the_table_of_years.md:52	the vein-house's	->	Taigh na Fèithe's	|	He sent it. It was entered in the vein-house's own inventory that same year,
CHANGE	eras/age_IV/book/33_of_the_table_of_years.md:52	the lot-stones	->	Clachan a' Chrannchuir	|	 that same year, one line among the galleries and the lot-stones and the old tallies of coal o
CHANGE	eras/age_IV/book/33_of_the_table_of_years.md:52	the vein-house	->	Taigh na Fèithe	|	rbidding be lifted either. It stayed on the shelf the vein-house had made for it, read by whoe
CHANGE	eras/age_IV/book/33_of_the_table_of_years.md:64	the Old Spirits	->	Na Seann Spioradan	|	The keepers of the Old Spirits renewed, in {{year:III-0175}}
CHANGE	eras/age_IV/book/33_of_the_table_of_years.md:64	the wood-watchers	->	Òrd Mhacha	|	n-hawk beside wolf-sworn, Manannan's sworn beside the wood-watchers of Macha, a mixing the keeper
CHANGE	eras/age_IV/book/33_of_the_table_of_years.md:68	the red hall	->	An Talla Dearg	|	years old, having reigned long enough that few at the red hall that year could remember anot
CHANGE	eras/age_IV/book/33_of_the_table_of_years.md:68	the red hall's	->	An Talla Dearg's	|	saying travels whether it is meant to or not, and the red hall's own clerks, drawing up the ki
CHANGE	eras/age_IV/book/33_of_the_table_of_years.md:68	table of years	->	Clàr nam Bliadhnachan	|	. The council that had once forbidden a scholar's table of years met that winter to consider a
CHANGE	eras/age_IV/book/33_of_the_table_of_years.md:70	the vein-house	->	Taigh na Fèithe	|	At the vein-house above Muileann dhearg the inv
CHANGE	eras/age_IV/book/34_of_the_brothers_peace.md:7	the red hall	->	An Talla Dearg	|	ence settled over Cathair dhearg that everyone at the red hall understood and no one trouble
CHANGE	eras/age_IV/book/34_of_the_brothers_peace.md:7	the red hall	->	An Talla Dearg	|	the elder by two years, kept his own following at the red hall, in the wing his mother's kin
CHANGE	eras/age_IV/book/34_of_the_brothers_peace.md:7	the four feasts	->	Na Ceithir Fèilltean	|	traded no worse than cold courtesy, gifts sent at the four feasts, messengers who ate at one ha
CHANGE	eras/age_IV/book/34_of_the_brothers_peace.md:11	the red hall	->	An Talla Dearg	|	 for it. A messenger of Alasdair Bàn's, riding to the red hall with the ordinary gift at the
CHANGE	eras/age_IV/book/34_of_the_brothers_peace.md:11	The seven houses	->	Na Seachd Taighean	|	th less blood than either side afterward claimed. The seven houses, who had watched the four yea
CHANGE	eras/age_IV/book/34_of_the_brothers_peace.md:11	the Brothers' War	->	Cogadh nam Bràithrean	|	ch followed took its name: Cogadh nam Bràithrean, the Brothers' War.
CHANGE	eras/age_IV/book/34_of_the_brothers_peace.md:11	(appositive)	->	Cogadh nam Bràithrean	|	dropped the English gloss beside Cogadh nam Bràithrean
CHANGE	eras/age_IV/book/34_of_the_brothers_peace.md:19	the red hall	->	An Talla Dearg	|	d of the burning three days after it happened, at the red hall, from a rider who had changed
CHANGE	eras/age_IV/book/34_of_the_brothers_peace.md:19	the four houses	->	Na Ceithir Taighean	|	 afterward needed no further asking. He called up the four houses sworn to him and marched west
CHANGE	eras/age_IV/book/34_of_the_brothers_peace.md:35	the red hall	->	An Talla Dearg	|	er sat there. He is remembered to have gone up to the red hall himself twice in those years,
CHANGE	eras/age_IV/book/34_of_the_brothers_peace.md:35	the red hall's	->	An Talla Dearg's	|	n grant it to any other man, a small stubbornness the red hall's own clerks never once asked h
CHANGE	eras/age_IV/book/34_of_the_brothers_peace.md:37	the red hall	->	An Talla Dearg	|	n Stòir, was kept faithfully while he himself sat the red hall to see that it was kept, and 
CHANGE	eras/age_IV/book/34_of_the_brothers_peace.md:49	the far-off house	->	An Sligeanach Fad' às	|	It was this niece who stood at the door of the far-off house, An Sligeanach Fad' às on the
CHANGE	eras/age_IV/book/34_of_the_brothers_peace.md:49	(appositive)	->	An Sligeanach Fad' às	|	dropped the English gloss beside An Sligeanach Fad' às
CHANGE	eras/age_IV/book/35_of_the_keel_song.md:14	the account of the Brothers' War	->	Leabhar nam Bràithrean	|	nd no more. Pàdraig mac Ruairidh, who had written the account of the Brothers' War in the old king's praise, had
CHANGE	eras/age_IV/book/35_of_the_keel_song.md:26	the Sundering fellowship's	->	Comann nan Saor-luinge's	|	led hull from what the strand still remembered of the Sundering fellowship's craft: the shape of a rib, th
CHANGE	eras/age_IV/book/35_of_the_keel_song.md:42	the queen's road	->	Rathad na Banrighinn	|	reat faith in the work, who first sent her out on the queen's road with a mule and a letter aski
CHANGE	eras/age_IV/book/35_of_the_keel_song.md:54	Manannan's order	->	Òrd Mhanannain	|	They were, all of that crew, sworn to Manannan's order, as most of the rope-walks on
CHANGE	eras/age_IV/book/35_of_the_keel_song.md:60	the keel-song	->	Òran na Druime	|	 court cared to listen, which on the day she read the keel-song was near enough the whole hal
CHANGE	eras/age_IV/book/35_of_the_keel_song.md:64	the vein-house	->	Taigh na Fèithe	|	the harpers kept for the oldest songs. A clerk of the vein-house, who was there for some other
CHANGE	eras/age_IV/book/35_of_the_keel_song.md:64	the custody-book's	->	Leabhar a' Chùraim's	|	id that the shape of the words put him in mind of the custody-book's oldest entries, the ones copi
CHANGE	eras/age_IV/book/35_of_the_keel_song.md:68	the keel-song	->	Òran na Druime	|	ll that day could tell Iseabail what the words of the keel-song meant, any more than Tormod R
CHANGE	eras/age_IV/book/35_of_the_keel_song.md:72	the Stone	->	Òrd na Cloiche	|	of what would go into that reading, the temple of the Stone at {{place:burg:166}} split o
CHANGE	eras/age_IV/book/35_of_the_keel_song.md:72	the Stone's	->	Òrd na Cloiche's	|	her such prayer trespassed on ground that was not the Stone's to offer. Those who said no k
CHANGE	eras/age_IV/book/35_of_the_keel_song.md:76	the keel-song	->	Òran na Druime	|	he lead while he sang along behind. His crew kept the keel-song after him as they had kept it
CHANGE	eras/age_IV/book/35_of_the_keel_song.md:82	the keel-song	->	Òran na Druime	|	 be kept; which was true of it, as it was true of the keel-song, until the day it was not.
CHANGE	eras/age_IV/book/35_of_the_keel_song.md:86	the keel-song's	->	Òran na Druime's	|	years at court, whether she had ever learned what the keel-song's strange words meant, and that
CHANGE	eras/age_IV/book/35_of_the_keel_song.md:88	the vein-house	->	Taigh na Fèithe	|	 tablets herself until she died, and left them to the vein-house with the rest of her collecti
CHANGE	eras/age_IV/book/36_of_the_queen_who_went_round.md:7	the seven houses	->	Na Seachd Taighean	|	Queen Catrìona Bheag called the heads of the seven houses to Cathair dhearg in {{year:I
CHANGE	eras/age_IV/book/36_of_the_queen_who_went_round.md:7	the ruling of the hearth	->	Riaghailt an Teallaich	|	air dhearg in {{year:III-0197}} to swear again to the ruling of the hearth, Riaghailt an Teallaich, as n
CHANGE	eras/age_IV/book/36_of_the_queen_who_went_round.md:7	the red hall's	->	An Talla Dearg's	|	 in three generations, and there is a difference, the red hall's own clerk noted at the foot o
CHANGE	eras/age_IV/book/36_of_the_queen_who_went_round.md:7	the vein-house's	->	Taigh na Fèithe's	|	moid after them each in turn, a hand laid flat on the vein-house's own hollow stone that a rider
CHANGE	eras/age_IV/book/36_of_the_queen_who_went_round.md:7	(appositive)	->	Riaghailt an Teallaich	|	dropped the English gloss beside Riaghailt an Teallaich
CHANGE	eras/age_IV/book/36_of_the_queen_who_went_round.md:9	the red hall's	->	An Talla Dearg's	|	eirs, no louder and no softer. The clerk who kept the red hall's roll wrote that all seven had
CHANGE	eras/age_IV/book/36_of_the_queen_who_went_round.md:11	the vein-house	->	Taigh na Fèithe	|	ny other house had. The custodians who kept it at the vein-house between such swearings let no
CHANGE	eras/age_IV/book/36_of_the_queen_who_went_round.md:11	the vein-house	->	Taigh na Fèithe	|	 fourteen centuries of careful custody had taught the vein-house to guard.
CHANGE	eras/age_IV/book/36_of_the_queen_who_went_round.md:17	the vein-house	->	Taigh na Fèithe	|	ore and never spoken of again. Word of it reached the vein-house within the season, and the cu
CHANGE	eras/age_IV/book/36_of_the_queen_who_went_round.md:17	the custody-book	->	Leabhar a' Chùraim	|	side grown over with bramble. The scribe who kept the custody-book bound the two entries to one 
CHANGE	eras/age_IV/book/36_of_the_queen_who_went_round.md:33	the red hall	->	An Talla Dearg	|	a string of names a reeve's report might carry to the red hall once a year and no oftener, a
CHANGE	eras/age_IV/book/36_of_the_queen_who_went_round.md:35	the vein-house's	->	Taigh na Fèithe's	|	until in LE 1,535 her circuit had carried her, by the vein-house's own reckoning of her comings 
CHANGE	eras/age_IV/book/36_of_the_queen_who_went_round.md:39	the red hall	->	An Talla Dearg	|	han any single report a reeve had ever carried to the red hall unasked, that she commanded, 
CHANGE	eras/age_IV/book/36_of_the_queen_who_went_round.md:39	the vein-house's	->	Taigh na Fèithe's	|	t of it before, and Sìleas Òg, reading the figure the vein-house's scribes laid before her, had 
CHANGE	eras/age_IV/book/36_of_the_queen_who_went_round.md:39	the custody-book	->	Leabhar a' Chùraim	|	ouse's scribes laid before her, had it entered in the custody-book without a word of comment eit
CHANGE	eras/age_IV/book/36_of_the_queen_who_went_round.md:45	the vein-house's	->	Taigh na Fèithe's	|	m at Muileann chiar. It was the first such asking the vein-house's custody-book had ever recorde
CHANGE	eras/age_IV/book/36_of_the_queen_who_went_round.md:45	the Small-Burning Law	->	Lagh an Loscaidh Bhig	|	ned only for worship, the small hearth-measure of the Small-Burning Law and no more, and the council 
CHANGE	eras/age_IV/book/36_of_the_queen_who_went_round.md:47	the vein-house's	->	Taigh na Fèithe's	|	ting the figures down in a hand as careful as any the vein-house's own scribes kept, is remember
CHANGE	eras/age_IV/book/36_of_the_queen_who_went_round.md:49	the vein-house's	->	Taigh na Fèithe's	|	o apprentice within four families for longer than the vein-house's own oldest custody-book could
CHANGE	eras/age_IV/book/36_of_the_queen_who_went_round.md:51	the custody-book	->	Leabhar a' Chùraim	|	them, a custom the council settled on for reasons the custody-book gives only as fitting the dig
CHANGE	eras/age_IV/book/36_of_the_queen_who_went_round.md:51	the mausoleum	->	Tuam Cnoc dhìreach	|	ses and no further. The tenants of the land about the mausoleum, who had buried their own dea
CHANGE	eras/age_IV/book/36_of_the_queen_who_went_round.md:53	the king-list	->	Clàr nan Rìghrean	|	 less is told than of her round or her count, and the king-list passes from her long reign to
CHANGE	eras/age_IV/book/36_of_the_queen_who_went_round.md:53	the red hall's	->	An Talla Dearg's	|	e reign and the next, the plainest kind of ending the red hall's own clerks ever gave a ruler 
CHANGE	eras/age_IV/book/36_of_the_queen_who_went_round.md:57	the king-list	->	Clàr nan Rìghrean	|	t nine and thirty years old, and is remembered in the king-list for nothing else at all, for 
CHANGE	eras/age_IV/book/36_of_the_queen_who_went_round.md:57	the custody-book	->	Leabhar a' Chùraim	|	 reign the list had ever set down. What ailed him the custody-book does not say, only that his s
CHANGE	eras/age_IV/book/36_of_the_queen_who_went_round.md:57	the king-list's	->	Clàr nan Rìghrean's	|	 that she went on to reign some forty years more, the king-list's longest run of entries record
CHANGE	eras/age_IV/book/36_of_the_queen_who_went_round.md:57	the seven houses	->	Na Seachd Taighean	|	no death by war, no famine and no quarrel between the seven houses worth the ink to record it, a
CHANGE	eras/age_IV/book/36_of_the_queen_who_went_round.md:57	the red hall's	->	An Talla Dearg's	|	 worth the ink to record it, a run of quiet years the red hall's own roll had not seen the lik
CHANGE	eras/age_IV/book/36_of_the_queen_who_went_round.md:57	the king-list	->	Clàr nan Rìghrean	|	r her own reign had ended, as the plainest record the king-list gave of the brother she had o
CHANGE	eras/age_IV/book/37_of_the_loft_over_the_mill.md:15	the custody-book	->	Leabhar a' Chùraim	|	o longer troubled to read them had an old copy of the custody-book lying in a chest, or a page o
CHANGE	eras/age_IV/book/37_of_the_loft_over_the_mill.md:15	the harbour rolls	->	Rolla a' Chalaidh	|	ustody-book lying in a chest, or a page or two of the harbour rolls of Seann Skell that some grea
CHANGE	eras/age_IV/book/37_of_the_loft_over_the_mill.md:21	the vein-house's	->	Taigh na Fèithe's	|	hether she meant the loft for the crown's use, or the vein-house's, or her own. Beathag said she
CHANGE	eras/age_IV/book/37_of_the_loft_over_the_mill.md:29	The custody-book	->	Leabhar a' Chùraim	|	The custody-book of the vein-house, which had 
CHANGE	eras/age_IV/book/37_of_the_loft_over_the_mill.md:29	the vein-house	->	Taigh na Fèithe	|	The custody-book of the vein-house, which had been kept on hide 
CHANGE	eras/age_IV/book/37_of_the_loft_over_the_mill.md:29	the vein-house	->	Taigh na Fèithe	|	af a week through one whole winter, by a clerk of the vein-house who complained, at first, tha
CHANGE	eras/age_IV/book/37_of_the_loft_over_the_mill.md:29	the vein-house	->	Taigh na Fèithe	|	to it. It was Beathag who carried the proposal to the vein-house in the first place, riding th
CHANGE	eras/age_IV/book/37_of_the_loft_over_the_mill.md:43	the vein-house	->	Taigh na Fèithe	|	ad not been walked that coast in a long while and the vein-house wanted a true count before an
CHANGE	eras/age_IV/book/37_of_the_loft_over_the_mill.md:53	the vein-house	->	Taigh na Fèithe	|	papers that plainly belonged, by their matter, to the vein-house or the crown or both. The mil
CHANGE	eras/age_IV/book/37_of_the_loft_over_the_mill.md:53	the vein-house	->	Taigh na Fèithe	|	y that the town had held them fifty years without the vein-house or the crown ever once asking
CHANGE	eras/age_IV/book/37_of_the_loft_over_the_mill.md:57	the custody-book's	->	Leabhar a' Chùraim's	|	eld the throne longer than any king before him in the custody-book's own count, though the record 
CHANGE	eras/age_IV/book/37_of_the_loft_over_the_mill.md:57	the rite of the empty harbour	->	Deas-ghnàth a' Chalaidh Fhalaimh	|	ir own prayer for the shut sea on the very day of the rite of the empty harbour, so that the two were kept to
CHANGE	eras/age_IV/book/37_of_the_loft_over_the_mill.md:65	the rite of the empty harbour	->	Deas-ghnàth a' Chalaidh Fhalaimh	|	It is told, of the rite of the empty harbour in those same years, that few
CHANGE	eras/age_IV/book/38_of_the_queens_progress.md:13	The house of disputation	->	Taigh na Deasbaid	|	The house of disputation at {{place:burg:77}} had stoo
CHANGE	eras/age_IV/book/38_of_the_queens_progress.md:13	the table of years	->	Clàr nam Bliadhnachan	|	use always turned in the end, toward the question the table of years had first set and no one sinc
CHANGE	eras/age_IV/book/38_of_the_queens_progress.md:13	the seven houses	->	Na Seachd Taighean	|	 been let ask again in the open: why the heads of the seven houses lived out their years a littl
CHANGE	eras/age_IV/book/38_of_the_queens_progress.md:13	the custody-book's	->	Leabhar a' Chùraim's	|	took up instead the argument of the vein, whether the custody-book's measure of the handful answer
CHANGE	eras/age_IV/book/38_of_the_queens_progress.md:19	the red hall	->	An Talla Dearg	|	Tormod mac Ruairidh had held the red hall at {{place:burg:19}} for more
CHANGE	eras/age_IV/book/38_of_the_queens_progress.md:19	the vein-house	->	Taigh na Fèithe	|	egs failed him past riding even the short road to the vein-house, and in the last of those yea
CHANGE	eras/age_IV/book/38_of_the_queens_progress.md:19	the custody-book	->	Leabhar a' Chùraim	|	 six-and-eighty years old, the longest-lived king the custody-book had entered since the table o
CHANGE	eras/age_IV/book/38_of_the_queens_progress.md:19	the table of years	->	Clàr nam Bliadhnachan	|	est-lived king the custody-book had entered since the table of years first began to measure such t
CHANGE	eras/age_IV/book/38_of_the_queens_progress.md:19	the vein-house's	->	Taigh na Fèithe's	|	er once, in fifty years, found the courage to ask the vein-house's own custodians a question the
CHANGE	eras/age_IV/book/38_of_the_queens_progress.md:19	the house of disputation	->	Taigh na Deasbaid	|	to ask the vein-house's own custodians a question the house of disputation was forbidden to ask on his b
CHANGE	eras/age_IV/book/38_of_the_queens_progress.md:21	the red hall	->	An Talla Dearg	|	She was crowned in the red hall a fortnight after, one-and-fi
CHANGE	eras/age_IV/book/38_of_the_queens_progress.md:21	the seven houses	->	Na Seachd Taighean	|	ne-and-fifty years old herself. The custodians of the seven houses stood for her in the order th
CHANGE	eras/age_IV/book/38_of_the_queens_progress.md:21	the lot-stones	->	Clachan a' Chrannchuir	|	ns of the seven houses stood for her in the order the lot-stones had long since fixed for such
CHANGE	eras/age_IV/book/38_of_the_queens_progress.md:21	the custody-book	->	Leabhar a' Chùraim	|	ather and his mother before him, word for word as the custody-book kept them, so that no one in 
CHANGE	eras/age_IV/book/38_of_the_queens_progress.md:21	the custody-book	->	Leabhar a' Chùraim	|	year the words were first spoken without going to the custody-book to be sure of it.
CHANGE	eras/age_IV/book/38_of_the_queens_progress.md:31	the custody-book	->	Leabhar a' Chùraim	|	g for longer than the dues she was spared, though the custody-book, being a custody-book, kept t
CHANGE	eras/age_IV/book/38_of_the_queens_progress.md:35	the seven houses	->	Na Seachd Taighean	|	 reign, {{date:III-0233}}, and this time three of the seven houses stood behind them at the vein
CHANGE	eras/age_IV/book/38_of_the_queens_progress.md:35	the vein-house	->	Taigh na Fèithe	|	me three of the seven houses stood behind them at the vein-house board, more than had ever sto
CHANGE	eras/age_IV/book/38_of_the_queens_progress.md:35	the custody-book's	->	Leabhar a' Chùraim's	|	e, so that the matter came, for the first time in the custody-book's memory of it, within a single
CHANGE	eras/age_IV/book/38_of_the_queens_progress.md:37	the vein-house	->	Taigh na Fèithe	|	achlainn's, of Clann Lachlainn, who had ridden to the vein-house that season, by every account
CHANGE	eras/age_IV/book/38_of_the_queens_progress.md:37	The custody-book's	->	Leabhar a' Chùraim's	|	eyond the bare word that he had changed his mind. The custody-book's clerk wrote his name down as 
CHANGE	eras/age_IV/book/38_of_the_queens_progress.md:39	the vein-house	->	Taigh na Fèithe	|	who sat the board that day as she sat every board the vein-house held, asked Aonghas afterward
CHANGE	eras/age_IV/book/38_of_the_queens_progress.md:39	the custody-book	->	Leabhar a' Chùraim	|	before the asking, and she let the matter lie, as the custody-book let it lie, with his name wri
CHANGE	eras/age_IV/book/38_of_the_queens_progress.md:43	The vein-house	->	Taigh na Fèithe	|	The vein-house counted, {{date:III-0235}}, t
CHANGE	eras/age_IV/book/38_of_the_queens_progress.md:43	the custody-book's	->	Leabhar a' Chùraim's	|	ght than households of that number had ever held; the custody-book's own clerk noted, in the dry h
CHANGE	eras/age_IV/book/38_of_the_queens_progress.md:43	the seven houses	->	Na Seachd Taighean	|	ook had kept since Donnchadh's day, that three of the seven houses now held more than half the w
CHANGE	eras/age_IV/book/38_of_the_queens_progress.md:45	the custody-book	->	Leabhar a' Chùraim	|	s neighbour's unused share rather than buy it, as the custody-book allowed in years the vein-hou
CHANGE	eras/age_IV/book/38_of_the_queens_progress.md:45	the vein-house	->	Taigh na Fèithe	|	than buy it, as the custody-book allowed in years the vein-house judged hard enough to warrant
CHANGE	eras/age_IV/book/38_of_the_queens_progress.md:45	the vein-house	->	Taigh na Fèithe	|	h a grant twice running was a house whose trouble the vein-house could ease once but not mend 
CHANGE	eras/age_IV/book/38_of_the_queens_progress.md:47	the vein-house	->	Taigh na Fèithe	|	Gormshuil read the count at the vein-house board with the custodians ran
CHANGE	eras/age_IV/book/38_of_the_queens_progress.md:47	the silver petition	->	Athchuingean an Airgid	|	dians ranged along it as they had been ranged for the silver petition, and asked the clerk who had 
CHANGE	eras/age_IV/book/38_of_the_queens_progress.md:47	the vein-house's	->	Taigh na Fèithe's	|	ent kind of scarcity than the coal's own, and one the vein-house's count could show her plainly 
CHANGE	eras/age_IV/book/38_of_the_queens_progress.md:51	the headland watch	->	Faire a' Chinn	|	king the empty water off their own headland where the headland watch had lapsed seventeen centurie
CHANGE	eras/age_IV/book/38_of_the_queens_progress.md:53	the rite of the empty harbour	->	Deas-ghnàth a' Chalaidh Fhalaimh	|	 before Manannan's priests on the same quay where the rite of the empty harbour was kept each year, for if an
CHANGE	eras/age_IV/book/38_of_the_queens_progress.md:57	the vein-house	->	Taigh na Fèithe	|	Gormshuil went up to the vein-house at {{place:burg:491}} for the
CHANGE	eras/age_IV/book/38_of_the_queens_progress.md:57	the vein-house	->	Taigh na Fèithe	|	mbed the coal-road herself had no business asking the vein-house to answer to her. She was eig
CHANGE	eras/age_IV/book/38_of_the_queens_progress.md:57	the custody-book	->	Leabhar a' Chùraim	|	as eighty years old that winter, the oldest ruler the custody-book had entered crowned and still
CHANGE	eras/age_IV/book/38_of_the_queens_progress.md:57	the table of years	->	Clàr nam Bliadhnachan	|	ered crowned and still reigning since long before the table of years, and the riders who went up w
CHANGE	eras/age_IV/book/38_of_the_queens_progress.md:59	The custody-book	->	Leabhar a' Chùraim	|	She did not come down to Cathair dhearg again. The custody-book records the winter burning ke
CHANGE	eras/age_IV/book/38_of_the_queens_progress.md:59	the seven houses	->	Na Seachd Taighean	|	 climbed, nothing more is told. The custodians of the seven houses, meeting at the red hall the 
CHANGE	eras/age_IV/book/38_of_the_queens_progress.md:59	the red hall	->	An Talla Dearg	|	d. The custodians of the seven houses, meeting at the red hall the following year in the pla
CHANGE	eras/age_IV/book/38_of_the_queens_progress.md:59	the vein-house	->	Taigh na Fèithe	|	 other cause, sent their word up the coal-road to the vein-house by the same riders who had ca
CHANGE	eras/age_IV/book/38_of_the_queens_progress.md:59	the vein-house	->	Taigh na Fèithe	|	d the crown's business all Gormshuil's reign, and the vein-house sent back no word that unsett
CHANGE	eras/age_IV/book/38_of_the_queens_progress.md:61	the vein-house's	->	Taigh na Fèithe's	|	e year after in the crown's own hand, sealed with the vein-house's own trellis and hollow stone 
CHANGE	eras/age_IV/book/38_of_the_queens_progress.md:61	the custody-book's	->	Leabhar a' Chùraim's	|	queen's name had stood on every such letter since the custody-book's oldest leaves, they set no na
CHANGE	eras/age_IV/book/38_of_the_queens_progress.md:61	the vein-house	->	Taigh na Fèithe	|	 Gormshuil's own nor any other's, and no clerk of the vein-house or the red hall was ever aske
CHANGE	eras/age_IV/book/38_of_the_queens_progress.md:61	the red hall	->	An Talla Dearg	|	or any other's, and no clerk of the vein-house or the red hall was ever asked, in writing or
CHANGE	eras/age_IV/book/38_of_the_queens_progress.md:65	The night of lamps	->	Oidhche nan Lòchran	|	The night of lamps at {{place:burg:489}} had bee
CHANGE	eras/age_IV/book/38_of_the_queens_progress.md:65	the rite of the empty harbour	->	Deas-ghnàth a' Chalaidh Fhalaimh	|	ront that year, in the harbour-house window where the rite of the empty harbour was kept each Là an Diosail o
CHANGE	eras/age_IV/book/38_of_the_queens_progress.md:65	the harbour rolls	->	Rolla a' Chalaidh	|	 stones below. The harbour scribe who noted it in the harbour rolls, the same office that had onc
CHANGE	eras/age_IV/book/39_of_the_eleven_and_the_thinning_mist.md:7	the custody-book	->	Leabhar a' Chùraim	|	òghann mac Nèill kept at Cidhe an Diosail was not the custody-book, and no vein-house clerk had 
CHANGE	eras/age_IV/book/39_of_the_eleven_and_the_thinning_mist.md:9	the vein-house's	->	Taigh na Fèithe's	|	quay the way he counted anything that mattered to the vein-house's own reckoning: once by eye, a
CHANGE	eras/age_IV/book/39_of_the_eleven_and_the_thinning_mist.md:21	the second silver petition	->	Athchuingean an Airgid	|	old and the last of the council that had sat when the second silver petition was refused. He had turned hi
CHANGE	eras/age_IV/book/39_of_the_eleven_and_the_thinning_mist.md:21	the custody-book	->	Leabhar a' Chùraim	|	 single voice, eight-and-twenty years before, and the custody-book had written down his name and
CHANGE	eras/age_IV/book/39_of_the_eleven_and_the_thinning_mist.md:23	the custody-book's	->	Leabhar a' Chùraim's	|	ars who had held no crown and started no war, and the custody-book's clerk who entered his death w
CHANGE	eras/age_IV/book/39_of_the_eleven_and_the_thinning_mist.md:25	the custody-book's	->	Leabhar a' Chùraim's	|	 had settled it now beyond any second asking, and the custody-book's own note on the matter, writt
CHANGE	eras/age_IV/book/39_of_the_eleven_and_the_thinning_mist.md:25	the Small-Burning Law	->	Lagh an Loscaidh Bhig	|	e petition lay unbrought and unanswered, and that the Small-Burning Law, which had measured the heart
CHANGE	eras/age_IV/book/39_of_the_eleven_and_the_thinning_mist.md:25	the custody-book	->	Leabhar a' Chùraim	|	th their own hills might have served them better, the custody-book does not trouble to say so, a
CHANGE	eras/age_IV/book/39_of_the_eleven_and_the_thinning_mist.md:27	the vein-house	->	Taigh na Fèithe	|	to write, and at last nothing. She had gone up to the vein-house eight winters before the rite
CHANGE	eras/age_IV/book/39_of_the_eleven_and_the_thinning_mist.md:27	the red hall	->	An Talla Dearg	|	e the rite of the eleven and had not come down to the red hall again, and no rider came from
CHANGE	eras/age_IV/book/39_of_the_eleven_and_the_thinning_mist.md:27	the red hall	->	An Talla Dearg	|	d it from a carter who had it from someone nearer the red hall than either of them had ever 
CHANGE	eras/age_IV/book/39_of_the_eleven_and_the_thinning_mist.md:31	The seven houses	->	Na Seachd Taighean	|	The seven houses had sat at Cathair dhearg in 
CHANGE	eras/age_IV/book/39_of_the_eleven_and_the_thinning_mist.md:31	The red hall	->	An Talla Dearg	|	 left at Cathair dhearg had the standing to send. The red hall in those years held perhaps f
CHANGE	eras/age_IV/book/39_of_the_eleven_and_the_thinning_mist.md:31	the seven houses	->	Na Seachd Taighean	|	 its lanes and closes, fewer than a single one of the seven houses' own tenants counted in a goo
CHANGE	eras/age_IV/book/39_of_the_eleven_and_the_thinning_mist.md:31	the ruling of the hearth	->	Riaghailt an Teallaich	|	s the same board Catrìona Bheag had sworn them to the ruling of the hearth over, twelve generations befo
CHANGE	eras/age_IV/book/39_of_the_eleven_and_the_thinning_mist.md:33	the vein-house's	->	Taigh na Fèithe's	|	h no one to wear it was no crown at all, whatever the vein-house's rolls might go on calling it,
CHANGE	eras/age_IV/book/39_of_the_eleven_and_the_thinning_mist.md:33	the vein-house	->	Taigh na Fèithe	|	 for the seven when a single voice was wanted, at the vein-house or on the road or before any 
CHANGE	eras/age_IV/book/39_of_the_eleven_and_the_thinning_mist.md:35	the vein-house's	->	Taigh na Fèithe's	|	ting, Comhairle a' Chùraim, a name near enough to the vein-house's own custody-book that no cler
CHANGE	eras/age_IV/book/39_of_the_eleven_and_the_thinning_mist.md:35	the vein-house's	->	Taigh na Fèithe's	|	an's son of no house among the seven who had kept the vein-house's own accounts at Muileann dhea
CHANGE	eras/age_IV/book/39_of_the_eleven_and_the_thinning_mist.md:39	the vein-house's	->	Taigh na Fèithe's	|	nter on, went out from Cathair dhearg sealed with the vein-house's own trellis and hollow stone 
CHANGE	eras/age_IV/book/39_of_the_eleven_and_the_thinning_mist.md:39	the red hall's	->	An Talla Dearg's	|	tone and no name written above the seal, a custom the red hall's clerks had already begun in t
CHANGE	eras/age_IV/book/39_of_the_eleven_and_the_thinning_mist.md:43	the seven houses	->	Na Seachd Taighean	|	before first light most mornings the winter after the seven houses named themselves at Cathair d
CHANGE	eras/age_IV/book/39_of_the_eleven_and_the_thinning_mist.md:43	the red hall	->	An Talla Dearg	|	mhòr had small cause to trouble herself with what the red hall called its own council, so lo
CHANGE	eras/age_IV/book/39_of_the_eleven_and_the_thinning_mist.md:55	the night of lamps	->	Oidhche nan Lòchran	|	w dark that a stranger asking after the custom of the night of lamps would have found no one on th
CHANGE	eras/age_IV/book/39_of_the_eleven_and_the_thinning_mist.md:57	the vein-house's	->	Taigh na Fèithe's	|	ot put out in any boat at all to see it. And from the vein-house's own custody-book, which notes
CHANGE	eras/age_IV/book/39_of_the_eleven_and_the_thinning_mist.md:57	the red hall	->	An Talla Dearg	|	at the council of the custody sat at its board in the red hall through the dark of that year
CHANGE	eras/age_IV/book/39_of_the_eleven_and_the_thinning_mist.md:59	the red hall	->	An Talla Dearg	|	At Cathair dhearg the council sat at its board in the red hall with the chair at its head st
CHANGE	eras/age_IV/book/39_of_the_eleven_and_the_thinning_mist.md:59	the vein-house	->	Taigh na Fèithe	|	aled them, and sent them out by riders down roads the vein-house had kept in good repair since
CHANGE	eras/age_IV/book/39_of_the_eleven_and_the_thinning_mist.md:59	the night of lamps	->	Oidhche nan Lòchran	|	l, where a lamp had once stood in every window on the night of lamps, the one window that had kept
CHANGE	eras/age_IV/book/39_of_the_eleven_and_the_thinning_mist.md:61	The Small-Burning Law	->	Lagh an Loscaidh Bhig	|	s said at every tide. The council kept its board. The Small-Burning Law measured the hearth's own han
CHANGE	eras/age_IV/book/39_of_the_eleven_and_the_thinning_mist.md:61	the vein-house's	->	Taigh na Fèithe's	|	d lain twelve years, unbrought and unanswered, in the vein-house's own inventory. Of the crown, 
CHANGE	eras/age_IV/gazetteer/01_the_west_coast_and_the_capital.json:489.history	the Sundering	->	a' Scaradh	|	rt at the mouth of the Abhainn naomh was the town the Sundering was made in. In its harbour-h
CHANGE	eras/age_IV/gazetteer/01_the_west_coast_and_the_capital.json:489.history	the roll of the willing	->	Rolla nan Deònach	|	-house, Taigh a' Chalaidh, Calum mac Nèill opened the roll of the willing in the second year and wrote 
CHANGE	eras/age_IV/gazetteer/01_the_west_coast_and_the_capital.json:489.history	The night of lamps	->	Oidhche nan Lòchran	|	r for the shut sea at the foot of the river pool. The night of lamps thinned household by househol
CHANGE	eras/age_IV/gazetteer/01_the_west_coast_and_the_capital.json:489.known_for	the roll of the willing	->	Rolla nan Deònach	|	the roll of the willing, Cidhe an Diosail and the nig
CHANGE	eras/age_IV/gazetteer/01_the_west_coast_and_the_capital.json:489.known_for	the night of lamps	->	Oidhche nan Lòchran	|	the roll of the willing, Cidhe an Diosail and the night of lamps
CHANGE	eras/age_IV/gazetteer/01_the_west_coast_and_the_capital.json:19.history	the Red Hill	->	An Cnoc Ruadh	|	he kings and queens of the age kept their hall on the Red Hill above the Abhainn dhomhain, a
CHANGE	eras/age_IV/gazetteer/01_the_west_coast_and_the_capital.json:19.history	the red hall	->	An Talla Dearg	|	. Beathag nic Dhòmhnaill heard the three crews in the red hall in the first year, gave her w
CHANGE	eras/age_IV/gazetteer/01_the_west_coast_and_the_capital.json:19.history	the vein-house	->	Taigh na Fèithe	|	nis thais. The crown was joined to the mastery of the vein-house in Dòmhnall Ruadh's reign, an
CHANGE	eras/age_IV/gazetteer/01_the_west_coast_and_the_capital.json:19.history	the red hall's	->	An Talla Dearg's	|	in-house in Dòmhnall Ruadh's reign, and from then the red hall's letters carried the custody's
CHANGE	eras/age_IV/gazetteer/01_the_west_coast_and_the_capital.json:19.history	the seven houses	->	Na Seachd Taighean	|	ter burning in LE 1,795 and nothing more is told, the seven houses sat at her board with her cha
CHANGE	eras/age_IV/gazetteer/01_the_west_coast_and_the_capital.json:19.known_for	the red hall	->	An Talla Dearg	|	the red hall, the queen's empty chair, and
CHANGE	eras/age_IV/gazetteer/01_the_west_coast_and_the_capital.json:19.known_for	the seven houses	->	Na Seachd Taighean	|	d hall, the queen's empty chair, and the board of the seven houses
CHANGE	eras/age_IV/gazetteer/01_the_west_coast_and_the_capital.json:55.history	the roll of the willing	->	Rolla nan Deònach	|	 little below Seann Skell gave more households to the roll of the willing than any other place on the i
CHANGE	eras/age_IV/gazetteer/01_the_west_coast_and_the_capital.json:55.history	the trial hull	->	An Fhaoileag	|	 was sent north to the oaks of Doire fhionn. When the trial hull An Fhaoileag lay down off Ros
CHANGE	eras/age_IV/gazetteer/01_the_west_coast_and_the_capital.json:282.known_for	the keel-song	->	Òran na Druime	|	its rope-walks, and the keel-song
CHANGE	eras/age_IV/gazetteer/01_the_west_coast_and_the_capital.json:63.history	the red hall	->	An Talla Dearg	|	ag cape sent its skipper Oighrig nic Raghnaill to the red hall in the first year with a tell
CHANGE	eras/age_IV/gazetteer/01_the_west_coast_and_the_capital.json:64.history	the War of the Three Claimants	->	Cogadh nan Trì Tagraichean	|	springs behind its walls, and they fed it through the War of the Three Claimants. Its reeve Mairead nic Ruairi
CHANGE	eras/age_IV/gazetteer/01_the_west_coast_and_the_capital.json:35.known_for	the Sundering	->	a' Scaradh	|	its oaks, said to have built the Sundering fleet
CHANGE	eras/age_IV/gazetteer/01_the_west_coast_and_the_capital.json:26.history	the Holy Age	->	An Aois Naomh	|	r city above the river mouth, with its citadel of the Holy Age and granaries deep enough for
CHANGE	eras/age_IV/gazetteer/01_the_west_coast_and_the_capital.json:26.history	the War of the Three Claimants	->	Cogadh nan Trì Tagraichean	|	 declared for Dùghall Garbh in the second year of the War of the Three Claimants, chiefly because its harbour-
CHANGE	eras/age_IV/gazetteer/02_the_north_and_the_north_west.json:143.history	the red hall	->	An Talla Dearg	|	 coast from Seann Skell sent Tòmas mac Uilleim to the red hall in the first year with the te
CHANGE	eras/age_IV/gazetteer/02_the_north_and_the_north_west.json:143.history	the headland watch	->	Faire a' Chinn	|	 after her; the custom was called Faire a' Chinn, the headland watch, and Seonag kept her own turn
CHANGE	eras/age_IV/gazetteer/02_the_north_and_the_north_west.json:143.history	(appositive)	->	Faire a' Chinn	|	dropped the English gloss beside Faire a' Chinn
CHANGE	eras/age_IV/gazetteer/02_the_north_and_the_north_west.json:143.known_for	the headland watch	->	Faire a' Chinn	|	the headland watch, and the timber out of the mi
CHANGE	eras/age_IV/gazetteer/02_the_north_and_the_north_west.json:261.history	the vein-house	->	Taigh na Fèithe	|	sat beside it every evening until dark. In LE 109 the vein-house set down the coppice law of D
CHANGE	eras/age_IV/gazetteer/02_the_north_and_the_north_west.json:24.history	the Hawk	->	Òrd an t-Seabhaig	|	our town on the north coast took the dawn rite of the Hawk in LE 239, when two of Gormsh
CHANGE	eras/age_IV/gazetteer/02_the_north_and_the_north_west.json:24.history	the Book of the Hawk	->	Leabhar an t-Seabhaig	|	ame here to gather what her pupils remembered for the Book of the Hawk, marking every saying he had 
CHANGE	eras/age_IV/gazetteer/02_the_north_and_the_north_west.json:24.known_for	the Hawk	->	Òrd an t-Seabhaig	|	the second house of the Hawk
CHANGE	eras/age_IV/gazetteer/02_the_north_and_the_north_west.json:132.history	the Hawk	->	Òrd an t-Seabhaig	|	ing the oath within the year. After the schism of the Hawk the priests of the Fed Hawk s
CHANGE	eras/age_IV/gazetteer/02_the_north_and_the_north_west.json:132.history	the Fed Hawk	->	An Seabhag Biadhte	|	year. After the schism of the Hawk the priests of the Fed Hawk settled here, and under Beath
CHANGE	eras/age_IV/gazetteer/02_the_north_and_the_north_west.json:132.known_for	the Fed Hawk	->	An Seabhag Biadhte	|	he amber market inside the gate, and the house of the Fed Hawk
CHANGE	eras/age_IV/gazetteer/02_the_north_and_the_north_west.json:20.history	the sacred forest	->	Coille Naomh Cnoc bheag	|	The walled town above the sacred forest kept the dawn-hawk rite of th
CHANGE	eras/age_IV/gazetteer/02_the_north_and_the_north_west.json:20.history	the Holy Age	->	An Aois Naomh	|	bove the sacred forest kept the dawn-hawk rite of the Holy Age, and in the third century of 
CHANGE	eras/age_IV/gazetteer/02_the_north_and_the_north_west.json:20.history	the sacred forest	->	Coille Naomh Cnoc bheag	|	s Leabhar an t-Seabhaig. By royal grant in LE 471 the sacred forest passed to the priests of Mach
CHANGE	eras/age_IV/gazetteer/02_the_north_and_the_north_west.json:20.history	the Hawk	->	Òrd an t-Seabhaig	|	 to the priests of Macha alone. At the council of the Hawk here in LE 889 a young priest
CHANGE	eras/age_IV/gazetteer/02_the_north_and_the_north_west.json:20.history	the Fed Hawk	->	An Seabhag Biadhte	|	et it, and those who held he would not were named the Fed Hawk and asked to keep their teach
CHANGE	eras/age_IV/gazetteer/02_the_north_and_the_north_west.json:20.known_for	the Hawk	->	Òrd an t-Seabhaig	|	the house of the Hawk and the Book of the Hawk
CHANGE	eras/age_IV/gazetteer/02_the_north_and_the_north_west.json:20.known_for	the Book of the Hawk	->	Leabhar an t-Seabhaig	|	the house of the Hawk and the Book of the Hawk
CHANGE	eras/age_IV/gazetteer/03_the_mountain_and_the_middle_country.json:491.history	the vein-house	->	Taigh na Fèithe	|	of the central diggings settled below the gate of the vein-house, Taigh na Fèithe, in the firs
CHANGE	eras/age_IV/gazetteer/03_the_mountain_and_the_middle_country.json:491.history	the vein-house	->	Taigh na Fèithe	|	igh na Fèithe, in the first years of the age, and the vein-house above them kept the custody-b
CHANGE	eras/age_IV/gazetteer/03_the_mountain_and_the_middle_country.json:491.history	the custody-book	->	Leabhar a' Chùraim	|	rs of the age, and the vein-house above them kept the custody-book, Crom's stone in its inner ro
CHANGE	eras/age_IV/gazetteer/03_the_mountain_and_the_middle_country.json:491.history	the roll of the willing	->	Rolla nan Deònach	|	that was never let go out. The custodians counted the roll of the willing against the book here in the 
CHANGE	eras/age_IV/gazetteer/03_the_mountain_and_the_middle_country.json:491.history	the sunwise turn	->	An Diosal	|	een and began, at thirty, the count of years from the sunwise turn that the crown took up after 
CHANGE	eras/age_IV/gazetteer/03_the_mountain_and_the_middle_country.json:491.history	The seven houses of custody	->	Na Seachd Taighean	|	he sunwise turn that the crown took up after him. The seven houses of custody were sworn before Crom's ston
CHANGE	eras/age_IV/gazetteer/03_the_mountain_and_the_middle_country.json:491.history	the vein-house	->	Taigh na Fèithe	|	is lifetime. Eilidh Dhubh's tracts were burned in the vein-house yard in LE 484; Raghnall Ruad
CHANGE	eras/age_IV/gazetteer/03_the_mountain_and_the_middle_country.json:491.history	the ruling of the hearth	->	Riaghailt an Teallaich	|	t stood against him from its store in LE 558, and the ruling of the hearth was drafted in the same yard 
CHANGE	eras/age_IV/gazetteer/03_the_mountain_and_the_middle_country.json:491.history	the vein-house	->	Taigh na Fèithe	|	Dòmhnall Ruadh joined the crown to the mastery of the vein-house, and was buried at his own wi
CHANGE	eras/age_IV/gazetteer/03_the_mountain_and_the_middle_country.json:491.history	(appositive)	->	Taigh na Fèithe	|	dropped the English gloss beside Taigh na Fèithe
CHANGE	eras/age_IV/gazetteer/03_the_mountain_and_the_middle_country.json:491.known_for	the vein-house	->	Taigh na Fèithe	|	the vein-house and the custody-book
CHANGE	eras/age_IV/gazetteer/03_the_mountain_and_the_middle_country.json:491.known_for	the custody-book	->	Leabhar a' Chùraim	|	the vein-house and the custody-book
CHANGE	eras/age_IV/gazetteer/03_the_mountain_and_the_middle_country.json:123.history	The vein-house	->	Taigh na Fèithe	|	abourers in the small hours of the morning shift. The vein-house closed the gallery rather tha
CHANGE	eras/age_IV/gazetteer/03_the_mountain_and_the_middle_country.json:123.known_for	the stone of the fourteen names	->	Clach nan Ceithir Ainmean Deug	|	the stone of the fourteen names
CHANGE	eras/age_IV/gazetteer/03_the_mountain_and_the_middle_country.json:354.history	the vein-house	->	Taigh na Fèithe	|	t morning his own custodians struck the seal from the vein-house store without waiting to be t
CHANGE	eras/age_IV/gazetteer/03_the_mountain_and_the_middle_country.json:354.history	the seven houses	->	Na Seachd Taighean	|	nd died of it. Three centuries later the heads of the seven houses, sitting five years at the ve
CHANGE	eras/age_IV/gazetteer/03_the_mountain_and_the_middle_country.json:354.history	the vein-house	->	Taigh na Fèithe	|	 heads of the seven houses, sitting five years at the vein-house to choose a king, spoke the n
CHANGE	eras/age_IV/gazetteer/03_the_mountain_and_the_middle_country.json:273.history	the vein-house	->	Taigh na Fèithe	|	The walled town near the vein-house is the hall of Clann Fhearcha
CHANGE	eras/age_IV/gazetteer/03_the_mountain_and_the_middle_country.json:273.history	the vein-house	->	Taigh na Fèithe	|	t of each year here that he might take counsel of the vein-house without a journey, and Iain k
CHANGE	eras/age_IV/gazetteer/03_the_mountain_and_the_middle_country.json:273.history	the War of the Three Claimants	->	Cogadh nan Trì Tagraichean	|	Garbh held his following here in the years before the War of the Three Claimants, and died here of the wound h
CHANGE	eras/age_IV/gazetteer/03_the_mountain_and_the_middle_country.json:273.history	the vein-house	->	Taigh na Fèithe	|	 at Muileann chrom, his last words asking whether the vein-house gates stood open. In the thir
CHANGE	eras/age_IV/gazetteer/03_the_mountain_and_the_middle_country.json:67.history	the Sundering	->	a' Scaradh	|	w. In LE 699 the granaries, standing since before the Sundering, were pulled down and built a
CHANGE	eras/age_IV/gazetteer/03_the_mountain_and_the_middle_country.json:32.history	the custody-book	->	Leabhar a' Chùraim	|	dark and broke Raghnall Ruadh's camp at the ford; the custody-book counts some three hundred dea
CHANGE	eras/age_IV/gazetteer/03_the_mountain_and_the_middle_country.json:32.known_for	the Three Claimants	->	Cogadh nan Trì Tagraichean	|	the ford of the Three Claimants, and the black wine
CHANGE	eras/age_IV/gazetteer/03_the_mountain_and_the_middle_country.json:316.history	the vein-house	->	Taigh na Fèithe	|	oad south of the ford had given carts and coal to the vein-house without complaint for as long
CHANGE	eras/age_IV/gazetteer/03_the_mountain_and_the_middle_country.json:316.history	the Book of the Three Claimants	->	Leabhar nan Trì Tagraichean	|	e winter of the refusal; Seònaid grew up to write the Book of the Three Claimants. The village was rebuilt, and
CHANGE	eras/age_IV/gazetteer/03_the_mountain_and_the_middle_country.json:316.history	the cold hearths	->	Na Teallaichean Fuara	|	lage was rebuilt, and its people kept the tale of the cold hearths longer than any other in the 
CHANGE	eras/age_IV/gazetteer/03_the_mountain_and_the_middle_country.json:360.history	the Brothers' War	->	Cogadh nam Bràithrean	|	 mill town under Dùn chrom saw the last battle of the Brothers' War in LE 1,274, when Iain Ciar d
CHANGE	eras/age_IV/gazetteer/03_the_mountain_and_the_middle_country.json:360.known_for	the Brothers' War	->	Cogadh nam Bràithrean	|	the battle that ended the Brothers' War
CHANGE	eras/age_IV/gazetteer/03_the_mountain_and_the_middle_country.json:318.history	The seven houses	->	Na Seachd Taighean	|	àn's men in LE 1,270 and taken back by Iain Ciar. The seven houses divided four to three over th
CHANGE	eras/age_IV/gazetteer/03_the_mountain_and_the_middle_country.json:318.history	the Brothers' War	->	Cogadh nam Bràithrean	|	uses divided four to three over the brothers, and the Brothers' War is counted from this fight. B
CHANGE	eras/age_IV/gazetteer/03_the_mountain_and_the_middle_country.json:318.known_for	the Brothers' War	->	Cogadh nam Bràithrean	|	the first battle of the Brothers' War
CHANGE	eras/age_IV/gazetteer/03_the_mountain_and_the_middle_country.json:30.history	the Brothers' War	->	Cogadh nam Bràithrean	|	The walled harbour city declared for Iain Ciar in the Brothers' War, and in LE 1,272 Alasdair Bàn
CHANGE	eras/age_IV/gazetteer/03_the_mountain_and_the_middle_country.json:23.history	the Brothers' War	->	Cogadh nam Bràithrean	|	very road. It fed Ceann mhin after the burning of the Brothers' War, and in the fifteenth century
CHANGE	eras/age_IV/gazetteer/03_the_mountain_and_the_middle_country.json:36.history	the Brothers' War	->	Cogadh nam Bràithrean	|	oming down to the coast towns of the south. After the Brothers' War Alasdair Bàn held its lordshi
CHANGE	eras/age_IV/gazetteer/04_the_north_east_and_the_east.json:77.history	the house of disputation	->	Taigh na Deasbaid	|	lled temple city in the north-east is the seat of the house of disputation. Coinneach mac Mhàrtainn, a d
CHANGE	eras/age_IV/gazetteer/04_the_north_east_and_the_east.json:77.history	the seven houses	->	Na Seachd Taighean	|	et were those the vein answered best, and each of the seven houses forbade the question at its o
CHANGE	eras/age_IV/gazetteer/04_the_north_east_and_the_east.json:77.history	the table of years	->	Clàr nam Bliadhnachan	|	rteenth century Raghnall mac Chaluim set out here the table of years that showed the heads of the 
CHANGE	eras/age_IV/gazetteer/04_the_north_east_and_the_east.json:77.history	the custody-book's	->	Leabhar a' Chùraim's	|	 be raised; its schools turned instead to whether the custody-book's handful answered to what the 
CHANGE	eras/age_IV/gazetteer/04_the_north_east_and_the_east.json:77.known_for	the house of disputation	->	Taigh na Deasbaid	|	the house of disputation, and the questions it was for
CHANGE	eras/age_IV/gazetteer/04_the_north_east_and_the_east.json:131.history	the white sorrow	->	an Tùrsa Geal	|	 season of loss as the whole island had once worn the white sorrow, and the white sorrow was kep
CHANGE	eras/age_IV/gazetteer/04_the_north_east_and_the_east.json:131.history	the white sorrow	->	an Tùrsa Geal	|	 whole island had once worn the white sorrow, and the white sorrow was kept in it in that countr
CHANGE	eras/age_IV/gazetteer/04_the_north_east_and_the_east.json:333.history	the vein-house	->	Taigh na Fèithe	|	r tracts for households too far to hear her. When the vein-house burned some hundred of them i
CHANGE	eras/age_IV/gazetteer/04_the_north_east_and_the_east.json:246.history	the custody-book	->	Leabhar a' Chùraim	|	 its mill, began in LE 1,659 to buy old copies of the custody-book and the harbour rolls from ho
CHANGE	eras/age_IV/gazetteer/04_the_north_east_and_the_east.json:246.history	the harbour rolls	->	Rolla a' Chalaidh	|	E 1,659 to buy old copies of the custody-book and the harbour rolls from houses that no longer re
CHANGE	eras/age_IV/gazetteer/04_the_north_east_and_the_east.json:246.history	the vein-house	->	Taigh na Fèithe	|	d the only surviving copy of a custodians' ruling the vein-house had lost to fire. In LE 1,674
CHANGE	eras/age_IV/gazetteer/04_the_north_east_and_the_east.json:246.history	the vein-house	->	Taigh na Fèithe	|	st on Dia-thìr; Beathag carried it sixty miles to the vein-house herself, and the custody-book
CHANGE	eras/age_IV/gazetteer/04_the_north_east_and_the_east.json:246.history	the custody-book	->	Leabhar a' Chùraim	|	ied it sixty miles to the vein-house herself, and the custody-book was copied onto it for the fi
CHANGE	eras/age_IV/gazetteer/04_the_north_east_and_the_east.json:136.history	the Holy Age	->	An Aois Naomh	|	eastern road, raised by custodians of the road in the Holy Age, was granted a market for the
CHANGE	eras/age_IV/gazetteer/04_the_north_east_and_the_east.json:136.history	the seven houses	->	Na Seachd Taighean	|	cribe, Eòghann mac Pheadair, standing witness for the seven houses. The fish and sail-cloth of t
CHANGE	eras/age_IV/gazetteer/04_the_north_east_and_the_east.json:119.history	the steering star	->	Reul na Stiùire	|	 headland above the town the wheel of the sky and the steering star, Reul na Stiùire, and had his
CHANGE	eras/age_IV/gazetteer/04_the_north_east_and_the_east.json:119.history	(appositive)	->	Reul na Stiùire	|	dropped the English gloss beside Reul na Stiùire
CHANGE	eras/age_IV/gazetteer/04_the_north_east_and_the_east.json:34.history	the Old Spirits	->	Na Seann Spioradan	|	el harbour of the east kept an ancestor shrine of the Old Spirits, and from LE 644 the crowds t
CHANGE	eras/age_IV/gazetteer/04_the_north_east_and_the_east.json:276.history	the Mason	->	An Clachair	|	ch mac Ailein of Clann na Ceiste said the line of the Mason over the child instead of the
CHANGE	eras/age_IV/gazetteer/04_the_north_east_and_the_east.json:276.history	the Stone Kings	->	Rìghrean na Cloiche	|	 Mason over the child instead of the long line of the Stone Kings that royal namings there had 
CHANGE	eras/age_IV/gazetteer/05_the_south_east.json:94.history	the Hawk	->	Òrd an t-Seabhaig	|	built them again on the higher ground; a pupil of the Hawk house at Ros gheal who saw it
CHANGE	eras/age_IV/gazetteer/05_the_south_east.json:422.history	the red hall	->	An Talla Dearg	|	en Sìleas summoned their head to a cold supper at the red hall; neither spoke of the walls, 
CHANGE	eras/age_IV/gazetteer/05_the_south_east.json:315.history	the vein-house	->	Taigh na Fèithe	|	the threshold, was the heir of the custody before the vein-house took it; in this age it is th
CHANGE	eras/age_IV/gazetteer/05_the_south_east.json:315.history	the Old Spirits	->	Na Seann Spioradan	|	vein-house took it; in this age it is the seat of the Old Spirits of the eastern shires. In LE 
CHANGE	eras/age_IV/gazetteer/05_the_south_east.json:315.history	the custody-book	->	Leabhar a' Chùraim	|	 keepers cut the names again from memory and from the custody-book, owning in their roll that so
CHANGE	eras/age_IV/gazetteer/05_the_south_east.json:326.history	the Hawk	->	Òrd an t-Seabhaig	|	uthern mill town became the southernmost house of the Hawk in the sixth century of the c
CHANGE	eras/age_IV/gazetteer/05_the_south_east.json:326.history	the Hawk's	->	Òrd an t-Seabhaig's	|	, held, and rang at every measured burning. There the Hawk's teaching was still given whol
CHANGE	eras/age_IV/gazetteer/05_the_south_east.json:3.history	the vein-house's	->	Taigh na Fèithe's	|	gh washing after washing; cloth of it was worn at the vein-house's midwinter gathering within th
CHANGE	eras/age_IV/gazetteer/06_the_south_and_south_west_coast.json:166.history	the Fianna	->	an Fhianna	|	 him that the stone was Lia Fàil and its watchers the Fianna, sworn to keep the island as 
CHANGE	eras/age_IV/gazetteer/06_the_south_and_south_west_coast.json:166.history	the order of the Stone	->	Òrd na Cloiche	|	as a wolf keeps its range, and his hearers became the order of the Stone. They raised the first temple
CHANGE	eras/age_IV/gazetteer/06_the_south_and_south_west_coast.json:166.history	the red hall	->	An Talla Dearg	|	her mother kept her here rather than raise her at the red hall; as queen she laid Rathad na 
CHANGE	eras/age_IV/gazetteer/06_the_south_and_south_west_coast.json:166.history	the Stone's	->	Òrd na Cloiche's	|	one from the capital to her own gate. In LE 1,389 the Stone's congregation divided over whe
CHANGE	eras/age_IV/gazetteer/06_the_south_and_south_west_coast.json:166.known_for	the order of the Stone	->	Òrd na Cloiche	|	the wolf-stone Clach and the order of the Stone
CHANGE	eras/age_IV/gazetteer/06_the_south_and_south_west_coast.json:1.history	the Hawk	->	Òrd an t-Seabhaig	|	s thais kept a harbour shrine that the priests of the Hawk and the Fianna of the Stone b
CHANGE	eras/age_IV/gazetteer/06_the_south_and_south_west_coast.json:1.history	the Fianna of the Stone	->	an Fhianna	|	a harbour shrine that the priests of the Hawk and the Fianna of the Stone both came to claim in LE 427,
CHANGE	eras/age_IV/gazetteer/06_the_south_and_south_west_coast.json:92.history	The Fianna of the Stone	->	An Fhianna	|	sher households in LE 624 that killed some forty. The Fianna of the Stone nursed the sick, and many of 
CHANGE	eras/age_IV/gazetteer/06_the_south_and_south_west_coast.json:92.history	the Stone	->	Òrd na Cloiche	|	nd many of them died of it, and the town followed the Stone from then on.
CHANGE	eras/age_IV/gazetteer/06_the_south_and_south_west_coast.json:92.known_for	the Fianna	->	an Fhianna	|	the fever the Fianna nursed
CHANGE	eras/age_IV/gazetteer/06_the_south_and_south_west_coast.json:190.history	the Black Laugh	->	An Gàire Dubh	|	e storm the south-coast rolls call An Gàire Dubh, the Black Laugh, which drove the sea over it 
CHANGE	eras/age_IV/gazetteer/06_the_south_and_south_west_coast.json:190.history	(appositive)	->	An Gàire Dubh	|	dropped the English gloss beside An Gàire Dubh
CHANGE	eras/age_IV/gazetteer/07_the_lesser_towns.json:419.history	the druid schools	->	Scoiltean nan Draoidhean	|	cred wood of Flidais, where the elder teachers of the druid schools met, and its smiths beat the 
CHANGE	eras/age_IV/gazetteer/07_the_lesser_towns.json:419.history	the seven houses	->	Na Seachd Taighean	|	iths beat the silver neck-rings that the heads of the seven houses first wore in LE 149, so that
CHANGE	eras/age_IV/gazetteer/07_the_lesser_towns.json:505.known_for	the warm springs	->	Fuarain Theth Muileann ruadh	|	its bath-house over the warm springs
CHANGE	eras/age_IV/gazetteer/07_the_lesser_towns.json:49.known_for	the southern lane	->	Slighe-mhara Caol fhiadhaich	|	the southern lane
CHANGE	eras/age_IV/gazetteer/07_the_lesser_towns.json:364.history	the vein-house's	->	Taigh na Fèithe's	|	m and took up a claim further from the water, and the vein-house's young scribe Eòghann mac Phea
CHANGE	eras/age_IV/gazetteer/07_the_lesser_towns.json:232.history	the Stone's	->	Òrd na Cloiche's	|	town of the south-west coast near Inis thais took the Stone's second house. When the congre
CHANGE	eras/age_IV/gazetteer/07_the_lesser_towns.json:232.history	the order of the Stone	->	Òrd na Cloiche	|	ose who said they might built their own temple of the order of the Stone here, finished within ten yea
CHANGE	eras/age_IV/gazetteer/07_the_lesser_towns.json:232.known_for	the order of the Stone	->	Òrd na Cloiche	|	the second temple of the order of the Stone
CHANGE	eras/age_IV/appendices/A_rulers.md:3	the Sundering	->	a' Scaradh	|	For the eighteen centuries of the Sundering Dia-thìr kept one crown at Ca
CHANGE	eras/age_IV/appendices/A_rulers.md:3	the king-list	->	Clàr nan Rìghrean	|	ronger. This appendix gives the crowned rulers as the king-list recopied in LE 829 and the cu
CHANGE	eras/age_IV/appendices/A_rulers.md:3	the custody-book	->	Leabhar a' Chùraim	|	ed rulers as the king-list recopied in LE 829 and the custody-book give them, with their years a
CHANGE	eras/age_IV/appendices/A_rulers.md:3	the seven houses	->	Na Seachd Taighean	|	-book give them, with their years and their ages; the seven houses and those of their heads the 
CHANGE	eras/age_IV/appendices/A_rulers.md:3	the vein-house	->	Taigh na Fèithe	|	e of their heads the record names; the masters of the vein-house; the scribes who kept the har
CHANGE	eras/age_IV/appendices/A_rulers.md:3	the custody-book	->	Leabhar a' Chùraim	|	es are given at the crowning and at the death, as the custody-book sets them down. The long year
CHANGE	eras/age_IV/appendices/A_rulers.md:3	The long years	->	Na Bliadhnachan Fada	|	at the death, as the custody-book sets them down. The long years of the old blood had thinned 
CHANGE	eras/age_IV/appendices/A_rulers.md:3	the Holy Age	->	An Aois Naomh	|	 the old blood had thinned to an ordinary span by the Holy Age, and in this age no one, crow
CHANGE	eras/age_IV/appendices/A_rulers.md:7	the red hall	->	An Talla Dearg	|	was three-and-twenty when the three crews came to the red hall. She gave the word that the c
CHANGE	eras/age_IV/appendices/A_rulers.md:15	the seven houses	->	Na Seachd Taighean	|	to the galleries as a boy. Chosen by the heads of the seven houses in the yard of the red hall i
CHANGE	eras/age_IV/appendices/A_rulers.md:15	the red hall	->	An Talla Dearg	|	n by the heads of the seven houses in the yard of the red hall in LE 182, when his younger b
CHANGE	eras/age_IV/appendices/A_rulers.md:17	the seven houses	->	Na Seachd Taighean	|	sixty, five-and-forty years crowned; the heads of the seven houses held the hall in his daughter
CHANGE	eras/age_IV/appendices/A_rulers.md:19	the red hall	->	An Talla Dearg	|	y, six-and-sixty years crowned, the longest reign the red hall had then seen.
CHANGE	eras/age_IV/appendices/A_rulers.md:25	the wood-watchers	->	Òrd Mhacha	|	te than any crowning in living memory. He took up the wood-watchers' rite of Macha and made it th
CHANGE	eras/age_IV/appendices/A_rulers.md:31	the seven houses	->	Na Seachd Taighean	|	even-and-eighty, one-and-fifty years crowned, and the seven houses held the hall in common while
CHANGE	eras/age_IV/appendices/A_rulers.md:33	the War of the Three Claimants	->	Cogadh nan Trì Tagraichean	|	of Tormod Bàn, born LE 526 at Inis thais. She won the War of the Three Claimants and was crowned in LE 562 at 
CHANGE	eras/age_IV/appendices/A_rulers.md:33	the ruling of the hearth	->	Riaghailt an Teallaich	|	irty. She bound every claimant, house and king by the ruling of the hearth, laid Rathad na Banrighinn in
CHANGE	eras/age_IV/appendices/A_rulers.md:35	the Book of the Three Claimants	->	Leabhar nan Trì Tagraichean	|	ithin a single day of his mother's burial. He had the Book of the Three Claimants read into the record and forb
CHANGE	eras/age_IV/appendices/A_rulers.md:43	the king-list	->	Clàr nan Rìghrean	|	inst the sea-thieves of the small islands and had the king-list recopied onto new hide in LE 
CHANGE	eras/age_IV/appendices/A_rulers.md:45	the seven houses	->	Na Seachd Taighean	|	alleries at Muileann chrom, born LE 790. Named by the seven houses after five years of sittings 
CHANGE	eras/age_IV/appendices/A_rulers.md:45	the vein-house	->	Taigh na Fèithe	|	 the seven houses after five years of sittings at the vein-house, and crowned at Cathair dhear
CHANGE	eras/age_IV/appendices/A_rulers.md:45	the vein-house	->	Taigh na Fèithe	|	 In LE 859 the crown was joined to the mastery of the vein-house, and from LE 865 the custody'
CHANGE	eras/age_IV/appendices/A_rulers.md:47	the king-list	->	Clàr nan Rìghrean	|	tion. The record gives no year for his death, and the king-list for the century and a half af
CHANGE	eras/age_IV/appendices/A_rulers.md:49	the seven houses	->	Na Seachd Taighean	|	 girl of Clann Raghnaill, born LE 1,000. Named by the seven houses on the death of the old king 
CHANGE	eras/age_IV/appendices/A_rulers.md:57	the Brothers' War	->	Cogadh nam Bràithrean	|	**Iain Ciar**, his son, born LE 1,240. He won the Brothers' War against his half-brother Alas
CHANGE	eras/age_IV/appendices/A_rulers.md:59	the ruling of the hearth	->	Riaghailt an Teallaich	|	ourt said so twice. She had the seven heads swear the ruling of the hearth afresh in LE 1,449.
CHANGE	eras/age_IV/appendices/A_rulers.md:63	the king-list	->	Clàr nan Rìghrean	|	dead within the year at forty, the shortest reign the king-list sets down. The custody-book d
CHANGE	eras/age_IV/appendices/A_rulers.md:63	The custody-book	->	Leabhar a' Chùraim	|	orty, the shortest reign the king-list sets down. The custody-book does not say what ailed him. 
CHANGE	eras/age_IV/appendices/A_rulers.md:65	the seven houses	->	Na Seachd Taighean	|	 her no death by war, no famine and no quarrel of the seven houses.
CHANGE	eras/age_IV/appendices/A_rulers.md:67	the custody-book	->	Leabhar a' Chùraim	|	n-and-fifty years crowned, the longest-lived king the custody-book had entered since the table o
CHANGE	eras/age_IV/appendices/A_rulers.md:67	the table of years	->	Clàr nam Bliadhnachan	|	est-lived king the custody-book had entered since the table of years; he told his daughter the las
CHANGE	eras/age_IV/appendices/A_rulers.md:67	the vein-house	->	Taigh na Fèithe	|	 night that he had never found the courage to ask the vein-house the forbidden question.
CHANGE	eras/age_IV/appendices/A_rulers.md:69	the vein-house	->	Taigh na Fèithe	|	d-twenty years crowned, she rode the coal-road to the vein-house for the winter burning, as sh
CHANGE	eras/age_IV/appendices/A_rulers.md:73	the seven houses	->	Na Seachd Taighean	|	winter after the queen went up, the custodians of the seven houses sat at the red hall in her pl
CHANGE	eras/age_IV/appendices/A_rulers.md:73	the red hall	->	An Talla Dearg	|	ent up, the custodians of the seven houses sat at the red hall in her place, sending their w
CHANGE	eras/age_IV/appendices/A_rulers.md:77	the vein-house	->	Taigh na Fèithe	|	The houses were made at the vein-house in LE 55, when a fifth of the
CHANGE	eras/age_IV/appendices/A_rulers.md:77	the vein-house	->	Taigh na Fèithe	|	for the galleries, and the bag hung on its peg in the vein-house hall for the rest of the age.
CHANGE	eras/age_IV/appendices/A_rulers.md:83	the ruling of the hearth	->	Riaghailt an Teallaich	|	ein**, its head, set her mark last and longest to the ruling of the hearth in LE 565 and knelt first to 
CHANGE	eras/age_IV/appendices/A_rulers.md:85	the vein-house	->	Taigh na Fèithe	|	ghnall Ruadh**, born LE 505, was chosen master of the vein-house in LE 540 over two men of lon
CHANGE	eras/age_IV/appendices/A_rulers.md:91	the second silver petition	->	Athchuingean an Airgid	|	*, born LE 1,720, sat on the council that refused the second silver petition and turned his own vote again
CHANGE	eras/age_IV/appendices/A_rulers.md:97	the vein-house	->	Taigh na Fèithe	|	ell in LE 560. From LE 859 the king was master of the vein-house, and the crown and the custod
CHANGE	eras/age_IV/appendices/A_rulers.md:99	the custody-book	->	Leabhar a' Chùraim	|	The scribes of the custody-book the record names are **Donnch
CHANGE	eras/age_IV/appendices/A_rulers.md:99	the vein-house	->	Taigh na Fèithe	|	 **Donnchadh mac Thormoid**, born LE 14, given to the vein-house at nine, maker of the fair co
CHANGE	eras/age_IV/appendices/A_rulers.md:99	the sunwise turn	->	An Diosal	|	ling of the coal at fifteen and of the count from the sunwise turn at thirty, who died at Muilea
CHANGE	eras/age_IV/appendices/A_rulers.md:99	the Diosal	->	An Diosal	|	air**, born LE 700, who settled the two counts of the Diosal with the crown's scribe **Mòr
CHANGE	eras/age_IV/appendices/A_rulers.md:103	the roll of the willing	->	Rolla nan Deònach	|	**Calum mac Nèill**, born FE 2,930, opened the roll of the willing in LE 2 and kept the boards s
CHANGE	eras/age_IV/appendices/A_rulers.md:107	the red hall	->	An Talla Dearg	|	9. **Seònaid nic Coinnich**, born LE 549, came to the red hall at seventeen from the charity
CHANGE	eras/age_IV/appendices/A_rulers.md:107	the Book of the Three Claimants	->	Leabhar nan Trì Tagraichean	|	served Catrìona Bhuadhach and Lachlann, and wrote the Book of the Three Claimants, finished in LE 624; she died
CHANGE	eras/age_IV/appendices/A_rulers.md:107	the account of the Brothers' War	->	Leabhar nam Bràithrean	|	at two-and-eighty. **Pàdraig mac Ruairidh** wrote the account of the Brothers' War in Iain Ciar's praise and die
CHANGE	eras/age_IV/appendices/B_faiths.md:3	The Old Faith	->	An Creideamh Sean	|	The Old Faith that the island kept at the o
CHANGE	eras/age_IV/appendices/B_faiths.md:3	the Sundering	->	a' Scaradh	|	 Old Faith that the island kept at the opening of the Sundering had no orders in it. There we
CHANGE	eras/age_IV/appendices/B_faiths.md:3	the druid schools	->	Scoiltean nan Draoidhean	|	sacred woods kept in common by whoever kept them, the druid schools with no ground of their own, 
CHANGE	eras/age_IV/appendices/B_faiths.md:3	the Small-Burning Law	->	Lagh an Loscaidh Bhig	|	ndful of coal burned at every lawful hearth under the Small-Burning Law. By the end of the age the sa
CHANGE	eras/age_IV/appendices/B_faiths.md:7	the Small-Burning Law	->	Lagh an Loscaidh Bhig	|	y the custody of the vein. Lagh an Loscaidh Bhig, the Small-Burning Law, measured to every hearth tha
CHANGE	eras/age_IV/appendices/B_faiths.md:7	the vein-house	->	Taigh na Fèithe	|	 of the household, and no more. The custodians of the vein-house above Muileann dhearg kept th
CHANGE	eras/age_IV/appendices/B_faiths.md:7	the custody-book	->	Leabhar a' Chùraim	|	 vein-house above Muileann dhearg kept the law in the custody-book and kept Crom's stone in the 
CHANGE	eras/age_IV/appendices/B_faiths.md:7	the seven houses	->	Na Seachd Taighean	|	sealed measure, a single household's season; when the seven houses were made in LE 55 and the ri
CHANGE	eras/age_IV/appendices/B_faiths.md:7	the ruling of the hearth	->	Riaghailt an Teallaich	|	 temple of the shires that stood against him, and the ruling of the hearth of LE 565 bound every claiman
CHANGE	eras/age_IV/appendices/B_faiths.md:7	the silver petition	->	Athchuingean an Airgid	|	ng to burn the coal for work rather than worship, the silver petition of Clann Choinnich, was refus
CHANGE	eras/age_IV/appendices/B_faiths.md:7	(appositive)	->	Lagh an Loscaidh Bhig	|	dropped the English gloss beside Lagh an Loscaidh Bhig
CHANGE	eras/age_IV/appendices/B_faiths.md:11	the Holy Age	->	An Aois Naomh	|	The dawn-hawk rite of the Holy Age was kept at Cnoc bheag by a s
CHANGE	eras/age_IV/appendices/B_faiths.md:11	the Hawk of Acaill	->	Seabhag Acaill	|	taught that the hawk of the rite was Mòd himself, the Hawk of Acaill, and that the vein under Muil
CHANGE	eras/age_IV/appendices/B_faiths.md:11	the Book of the Hawk	->	Leabhar an t-Seabhaig	|	sayings after her death as Leabhar an t-Seabhaig, the Book of the Hawk, marking every saying he had 
CHANGE	eras/age_IV/appendices/B_faiths.md:11	The Hawk	->	Òrd an t-Seabhaig	|	own mouth; the marked sayings outnumber the rest. The Hawk reached the south when the be
CHANGE	eras/age_IV/appendices/B_faiths.md:11	(appositive)	->	Leabhar an t-Seabhaig	|	dropped the English gloss beside Leabhar an t-Seabhaig
CHANGE	eras/age_IV/appendices/B_faiths.md:13	the Hawk	->	Òrd an t-Seabhaig	|	At the council of the Hawk at Cnoc bheag in LE 889 a you
CHANGE	eras/age_IV/appendices/B_faiths.md:13	the Fed Hawk	->	An Seabhag Biadhte	|	 a greater handful were named An Seabhag Biadhte, the Fed Hawk, and asked to keep their teac
CHANGE	eras/age_IV/appendices/B_faiths.md:13	the Hawk bay	->	Bàgh an t-Seabhaig	|	heag. They settled at the northern Seann Skell on the Hawk bay, where the priestess Beathag 
CHANGE	eras/age_IV/appendices/B_faiths.md:13	(appositive)	->	An Seabhag Biadhte	|	dropped the English gloss beside An Seabhag Biadhte
CHANGE	eras/age_IV/appendices/B_faiths.md:17	The druid schools	->	Scoiltean nan Draoidhean	|	The druid schools of Flidais, lady of the deer,
CHANGE	eras/age_IV/appendices/B_faiths.md:17	the holy wood	->	Coille Naomh Muileann chiar	|	ntil LE 479, when they took up the yearly walk of the holy wood at Muileann chiar, a processi
CHANGE	eras/age_IV/appendices/B_faiths.md:17	the seven houses	->	Na Seachd Taighean	|	vein answered best, was forbidden at every one of the seven houses' tables, the first time the h
CHANGE	eras/age_IV/appendices/B_faiths.md:17	table of years	->	Clàr nam Bliadhnachan	|	on at Inis mhòr in LE 769. Raghnall mac Chaluim's table of years at Dùn thais was forbidden in
CHANGE	eras/age_IV/appendices/B_faiths.md:19	the Holy Age	->	An Aois Naomh	|	The rival teaching of the Holy Age, that the vein answers labour
CHANGE	eras/age_IV/appendices/B_faiths.md:19	The vein-house	->	Taigh na Fèithe	|	woken at Doire chiar by Eilidh Dhubh from LE 460. The vein-house had some hundred of her tract
CHANGE	eras/age_IV/appendices/B_faiths.md:23	the wood-watchers	->	Òrd Mhacha	|	Macha's rite was the wood-watchers' rite of the moors, which kee
CHANGE	eras/age_IV/appendices/B_faiths.md:23	the red hall's	->	An Talla Dearg's	|	 his councillors' warning, and within a year half the red hall's household had taken it up wit
CHANGE	eras/age_IV/appendices/B_faiths.md:23	The sacred forest at Cnoc bheag	->	Coille Naomh Cnoc bheag	|	 Cathair dhearg without a quarrel fought over it. The sacred forest at Cnoc bheag, held in common since the Hol
CHANGE	eras/age_IV/appendices/B_faiths.md:23	the Holy Age	->	An Aois Naomh	|	sacred forest at Cnoc bheag, held in common since the Holy Age, passed to Macha's priests al
CHANGE	eras/age_IV/appendices/B_faiths.md:27	the Fianna	->	an Fhianna	|	ch cries out under the rightful, and its watchers the Fianna, sworn to keep the whole isla
CHANGE	eras/age_IV/appendices/B_faiths.md:27	the Fianna of the Stone	->	an Fhianna	|	and as a wolf keeps its range. His hearers became the Fianna of the Stone and raised the wolf-house, th
CHANGE	eras/age_IV/appendices/B_faiths.md:27	The Stone	->	Òrd na Cloiche	|	 an office in the order named after his teaching. The Stone and the Hawk both claimed the
CHANGE	eras/age_IV/appendices/B_faiths.md:27	the Hawk	->	Òrd an t-Seabhaig	|	the order named after his teaching. The Stone and the Hawk both claimed the harbour shri
CHANGE	eras/age_IV/appendices/B_faiths.md:27	The Fianna	->	An Fhianna	|	 the king's reeve divided its hours between them. The Fianna nursed the sick of Inis chrom
CHANGE	eras/age_IV/appendices/B_faiths.md:31	Manannan's order	->	Òrd Mhanannain	|	Manannan's order began on the quay of Seann Sk
CHANGE	eras/age_IV/appendices/B_faiths.md:31	Cup of Truth	->	Cupa na Fìrinne	|	ower was Manannan mac Lir, lord of the sea, whose Cup of Truth bears the yellow scorpion; th
CHANGE	eras/age_IV/appendices/B_faiths.md:31	the rite of the empty harbour	->	Deas-ghnàth a' Chalaidh Fhalaimh	|	. From LE 1,714 the priests said it on the day of the rite of the empty harbour as well, on the same stones, 
CHANGE	eras/age_IV/appendices/B_faiths.md:35	the Old Spirits	->	Na Seann Spioradan	|	The keepers of the Old Spirits, the faith of the hearths, ke
CHANGE	eras/age_IV/appendices/B_faiths.md:35	the custody-book	->	Leabhar a' Chùraim	|	 keepers cut the names again from memory and from the custody-book, owning in their roll that so
CHANGE	eras/age_IV/appendices/B_faiths.md:35	the Hollow Man	->	Marbh-bheò	|	high pastures after dark, for fear of Marbh-bheò, the Hollow Man of the old carvings, and a re
CHANGE	eras/age_IV/appendices/B_faiths.md:35	(appositive)	->	Marbh-bheò	|	dropped the English gloss beside Marbh-bheò
CHANGE	eras/age_IV/appendices/B_faiths.md:41	The night of lamps	->	Oidhche nan Lòchran	|	**The night of lamps.** On the evening before the 
CHANGE	eras/age_IV/appendices/B_faiths.md:43	the white sorrow	->	an Tùrsa Geal	|	**An Tùrsa Geal, the white sorrow.** Queen Beathag put on undye
CHANGE	eras/age_IV/appendices/B_faiths.md:45	The rite of the empty harbour	->	Deas-ghnàth a' Chalaidh Fhalaimh	|	**The rite of the empty harbour.** On the eve nearest the day
CHANGE	eras/age_IV/appendices/B_faiths.md:47	The headland watch	->	Faire a' Chinn	|	**The headland watch.** Faire a' Chinn was kept at
CHANGE	eras/age_IV/appendices/C_reckoning.md:3	the Age of Sundering	->	An Aois Scaraidh	|	In the Age of Sundering the island first numbered its
CHANGE	eras/age_IV/appendices/C_reckoning.md:3	the sunwise turn	->	An Diosal	|	ear the tidings of a far coast came to the quays; the sunwise turn fell in its fortieth year.
CHANGE	eras/age_IV/appendices/C_reckoning.md:7	The red hall	->	An Talla Dearg	|	 Dia-thìr numbered the years from any day at all. The red hall counted by reigns and by harv
CHANGE	eras/age_IV/appendices/C_reckoning.md:7	The custody-book	->	Leabhar a' Chùraim	|	good year for barley and a middling one for fish. The custody-book at the vein-house counted by 
CHANGE	eras/age_IV/appendices/C_reckoning.md:7	the vein-house	->	Taigh na Fèithe	|	 and a middling one for fish. The custody-book at the vein-house counted by burnings: a year w
CHANGE	eras/age_IV/appendices/C_reckoning.md:7	the vein-house	->	Taigh na Fèithe	|	 named, when it had to be named, by the master of the vein-house and the winter it fell in. Th
CHANGE	eras/age_IV/appendices/C_reckoning.md:7	The king-list	->	Clàr nan Rìghrean	|	ing, the sixth or seventh year of Niall's boards. The king-list gave the names of the kings i
CHANGE	eras/age_IV/appendices/C_reckoning.md:11	the vein-house	->	Taigh na Fèithe	|	e of the turn. Donnchadh mac Thormoid, a clerk of the vein-house, had entered the turn of the 
CHANGE	eras/age_IV/appendices/C_reckoning.md:11	the custody-book	->	Leabhar a' Chùraim	|	 vein-house, had entered the turn of the fleet in the custody-book at six-and-twenty, under a da
CHANGE	eras/age_IV/appendices/C_reckoning.md:11	the custody-book	->	Leabhar a' Chùraim	|	ne, he began to number the years from the turn as the custody-book entered it, and called them b
CHANGE	eras/age_IV/appendices/C_reckoning.md:11	the years of the Diosal	->	Bliadhnaichean an Diosail	|	ed it, and called them bliadhnaichean an Diosail, the years of the Diosal. *Diosal* is the island's wor
CHANGE	eras/age_IV/appendices/C_reckoning.md:11	the Diosal	->	An Diosal	|	he turn were counted backward, ron Diosal, before the Diosal. No one above him asked him t
CHANGE	eras/age_IV/appendices/C_reckoning.md:13	the red hall	->	An Talla Dearg	|	The crown's own scribes at the red hall took up the count about a gen
CHANGE	eras/age_IV/appendices/C_reckoning.md:13	the red hall	->	An Talla Dearg	|	as a clerk of thirty. From that time the rolls of the red hall, the custody-book and the har
CHANGE	eras/age_IV/appendices/C_reckoning.md:13	the custody-book	->	Leabhar a' Chùraim	|	thirty. From that time the rolls of the red hall, the custody-book and the harbour boards dated 
CHANGE	eras/age_IV/appendices/C_reckoning.md:13	the Diosal	->	An Diosal	|	ook and the harbour boards dated their entries by the Diosal, and the old reckoning by rei
CHANGE	eras/age_IV/appendices/C_reckoning.md:13	the king-list	->	Clàr nan Rìghrean	|	osal, and the old reckoning by reigns survived in the king-list alone.
CHANGE	eras/age_IV/appendices/C_reckoning.md:17	the Setting-Out	->	Am Falbh	|	The harbour scribe at Seann Skell had set the Setting-Out and the sunwise turn on one m
CHANGE	eras/age_IV/appendices/C_reckoning.md:17	the sunwise turn	->	An Diosal	|	scribe at Seann Skell had set the Setting-Out and the sunwise turn on one morning. The custody-b
CHANGE	eras/age_IV/appendices/C_reckoning.md:17	The custody-book	->	Leabhar a' Chùraim	|	 Setting-Out and the sunwise turn on one morning. The custody-book set the turn after the next S
CHANGE	eras/age_IV/appendices/C_reckoning.md:17	the vein-house	->	Taigh na Fèithe	|	le thing, counted from the year the ships sailed; the vein-house, following Donnchadh, counted
CHANGE	eras/age_IV/appendices/C_reckoning.md:17	the Hall at Dùn ìseal	->	Talla na Lasrach	|	 Both began each year at Samhain, by the moon, as the Hall at Dùn ìseal had done before the vein-hous
CHANGE	eras/age_IV/appendices/C_reckoning.md:17	the vein-house	->	Taigh na Fèithe	|	he moon, as the Hall at Dùn ìseal had done before the vein-house; so the sailing and the turn 
CHANGE	eras/age_IV/appendices/C_reckoning.md:19	the red hall's	->	An Talla Dearg's	|	nts did not agree. Mòrag nic Ìomhair, a scribe of the red hall's own household, rode the thirt
CHANGE	eras/age_IV/appendices/C_reckoning.md:19	the vein-house	->	Taigh na Fèithe	|	ll's own household, rode the thirty-nine miles to the vein-house with the crown's leaves, and 
CHANGE	eras/age_IV/appendices/C_reckoning.md:19	the custody-book	->	Leabhar a' Chùraim	|	th the crown's leaves, and the master granted her the custody-book for as many days as the matte
CHANGE	eras/age_IV/appendices/C_reckoning.md:19	the vein-house	->	Taigh na Fèithe	|	book for as many days as the matter took. She and the vein-house scribe Eòghann mac Pheadair w
CHANGE	eras/age_IV/appendices/C_reckoning.md:19	the vein-house	->	Taigh na Fèithe	|	ffice had erred, or whether either had. In LE 739 the vein-house took the crown's count for th
CHANGE	eras/age_IV/appendices/C_reckoning.md:19	the vein-house's	->	Taigh na Fèithe's	|	go forward, since it touched more households than the vein-house's own, and Eòghann wrote the ve
CHANGE	eras/age_IV/appendices/C_reckoning.md:19	the vein-house's	->	Taigh na Fèithe's	|	olds than the vein-house's own, and Eòghann wrote the vein-house's agreement to it in his own ha
CHANGE	eras/age_IV/appendices/C_reckoning.md:19	the custody-book	->	Leabhar a' Chùraim	|	 scribe's office mark under that. A later hand in the custody-book adds that the scribes afterwa
CHANGE	eras/age_IV/appendices/C_reckoning.md:19	the rite of the empty harbour	->	Deas-ghnàth a' Chalaidh Fhalaimh	|	y on which every harbour of the coast should keep the rite of the empty harbour, which the two counts had pla
CHANGE	eras/age_IV/appendices/C_reckoning.md:23	the Diosal	->	An Diosal	|	By the settled count the thousandth year of the Diosal fell in LE 1,039. The seven h
CHANGE	eras/age_IV/appendices/C_reckoning.md:23	The seven houses	->	Na Seachd Taighean	|	e thousandth year of the Diosal fell in LE 1,039. The seven houses asked Queen Mòrag Ruadh wheth
CHANGE	eras/age_IV/appendices/C_reckoning.md:23	the vein-house's	->	Taigh na Fèithe's	|	r own book gives the cost of the coal reckoned to the vein-house's weights and, beneath it, five
CHANGE	eras/age_IV/appendices/C_reckoning.md:27	The custody-book	->	Leabhar a' Chùraim	|	 a debt of ten nights fell due at the tenth dusk. The custody-book calls this reckoning cunntas 
CHANGE	eras/age_IV/appendices/C_reckoning.md:31	the Holy Age	->	An Aois Naomh	|	ain should not come before the summer was out. In the Holy Age the Hall at Dùn ìseal declare
CHANGE	eras/age_IV/appendices/C_reckoning.md:31	the Hall at Dùn ìseal	->	Talla na Lasrach	|	t come before the summer was out. In the Holy Age the Hall at Dùn ìseal declared the between-moon; in
CHANGE	eras/age_IV/appendices/C_reckoning.md:31	the vein-house	->	Taigh na Fèithe	|	 Dùn ìseal declared the between-moon; in this age the vein-house declared it, and entered the 
CHANGE	eras/age_IV/appendices/C_reckoning.md:53	the red hall	->	An Talla Dearg	|	An entry of the red hall in the second half of the age
CHANGE	eras/age_IV/appendices/C_reckoning.md:53	the Diosal	->	An Diosal	|	the second half of the age opens with the year of the Diosal and the moon, and, when the d
CHANGE	eras/age_IV/appendices/C_reckoning.md:53	The custody-book	->	Leabhar a' Chùraim	|	n stands beside it only at a crowning or a death. The custody-book, being older in its habits, s
CHANGE	eras/age_IV/appendices/C_reckoning.md:53	the Diosal	->	An Diosal	|	its habits, set the burning of the year first and the Diosal year after it. The harbour bo
CHANGE	eras/age_IV/appendices/C_reckoning.md:53	The king-list	->	Clàr nan Rìghrean	|	 the tide, and in the last centuries little else. The king-list, recopied onto new hide in LE
CHANGE	eras/age_IV/appendices/C_reckoning.md:53	the Choosing	->	An Roghnachadh	|	ied onto new hide in LE 829, set its beginning at the Choosing rather than at the sailing an
CHANGE	eras/age_IV/appendices/C_reckoning.md:53	the Diosal	->	An Diosal	|	ng rather than at the sailing and gave each ruler the Diosal years of the reign, the first
CHANGE	eras/age_IV/appendices/C_reckoning.md:53	The table of years	->	Clàr nam Bliadhnachan	|	trìona, the years were kept and the name was not. The table of years that Raghnall mac Chaluim set
CHANGE	eras/age_IV/appendices/C_reckoning.md:53	the vein-house's	->	Taigh na Fèithe's	|	pied in LE 1,219, and its working copy entered in the vein-house's inventory as one line among t
CHANGE	eras/age_IV/appendices/C_reckoning.md:53	the lot-stones	->	Clachan a' Chrannchuir	|	e's inventory as one line among the galleries and the lot-stones.
CHANGE	eras/age_IV/appendices/C_reckoning.md:57	the rite of the empty harbour	->	Deas-ghnàth a' Chalaidh Fhalaimh	|	Là an Diosail, the day of the rite of the empty harbour, is the one day of the year t
CHANGE	eras/age_IV/appendices/D_wars.md:3	The Age of Sundering	->	An Aois Scaraidh	|	The Age of Sundering was, for most of its length, 
CHANGE	eras/age_IV/appendices/D_wars.md:3	the seven houses	->	Na Seachd Taighean	|	down no death by war, no famine and no quarrel of the seven houses. Its wars were two, both over
CHANGE	eras/age_IV/appendices/D_wars.md:3	the custody-book	->	Leabhar a' Chùraim	|	e rest in tables, with the numbers of the dead as the custody-book and the harbour rolls give th
CHANGE	eras/age_IV/appendices/D_wars.md:3	the harbour rolls	->	Rolla a' Chalaidh	|	h the numbers of the dead as the custody-book and the harbour rolls give them. Where the rolls gi
CHANGE	eras/age_IV/appendices/D_wars.md:7	the vein-house	->	Taigh na Fèithe	|	the fourth year after the ferry the custodians of the vein-house were reckoning openly who sto
CHANGE	eras/age_IV/appendices/D_wars.md:7	the vein-house	->	Taigh na Fèithe	|	ad of Clann Raghnaill and, from LE 540, master of the vein-house. When Tormod Bàn died in LE 5
CHANGE	eras/age_IV/appendices/D_wars.md:7	the seven houses	->	Na Seachd Taighean	|	en Tormod Bàn died in LE 547 at seven-and-eighty, the seven houses could agree on none of the th
CHANGE	eras/age_IV/appendices/D_wars.md:7	the red hall	->	An Talla Dearg	|	 houses could agree on none of the three and held the red hall in common.
CHANGE	eras/age_IV/appendices/D_wars.md:9	the custody-book	->	Leabhar a' Chùraim	|	hean and broke Raghnall Ruadh's camp at the ford; the custody-book counts some three hundred dea
CHANGE	eras/age_IV/appendices/D_wars.md:11	The siege of Cathair dhomhain	->	Sèist Cathair dhomhain	|	**The siege of Cathair dhomhain.** The city had declared for 
CHANGE	eras/age_IV/appendices/D_wars.md:13	the vein-house	->	Taigh na Fèithe	|	rths refused.** In LE 558 Raghnall Ruadh, holding the vein-house, handed the store-master Eògh
CHANGE	eras/age_IV/appendices/D_wars.md:15	the vein-house	->	Taigh na Fèithe	|	t morning his own custodians struck the seal from the vein-house store without waiting to be t
CHANGE	eras/age_IV/appendices/D_wars.md:15	the vein-house	->	Taigh na Fèithe	|	 and called Catrìona Bhuadhach, and in LE 565, in the vein-house yard, she and the seven heads
CHANGE	eras/age_IV/appendices/D_wars.md:15	the ruling of the hearth	->	Riaghailt an Teallaich	|	 vein-house yard, she and the seven heads drafted the ruling of the hearth, binding every claimant, hous
CHANGE	eras/age_IV/appendices/D_wars.md:15	the Book of the Three Claimants	->	Leabhar nan Trì Tagraichean	|	arity of Cathair mhòr, wrote the war's history as the Book of the Three Claimants, finished in LE 624.
CHANGE	eras/age_IV/appendices/D_wars.md:19	The harbour rolls	->	Rolla a' Chalaidh	|	 their grain, wearing no mark and hiding no face. The harbour rolls of LE 784 named among them a 
CHANGE	eras/age_IV/appendices/D_wars.md:23	the red hall's	->	An Talla Dearg's	|	y the parent who raised him that he was the heir; the red hall's clerks left a blank on the bu
CHANGE	eras/age_IV/appendices/D_wars.md:23	the red hall's	->	An Talla Dearg's	|	 a messenger of Alasdair Bàn's was turned back at the red hall's gate at the feast of Bealltac
CHANGE	eras/age_IV/appendices/D_wars.md:23	the seven houses	->	Na Seachd Taighean	|	seized Cnoc naomh and Iain Ciar took it back, and the seven houses divided four to three. Both h
CHANGE	eras/age_IV/appendices/D_wars.md:29	the trial hull	->	An Fhaoileag	|	| 6 | off Ros àrsaidh | the trial hull An Fhaoileag lies down in a f
CHANGE	eras/age_IV/appendices/D_wars.md:45	the Fianna of the Stone	->	An Fhianna	|	 | Inis chrom | a spotted fever kills some forty; the Fianna of the Stone nurse the sick and many of th
CHANGE	eras/age_IV/appendices/D_wars.md:63	the stone of the fourteen names	->	Clach nan Ceithir Ainmean Deug	|	dians; the gallery closed with the dead in it and the stone of the fourteen names set at its mouth |
CHANGE	eras/age_IV/appendices/D_wars.md:72	the vein-house	->	Taigh na Fèithe	|	| some hundred of Eilidh Dhubh's tracts burned in the vein-house yard, by order |
CHANGE	eras/age_IV/appendices/E_forgotten.md:3	the Sundering	->	a' Scaradh	|	ve the sight of land is an age of forgetting, and the Sundering forgot more than most. It did
CHANGE	eras/age_IV/appendices/E_forgotten.md:7	the Stone Kings	->	Rìghrean na Cloiche	|	he old tellers of the west said that the boats of the Stone Kings had been built on a spine of 
CHANGE	eras/age_IV/appendices/E_forgotten.md:9	the second hull	->	An Dara Fhaoileag	|	 on the strand, fuller and hollow in the bow, and the second hull, An Dara Fhaoileag, was built
CHANGE	eras/age_IV/appendices/E_forgotten.md:9	(appositive)	->	An Dara Fhaoileag	|	dropped the English gloss beside An Dara Fhaoileag
CHANGE	eras/age_IV/appendices/E_forgotten.md:15	The keel-song	->	Òran na Druime	|	**The keel-song.** What the island kept of th
CHANGE	eras/age_IV/appendices/E_forgotten.md:22	the vein-house	->	Taigh na Fèithe	|	 no tongue or hand they knew. Her tablets went to the vein-house at her death, where the clerk
CHANGE	eras/age_IV/appendices/E_forgotten.md:26	the steering star	->	Reul na Stiùire	|	the headland above the town the wheel of the sky, the steering star Reul na Stiùire and the three
CHANGE	eras/age_IV/appendices/E_forgotten.md:26	the vein-house's	->	Taigh na Fèithe's	|	ater under starlight when a swell is building. At the vein-house's asking he had his granddaught
CHANGE	eras/age_IV/appendices/E_forgotten.md:44	the red hall	->	An Talla Dearg	|	armer and a grain-seller come near to blows below the red hall over the true size of a baske
CHANGE	eras/age_IV/appendices/E_forgotten.md:46	the market charter of Cathair fhada	->	Cairt Mhargaidh Cathair fhada	|	tally-house in every royal granary in LE 284, and the market charter of Cathair fhada three years later was the fir
CHANGE	eras/age_IV/appendices/E_forgotten.md:52	the Yellow Lion	->	An Leòmhann Buidhe	|	ffalo before the roof was on. An Leòmhann Buidhe, the Yellow Lion, on the northern mining road,
CHANGE	eras/age_IV/appendices/E_forgotten.md:52	(appositive)	->	An Leòmhann Buidhe	|	dropped the English gloss beside An Leòmhann Buidhe
CHANGE	eras/age_IV/appendices/E_forgotten.md:56	The keel-song	->	Òran na Druime	|	pied fair by Beathag nic Thòmais and none chosen. The keel-song was sung on the walk at Cuan 
LEFT	eras/age_IV/annals/age_IV_04.json:EIV-2502.title	the count of the Diosal	(no "the" before it)	|	Donnchadh's private count of the Diosal
LEFT	eras/age_IV/annals/age_IV_04.json:EIV-2521.body	the vein-house	(no "the" before it)	|	At a vein-house sitting called for another matter, Donn
LEFT	eras/age_IV/annals/age_IV_05.json:EIV-3014.body	the lot-stones	(no "the" before it)	|	Old Donnchadh takes the bag of lot-stones down from its peg to let a grandson of 
LEFT	eras/age_IV/annals/age_IV_05.json:EIV-3029.body	the seven houses of custody	(no "the" before it)	|	d of his line, riders carry word to all seven houses of custody that their heads are summoned to Cathai
LEFT	eras/age_IV/annals/age_IV_06.json:EIV-3514.body	the bridge at Cathair dhearg	(no "the" before it)	|	en Sìleas rides down to see the widened bridge at Cathair dhearg finished, forty-six years old, with her
LEFT	eras/age_IV/annals/age_IV_07.json:EIV-4032.body	the vein-house	(no "the" before it)	|	o men of longer service, judging that a vein-house that may soon answer to no clear crown 
LEFT	eras/age_IV/annals/age_IV_09.json:EIV-5028.body	the house of disputation	(no "the" before it)	|	rth country talk to the vein-house of a house of disputation newly founded at Inis mhòr, whose first
LEFT	eras/age_IV/annals/age_IV_09.json:EIV-5047.body	the king-list	(no "the" before it)	|	bes at Cathair dhearg take down the old king-list from its resting place and copy it afre
LEFT	eras/age_IV/annals/age_IV_10.json:EIV-5501.body	the lot-stones	(no "the" before it)	|	 the succession among the galleries and lot-stones rather than under the house of Catrìona
LEFT	eras/age_IV/annals/age_IV_11.json:EIV-6005.body	the house of disputation	(no "the" before it)	|	the boy's father the child belongs at a house of disputation. Raghnall mac Chaluim, fourteen years o
LEFT	eras/age_IV/annals/age_IV_11.json:EIV-6028.body	the account of the Brothers' War	(no "the" before it)	|	Gathering material for his account of the Brothers' War, the king's clerk Pàdraig mac Ruairidh 
LEFT	eras/age_IV/annals/age_IV_11.json:EIV-6039.body	the vein-house	(no "the" before it)	|	half knows already; an old harper and a vein-house clerk each say the words fit no tongue 
LEFT	eras/age_IV/annals/age_IV_12.json:EIV-6529.title	the vein-house	(no "the" before it)	|	A vein-house clerk finds a lost ruling in the loft
LEFT	eras/age_IV/annals/age_IV_12.json:EIV-6551.body	the count of hands	(no "the" before it)	|	At the last count of hands the custodians grant a house whose shar
LEFT	eras/age_IV/annals/age_IV_12.json:EIV-6552.body	the count of hands	(no "the" before it)	|	stody-book's clerk notes under the last count of hands, in the dry hand kept since Donnchadh's
LEFT	eras/age_IV/annals/age_IV_12.json:EIV-6553.body	the headland watch	(no "the" before it)	|	the empty water off Ceann mhòr's lapsed headland watch find a worked timber cast up, longer th
LEFT	eras/age_IV/book/07_of_the_handful_for_the_new_hearth.md:44	the Law	(no "the" before it)	|	y we let them go cold out of pride in a Law that was never made to be proud of anyt
LEFT	eras/age_IV/book/07_of_the_handful_for_the_new_hearth.md:74	the Law	(no "the" before it)	|	hough they answered to no ruling and no Law, because it seemed to him, turning fift
LEFT	eras/age_IV/book/11_of_the_white_sorrow.md:11	the thinning	(no "the" before it)	|	r blood ran in it. The strength was not thinning in the departed's children, on his reck
LEFT	eras/age_IV/book/11_of_the_white_sorrow.md:17	the custody-book	(no "the" before it)	|	less far and to fewer households, for a custody-book is not a thing that passes mouth to mou
LEFT	eras/age_IV/book/11_of_the_white_sorrow.md:21	the thinning	(no "the" before it)	|	 as it had always measured, and if some thinning was at work upon the children of the de
LEFT	eras/age_IV/book/11_of_the_white_sorrow.md:37	the vein-house	(no "the" before it)	|	e. It asked no priest to keep it and no vein-house to license it. A household that had nev
LEFT	eras/age_IV/book/11_of_the_white_sorrow.md:43	the Law	(no "the" before it)	|	led for another matter entirely, that a Law built for the numbers of the old appren
LEFT	eras/age_IV/book/11_of_the_white_sorrow.md:47	the Law	(no "the" before it)	|	long and with some bitterness against a Law that would fold his household's right i
LEFT	eras/age_IV/book/13_of_the_moulds_in_the_fire.md:70	the lot-stones	(no "the" before it)	|	 it in the red hall's rolls. The bag of lot-stones hung where it had hung since the drawin
LEFT	eras/age_IV/book/14_of_the_king_the_houses_made.md:37	the Keepers	(no "the" before it)	|	 house had given most of the Holy Age's Keepers, who said, after a further silence, tha
LEFT	eras/age_IV/book/14_of_the_king_the_houses_made.md:45	the seven houses	(no "the" before it)	|	dy-book's own memory set on the hall by seven houses standing in a cold yard until their sil
LEFT	eras/age_IV/book/15_of_the_hawk_of_acaill.md:35	the vein-house	(no "the" before it)	|	 keeping the measure, in a mews or at a vein-house both, was a watching that wanted doing 
LEFT	eras/age_IV/book/17_of_carson_an_lamh_seo.md:15	the vein-house	(no "the" before it)	|	 time the complaint came round again: a vein-house steward at a naming feast saying the sa
LEFT	eras/age_IV/book/17_of_carson_an_lamh_seo.md:55	the seven houses	(no "the" before it)	|	had broken by asking it: a silence with seven houses behind it now instead of one old habit 
LEFT	eras/age_IV/book/19_of_the_stone_that_cries_out_and_the_two_horses.md:9	the wolf-sworn	(no "the" before it)	|	alf forgotten, who had sworn themselves wolf-sworn on a carved stone at another town's gat
LEFT	eras/age_IV/book/19_of_the_stone_that_cries_out_and_the_two_horses.md:11	the wolf-sworn	(no "the" before it)	|	d it kept a household still under oath, wolf-sworn still, whatever the wolf they had first
LEFT	eras/age_IV/book/19_of_the_stone_that_cries_out_and_the_two_horses.md:57	the wood-watchers	(no "the" before it)	|	rite to see over the heads of the grown wood-watchers, and asking why there were two horses a
LEFT	eras/age_IV/book/20_of_the_burned_tracts.md:36	the custody-book	(no "the" before it)	|	Holy Age by more claimants than any one custody-book had ever troubled to name in full, pass
LEFT	eras/age_IV/book/20_of_the_burned_tracts.md:38	the holy wood	(no "the" before it)	|	the keeping of {{place:burg:355}}'s own holy wood, Flidais's wood, walking its bounds onc
LEFT	eras/age_IV/book/21_of_the_ferry_on_the_abhainn_fhionn.md:73	the vein-house	(no "the" before it)	|	them put it to a colleague afterward, a vein-house that might soon answer to no clear crow
LEFT	eras/age_IV/book/21_of_the_ferry_on_the_abhainn_fhionn.md:77	the red hall	(no "the" before it)	|	whatever they were growing into, from a red hall grown quieter each year, and did what a
LEFT	eras/age_IV/book/23_of_the_hearths_refused.md:21	the Lord	(no "the" before it)	|	"Lord," he said, and did not know how to go o
LEFT	eras/age_IV/book/23_of_the_hearths_refused.md:82	the cold hearths	(no "the" before it)	|	hat a claim which had to be enforced by cold hearths was no longer only a quarrel among thre
LEFT	eras/age_IV/book/24_of_catriona_bhuadhach.md:15	the cold hearths	(no "the" before it)	|	 had mattered, that a crown enforced by cold hearths was a crown that belonged to no house a
LEFT	eras/age_IV/book/27_of_the_bargain_of_the_counts.md:54	the house of disputation	(no "the" before it)	|	ted more than agreement and asked, in a house of disputation the pupils of Dùn thais had founded the
LEFT	eras/age_IV/book/28_of_the_sea_thieves_strand.md:25	the thinning	(no "the" before it)	|	ited a quiet post in was a town visibly thinning under his own eyes, the way a fire some
LEFT	eras/age_IV/book/28_of_the_sea_thieves_strand.md:37	the thinning	(no "the" before it)	|	to weigh, and a reeve's petition from a thinning shore on the far side of the island was
LEFT	eras/age_IV/book/28_of_the_sea_thieves_strand.md:57	the thinning	(no "the" before it)	|	to the crown as thinly held and further thinning would travel no faster than the last on
LEFT	eras/age_IV/book/28_of_the_sea_thieves_strand.md:63	the king-list	(no "the" before it)	|	 at {{place:burg:19}} took down the old king-list from its resting place and copied it af
LEFT	eras/age_IV/book/28_of_the_sea_thieves_strand.md:69	the thinning	(no "the" before it)	|	s and the boundary leaves and the long, thinning column of households each in its own pl
LEFT	eras/age_IV/book/29_of_the_crown_joined_to_the_vein.md:12	the red hall	(no "the" before it)	|	 old, on {{date:III-0136}}, in the same red hall she had been crowned in at eighteen, an
LEFT	eras/age_IV/book/29_of_the_crown_joined_to_the_vein.md:58	the red hall	(no "the" before it)	|	tood before the seven heads in the same red hall Dòmhnall Ruadh's own house had once ent
LEFT	eras/age_IV/book/31_of_the_thousandth_year.md:31	the count of the Diosal	(no "the" before it)	|	The vein-house's own count of the Diosal, kept without a break of a single year 
LEFT	eras/age_IV/book/32_of_the_swallowing_cough.md:9	the wood-watchers	(no "the" before it)	|	 that same week, and priests of Macha's wood-watchers to sit with the dying where the town's 
LEFT	eras/age_IV/book/32_of_the_swallowing_cough.md:59	the red hall	(no "the" before it)	|	 nine-and-eighty years old, in the same red hall where she had sat at her own mother's r
LEFT	eras/age_IV/book/33_of_the_table_of_years.md:32	the house of disputation	(no "the" before it)	|	 on counting things twice belonged at a house of disputation and not on a hillside among the sheep. 
LEFT	eras/age_IV/book/33_of_the_table_of_years.md:52	the table of years	(no "the" before it)	|	d coal burned, Clàr nam Bliadhnachan, a table of years, forbidden to be copied, kept. No custo
LEFT	eras/age_IV/book/33_of_the_table_of_years.md:64	the wolf-sworn	(no "the" before it)	|	side on the same leaf, dawn-hawk beside wolf-sworn, Manannan's sworn beside the wood-watch
LEFT	eras/age_IV/book/33_of_the_table_of_years.md:70	the table of years	(no "the" before it)	|	 years before: Clàr nam Bliadhnachan, a table of years, forbidden to be copied, kept. The cust
LEFT	eras/age_IV/book/34_of_the_brothers_peace.md:13	the four houses	(no "the" before it)	|	 called up every man their own three or four houses owed them, and set every road between t
LEFT	eras/age_IV/book/34_of_the_brothers_peace.md:45	the account of the Brothers' War	(no "the" before it)	|	rn to praise him on, and it is the only account of the Brothers' War that survives whole to be read by anyon
LEFT	eras/age_IV/book/36_of_the_queen_who_went_round.md:11	the oath of the seven	(no "the" before it)	|	de it had travelled in the last time an oath of the seven was sworn, and it went back up the same
LEFT	eras/age_IV/book/36_of_the_queen_who_went_round.md:45	the custody-book	(no "the" before it)	|	 the first such asking the vein-house's custody-book had ever recorded, for the coal until t
LEFT	eras/age_IV/book/36_of_the_queen_who_went_round.md:49	the custody-book	(no "the" before it)	|	longer than the vein-house's own oldest custody-book could account for and that died, when t
LEFT	eras/age_IV/book/37_of_the_loft_over_the_mill.md:21	the vein-house	(no "the" before it)	|	eyond "keeping what's going begging." A vein-house clerk riding through on the crown's bus
LEFT	eras/age_IV/book/38_of_the_queens_progress.md:9	the custody-book	(no "the" before it)	|	ght this a harbour-master's own kind of custody-book, kept in stone instead of hide, and sai
LEFT	eras/age_IV/book/38_of_the_queens_progress.md:13	the house of disputation	(no "the" before it)	|	stion with edges sharp enough to fill a house of disputation for as long as anyone cared to keep arg
LEFT	eras/age_IV/book/38_of_the_queens_progress.md:15	the holy wood	(no "the" before it)	|	ng on a stick cut from the school's own holy wood, whether he thought the coal question w
LEFT	eras/age_IV/book/38_of_the_queens_progress.md:15	the house of disputation	(no "the" before it)	|	t; it was answers, not subjects, that a house of disputation was built to go without. Gormshuil thou
LEFT	eras/age_IV/book/38_of_the_queens_progress.md:31	the custody-book	(no "the" before it)	|	pared, though the custody-book, being a custody-book, kept the dues and let the wine go unto
LEFT	eras/age_IV/book/39_of_the_eleven_and_the_thinning_mist.md:7	the vein-house	(no "the" before it)	|	iosail was not the custody-book, and no vein-house clerk had ever asked to read it, but it
LEFT	eras/age_IV/book/39_of_the_eleven_and_the_thinning_mist.md:33	the seven houses	(no "the" before it)	|	 rolls might go on calling it, and that seven houses sitting at one board with no voice amon
LEFT	eras/age_IV/book/39_of_the_eleven_and_the_thinning_mist.md:35	the custody-book	(no "the" before it)	|	ame near enough to the vein-house's own custody-book that no clerk in any hall would need th
LEFT	eras/age_IV/book/39_of_the_eleven_and_the_thinning_mist.md:57	the custody-book	(no "the" before it)	|	o see it. And from the vein-house's own custody-book, which notes, in the same dry hand that
LEFT	eras/age_IV/gazetteer/01_the_west_coast_and_the_capital.json:489.history	the rite of the empty harbour	(no "the" before it)	|	en people stood on the quay at the last rite of the empty harbour the age records, and the harbour scribe
LEFT	eras/age_IV/gazetteer/02_the_north_and_the_north_west.json:17.history	the house of disputation	(no "the" before it)	|	o answer. Pupils of Dùn thais founded a house of disputation here in LE 769, the question of the vei
LEFT	eras/age_IV/gazetteer/04_the_north_east_and_the_east.json:136.history	the vein-house	(no "the" before it)	|	he day the grant was read, with a young vein-house scribe, Eòghann mac Pheadair, standing 
LEFT	eras/age_IV/gazetteer/07_the_lesser_towns.json:505.history	the vein-house	(no "the" before it)	|	ery the others answered to, and the old vein-house scribe Eòghann mac Pheadair was carried
LEFT	eras/age_IV/appendices/A_rulers.md:3	the vein-house	(no "the" before it)	|	r kept one crown at Cathair dhearg, one vein-house above Muileann dhearg, and between them
LEFT	eras/age_IV/appendices/A_rulers.md:3	the seven houses of custody	(no "the" before it)	|	above Muileann dhearg, and between them seven houses of custody that answered to both and were, for mos
LEFT	eras/age_IV/appendices/A_rulers.md:39	the king-list	(no "the" before it)	|	-and-thirty years crowned. The recopied king-list keeps the years and has lost the name.
LEFT	eras/age_IV/appendices/A_rulers.md:61	the count of hands	(no "the" before it)	|	and in all of them, entered the smaller count of hands of LE 1,539 without a word, and preside
LEFT	eras/age_IV/appendices/A_rulers.md:61	the silver petition	(no "the" before it)	|	ided when the council refused the first silver petition in LE 1,559.
LEFT	eras/age_IV/appendices/A_rulers.md:89	the silver petition	(no "the" before it)	|	 chiar, and the house brought the first silver petition in LE 1,558 and the second in LE 1,776;
LEFT	eras/age_IV/appendices/A_rulers.md:93	the count of hands	(no "the" before it)	|	By the last count of hands in LE 1,791 three of the seven held mor
LEFT	eras/age_IV/appendices/A_rulers.md:103	the rite of the empty harbour	(no "the" before it)	|	the age, counted the eleven at the last rite of the empty harbour, and wrote the number, the weather and 
LEFT	eras/age_IV/appendices/B_faiths.md:7	the count of hands	(no "the" before it)	|	 a neighbour's unused right at the last count of hands. It was broken in LE 558, when Raghnall
LEFT	eras/age_IV/appendices/B_faiths.md:17	the house of disputation	(no "the" before it)	|	d. Pupils of Dùn thais founded a second house of disputation at Inis mhòr in LE 769. Raghnall mac Ch
LEFT	eras/age_IV/appendices/C_reckoning.md:11	the Diosal	(no "the" before it)	|	ore the turn were counted backward, ron Diosal, before the Diosal. No one above him as
LEFT	eras/age_IV/appendices/C_reckoning.md:19	the Diosal	(no "the" before it)	|	ain of it. From that year there was one Diosal count on Dia-thìr, and it followed the 
LEFT	eras/age_IV/appendices/C_reckoning.md:53	the king-list	(no "the" before it)	|	he Diosal years of the reign, the first king-list on the island to measure the distance b
LEFT	eras/age_IV/appendices/E_forgotten.md:22	the vein-house	(no "the" before it)	|	's hall in LE 1,391, and a harper and a vein-house clerk each said the words fitted no ton
# run 2026-09-26 02:07: 363 changes, 51 left
CHANGE	eras/age_IV/events/01.json:$.title	the red hall	->	An Talla Dearg	|	The Cuan shean crew heard in the red hall
CHANGE	eras/age_IV/events/01.json:$.title	the red hall	->	An Talla Dearg	|	The Ros bheag crew heard in the red hall
CHANGE	eras/age_IV/events/01.json:$.title	the red hall	->	An Talla Dearg	|	The Ceann mhòr crew heard in the red hall
CHANGE	eras/age_IV/events/01.json:$.summary	the red hall	->	An Talla Dearg	|	on nothing else. The leaf is kept in the chest of the red hall.
CHANGE	eras/age_IV/events/01.json:$.summary	the red hall	->	An Talla Dearg	|	At the lower board of the red hall the queen's sister Mòrag nic 
CHANGE	eras/age_IV/events/01.json:$.summary	the vein-house	->	Taigh na Fèithe	|	ngs, comes down to Cathair dhearg on an errand of the vein-house and asks to hear the three te
CHANGE	eras/age_IV/events/01.json:$.summary	the red hall	->	An Talla Dearg	|	sister walk the Cuan shean skipper to the gate of the red hall and look down the river road 
CHANGE	eras/age_IV/events/01.json:$.summary	The red hall's	->	An Talla Dearg's	|	The red hall's rolls enter the first year of
CHANGE	eras/age_IV/events/02.json:$.summary	the harbour-house of Seann Skell	->	Taigh a' Chalaidh	|	h a fisher of Inis àrsaidh and his wife come into the harbour-house of Seann Skell and ask to be written down as
CHANGE	eras/age_IV/events/02.json:$.summary	the vein-house	->	Taigh na Fèithe	|	will write a household whole or not at all, since the vein-house measures the handful to the h
CHANGE	eras/age_IV/events/02.json:$.title	The vein-house	->	Taigh na Fèithe	|	The vein-house sends to read the roll
CHANGE	eras/age_IV/events/02.json:$.summary	the roll of the willing	->	Rolla nan Deònach	|	A custodian's servant comes by night to read the roll of the willing and ask how many households o
CHANGE	eras/age_IV/events/03.json:$.summary	the vein-house	->	Taigh na Fèithe	|	 Seann Skell and every harbour of the west and to the vein-house: the crown will send no one a
CHANGE	eras/age_IV/events/03.json:$.summary	the vein-house	->	Taigh na Fèithe	|	Through the winter the custodians at the vein-house argue whether the right to th
CHANGE	eras/age_IV/events/03.json:$.title	the vein-house	->	Taigh na Fèithe	|	The roll copied for the vein-house
CHANGE	eras/age_IV/events/03.json:$.summary	the roll of the willing	->	Rolla nan Deònach	|	The harbour scribe's son copies the roll of the willing onto skin, with a flame-mark 
CHANGE	eras/age_IV/events/03.json:$.summary	the vein-house	->	Taigh na Fèithe	|	ght to the coal, and sends it up the coal-road to the vein-house.
CHANGE	eras/age_IV/events/03.json:$.summary	the vein-house	->	Taigh na Fèithe	|	In the moon of Lùghnas the custodians of the vein-house sit at the long table with th
CHANGE	eras/age_IV/events/03.json:$.summary	the custody-book	->	Leabhar a' Chùraim	|	e long table with the copied roll on one side and the custody-book on the other, and count heart
CHANGE	eras/age_IV/events/04.json:$.summary	the vein-house	->	Taigh na Fèithe	|	nd themselves into one fellowship. A custodian of the vein-house swears their apprentices over
CHANGE	eras/age_IV/events/05.json:$.summary	the vein-house	->	Taigh na Fèithe	|	off the blocks below Seann Skell with a coal from the vein-house set at her step. The town cal
CHANGE	eras/age_IV/events/05.json:$.summary	The second hull	->	An Dara Fhaoileag	|	The second hull stands planked from keel to s
CHANGE	eras/age_IV/events/06.json:$.summary	the steering star	->	Reul na Stiùire	|	 teaching the six pilots the wheel of the sky and the steering star, Reul na Stiùire, by which it
CHANGE	eras/age_IV/events/06.json:$.summary	(appositive)	->	Reul na Stiùire	|	dropped the English gloss beside Reul na Stiùire
CHANGE	eras/age_IV/events/06.json:$.summary	the vein-house's	->	Taigh na Fèithe's	|	At the vein-house's asking, Seumas Reultach has h
CHANGE	eras/age_IV/events/06.json:$.summary	the steering star	->	Reul na Stiùire	|	ter cut onto a scraped hide the wheel of the sky, the steering star and the four turning marks of
CHANGE	eras/age_IV/events/06.json:$.summary	the steering star	->	Reul na Stiùire	|	d what they have learned of the wheel of the sky, the steering star and the smell of the dark bef
CHANGE	eras/age_IV/events/06.json:$.summary	the steering star	->	Reul na Stiùire	|	 of her hull, An Ròn Glas, and Catrìona names her the steering star.
CHANGE	eras/age_IV/events/07.json:$.summary	the vein-house	->	Taigh na Fèithe	|	Fearchar mac Ruairidh comes to the vein-house and asks that each hull found
CHANGE	eras/age_IV/events/07.json:$.summary	the Small-Burning Law	->	Lagh an Loscaidh Bhig	|	l, no more than a single household's season under the Small-Burning Law. The custodians send him down
CHANGE	eras/age_IV/events/07.json:$.summary	the vein-house's	->	Taigh na Fèithe's	|	After six winters of argument the vein-house's board finally votes on Fearch
CHANGE	eras/age_IV/events/07.json:$.summary	the Law	->	Lagh an Loscaidh Bhig	|	ossed water and should not; Fearchar answers that the Law measures a hearth wherever a 
CHANGE	eras/age_IV/events/07.json:$.summary	The custody-book	->	Leabhar a' Chùraim	|	ures a hearth wherever a hearth chooses to stand. The custody-book is opened and the question is
CHANGE	eras/age_IV/events/07.json:$.summary	the custody-book	->	Leabhar a' Chùraim	|	 is set at fifteen to render the ruling clean for the custody-book, after it has lain four years
CHANGE	eras/age_IV/events/07.json:$.summary	the vein-house's	->	Taigh na Fèithe's	|	aled measure a ship, a single household's season, the vein-house's own mark. He copies it exactl
CHANGE	eras/age_IV/events/07.json:$.summary	the vein-house	->	Taigh na Fèithe	|	The master of the vein-house, who wrote the first count of
CHANGE	eras/age_IV/events/07.json:$.summary	the vein-house	->	Taigh na Fèithe	|	ount of the departing households in LE 3, dies at the vein-house grown very old, soon after se
CHANGE	eras/age_IV/events/07.json:$.summary	the vein-house	->	Taigh na Fèithe	|	 first measures of coal are weighed and sealed at the vein-house, each against the words "for 
CHANGE	eras/age_IV/events/07.json:$.title	the vein-house	->	Taigh na Fèithe	|	Donnchadh mac Thormoid given to the vein-house
CHANGE	eras/age_IV/events/08.json:$.title	the red hall	->	An Talla Dearg	|	The council of the red hall divided on the grain
CHANGE	eras/age_IV/events/08.json:$.summary	the Small-Burning Law	->	Lagh an Loscaidh Bhig	|	ross open water without bread enough, others that the Small-Burning Law was never meant to measure a 
CHANGE	eras/age_IV/events/08.json:$.summary	the bridge at Cathair dhearg	->	Drochaid Cathair dhearg	|	On the bridge at Cathair dhearg the tally-keeper Mairead nic 
CHANGE	eras/age_IV/events/08.json:$.summary	the harbour-house of Seann Skell	->	Taigh a' Chalaidh	|	At the harbour-house of Seann Skell, Calum mac Nèill cuts his own
CHANGE	eras/age_IV/events/08.json:$.summary	the roll of the willing	->	Rolla nan Deònach	|	 mac Nèill cuts his own daughter's household onto the roll of the willing: Mairead nic Chaluim, her hus
CHANGE	eras/age_IV/events/08.json:$.summary	the vein-house's	->	Taigh na Fèithe's	|	leet's crossing, one measure to a household under the vein-house's own ruling. By spring the qua
CHANGE	eras/age_IV/events/09.json:$.summary	the custody-book	->	Leabhar a' Chùraim	|	new stones. What passes between them is not told; the custody-book gives only that the queen was
CHANGE	eras/age_IV/events/09.json:$.summary	the night of lamps	->	Oidhche nan Lòchran	|	e to the boards, stands by his empty cart through the night of lamps and through the sailing itsel
CHANGE	eras/age_IV/events/09.json:$.title	the sunwise turn	->	An Diosal	|	Niall's tally of the sunwise turn
CHANGE	eras/age_IV/events/10.json:$.title	The custody-book's	->	Leabhar a' Chùraim's	|	The custody-book's entry of the turn
CHANGE	eras/age_IV/events/10.json:$.summary	the vein-house	->	Taigh na Fèithe	|	At the vein-house Donnchadh mac Thormoid enters
CHANGE	eras/age_IV/events/10.json:$.summary	the custody-book	->	Leabhar a' Chùraim	|	dh mac Thormoid enters the turn of the fleet into the custody-book under a day after Samhain, a 
CHANGE	eras/age_IV/events/10.json:$.summary	the vein-house	->	Taigh na Fèithe	|	 convenience, and for no reason he offers anyone, the vein-house clerk Donnchadh mac Thormoid 
CHANGE	eras/age_IV/events/10.json:$.summary	the sunwise turn	->	An Diosal	|	onnchadh mac Thormoid begins to number years from the sunwise turn rather than from a reign, wor
CHANGE	eras/age_IV/events/10.json:$.title	the red hall	->	An Talla Dearg	|	The tidings copied to the red hall and the vein-house
CHANGE	eras/age_IV/events/10.json:$.title	the vein-house	->	Taigh na Fèithe	|	The tidings copied to the red hall and the vein-house
CHANGE	eras/age_IV/events/10.json:$.summary	the vein-house	->	Taigh na Fèithe	|	cond copy, made by his son Dòmhnall, goes east to the vein-house, where Donnchadh mac Thormoid
CHANGE	eras/age_IV/events/10.json:$.summary	the red hall	->	An Talla Dearg	|	At the red hall the custodians argue whether 
CHANGE	eras/age_IV/events/10.json:$.summary	the red hall's	->	An Talla Dearg's	|	's first grandson and the third of her line under the red hall's roof.
CHANGE	eras/age_IV/events/11.json:$.title	the thinning	->	An Tanachadh	|	The taproom tales of the thinning at Seann Skell
CHANGE	eras/age_IV/events/11.json:$.summary	the vein-house	->	Taigh na Fèithe	|	in by the third generation. A custodian down from the vein-house answers her over a jug that t
CHANGE	eras/age_IV/events/11.json:$.title	The vein-house's	->	Taigh na Fèithe's	|	The vein-house's second count made
CHANGE	eras/age_IV/events/11.json:$.summary	the vein-house's	->	Taigh na Fèithe's	|	now nine-and-thirty, carries the greater share of the vein-house's second tallying, checking the
CHANGE	eras/age_IV/events/11.json:$.summary	the roll of the willing	->	Rolla nan Deònach	|	are of the vein-house's second tallying, checking the roll of the willing against the coal-right's rema
CHANGE	eras/age_IV/events/11.json:$.summary	the vein-house's	->	Taigh na Fèithe's	|	Queen Beathag nic Dhòmhnaill reads the vein-house's figure of one hand in five, a
CHANGE	eras/age_IV/events/11.json:$.summary	the red hall	->	An Talla Dearg	|	Beathag nic Dhòmhnaill comes into the red hall in plain undyed wool for the 
CHANGE	eras/age_IV/events/11.json:$.summary	the white sorrow	->	an Tùrsa Geal	|	e court names the queen's mourning an Tùrsa Geal, the white sorrow, and within a generation any 
CHANGE	eras/age_IV/events/11.json:$.summary	(appositive)	->	an Tùrsa Geal	|	dropped the English gloss beside an Tùrsa Geal
CHANGE	eras/age_IV/events/11.json:$.title	the Law's	->	Lagh an Loscaidh Bhig's	|	Donnchadh speaks of the Law's limit
CHANGE	eras/age_IV/events/11.json:$.summary	the vein-house	->	Taigh na Fèithe	|	custodians' own stretching can carry it, and that the vein-house owes itself an honest look at
CHANGE	eras/age_IV/events/11.json:$.title	The seven houses of custody	->	Na Seachd Taighean	|	The seven houses of custody sworn
CHANGE	eras/age_IV/events/11.json:$.summary	The vein-house	->	Taigh na Fèithe	|	The vein-house gathers the remaining custodi
CHANGE	eras/age_IV/events/11.json:$.title	the oath of the seven	->	Mionnan nan Seachd	|	Donnchadh writes the oath of the seven heads
CHANGE	eras/age_IV/events/11.json:$.summary	the custody-book	->	Leabhar a' Chùraim	|	dh mac Thormoid enters the seven heads' oath into the custody-book in the same plain hand he has
CHANGE	eras/age_IV/events/11.json:$.summary	the Law	->	Lagh an Loscaidh Bhig	|	 working life, and finds himself thinking less of the Law than of the fifth of hands th
CHANGE	eras/age_IV/events/11.json:$.summary	the red hall's	->	An Talla Dearg's	|	and six years old, after one-and-sixty years upon the red hall's floor, the oldest of her line
CHANGE	eras/age_IV/events/11.json:$.summary	the red hall	->	An Talla Dearg	|	of Beathag and of Uilleam mac Iain, is crowned in the red hall within the month of his mothe
CHANGE	eras/age_IV/events/12.json:$.summary	the sunwise turn	->	An Diosal	|	own the hazel stick Calum kept since the night of the sunwise turn and sets it at his own writin
CHANGE	eras/age_IV/events/12.json:$.summary	the sunwise turn	->	An Diosal	|	On the eve nearest the day of the sunwise turn the households of Seann Skell
CHANGE	eras/age_IV/events/12.json:$.summary	the sunwise turn	->	An Diosal	|	little more than half the trade it carried before the sunwise turn.
CHANGE	eras/age_IV/events/12.json:$.summary	the sunwise turn	->	An Diosal	|	ed from the island's own shore in the years after the sunwise turn and never been heard from sin
CHANGE	eras/age_IV/events/12.json:$.title	the headland watch	->	Faire a' Chinn	|	The first turn of the headland watch
CHANGE	eras/age_IV/events/12.json:$.summary	the headland watch	->	Faire a' Chinn	|	after her, and the custom becomes Faire a' Chinn, the headland watch.
CHANGE	eras/age_IV/events/12.json:$.summary	(appositive)	->	Faire a' Chinn	|	dropped the English gloss beside Faire a' Chinn
CHANGE	eras/age_IV/events/12.json:$.summary	the quay of the sunwise turn	->	Cidhe an Diosail	|	known the fleet come to call it Cidhe an Diosail, the quay of the sunwise turn, without any single day anyon
CHANGE	eras/age_IV/events/12.json:$.summary	(appositive)	->	Cidhe an Diosail	|	dropped the English gloss beside Cidhe an Diosail
CHANGE	eras/age_IV/events/12.json:$.title	the harbour rolls	->	Rolla a' Chalaidh	|	Cidhe an Diosail entered in the harbour rolls
CHANGE	eras/age_IV/events/12.json:$.summary	the harbour rolls	->	Rolla a' Chalaidh	|	Niall enters the west quay's new name into the harbour rolls in his own hand, letting the 
CHANGE	eras/age_IV/events/12.json:$.summary	the harbour rolls	->	Rolla a' Chalaidh	|	In the harbour rolls the word roghnaich, to choose
CHANGE	eras/age_IV/events/13.json:$.title	The Diosal	->	An Diosal	|	The Diosal count taken up at Cathair dhe
CHANGE	eras/age_IV/events/13.json:$.summary	the red hall	->	An Talla Dearg	|	The crown's own scribes at the red hall begin dating their rolls by t
CHANGE	eras/age_IV/events/13.json:$.summary	the vein-house	->	Taigh na Fèithe	|	he count Donnchadh mac Thormoid had kept alone at the vein-house for near thirty years, settin
CHANGE	eras/age_IV/events/13.json:$.title	the vein-house	->	Taigh na Fèithe	|	Eachann Briseadair raises the first house below the vein-house
CHANGE	eras/age_IV/events/13.json:$.summary	the vein-house's	->	Taigh na Fèithe's	|	 galleries, builds the first house of stone below the vein-house's own gate; his sons build thre
CHANGE	eras/age_IV/events/13.json:$.summary	the vein-house's	->	Taigh na Fèithe's	|	The coal-breakers' settlement below the vein-house's gate, which has borne the nam
CHANGE	eras/age_IV/events/13.json:$.summary	the vein-house	->	Taigh na Fèithe	|	 with its own well, smith and reeve, answering to the vein-house rather than to any shire.
CHANGE	eras/age_IV/events/13.json:$.summary	the red hall	->	An Talla Dearg	|	eighty-fifth year after seven-and-thirty years on the red hall; his son Raghnall mac Raghnai
CHANGE	eras/age_IV/events/13.json:$.summary	the custody-book	->	Leabhar a' Chùraim	|	ars old, is crowned in his place without dispute, the custody-book giving the closed reign one l
CHANGE	eras/age_IV/events/13.json:$.title	the seven houses	->	Na Seachd Taighean	|	The lots drawn among the seven houses
CHANGE	eras/age_IV/events/13.json:$.summary	the seven houses	->	Na Seachd Taighean	|	The heads of the seven houses that hold the right to the co
CHANGE	eras/age_IV/events/13.json:$.summary	the vein-house	->	Taigh na Fèithe	|	ses that hold the right to the coal are called to the vein-house and each draws a marked stone
CHANGE	eras/age_IV/events/13.json:$.title	The lot-stones	->	Clachan a' Chrannchuir	|	The lot-stones shown to a visitor
CHANGE	eras/age_IV/events/13.json:$.summary	the vein-house	->	Taigh na Fèithe	|	grandson of Eachann Briseadair's, waiting idle in the vein-house hall, hold it and hear how th
CHANGE	eras/age_IV/events/13.json:$.summary	the vein-house	->	Taigh na Fèithe	|	seadair's is the only household on the hill below the vein-house that does the whole of the br
CHANGE	eras/age_IV/events/14.json:$.summary	the custody-book	->	Leabhar a' Chùraim	|	nd the same oath said over it, a quiet continuity the custody-book itself gives only a single li
CHANGE	eras/age_IV/events/14.json:$.summary	the seven houses of custody	->	Na Seachd Taighean	|	The heads of the seven houses of custody first wear the neck-rings bea
CHANGE	eras/age_IV/events/14.json:$.summary	the vein-house	->	Taigh na Fèithe	|	e smiths of Muileann chiar, so that a stranger at the vein-house or the red hall may know a cu
CHANGE	eras/age_IV/events/14.json:$.summary	the red hall	->	An Talla Dearg	|	nn chiar, so that a stranger at the vein-house or the red hall may know a custodian by the c
CHANGE	eras/age_IV/events/14.json:$.summary	the vein-house's	->	Taigh na Fèithe's	|	 the prop, the cut and the tally-mark before him; the vein-house's scribe judges it a kind of co
CHANGE	eras/age_IV/events/14.json:$.summary	the sunwise turn	->	An Diosal	|	athair dhearg to choose, for the first time since the sunwise turn, a king the crown's own blood
CHANGE	eras/age_IV/events/14.json:$.summary	the vein-house	->	Taigh na Fèithe	|	hair dhearg and partly at Baile Mòr dhomhain near the vein-house, with his brother Iain keepin
CHANGE	eras/age_IV/events/14.json:$.summary	the vein-house	->	Taigh na Fèithe	|	 ordinary handful for any rite made over him, and the vein-house keeps the asking to the lette
CHANGE	eras/age_IV/events/14.json:$.title	The seven houses	->	Na Seachd Taighean	|	The seven houses stand at Clann Fhearchair's g
CHANGE	eras/age_IV/events/14.json:$.summary	the seven houses	->	Na Seachd Taighean	|	The heads of the seven houses, each still wearing the neck-
CHANGE	eras/age_IV/events/14.json:$.summary	the seven houses	->	Na Seachd Taighean	|	ousehold above Muileann dhearg, as every child of the seven houses is meant to be, while his you
CHANGE	eras/age_IV/events/14.json:$.summary	the red hall	->	An Talla Dearg	|	After a morning's silence in the yard of the red hall the head of Clann Ìomhair spe
CHANGE	eras/age_IV/events/14.json:$.summary	the seven houses	->	Na Seachd Taighean	|	of his hair; he is the first child born to a king the seven houses chose.
CHANGE	eras/age_IV/events/15.json:$.title	the Hungry Hawk	->	An Seabhag Acrach	|	Gormshuil first names the vein the Hungry Hawk
CHANGE	eras/age_IV/events/15.json:$.summary	the Hawk bay	->	Bàgh an t-Seabhaig	|	uil's teaching, carried inland by a wool-buyer of the Hawk bay, brings three keepers of the 
CHANGE	eras/age_IV/events/15.json:$.title	The Hawk bay	->	Bàgh an t-Seabhaig	|	The Hawk bay elder questions Gormshuil's o
CHANGE	eras/age_IV/events/16.json:$.summary	the vein-house's	->	Taigh na Fèithe's	|	 sixty-eighth year, the last of his own riding to the vein-house's winter burning long past. His
CHANGE	eras/age_IV/events/16.json:$.summary	the seven houses	->	Na Seachd Taighean	|	 same oath as her father before her. The heads of the seven houses swear over her hands to hold 
CHANGE	eras/age_IV/events/16.json:$.summary	The seven houses	->	Na Seachd Taighean	|	hom she has known since the years of her regency. The seven houses' heads attend the wedding at 
CHANGE	eras/age_IV/events/16.json:$.title	the red hall	->	An Talla Dearg	|	A cold supper at the red hall
CHANGE	eras/age_IV/events/16.json:$.summary	the red hall	->	An Talla Dearg	|	armer and a grain-seller come near to blows below the red hall over the true size of a baske
CHANGE	eras/age_IV/events/17.json:$.title	the Yellow Lion	->	An Leòmhann Buidhe	|	Coinneach hears the carters' grumbling at the Yellow Lion
CHANGE	eras/age_IV/events/17.json:$.title	The house of disputation	->	Taigh na Deasbaid	|	The house of disputation raised at Dùn thais
CHANGE	eras/age_IV/events/17.json:$.summary	the red hall	->	An Talla Dearg	|	s at Cathair dhearg, one-and-eighty years old, in the red hall where she had reigned longer 
CHANGE	eras/age_IV/events/17.json:$.summary	the seven houses	->	Na Seachd Taighean	|	Learning how the seven houses have answered his question wi
CHANGE	eras/age_IV/events/18.json:$.summary	the white sorrow	->	an Tùrsa Geal	|	ld's season of loss as the whole island once wore the white sorrow.
CHANGE	eras/age_IV/events/18.json:$.summary	the vein-house	->	Taigh na Fèithe	|	ings down a byre at Cill ghlas. The custodians of the vein-house send men into the galleries b
CHANGE	eras/age_IV/events/18.json:$.title	The vein-house	->	Taigh na Fèithe	|	The vein-house offers stone for Cill ghlas's
CHANGE	eras/age_IV/events/18.json:$.summary	the vein-house	->	Taigh na Fèithe	|	The custodians of the vein-house offer stone from their own su
CHANGE	eras/age_IV/events/18.json:$.summary	the red hall	->	An Talla Dearg	|	is letters as a child, the first time any heir to the red hall has been given a tutor for th
CHANGE	eras/age_IV/events/19.json:$.summary	the Fianna	->	an Fhianna	|	e is Lia Fàil, and that its watching families are the Fianna, sworn to keep the whole isla
CHANGE	eras/age_IV/events/19.json:$.summary	the order of the Stone	->	Òrd na Cloiche	|	grow through the year into the first gathering of the order of the Stone at Inis thais.
CHANGE	eras/age_IV/events/19.json:$.summary	The Fianna of the Stone	->	An Fhianna	|	The Fianna of the Stone at Inis thais take up a horn 
CHANGE	eras/age_IV/events/19.json:$.title	the Stone	->	Lia Fàil	|	The naming of the Stone carried inland by a hide-trad
CHANGE	eras/age_IV/events/19.json:$.summary	the Stone	->	Lia Fàil	|	d Dòmhnall mac Ailein twice repeats the naming of the Stone to three inland villages whil
CHANGE	eras/age_IV/events/19.json:$.title	The Hawk	->	Òrd an t-Seabhaig	|	The Hawk and the Fianna claim the same
CHANGE	eras/age_IV/events/19.json:$.title	the Fianna	->	an Fhianna	|	The Hawk and the Fianna claim the same feast day at C
CHANGE	eras/age_IV/events/19.json:$.summary	the Hawk	->	Òrd an t-Seabhaig	|	The priests of the Hawk and the Fianna of the Stone b
CHANGE	eras/age_IV/events/19.json:$.summary	the Fianna of the Stone	->	an Fhianna	|	The priests of the Hawk and the Fianna of the Stone both come to the harbour shri
CHANGE	eras/age_IV/events/19.json:$.summary	the Hawk's	->	Òrd an t-Seabhaig's	|	ine at Caol leathan for the same morning's hours, the Hawk's reckoning and the Stone's vig
CHANGE	eras/age_IV/events/19.json:$.summary	the Stone's	->	Òrd na Cloiche's	|	he same morning's hours, the Hawk's reckoning and the Stone's vigil falling that year on th
CHANGE	eras/age_IV/events/19.json:$.summary	the Hawk	->	Òrd an t-Seabhaig	|	ilpein, halves the harbour shrine's hours between the Hawk and the Fianna, as the sacred
CHANGE	eras/age_IV/events/19.json:$.summary	the Fianna	->	an Fhianna	|	s the harbour shrine's hours between the Hawk and the Fianna, as the sacred woods of an ol
CHANGE	eras/age_IV/events/19.json:$.summary	the Hawk bay	->	Bàgh an t-Seabhaig	|	An amber-worker of Seann Skell on the Hawk bay is caught selling rough amber
CHANGE	eras/age_IV/events/19.json:$.summary	The Fianna of the Stone	->	An Fhianna	|	n the order his hearers named after his teaching. The Fianna of the Stone carry him to the shrine and s
CHANGE	eras/age_IV/events/19.json:$.summary	the wood-watchers	->	Òrd Mhacha	|	Before he takes up the wood-watchers' rite himself, King Aonghas m
CHANGE	eras/age_IV/events/19.json:$.title	the wood-watchers	->	Òrd Mhacha	|	A councillor warns Aonghas against the wood-watchers' rite
CHANGE	eras/age_IV/events/19.json:$.summary	the red hall	->	An Talla Dearg	|	An old councillor of the red hall warns King Aonghas that a cro
CHANGE	eras/age_IV/events/19.json:$.summary	the seven houses	->	Na Seachd Taighean	|	hat a crown seen at a moor-custom may be asked by the seven houses why it will not be seen at th
CHANGE	eras/age_IV/events/19.json:$.title	the red hall's	->	An Talla Dearg's	|	Half the red hall's household takes up the rite o
CHANGE	eras/age_IV/events/19.json:$.summary	the wood-watchers	->	Òrd Mhacha	|	year of King Aonghas standing at the yoke-pole of the wood-watchers' rite, half his own household
CHANGE	eras/age_IV/events/19.json:$.summary	the wood-watchers	->	Òrd Mhacha	|	King Aonghas rides out to the wood-watchers' rite a second spring running
CHANGE	eras/age_IV/events/20.json:$.title	the sacred forest at Cnoc bheag	->	Coille Naomh Cnoc bheag	|	Macha's priests granted the sacred forest at Cnoc bheag
CHANGE	eras/age_IV/events/20.json:$.summary	the sacred forest at Cnoc bheag	->	Coille Naomh Cnoc bheag	|	The custody of the sacred forest at Cnoc bheag, held in common since the Hol
CHANGE	eras/age_IV/events/20.json:$.summary	the Holy Age	->	An Aois Naomh	|	sacred forest at Cnoc bheag, held in common since the Holy Age, passes by royal grant to the
CHANGE	eras/age_IV/events/20.json:$.title	The vein-house	->	Taigh na Fèithe	|	The vein-house orders every copy of the trac
CHANGE	eras/age_IV/events/20.json:$.summary	the vein-house	->	Taigh na Fèithe	|	the custodians' galleries at Muileann dhearg, and the vein-house orders every copy brought in 
CHANGE	eras/age_IV/events/20.json:$.title	the vein-house	->	Taigh na Fèithe	|	Some hundred tracts burned in the vein-house yard
CHANGE	eras/age_IV/events/20.json:$.summary	the vein-house	->	Taigh na Fèithe	|	households across the north-east and burn them in the vein-house yard at Muileann dhearg befor
CHANGE	eras/age_IV/events/20.json:$.title	The druid schools	->	Scoiltean nan Draoidhean	|	The druid schools take up the walk of Flidais's
CHANGE	eras/age_IV/events/20.json:$.title	Flidais's wood	->	Coille Naomh Muileann chiar	|	The druid schools take up the walk of Flidais's wood
CHANGE	eras/age_IV/events/20.json:$.summary	The druid schools	->	Scoiltean nan Draoidhean	|	The druid schools, holding no ground of their o
CHANGE	eras/age_IV/events/20.json:$.summary	the Holy Age	->	An Aois Naomh	|	uid schools, holding no ground of their own since the Holy Age, take up the yearly keeping o
CHANGE	eras/age_IV/events/20.json:$.summary	the holy wood	->	Coille Naomh Muileann chiar	|	since the Holy Age, take up the yearly keeping of the holy wood at Muileann chiar, walking it
CHANGE	eras/age_IV/events/20.json:$.summary	the wood-watchers	->	Òrd Mhacha	|	 and is carried to his grave at Cathair dhearg by the wood-watchers' rite of Macha, the first kin
CHANGE	eras/age_IV/events/20.json:$.summary	the red hall	->	An Talla Dearg	|	son, Dùghall, the first of his three sons born at the red hall itself under a crown his fath
CHANGE	eras/age_IV/events/20.json:$.summary	the wood-watchers	->	Òrd Mhacha	|	ar, after six-and-fifty years crowned, having set the wood-watchers' rite of Macha as the crown's
CHANGE	eras/age_IV/events/20.json:$.summary	The custody-book	->	Leabhar a' Chùraim	|	atchers' rite of Macha as the crown's own custom. The custody-book gives him one line: the name,
CHANGE	eras/age_IV/events/20.json:$.summary	the red hall	->	An Talla Dearg	|	e-and-sixty, twelve years crowned, the third king the red hall has buried in a single genera
CHANGE	eras/age_IV/events/21.json:$.title	the Mason's line	->	Clann a' Chlachair	|	A reciter of Clann na Ceiste says the Mason's line at a naming
CHANGE	eras/age_IV/events/21.json:$.summary	the Mason	->	An Clachair	|	 the reciter Muireach mac Ailein says the line of the Mason over the child rather than th
CHANGE	eras/age_IV/events/21.json:$.title	the red hall	->	An Talla Dearg	|	Mairead nic Ailein keeps her daughter from the red hall
CHANGE	eras/age_IV/events/21.json:$.title	the vein-house	->	Taigh na Fèithe	|	Raghnall Ruadh made master of the vein-house
CHANGE	eras/age_IV/events/21.json:$.summary	the vein-house	->	Taigh na Fèithe	|	The custodians of the vein-house at Muileann dhearg choose Rag
CHANGE	eras/age_IV/events/21.json:$.summary	the red hall	->	An Talla Dearg	|	An old councillor of the red hall asks King Tormod Bàn, seven y
CHANGE	eras/age_IV/events/21.json:$.summary	the seven houses	->	Na Seachd Taighean	|	 on any one of the three claims laid before them, the seven houses hold the red hall in common, 
CHANGE	eras/age_IV/events/21.json:$.summary	the red hall	->	An Talla Dearg	|	ee claims laid before them, the seven houses hold the red hall in common, a council of custo
CHANGE	eras/age_IV/events/21.json:$.summary	the red hall	->	An Talla Dearg	|	driven over the waterfront of Cuan dhearg reaches the red hall nine days late by a rider who
CHANGE	eras/age_IV/events/21.json:$.summary	the vein-house	->	Taigh na Fèithe	|	he fourth year after the ferry, the custodians of the vein-house cease to reckon quietly who s
CHANGE	eras/age_IV/events/23.json:$.summary	the vein-house	->	Taigh na Fèithe	|	At the vein-house Raghnall Ruadh hands the stor
CHANGE	eras/age_IV/events/23.json:$.title	The vein-house	->	Taigh na Fèithe	|	The vein-house opened
CHANGE	eras/age_IV/events/23.json:$.summary	the vein-house	->	Taigh na Fèithe	|	Word reaches Catrìona at the vein-house that the temple fire at Catha
CHANGE	eras/age_IV/events/24.json:$.summary	the vein-house	->	Taigh na Fèithe	|	 already dead, his last words asking only whether the vein-house gates stood open.
CHANGE	eras/age_IV/events/24.json:$.title	the red hall	->	An Talla Dearg	|	Catrìona crowned at the red hall
CHANGE	eras/age_IV/events/24.json:$.summary	the vein-house's	->	Taigh na Fèithe's	|	mony, the crown itself sent down under guard from the vein-house's own custody. The seven heads 
CHANGE	eras/age_IV/events/24.json:$.summary	the vein-house	->	Taigh na Fèithe	|	ghann mac Dhùghaill, still master of the store at the vein-house, leaves Raghnall Ruadh's list
CHANGE	eras/age_IV/events/24.json:$.title	the ruling of the hearth	->	Riaghailt an Teallaich	|	The drafting of the ruling of the hearth
CHANGE	eras/age_IV/events/24.json:$.summary	the vein-house's	->	Taigh na Fèithe's	|	At the vein-house's own yard Catrìona and the sev
CHANGE	eras/age_IV/events/24.json:$.summary	The ruling of the hearth	->	Riaghailt an Teallaich	|	The ruling of the hearth is entered into the custody-b
CHANGE	eras/age_IV/events/24.json:$.summary	the custody-book	->	Leabhar a' Chùraim	|	The ruling of the hearth is entered into the custody-book beside the Small-Burning Law 
CHANGE	eras/age_IV/events/24.json:$.summary	the Small-Burning Law	->	Lagh an Loscaidh Bhig	|	he hearth is entered into the custody-book beside the Small-Burning Law in the same hand, and the sev
CHANGE	eras/age_IV/events/24.json:$.title	the red hall	->	An Talla Dearg	|	Seònaid nic Coinnich comes to the red hall
CHANGE	eras/age_IV/events/24.json:$.summary	the red hall	->	An Talla Dearg	|	ough he never lost, walks up from Cathair mhòr to the red hall and is taken into the queen's
CHANGE	eras/age_IV/events/24.json:$.summary	the red hall	->	An Talla Dearg	|	In her first winter at the red hall, Seònaid nic Coinnich asks to
CHANGE	eras/age_IV/events/24.json:$.summary	the custody-book's	->	Leabhar a' Chùraim's	|	at the red hall, Seònaid nic Coinnich asks to see the custody-book's oldest entries and copies out
CHANGE	eras/age_IV/events/24.json:$.summary	the cold hearths	->	Na Teallaichean Fuara	|	e tallies of the hearths refused in the winter of the cold hearths, a labour the queen never que
CHANGE	eras/age_IV/events/24.json:$.summary	the red hall	->	An Talla Dearg	|	ehold can name. He had kept, through his years in the red hall, to the smaller business of t
CHANGE	eras/age_IV/events/24.json:$.title	the queen's road	->	Rathad na Banrighinn	|	The council questions the queen's road
CHANGE	eras/age_IV/events/24.json:$.title	The queen's road	->	Rathad na Banrighinn	|	The queen's road laid to Inis thais
CHANGE	eras/age_IV/events/24.json:$.title	the queen's road	->	Rathad na Banrighinn	|	The first carters run the queen's road
CHANGE	eras/age_IV/events/24.json:$.summary	the War of the Three Claimants	->	Cogadh nan Trì Tagraichean	|	t seventy-eight, the last ruler to have fought in the War of the Three Claimants. Her son Lachlann mac Iain, n
CHANGE	eras/age_IV/events/24.json:$.title	The seven houses	->	Na Seachd Taighean	|	The seven houses swear in a single day
CHANGE	eras/age_IV/events/25.json:$.summary	the vein-house's	->	Taigh na Fèithe's	|	ims: a soldier who fought at the ford, the son of the vein-house's store-master, and a woman of 
CHANGE	eras/age_IV/events/25.json:$.summary	the cold hearths	->	Na Teallaichean Fuara	|	e-master, and a woman of Doire mhin who remembers the cold hearths as a child.
CHANGE	eras/age_IV/events/25.json:$.summary	the roll of the willing	->	Rolla nan Deònach	|	lean mac Mhurchaidh to show her the old boards of the roll of the willing, and rides home with an erran
CHANGE	eras/age_IV/events/25.json:$.summary	the vein-house's	->	Taigh na Fèithe's	|	ited his father Eòghann mac Dhùghaill's office at the vein-house's store, lets Seònaid nic Coinn
CHANGE	eras/age_IV/events/25.json:$.summary	the cold hearths	->	Na Teallaichean Fuara	|	e board of shires refused the coal in the year of the cold hearths, a board his father kept face
CHANGE	eras/age_IV/events/25.json:$.title	the custody-book	->	Leabhar a' Chùraim	|	Seònaid weighs the custody-book against her witnesses
CHANGE	eras/age_IV/events/25.json:$.summary	the vein-house	->	Taigh na Fèithe	|	At the vein-house Seònaid nic Coinnich sets her
CHANGE	eras/age_IV/events/25.json:$.summary	the custody-book's	->	Leabhar a' Chùraim's	|	 nic Coinnich sets her gathered testimony against the custody-book's own entries of the war, and f
CHANGE	eras/age_IV/events/25.json:$.title	the Book of the Three Claimants	->	Leabhar nan Trì Tagraichean	|	Seònaid finishes the Book of the Three Claimants
CHANGE	eras/age_IV/events/25.json:$.title	The Book of the Three Claimants	->	Leabhar nan Trì Tagraichean	|	The Book of the Three Claimants read at the red hall
CHANGE	eras/age_IV/events/25.json:$.title	the red hall	->	An Talla Dearg	|	The Book of the Three Claimants read at the red hall
CHANGE	eras/age_IV/events/25.json:$.summary	the red hall	->	An Talla Dearg	|	innich's finished history read into the record at the red hall and orders it copied again an
CHANGE	eras/age_IV/events/25.json:$.summary	the custody-book	->	Leabhar a' Chùraim	|	Where the custody-book gives the breaking at the for
CHANGE	eras/age_IV/events/25.json:$.summary	the king-list	->	Clàr nan Rìghrean	|	 Iain's daughter, then five-and-thirty years old; the king-list keeps the year of the birth a
CHANGE	eras/age_IV/events/26.json:$.summary	the harbour rolls	->	Rolla a' Chalaidh	|	fuses to enter the blessings of Òrd Mhanannain in the harbour rolls beside the tallies of hulls a
CHANGE	eras/age_IV/events/26.json:$.summary	The order of Manannan	->	Òrd Mhanannain	|	The order of Manannan raises its own house at Seann
CHANGE	eras/age_IV/events/26.json:$.summary	Manannan's order	->	Òrd Mhanannain	|	After a winter's debate, the priests of Manannan's order at Ros bheag lay down that no
CHANGE	eras/age_IV/events/26.json:$.summary	Manannan's order	->	Òrd Mhanannain	|	A priest of Manannan's order at Ros bheag asks a boy named
CHANGE	eras/age_IV/events/26.json:$.summary	the Sundering	->	a' Scaradh	|	yal granaries at Àth shean, standing since before the Sundering, are pulled down and rebuilt 
CHANGE	eras/age_IV/events/26.json:$.summary	the king-list	->	Clàr nan Rìghrean	|	the six-and-twentieth year of Queen Anna's reign; the king-list keeps the year and not the na
CHANGE	eras/age_IV/events/26.json:$.summary	the king-list	->	Clàr nan Rìghrean	|	ned, the last of the house of Catrìona whose name the king-list keeps for more than a century
CHANGE	eras/age_IV/events/26.json:$.summary	The king-list	->	Clàr nan Rìghrean	|	athair dhearg within the season, fifty years old. The king-list keeps the reign's years and n
CHANGE	eras/age_IV/events/27.json:$.summary	the vein-house	->	Taigh na Fèithe	|	The old scribe of the vein-house, Murchadh Beag, hears a coal-
CHANGE	eras/age_IV/events/27.json:$.summary	the vein-house	->	Taigh na Fèithe	|	ibe's stool. Eòghann mac Pheadair is set to sweep the vein-house floor and mix ink before he i
CHANGE	eras/age_IV/events/27.json:$.title	The vein-house's	->	Taigh na Fèithe's	|	The vein-house's leaf takes in the rope-ground
CHANGE	eras/age_IV/events/27.json:$.summary	the vein-house's	->	Taigh na Fèithe's	|	water. Eòghann mac Pheadair enters the removal on the vein-house's leaf the following season, co
CHANGE	eras/age_IV/events/27.json:$.summary	the seven houses	->	Na Seachd Taighean	|	rst time, Eòghann mac Pheadair stands witness for the seven houses when the crown's grant of a m
CHANGE	eras/age_IV/events/27.json:$.title	the vein-house	->	Taigh na Fèithe	|	Mòrag nic Ìomhair rides to the vein-house with the crown's leaves
CHANGE	eras/age_IV/events/27.json:$.summary	the red hall's	->	An Talla Dearg's	|	A scribe of the red hall's own household, Mòrag nic Ìomh
CHANGE	eras/age_IV/events/27.json:$.summary	the vein-house	->	Taigh na Fèithe	|	Mòrag nic Ìomhair, rides the thirty-nine miles to the vein-house at Muileann dhearg to set the
CHANGE	eras/age_IV/events/27.json:$.summary	the years of the Diosal	->	Bliadhnaichean an Diosail	|	t Muileann dhearg to set the crown's reckoning of the years of the Diosal against the custody-book's ow
CHANGE	eras/age_IV/events/27.json:$.summary	the custody-book's	->	Leabhar a' Chùraim's	|	wn's reckoning of the years of the Diosal against the custody-book's own, after the two offices' c
CHANGE	eras/age_IV/events/27.json:$.summary	the vein-house	->	Taigh na Fèithe	|	ces' counts are found not to agree. The master of the vein-house grants her the book for as ma
CHANGE	eras/age_IV/events/27.json:$.summary	the Diosal	->	An Diosal	|	òrag nic Ìomhair trace the two offices' counts of the Diosal back to a single year, early 
CHANGE	eras/age_IV/events/27.json:$.summary	the sunwise turn	->	An Diosal	|	 of the Diosal back to a single year, early after the sunwise turn, entered twice by one office'
CHANGE	eras/age_IV/events/27.json:$.summary	The vein-house	->	Taigh na Fèithe	|	The vein-house and the crown's scribe take t
CHANGE	eras/age_IV/events/27.json:$.summary	the vein-house's	->	Taigh na Fèithe's	|	go forward, since it touches more households than the vein-house's own, and Eòghann mac Pheadair
CHANGE	eras/age_IV/events/27.json:$.summary	the vein-house's	->	Taigh na Fèithe's	|	vein-house's own, and Eòghann mac Pheadair writes the vein-house's agreement to it in his own ha
CHANGE	eras/age_IV/events/27.json:$.summary	the vein-house's	->	Taigh na Fèithe's	|	's agreement to it in his own hand. The master of the vein-house's mark is set under his, and th
CHANGE	eras/age_IV/events/27.json:$.title	the rite of the empty harbour	->	Deas-ghnàth a' Chalaidh Fhalaimh	|	The day of the rite of the empty harbour fixed
CHANGE	eras/age_IV/events/27.json:$.summary	the rite of the empty harbour	->	Deas-ghnàth a' Chalaidh Fhalaimh	|	 fixes, for the first time, a single day on which the rite of the empty harbour is to be kept by every harbou
CHANGE	eras/age_IV/events/27.json:$.title	the custody-book	->	Leabhar a' Chùraim	|	The agreement-leaf folded into the custody-book
CHANGE	eras/age_IV/events/27.json:$.summary	the custody-book	->	Leabhar a' Chùraim	|	 the sealed agreement between two older leaves of the custody-book that had never before had a s
CHANGE	eras/age_IV/events/27.json:$.summary	the vein-house	->	Taigh na Fèithe	|	mark folded in among them. He tells the master of the vein-house only that the crown's scribe 
CHANGE	eras/age_IV/events/27.json:$.summary	the rite of the empty harbour	->	Deas-ghnàth a' Chalaidh Fhalaimh	|	 coast has written to complain of the day set for the rite of the empty harbour. Eòghann keeps the short note
CHANGE	eras/age_IV/events/27.json:$.title	the vein-house	->	Taigh na Fèithe	|	Word of the disputation at Inis mhòr reaches the vein-house
CHANGE	eras/age_IV/events/27.json:$.summary	the vein-house	->	Taigh na Fèithe	|	A rider carries north country talk to the vein-house of a house of disputation new
CHANGE	eras/age_IV/events/27.json:$.title	the vein-house	->	Taigh na Fèithe	|	The master of the vein-house stands for Eòghann at the cro
CHANGE	eras/age_IV/events/27.json:$.summary	the seven houses	->	Na Seachd Taighean	|	When the seven houses' custodians go down to Cathai
CHANGE	eras/age_IV/events/27.json:$.summary	the vein-house	->	Taigh na Fèithe	|	n crowned, as the compact requires, the master of the vein-house goes in place of Eòghann mac 
CHANGE	eras/age_IV/events/27.json:$.title	the hot springs	->	Fuarain Theth Muileann ruadh	|	hann mac Pheadair is carried to the bath-house at the hot springs
CHANGE	eras/age_IV/events/27.json:$.summary	the vein-house	->	Taigh na Fèithe	|	ann mac Pheadair has old Murchadh Beag's stool at the vein-house as good as his own, and enter
CHANGE	eras/age_IV/events/28.json:$.title	The harbour rolls	->	Rolla a' Chalaidh	|	The harbour rolls name Aonghas mac Ruairidh amo
CHANGE	eras/age_IV/events/28.json:$.title	The raid on Eilean dhubh	->	Creach Eilean dhubh	|	The raid on Eilean dhubh
CHANGE	eras/age_IV/events/28.json:$.title	The king-list	->	Clàr nan Rìghrean	|	The king-list recopied
CHANGE	eras/age_IV/events/28.json:$.summary	the Choosing	->	An Roghnachadh	|	 had gone and setting the new copy's beginning at the Choosing rather than at the sailing.
CHANGE	eras/age_IV/events/28.json:$.summary	the red hall	->	An Talla Dearg	|	r the mountain and has never once been asked into the red hall except to petition.
CHANGE	eras/age_IV/events/29.json:$.title	The seven houses	->	Na Seachd Taighean	|	The seven houses ride to the vein-house rather
CHANGE	eras/age_IV/events/29.json:$.title	the vein-house	->	Taigh na Fèithe	|	The seven houses ride to the vein-house rather than the red hall
CHANGE	eras/age_IV/events/29.json:$.title	the red hall	->	An Talla Dearg	|	e seven houses ride to the vein-house rather than the red hall
CHANGE	eras/age_IV/events/29.json:$.summary	the seven houses	->	Na Seachd Taighean	|	On the queen's death the seven houses' messengers pass over the emp
CHANGE	eras/age_IV/events/29.json:$.summary	the vein-house	->	Taigh na Fèithe	|	roof. No leaf gives the reason; a young scribe of the vein-house later says it felt from the f
CHANGE	eras/age_IV/events/29.json:$.summary	the seven houses	->	Na Seachd Taighean	|	The heads of the seven houses sit first nine days at the ta
CHANGE	eras/age_IV/events/29.json:$.summary	the vein-house's	->	Taigh na Fèithe's	|	ven houses sit first nine days at the table under the vein-house's north window, and ride up aga
CHANGE	eras/age_IV/events/29.json:$.summary	the vein-house	->	Taigh na Fèithe	|	ian takes the newly named Dòmhnall Ruadh aside in the vein-house yard and tells him it is the 
CHANGE	eras/age_IV/events/29.json:$.summary	the vein-house	->	Taigh na Fèithe	|	 of the entry joining the crown to the mastery of the vein-house before it is set to the king'
CHANGE	eras/age_IV/events/29.json:$.title	The custody-book	->	Leabhar a' Chùraim	|	The custody-book and the crown's rolls copied 
CHANGE	eras/age_IV/events/29.json:$.summary	The vein-house's	->	Taigh na Fèithe's	|	The vein-house's clerks spend the better part 
CHANGE	eras/age_IV/events/29.json:$.summary	the custody-book	->	Leabhar a' Chùraim	|	clerks spend the better part of two years copying the custody-book and the crown's rolls, kept a
CHANGE	eras/age_IV/events/29.json:$.summary	the vein-house	->	Taigh na Fèithe	|	playing as children, rather than by any measuring the vein-house owns.
CHANGE	eras/age_IV/events/29.json:$.summary	the vein-house	->	Taigh na Fèithe	|	e of Catrìona's tombs at Cathair dhearg but up to the vein-house, where the custodians dig his
CHANGE	eras/age_IV/events/29.json:$.summary	the Hawk	->	Òrd an t-Seabhaig	|	At the council of the Hawk a young priest rises to ask t
CHANGE	eras/age_IV/events/29.json:$.summary	the Fed Hawk	->	An Seabhag Biadhte	|	o meet it. The council turns on the question, and the Fed Hawk is named from that day.
CHANGE	eras/age_IV/events/29.json:$.title	the Fed Hawk's	->	An Seabhag Biadhte's	|	Beathag nic Sheumais builds the Fed Hawk's house
CHANGE	eras/age_IV/events/29.json:$.summary	the Fed Hawk's	->	An Seabhag Biadhte's	|	thag nic Sheumais, nineteen at the schism, builds the Fed Hawk's following at Seann Skell on t
CHANGE	eras/age_IV/events/29.json:$.summary	The vein-house	->	Taigh na Fèithe	|	The vein-house sets a stone with the fourtee
CHANGE	eras/age_IV/events/29.json:$.summary	the vein-house	->	Taigh na Fèithe	|	 the thirty-nine miles between Cathair dhearg and the vein-house so often in the first years o
CHANGE	eras/age_IV/events/29.json:$.title	the red hall	->	An Talla Dearg	|	The king keeps his seat at the red hall
CHANGE	eras/age_IV/events/29.json:$.summary	the vein-house	->	Taigh na Fèithe	|	at to the mountain, since a king who is master of the vein-house belongs among the galleries, 
CHANGE	eras/age_IV/events/30.json:$.summary	the red hall	->	An Talla Dearg	|	Asked by a clerk of the red hall why he sells his barley at Ca
CHANGE	eras/age_IV/events/30.json:$.title	The custody-book	->	Leabhar a' Chùraim	|	The custody-book takes Calum Dubh's silence as
CHANGE	eras/age_IV/events/30.json:$.summary	The vein-house's	->	Taigh na Fèithe's	|	The vein-house's custodians wall the mouth of 
CHANGE	eras/age_IV/events/30.json:$.summary	the custody-book	->	Leabhar a' Chùraim	|	called Mòrag Ruadh, is born into Clann Raghnaill; the custody-book gives the house and the year,
CHANGE	eras/age_IV/events/31.json:$.title	The seven houses	->	Na Seachd Taighean	|	The seven houses name Mòrag Ruadh
CHANGE	eras/age_IV/events/31.json:$.summary	The seven houses of custody	->	Na Seachd Taighean	|	The seven houses of custody, meeting at the vein-house on
CHANGE	eras/age_IV/events/31.json:$.summary	the vein-house	->	Taigh na Fèithe	|	The seven houses of custody, meeting at the vein-house on the death of the old king,
CHANGE	eras/age_IV/events/31.json:$.summary	the custody-book	->	Leabhar a' Chùraim	|	o keeps her own small tally beside the steward's; the custody-book gives four lines and no reaso
CHANGE	eras/age_IV/events/31.json:$.summary	the seven houses	->	Na Seachd Taighean	|	Asked by the seven houses whether the vein-house's thou
CHANGE	eras/age_IV/events/31.json:$.summary	the vein-house's	->	Taigh na Fèithe's	|	Asked by the seven houses whether the vein-house's thousandth year deserves a fe
CHANGE	eras/age_IV/events/31.json:$.summary	the vein-house's	->	Taigh na Fèithe's	|	s own book gives the cost of the coal reckoned to the vein-house's weights, and beneath it five 
CHANGE	eras/age_IV/events/31.json:$.summary	the vein-house's	->	Taigh na Fèithe's	|	r washing; cloth of it is worn within the year at the vein-house's midwinter gathering.
CHANGE	eras/age_IV/events/31.json:$.summary	the red hall	->	An Talla Dearg	|	at Cathair dhearg at nineteen, the youngest ruler the red hall has seen since Eilidh Bhàn, a
CHANGE	eras/age_IV/events/32.json:$.title	the red hall	->	An Talla Dearg	|	Word of the cough reaches the red hall
CHANGE	eras/age_IV/events/32.json:$.summary	the red hall	->	An Talla Dearg	|	hty, sixty-three years crowned, the longest reign the red hall has yet entered. Her own ledg
CHANGE	eras/age_IV/events/33.json:$.summary	the house of disputation	->	Taigh na Deasbaid	|	or nine years before he brings any finding before the house of disputation.
CHANGE	eras/age_IV/events/33.json:$.summary	the house of disputation	->	Taigh na Deasbaid	|	When a scholar of the house of disputation calls Raghnall's table a wish
CHANGE	eras/age_IV/events/33.json:$.title	the vein-house	->	Taigh na Fèithe	|	Raghnall's copy entered in the vein-house inventory
CHANGE	eras/age_IV/events/33.json:$.summary	the vein-house's	->	Taigh na Fèithe's	|	safekeeping. It is sent, and entered that year in the vein-house's own inventory, one line among
CHANGE	eras/age_IV/events/33.json:$.summary	the lot-stones	->	Clachan a' Chrannchuir	|	s own inventory, one line among the galleries and the lot-stones.
CHANGE	eras/age_IV/events/33.json:$.summary	the red hall's	->	An Talla Dearg's	|	awing up King Ailean mac Raghnaill's burial roll, the red hall's clerks leave a blank space wh
CHANGE	eras/age_IV/events/33.json:$.summary	the vein-house's	->	Taigh na Fèithe's	|	At the winter reading of the vein-house's inventory, the custodian paus
CHANGE	eras/age_IV/events/33.json:$.summary	the house of Raghnall	->	Sliochd Raghnaill	|	A son, Ailean, is born in the house of Raghnall, the crown's own house since 
CHANGE	eras/age_IV/events/33.json:$.summary	the custody-book	->	Leabhar a' Chùraim	|	crown's own house since the reign of Mòrag Ruadh; the custody-book gives the year and the house 
CHANGE	eras/age_IV/events/34.json:$.summary	the red hall	->	An Talla Dearg	|	A messenger of Alasdair Bàn's, riding to the red hall with the household's ordinary
CHANGE	eras/age_IV/events/34.json:$.summary	the red hall's	->	An Talla Dearg's	|	ther than grant it to another man, a stubbornness the red hall's clerks never once ask him to 
CHANGE	eras/age_IV/events/34.json:$.summary	the red hall	->	An Talla Dearg	|	Alasdair Bàn goes up to the red hall himself to carry word of an o
CHANGE	eras/age_IV/events/35.json:$.summary	the account of the Brothers' War	->	Leabhar nam Bràithrean	|	The clerk who wrote the account of the Brothers' War in King Iain Ciar's praise di
CHANGE	eras/age_IV/events/35.json:$.summary	the keel-song's	->	Òran na Druime's	|	d with the lead, tells the gatherer Iseabail that the keel-song's strange words are likely only
CHANGE	eras/age_IV/events/35.json:$.title	The keel-song	->	Òran na Druime	|	The keel-song read at the king's court
CHANGE	eras/age_IV/events/35.json:$.summary	the keel-song's	->	Òran na Druime's	|	ing before the king's hall at Cathair dhearg, and the keel-song's strange lines silence a room 
CHANGE	eras/age_IV/events/35.json:$.summary	the keel-song	->	Òran na Druime	|	The rope-maker who led the walk that sang the keel-song dies at Cuan shean, seventy y
CHANGE	eras/age_IV/events/35.json:$.title	the vein-house	->	Taigh na Fèithe	|	Iseabail's tablets entered in the vein-house
CHANGE	eras/age_IV/events/35.json:$.summary	the vein-house	->	Taigh na Fèithe	|	he rest of her life sends her whole collection to the vein-house, where the clerks write into 
CHANGE	eras/age_IV/events/36.json:$.summary	the ruling of the hearth	->	Riaghailt an Teallaich	|	Before swearing last to the ruling of the hearth, the head of Clann Choinnich 
CHANGE	eras/age_IV/events/36.json:$.title	The custody-book	->	Leabhar a' Chùraim	|	The custody-book binds the two stairs
CHANGE	eras/age_IV/events/36.json:$.summary	the custody-book	->	Leabhar a' Chùraim	|	s break into the eastern Toll-dubh, the scribe of the custody-book binds its entry to the wester
CHANGE	eras/age_IV/events/36.json:$.summary	the custody-book	->	Leabhar a' Chùraim	|	he right to the coal, Sìleas Òg has it entered in the custody-book without a word either way, a 
CHANGE	eras/age_IV/events/36.json:$.title	the silver petition	->	Athchuingean an Airgid	|	Clann Choinnich's clerk drafts the silver petition
CHANGE	eras/age_IV/events/36.json:$.summary	the seven houses	->	Na Seachd Taighean	|	When the seven houses begin burying their heads at 
CHANGE	eras/age_IV/events/36.json:$.summary	the king-list	->	Clàr nan Rìghrean	|	single stone rather than two, the plainest record the king-list gives of the short reign she 
CHANGE	eras/age_IV/events/36.json:$.summary	the custody-book	->	Leabhar a' Chùraim	|	within the year of his crowning, forty years old; the custody-book does not say what ailed him, 
CHANGE	eras/age_IV/events/36.json:$.summary	the seven houses	->	Na Seachd Taighean	|	them no death by war, no famine and no quarrel of the seven houses.
CHANGE	eras/age_IV/events/37.json:$.summary	the vein-house	->	Taigh na Fèithe	|	, the only surviving copy of a custodians' ruling the vein-house had lost to fire two generati
CHANGE	eras/age_IV/events/37.json:$.title	the vein-house	->	Taigh na Fèithe	|	Beathag carries the proposal of paper to the vein-house
CHANGE	eras/age_IV/events/37.json:$.summary	the vein-house	->	Taigh na Fèithe	|	Beathag nic Thòmais rides the sixty miles to the vein-house herself to put Anna's rag pap
CHANGE	eras/age_IV/events/37.json:$.summary	the vein-house	->	Taigh na Fèithe	|	town has to papers that belong by their matter to the vein-house or the crown. He answers that
CHANGE	eras/age_IV/events/37.json:$.summary	the rite of the empty harbour	->	Deas-ghnàth a' Chalaidh Fhalaimh	|	Sent to note the rite of the empty harbour for the crown's book, a scrib
CHANGE	eras/age_IV/events/37.json:$.summary	the king-list	->	Clàr nan Rìghrean	|	r-and-seventieth year, after forty years crowned; the king-list sets down the end of it and l
CHANGE	eras/age_IV/events/38.json:$.summary	the house of disputation	->	Taigh na Deasbaid	|	e question of longer lives is never raised again, the house of disputation at Dùn thais turns instead to
CHANGE	eras/age_IV/events/38.json:$.summary	the custody-book's	->	Leabhar a' Chùraim's	|	disputation at Dùn thais turns instead to whether the custody-book's measure of the handful answer
CHANGE	eras/age_IV/events/38.json:$.summary	the vein-house	->	Taigh na Fèithe	|	ar reign, that he never once found courage to ask the vein-house a question the house of dispu
CHANGE	eras/age_IV/events/38.json:$.summary	the house of disputation	->	Taigh na Deasbaid	|	ce found courage to ask the vein-house a question the house of disputation was forbidden to ask on his b
CHANGE	eras/age_IV/events/38.json:$.summary	the red hall	->	An Talla Dearg	|	Gormshuil nic Thormoid is crowned in the red hall a fortnight after her father'
CHANGE	eras/age_IV/events/38.json:$.summary	the silver petition	->	Athchuingean an Airgid	|	very account to vote with the three houses behind the silver petition, Aonghas mac Lachlainn change
CHANGE	eras/age_IV/events/38.json:$.summary	the custody-book	->	Leabhar a' Chùraim	|	rd is his to keep, and she lets the matter lie as the custody-book lets it lie.
CHANGE	eras/age_IV/events/38.json:$.title	the vein-house	->	Taigh na Fèithe	|	The queen goes up to the vein-house for the winter burning
CHANGE	eras/age_IV/events/38.json:$.summary	the vein-house	->	Taigh na Fèithe	|	ld, Gormshuil nic Thormoid rides the coal-road to the vein-house for the winter burning as she
CHANGE	eras/age_IV/events/38.json:$.summary	the seven houses	->	Na Seachd Taighean	|	shuil since the winter burning, the custodians of the seven houses meet at the red hall in the p
CHANGE	eras/age_IV/events/38.json:$.summary	the red hall	->	An Talla Dearg	|	rning, the custodians of the seven houses meet at the red hall in the place the crown's own 
CHANGE	eras/age_IV/events/38.json:$.summary	the vein-house's	->	Taigh na Fèithe's	|	The custodians seal their letters with the vein-house's trellis and hollow stone as e
CHANGE	eras/age_IV/events/38.json:$.summary	the night of lamps	->	Oidhche nan Lòchran	|	 left on the Seann Skell waterfront still keeping the night of lamps, an old woman, Ealasaid nic I
CHANGE	eras/age_IV/events/38.json:$.summary	The custody-book's	->	Leabhar a' Chùraim's	|	The custody-book's clerk notes under the last co
CHANGE	eras/age_IV/events/38.json:$.summary	the seven houses	->	Na Seachd Taighean	|	ry hand kept since Donnchadh's day, that three of the seven houses now hold more than half the w
CHANGE	eras/age_IV/events/38.json:$.title	the table of years	->	Clàr nam Bliadhnachan	|	The oldest crowned ruler since the table of years
CHANGE	eras/age_IV/events/38.json:$.summary	the custody-book	->	Leabhar a' Chùraim	|	 Queen Gormshuil nic Thormoid is the oldest ruler the custody-book has entered crowned and still
CHANGE	eras/age_IV/events/38.json:$.summary	the table of years	->	Clàr nam Bliadhnachan	|	ered crowned and still reigning since long before the table of years, nine-and-twenty years crowne
CHANGE	eras/age_IV/events/39.json:$.summary	second silver petition	->	Athchuingean an Airgid	|	of the council that had refused Clann Choinnich's second silver petition; asked once more on his death
CHANGE	eras/age_IV/events/39.json:$.title	The seven houses	->	Na Seachd Taighean	|	The seven houses name themselves Comhairle a' 
CHANGE	eras/age_IV/events/39.json:$.summary	the seven houses	->	Na Seachd Taighean	|	 errands rather than by any summons, the heads of the seven houses call themselves Comhairle a' 
CHANGE	eras/age_IV/events/39.json:$.summary	The seven houses	->	Na Seachd Taighean	|	The seven houses leave the chair at the head o
CHANGE	eras/age_IV/events/39.json:$.summary	the vein-house's	->	Taigh na Fèithe's	|	s out its letters from Cathair dhearg sealed with the vein-house's own trellis and hollow stone 
CHANGE	eras/age_IV/events/39.json:$.summary	the red hall's	->	An Talla Dearg's	|	ove the seal, continuing without comment a custom the red hall's clerks had already begun in t
CHANGE	eras/age_IV/events/39.json:$.summary	the night of lamps	->	Oidhche nan Lòchran	|	le the harbour-house lamp-window that once marked the night of lamps stands dark for another winte
CHANGE	eras/age_IV/events/39.json:$.summary	the rite of the empty harbour	->	Deas-ghnàth a' Chalaidh Fhalaimh	|	At the rite of the empty harbour on Cidhe an Diosail, Eòghann 
CHANGE	eras/age_IV/events/39.json:$.title	The red hall	->	An Talla Dearg	|	The red hall holds five hundred souls
CHANGE	eras/age_IV/events/39.json:$.summary	the seven houses	->	Na Seachd Taighean	|	In the year the seven houses name their council, the red h
CHANGE	eras/age_IV/events/39.json:$.summary	the red hall	->	An Talla Dearg	|	In the year the seven houses name their council, the red hall at Cathair dhearg holds perha
CHANGE	eras/age_IV/events/39.json:$.summary	the seven houses	->	Na Seachd Taighean	|	closes, fewer than the tenants of a single one of the seven houses in a good year.
LEFT	eras/age_IV/annals/age_IV_09.json:EIV-5028.body	the house of disputation	(no "the" before it)	|	th country talk to Taigh na Fèithe of a house of disputation newly founded at Inis mhòr, whose first
LEFT	eras/age_IV/annals/age_IV_11.json:EIV-6005.body	the house of disputation	(no "the" before it)	|	the boy's father the child belongs at a house of disputation. Raghnall mac Chaluim, fourteen years o
LEFT	eras/age_IV/book/11_of_the_white_sorrow.md:11	the thinning	(no "the" before it)	|	r blood ran in it. The strength was not thinning in the departed's children, on his reck
LEFT	eras/age_IV/book/11_of_the_white_sorrow.md:17	the custody-book	(no "the" before it)	|	less far and to fewer households, for a custody-book is not a thing that passes mouth to mou
LEFT	eras/age_IV/book/11_of_the_white_sorrow.md:21	the thinning	(no "the" before it)	|	 as it had always measured, and if some thinning was at work upon the children of the de
LEFT	eras/age_IV/book/11_of_the_white_sorrow.md:37	the vein-house	(no "the" before it)	|	e. It asked no priest to keep it and no vein-house to license it. A household that had nev
LEFT	eras/age_IV/book/15_of_the_hawk_of_acaill.md:35	the vein-house	(no "the" before it)	|	 keeping the measure, in a mews or at a vein-house both, was a watching that wanted doing 
LEFT	eras/age_IV/book/17_of_carson_an_lamh_seo.md:15	the vein-house	(no "the" before it)	|	 time the complaint came round again: a vein-house steward at a naming feast saying the sa
LEFT	eras/age_IV/book/19_of_the_stone_that_cries_out_and_the_two_horses.md:9	the wolf-sworn	(no "the" before it)	|	alf forgotten, who had sworn themselves wolf-sworn on a carved stone at another town's gat
LEFT	eras/age_IV/book/19_of_the_stone_that_cries_out_and_the_two_horses.md:11	the wolf-sworn	(no "the" before it)	|	d it kept a household still under oath, wolf-sworn still, whatever the wolf they had first
LEFT	eras/age_IV/book/20_of_the_burned_tracts.md:36	the custody-book	(no "the" before it)	|	is Naomh by more claimants than any one custody-book had ever troubled to name in full, pass
LEFT	eras/age_IV/book/21_of_the_ferry_on_the_abhainn_fhionn.md:73	the vein-house	(no "the" before it)	|	them put it to a colleague afterward, a vein-house that might soon answer to no clear crow
LEFT	eras/age_IV/book/23_of_the_hearths_refused.md:21	the Lord	(no "the" before it)	|	"Lord," he said, and did not know how to go o
LEFT	eras/age_IV/book/23_of_the_hearths_refused.md:82	the cold hearths	(no "the" before it)	|	hat a claim which had to be enforced by cold hearths was no longer only a quarrel among thre
LEFT	eras/age_IV/book/24_of_catriona_bhuadhach.md:15	the cold hearths	(no "the" before it)	|	 had mattered, that a crown enforced by cold hearths was a crown that belonged to no house a
LEFT	eras/age_IV/book/27_of_the_bargain_of_the_counts.md:54	the house of disputation	(no "the" before it)	|	ted more than agreement and asked, in a house of disputation the pupils of Dùn thais had founded the
LEFT	eras/age_IV/book/28_of_the_sea_thieves_strand.md:25	the thinning	(no "the" before it)	|	ited a quiet post in was a town visibly thinning under his own eyes, the way a fire some
LEFT	eras/age_IV/book/28_of_the_sea_thieves_strand.md:37	the thinning	(no "the" before it)	|	to weigh, and a reeve's petition from a thinning shore on the far side of the island was
LEFT	eras/age_IV/book/28_of_the_sea_thieves_strand.md:57	the thinning	(no "the" before it)	|	to the crown as thinly held and further thinning would travel no faster than the last on
LEFT	eras/age_IV/book/28_of_the_sea_thieves_strand.md:69	the thinning	(no "the" before it)	|	s and the boundary leaves and the long, thinning column of households each in its own pl
LEFT	eras/age_IV/book/33_of_the_table_of_years.md:32	the house of disputation	(no "the" before it)	|	 on counting things twice belonged at a house of disputation and not on a hillside among the sheep. 
LEFT	eras/age_IV/book/34_of_the_brothers_peace.md:13	the four houses	(no "the" before it)	|	 called up every man their own three or four houses owed them, and set every road between t
LEFT	eras/age_IV/book/37_of_the_loft_over_the_mill.md:21	the vein-house	(no "the" before it)	|	eyond "keeping what's going begging." A vein-house clerk riding through on the crown's bus
LEFT	eras/age_IV/book/38_of_the_queens_progress.md:9	the custody-book	(no "the" before it)	|	ght this a harbour-master's own kind of custody-book, kept in stone instead of hide, and sai
LEFT	eras/age_IV/book/38_of_the_queens_progress.md:13	the house of disputation	(no "the" before it)	|	stion with edges sharp enough to fill a house of disputation for as long as anyone cared to keep arg
LEFT	eras/age_IV/book/38_of_the_queens_progress.md:15	the holy wood	(no "the" before it)	|	ng on a stick cut from the school's own holy wood, whether he thought the coal question w
LEFT	eras/age_IV/book/38_of_the_queens_progress.md:15	the house of disputation	(no "the" before it)	|	t; it was answers, not subjects, that a house of disputation was built to go without. Gormshuil thou
LEFT	eras/age_IV/book/38_of_the_queens_progress.md:31	the custody-book	(no "the" before it)	|	red, though Leabhar a' Chùraim, being a custody-book, kept the dues and let the wine go unto
LEFT	eras/age_IV/book/39_of_the_eleven_and_the_thinning_mist.md:7	the vein-house	(no "the" before it)	|	sail was not Leabhar a' Chùraim, and no vein-house clerk had ever asked to read it, but it
LEFT	eras/age_IV/gazetteer/02_the_north_and_the_north_west.json:17.history	the house of disputation	(no "the" before it)	|	o answer. Pupils of Dùn thais founded a house of disputation here in LE 769, the question of the vei
LEFT	eras/age_IV/gazetteer/04_the_north_east_and_the_east.json:136.history	the vein-house	(no "the" before it)	|	he day the grant was read, with a young vein-house scribe, Eòghann mac Pheadair, standing 
LEFT	eras/age_IV/gazetteer/07_the_lesser_towns.json:505.history	the vein-house	(no "the" before it)	|	ery the others answered to, and the old vein-house scribe Eòghann mac Pheadair was carried
LEFT	eras/age_IV/appendices/A_rulers.md:3	the vein-house	(no "the" before it)	|	r kept one crown at Cathair dhearg, one vein-house above Muileann dhearg, and between them
LEFT	eras/age_IV/appendices/B_faiths.md:17	the house of disputation	(no "the" before it)	|	d. Pupils of Dùn thais founded a second house of disputation at Inis mhòr in LE 769. Raghnall mac Ch
LEFT	eras/age_IV/appendices/E_forgotten.md:22	the vein-house	(no "the" before it)	|	's hall in LE 1,391, and a harper and a vein-house clerk each said the words fitted no ton
LEFT	eras/age_IV/events/10.json:$.title	the count of the Diosal	(no "the" before it)	|	Donnchadh's private count of the Diosal
LEFT	eras/age_IV/events/11.json:$.summary	the vein-house	(no "the" before it)	|	At a vein-house sitting called for another matter, Donn
LEFT	eras/age_IV/events/13.json:$.summary	the lot-stones	(no "the" before it)	|	Old Donnchadh takes the bag of lot-stones down from its peg to let a grandson of 
LEFT	eras/age_IV/events/14.json:$.summary	the seven houses of custody	(no "the" before it)	|	d of his line, riders carry word to all seven houses of custody that their heads are summoned to Cathai
LEFT	eras/age_IV/events/16.json:$.summary	the bridge at Cathair dhearg	(no "the" before it)	|	en Sìleas rides down to see the widened bridge at Cathair dhearg finished, forty-six years old, with her
LEFT	eras/age_IV/events/21.json:$.summary	the vein-house	(no "the" before it)	|	o men of longer service, judging that a vein-house that may soon answer to no clear crown 
LEFT	eras/age_IV/events/27.json:$.summary	the house of disputation	(no "the" before it)	|	rth country talk to the vein-house of a house of disputation newly founded at Inis mhòr, whose first
LEFT	eras/age_IV/events/28.json:$.summary	the king-list	(no "the" before it)	|	bes at Cathair dhearg take down the old king-list from its resting place and copy it afre
LEFT	eras/age_IV/events/29.json:$.summary	the lot-stones	(no "the" before it)	|	 the succession among the galleries and lot-stones rather than under the house of Catrìona
LEFT	eras/age_IV/events/33.json:$.summary	the house of disputation	(no "the" before it)	|	the boy's father the child belongs at a house of disputation. Raghnall mac Chaluim, fourteen years o
LEFT	eras/age_IV/events/34.json:$.summary	the account of the Brothers' War	(no "the" before it)	|	Gathering material for his account of the Brothers' War, the king's clerk Pàdraig mac Ruairidh 
LEFT	eras/age_IV/events/35.json:$.summary	the vein-house	(no "the" before it)	|	half knows already; an old harper and a vein-house clerk each say the words fit no tongue 
LEFT	eras/age_IV/events/37.json:$.title	the vein-house	(no "the" before it)	|	A vein-house clerk finds a lost ruling in the loft
LEFT	eras/age_IV/events/38.json:$.summary	the count of hands	(no "the" before it)	|	At the last count of hands the custodians grant a house whose shar
LEFT	eras/age_IV/events/38.json:$.summary	the headland watch	(no "the" before it)	|	the empty water off Ceann mhòr's lapsed headland watch find a worked timber cast up, longer th
LEFT	eras/age_IV/events/38.json:$.summary	the count of hands	(no "the" before it)	|	stody-book's clerk notes under the last count of hands, in the dry hand kept since Donnchadh's
