# run 2026-09-26 01:43: 1897 changes, 223 left
CHANGE	eras/age_VI/annals/age_VI_01.json:EVI-1012.body	the Tuathaich homeland	->	Tìr-dhùthchais nan Tuathach	|	The council's law fixing the Tuathaich homeland in the north is read from the
CHANGE	eras/age_VI/annals/age_VI_01.json:EVI-1017.body	the Severance war	->	Cogadh nam Beann	|	before the war, is given over to the companies of the Severance war waiting their turn to be stoo
CHANGE	eras/age_VI/annals/age_VI_01.json:EVI-1023.body	the hungry year's	->	A' Bhliadhna Acrach's	|	plight, the first line of a private accounting of the hungry year's dead that no council south of
CHANGE	eras/age_VI/annals/age_VI_01.json:EVI-1025.body	the hungry year's	->	A' Bhliadhna Acrach's	|	 house through Doire ghlas gathering the names of the hungry year's dead, and pins them, above fi
CHANGE	eras/age_VI/annals/age_VI_01.json:EVI-1027.body	the Severance	->	An Dealachadh	|	aol mhòr grounds in numbers not seen since before the Severance, and the town, having taken n
CHANGE	eras/age_VI/annals/age_VI_01.json:EVI-1028.body	the Moot	->	Tional nan Tuathach	|	atch of nine; it is the first word of the sharing the Moot later counts its first work.
CHANGE	eras/age_VI/annals/age_VI_02.json:EVI-1500.title	The Moot	->	Tional nan Tuathach	|	The Moot votes its first winter measur
CHANGE	eras/age_VI/annals/age_VI_02.json:EVI-1500.body	the Moot's	->	Tional nan Tuathach's	|	at Caol mhòr vote, in the same sitting that opens the Moot's book, to lay by grain against
CHANGE	eras/age_VI/annals/age_VI_02.json:EVI-1501.title	the Moot's	->	Tional nan Tuathach's	|	The Doire ghlas dead voted into the Moot's record
CHANGE	eras/age_VI/annals/age_VI_02.json:EVI-1501.body	the Moot	->	Tional nan Tuathach	|	 the church porch's names afterward told him, and the Moot votes, without a voice raised
CHANGE	eras/age_VI/annals/age_VI_02.json:EVI-1502.body	The Moot	->	Tional nan Tuathach	|	The Moot sets a common store under loc
CHANGE	eras/age_VI/annals/age_VI_02.json:EVI-1502.body	the hungry year	->	A' Bhliadhna Acrach	|	h a scale, a smith of Doire ghlas, and a widow of the hungry year who had buried two children i
CHANGE	eras/age_VI/annals/age_VI_02.json:EVI-1503.title	The Moot's	->	Tional nan Tuathach's	|	The Moot's letter drafted for the counci
CHANGE	eras/age_VI/annals/age_VI_02.json:EVI-1503.body	the Moot	->	Tional nan Tuathach	|	Walter Hale drafts, and the Moot amends and approves, four car
CHANGE	eras/age_VI/annals/age_VI_02.json:EVI-1504.title	the Moot's	->	Tional nan Tuathach's	|	Robert Carrick carries the Moot's letter south
CHANGE	eras/age_VI/annals/age_VI_02.json:EVI-1505.title	The Moot's	->	Tional nan Tuathach's	|	The Moot's letter received and filed
CHANGE	eras/age_VI/annals/age_VI_02.json:EVI-1505.body	the Moot's	->	Tional nan Tuathach's	|	lerk at the harbour-house in Cathair dhearg takes the Moot's letter from Robert Carrick's 
CHANGE	eras/age_VI/annals/age_VI_02.json:EVI-1507.title	The council of twelve	->	Comhairle na Rìoghachd	|	The council of twelve seated and its chairs filled
CHANGE	eras/age_VI/annals/age_VI_02.json:EVI-1507.body	the Severance war	->	Cogadh nam Beann	|	n from the custodian families and the captains of the Severance war: among them Fearchar mac Ragh
CHANGE	eras/age_VI/annals/age_VI_02.json:EVI-1508.body	the Moot's	->	Tional nan Tuathach's	|	When the Moot's letter is read before the twe
CHANGE	eras/age_VI/annals/age_VI_02.json:EVI-1509.body	the Moot	->	Tional nan Tuathach	|	s comes, without a vote taken on it, to be called the Moot, a word one of its own purser
CHANGE	eras/age_VI/annals/age_VI_02.json:EVI-1510.body	the Moot's	->	Tional nan Tuathach's	|	 an Dàmhair with an empty satchel and one report: the Moot's letter was handed at the harb
CHANGE	eras/age_VI/annals/age_VI_02.json:EVI-1520.title	the windy coast	->	an Oirthir Ghaothach	|	The minute that the windy coast is not in the survey
CHANGE	eras/age_VI/annals/age_VI_02.json:EVI-1520.body	the windy coast	->	an Oirthir Ghaothach	|	 line rather than leave the gap unexplained: that the windy coast is not in the survey, a line 
CHANGE	eras/age_VI/annals/age_VI_02.json:EVI-1525.title	the roll of arms	->	Clàr nan Suaicheantas	|	The first maor's seal cut from the roll of arms
CHANGE	eras/age_VI/annals/age_VI_02.json:EVI-1527.body	the council of twelve	->	Comhairle na Rìoghachd	|	Before its morning sitting breaks, the council of twelve votes grain, blankets, timber
CHANGE	eras/age_VI/annals/age_VI_02.json:EVI-1527.body	the Severance	->	An Dealachadh	|	 time the twelve have met before full light since the Severance itself.
CHANGE	eras/age_VI/annals/age_VI_02.json:EVI-1534.body	the roll of arms	->	Clàr nan Suaicheantas	|	k before the war and a council clerk since, draws the roll of arms for the maoir's seals, copyin
CHANGE	eras/age_VI/annals/age_VI_02.json:EVI-1534.body	the Residency	->	Taigh an Àrd-mhaoir	|	g many of its charges from a book of arms left at the Residency, so that lions and parrots an
CHANGE	eras/age_VI/annals/age_VI_03.json:EVI-2003.body	the Moot	->	Tional nan Tuathach	|	ice rides to Caol mhòr with the first struck coin the Moot has seen, and, asked how a ho
CHANGE	eras/age_VI/annals/age_VI_03.json:EVI-2004.title	The Moot	->	Tional nan Tuathach	|	The Moot debates the wording of its pe
CHANGE	eras/age_VI/annals/age_VI_03.json:EVI-2004.body	The Moot at Caol mhòr	->	Tional nan Tuathach	|	The Moot at Caol mhòr argues two evenings over a le
CHANGE	eras/age_VI/annals/age_VI_03.json:EVI-2006.title	the Moot's	->	Tional nan Tuathach's	|	Ailean mac Iain files the Moot's letter
CHANGE	eras/age_VI/annals/age_VI_03.json:EVI-2006.body	The Moot's	->	Tional nan Tuathach's	|	The Moot's letter asking an exchange for
CHANGE	eras/age_VI/annals/age_VI_03.json:EVI-2011.title	the Stone's	->	Lia Fàil's	|	The house of the Stone's chits redeemed at its door
CHANGE	eras/age_VI/annals/age_VI_03.json:EVI-2012.title	the Moot	->	Tional nan Tuathach	|	Hale sets down the answer he means to give the Moot
CHANGE	eras/age_VI/annals/age_VI_03.json:EVI-2012.body	the Moot	->	Tional nan Tuathach	|	ughshare on his own table, Walter Hale writes for the Moot that a people waiting on an a
CHANGE	eras/age_VI/annals/age_VI_03.json:EVI-2015.body	the Rite	->	Deas-ghnàth a' Ghuail	|	In the hall of the greatest house of the Rite, Dòmhnall mac Thormoid reads 
CHANGE	eras/age_VI/annals/age_VI_03.json:EVI-2015.body	the coal-touched	->	fuil-ghuail	|	year composing: the leyline, the unbroken line of the coal-touched, and the measure of what may 
CHANGE	eras/age_VI/annals/age_VI_03.json:EVI-2016.title	The houses of the Stone	->	Òrd na Cloiche	|	The houses of the Stone promise good will and nothing
CHANGE	eras/age_VI/annals/age_VI_03.json:EVI-2016.body	the houses of the Stone	->	Òrd na Cloiche	|	ithin the month a letter reaches Seann Skell from the houses of the Stone in the south-west, wishing th
CHANGE	eras/age_VI/annals/age_VI_03.json:EVI-2016.body	the Rite	->	Deas-ghnàth a' Ghuail	|	 he begins that day, meaning to keep every letter the Rite sends or receives from then o
CHANGE	eras/age_VI/annals/age_VI_03.json:EVI-2017.title	The Hawk houses	->	Òrd an t-Seabhaig	|	The Hawk houses' letter of refusal
CHANGE	eras/age_VI/annals/age_VI_03.json:EVI-2017.body	the hawk-houses	->	Òrd an t-Seabhaig	|	A letter comes to Seann Skell from the hawk-houses about Cnoc bheag, sealed with
CHANGE	eras/age_VI/annals/age_VI_03.json:EVI-2017.body	the Rite	->	Deas-ghnàth a' Ghuail	|	of a bird with wings spread flat: the old form of the Rite has never needed a custodian 
CHANGE	eras/age_VI/annals/age_VI_03.json:EVI-2018.body	the Rite	->	Deas-ghnàth a' Ghuail	|	w for the ordered worship, the first any house of the Rite has raised for that purpose r
CHANGE	eras/age_VI/annals/age_VI_03.json:EVI-2019.body	high custodian	->	Àrd-choimheadaiche	|	er him with silence rather than argument, the new high custodian begins a plain ledger to hold
CHANGE	eras/age_VI/annals/age_VI_03.json:EVI-2019.body	the Rite	->	Deas-ghnàth a' Ghuail	|	todian begins a plain ledger to hold every letter the Rite sends or receives, the first 
CHANGE	eras/age_VI/annals/age_VI_03.json:EVI-2020.body	the Rite's	->	Deas-ghnàth a' Ghuail's	|	Summoned to be presented at court as the Rite's first high custodian, Dòmhnal
CHANGE	eras/age_VI/annals/age_VI_03.json:EVI-2020.body	high custodian	->	Àrd-choimheadaiche	|	oned to be presented at court as the Rite's first high custodian, Dòmhnall mac Thormoid rides 
CHANGE	eras/age_VI/annals/age_VI_03.json:EVI-2021.body	the coal-touched	->	fuil-ghuail	|	Writing the order's page on the coal-touched, Dòmhnall mac Thormoid finds 
CHANGE	eras/age_VI/annals/age_VI_03.json:EVI-2023.title	the Rite	->	Deas-ghnàth a' Ghuail	|	Copies of the order sent to every house of the Rite
CHANGE	eras/age_VI/annals/age_VI_03.json:EVI-2023.body	the Old Faith	->	An Creideamh Sean	|	his own text, and he sends them to every house of the Old Faith still standing, the Hawk-hous
CHANGE	eras/age_VI/annals/age_VI_03.json:EVI-2023.body	the houses of the Stone	->	Òrd na Cloiche	|	 standing, the Hawk-houses among them, along with the houses of the Stone, Òrd Mhacha, and a last copy 
CHANGE	eras/age_VI/annals/age_VI_03.json:EVI-2025.body	the Moot's	->	Tional nan Tuathach's	|	The state's roll and the Moot's own tally of the northern shi
CHANGE	eras/age_VI/annals/age_VI_03.json:EVI-2026.body	the circuit justices	->	Britheamhan na Cuairte	|	ilidh nic Leòid the letter naming her first among the circuit justices: eleven shires of the south-w
CHANGE	eras/age_VI/annals/age_VI_03.json:EVI-2028.body	the circuit justice's	->	Britheamhan na Cuairte's	|	 waterworks, bring their dispute over one well to the circuit justice's bench in the mill-yard, the t
CHANGE	eras/age_VI/annals/age_VI_03.json:EVI-2033.body	the circuit justice	->	Britheamhan na Cuairte	|	r mac Lachlainn, maor of the western shire, meets the circuit justice at the town gate and asks her
CHANGE	eras/age_VI/annals/age_VI_03.json:EVI-2033.body	the Crown's	->	An Crùn's	|	at the town gate and asks her plainly to find for the Crown's grant, the household holding 
CHANGE	eras/age_VI/annals/age_VI_03.json:EVI-2034.body	a Company surveyor	->	a surveyor of A' Chompanaidh	|	A Tuathaich family holding four fields under a Company surveyor's title cut before the Severa
CHANGE	eras/age_VI/annals/age_VI_03.json:EVI-2034.body	the Severance	->	An Dealachadh	|	ields under a Company surveyor's title cut before the Severance is set against a Dia-thìreach
CHANGE	eras/age_VI/annals/age_VI_03.json:EVI-2034.body	the Crown's	->	An Crùn's	|	e is set against a Dia-thìreach household holding the Crown's newer grant of the same groun
CHANGE	eras/age_VI/annals/age_VI_03.json:EVI-2035.title	The Leòid ruling	->	Breith Leòid	|	The Leòid ruling copied to every maor's court 
CHANGE	eras/age_VI/annals/age_VI_04.json:EVI-2500.title	The Rail Board's	->	Comhairle na Slighe-iarainn's	|	The Rail Board's timetable hung at Muileann ch
CHANGE	eras/age_VI/annals/age_VI_04.json:EVI-2501.body	the Grey Night	->	Oidhche Glaise	|	mending turns to talk of Hannah Crane's word that the Grey Night vigil will be kept in the ope
CHANGE	eras/age_VI/annals/age_VI_04.json:EVI-2504.body	the Church	->	An Eaglais	|	Three bishops of the Church write to Baile chrom calling 
CHANGE	eras/age_VI/annals/age_VI_04.json:EVI-2504.body	the Grey Night	->	Oidhche Glaise	|	 write to Baile chrom calling the open keeping of the Grey Night irregular, and ask, without c
CHANGE	eras/age_VI/annals/age_VI_04.json:EVI-2505.body	the Severance	->	An Dealachadh	|	l of the old chapel at Ros bheag, carted north at the Severance and crated in a barn for want
CHANGE	eras/age_VI/annals/age_VI_04.json:EVI-2510.title	The Grey Night	->	Oidhche Glaise	|	The Grey Night kept in the open a second yea
CHANGE	eras/age_VI/annals/age_VI_04.json:EVI-2510.body	The vigil of the Grey Night	->	Oidhche Glaise	|	The vigil of the Grey Night is kept in the open on the he
CHANGE	eras/age_VI/annals/age_VI_04.json:EVI-2514.body	The Library	->	An Leabharlann	|	ve councillors. The other seven enter no dissent. The Library keeps the sheet as the whole 
CHANGE	eras/age_VI/annals/age_VI_04.json:EVI-2520.title	The Sloc Mòr	->	An Sloc Mòr	|	The Sloc Mòr granted to Uisdean mac Ùisdei
CHANGE	eras/age_VI/annals/age_VI_04.json:EVI-2520.body	the Crown	->	An Crùn	|	e humans' own ledgers save the fifth now kept for the Crown.
CHANGE	eras/age_VI/annals/age_VI_04.json:EVI-2521.title	the Sloc Mòr's	->	An Sloc Mòr's	|	A board is seated over the Sloc Mòr's grant
CHANGE	eras/age_VI/annals/age_VI_04.json:EVI-2525.body	the Sloc Mòr	->	An Sloc Mòr	|	Sent north with the council's own copy of the Sloc Mòr grant, Gormshuil nic Dhùghail
CHANGE	eras/age_VI/annals/age_VI_04.json:EVI-2527.body	the Mine Board's	->	Comhairle nam Mèinnean's	|	he hills, is taken on by Lachlann mac Iain Bhàin, the Mine Board's surveyor, to carry the chain 
CHANGE	eras/age_VI/annals/age_VI_04.json:EVI-2527.body	the Sloc Mòr	->	An Sloc Mòr	|	r, to carry the chain and keep the faces' book at the Sloc Mòr. He is sworn to no guild, onl
CHANGE	eras/age_VI/annals/age_VI_04.json:EVI-2529.body	the coal road	->	Rathad na Mèinne	|	The crossing at Baile thais, where the coal road meets the Abhainn uaine, fill
CHANGE	eras/age_VI/annals/age_VI_04.json:EVI-2531.body	the Sloc Mòr's	->	An Sloc Mòr's	|	first train, loaded with coal cut that week, from the Sloc Mòr's pithead at Achadh dhomhain do
CHANGE	eras/age_VI/annals/age_VI_04.json:EVI-2532.body	the Sloc Mòr's	->	An Sloc Mòr's	|	The grey, black-veined spoil of the Sloc Mòr's deeper galleries is quarried 
CHANGE	eras/age_VI/annals/age_VI_04.json:EVI-2532.body	the house of Mac Ùisdein	->	Taigh Mhic Ùisdein	|	and sold south under a stylised wave, the mark of the house of Mac Ùisdein, cut into every squared block
CHANGE	eras/age_VI/annals/age_VI_04.json:EVI-2533.body	the Sloc Mòr	->	An Sloc Mòr	|	The engine of the first coal train from the Sloc Mòr to Cathair dhearg is driven b
CHANGE	eras/age_VI/annals/age_VI_04.json:EVI-2535.title	The Rail Board's	->	Comhairle na Slighe-iarainn's	|	The Rail Board's office raised at Cathair dhea
CHANGE	eras/age_VI/annals/age_VI_04.json:EVI-2535.body	The Rail Board	->	Comhairle na Slighe-iarainn	|	The Rail Board builds its office at Cathair 
CHANGE	eras/age_VI/annals/age_VI_04.json:EVI-2536.body	the Mine Board's	->	Comhairle nam Mèinnean's	|	Lachlann mac Iain Bhàin, the Mine Board's surveyor at the Sloc Mòr, kee
CHANGE	eras/age_VI/annals/age_VI_04.json:EVI-2536.body	the Sloc Mòr	->	An Sloc Mòr	|	lann mac Iain Bhàin, the Mine Board's surveyor at the Sloc Mòr, keeps a running book of the 
CHANGE	eras/age_VI/annals/age_VI_04.json:EVI-2537.body	the Sloc Mòr's	->	An Sloc Mòr's	|	New sidings at Muileann chrom, where the Sloc Mòr's coal trains are broken up and
CHANGE	eras/age_VI/annals/age_VI_04.json:EVI-2538.body	The Rail Board	->	Comhairle na Slighe-iarainn	|	The Rail Board lays thirteen miles of new ra
CHANGE	eras/age_VI/annals/age_VI_04.json:EVI-2539.title	The Guild of Hewers	->	Comann nan Gualadairean	|	The Guild of Hewers chartered at Achadh dhomhain
CHANGE	eras/age_VI/annals/age_VI_04.json:EVI-2539.body	the Guild of Hewers	->	Comann nan Gualadairean	|	ding, kept now for Dia-thìrich alone, is set into the Guild of Hewers' charter and read aloud at Ac
CHANGE	eras/age_VI/annals/age_VI_05.json:EVI-3003.title	The Moot's	->	Tional nan Tuathach's	|	The Moot's letter on the indentures file
CHANGE	eras/age_VI/annals/age_VI_05.json:EVI-3003.body	The Moot at Caol mhòr	->	Tional nan Tuathach	|	The Moot at Caol mhòr writes to the guild court at 
CHANGE	eras/age_VI/annals/age_VI_05.json:EVI-3005.body	the Crown's	->	An Crùn's	|	ewly chartered chandlers of Ceann àrsaidh fit out the Crown's patrol boats under their sole
CHANGE	eras/age_VI/annals/age_VI_05.json:EVI-3011.title	The Moot	->	Tional nan Tuathach	|	The Moot votes its school purse
CHANGE	eras/age_VI/annals/age_VI_05.json:EVI-3011.body	The Moot at Caol mhòr	->	Tional nan Tuathach	|	The Moot at Caol mhòr sets aside money of its own f
CHANGE	eras/age_VI/annals/age_VI_05.json:EVI-3013.body	the Moot's	->	Tional nan Tuathach's	|	 rides the coast road himself to bring Agnes Pike the Moot's money the evening before her 
CHANGE	eras/age_VI/annals/age_VI_05.json:EVI-3013.body	the Moot's	->	Tional nan Tuathach's	|	eet in his own hand setting out that the purse is the Moot's, the room the widow's, and th
CHANGE	eras/age_VI/annals/age_VI_05.json:EVI-3014.body	the Church	->	An Eaglais	|	 come through the byre door at Doire ghlas before the Church bell finishes its stroke, to 
CHANGE	eras/age_VI/annals/age_VI_05.json:EVI-3014.body	the Bible	->	am Bìoball	|	ishes its stroke, to be taught their letters from the Bible and from a lent volume of the
CHANGE	eras/age_VI/annals/age_VI_05.json:EVI-3014.body	the Moot's	->	Tional nan Tuathach's	|	 letters from the Bible and from a lent volume of the Moot's own minutes, there being no p
CHANGE	eras/age_VI/annals/age_VI_05.json:EVI-3022.body	the Moot's	->	Tional nan Tuathach's	|	he church porch, Agnes Pike sets her best copyist the Moot's own four-line minute recordin
CHANGE	eras/age_VI/annals/age_VI_05.json:EVI-3024.body	the Crown's	->	An Crùn's	|	 seven years before at Seann Bhral: the ground is the Crown's, the working of it the Dunlop
CHANGE	eras/age_VI/annals/age_VI_05.json:EVI-3025.title	the Crown	->	An Crùn	|	Fifteen suits found for the Crown at Ceann mhòr
CHANGE	eras/age_VI/annals/age_VI_05.json:EVI-3025.body	the Leòid ruling	->	Breith Leòid	|	rought on human titles is decided in the words of the Leòid ruling, the ground passing to the Cr
CHANGE	eras/age_VI/annals/age_VI_05.json:EVI-3025.body	the Crown	->	An Crùn	|	 words of the Leòid ruling, the ground passing to the Crown and the working of it staying
CHANGE	eras/age_VI/annals/age_VI_05.json:EVI-3027.body	the Crown	->	An Crùn	|	o of the assize's nineteen causes decided against the Crown that summer.
CHANGE	eras/age_VI/annals/age_VI_05.json:EVI-3028.body	the Moot's	->	Tional nan Tuathach's	|	he bench as a witness, and shows Eilidh nic Leòid the Moot's own minute of a family's land
CHANGE	eras/age_VI/annals/age_VI_05.json:EVI-3029.title	The Moot's	->	Tional nan Tuathach's	|	The Moot's minute-books credited by a Cr
CHANGE	eras/age_VI/annals/age_VI_05.json:EVI-3029.body	the Crown	->	An Crùn	|	lidh nic Leòid rules that a record kept by a body the Crown does not recognise is no less
CHANGE	eras/age_VI/annals/age_VI_05.json:EVI-3029.body	the Moot's	->	Tional nan Tuathach's	|	and that wrote it holding no seal, the first time the Moot's own paper is taken as evidenc
CHANGE	eras/age_VI/annals/age_VI_05.json:EVI-3031.body	the Seann Bhral ruling	->	Breith Seann Bhral	|	f her nine years' rulings on Tuathaich land, from the Seann Bhral ruling to the seventeen suits, so th
CHANGE	eras/age_VI/annals/age_VI_05.json:EVI-3032.body	the Leòid ruling	->	Breith Leòid	|	r wall of Seann Bhral in the west, where she gave the Leòid ruling seven years before, and says 
CHANGE	eras/age_VI/annals/age_VI_06.json:EVI-3501.body	the Severance	->	An Dealachadh	|	stood on planks above standing water since before the Severance, the lowest tier gone soft as
CHANGE	eras/age_VI/annals/age_VI_06.json:EVI-3502.title	the Library	->	an Leabharlann	|	Coinneach Clàrc taken on at the Library
CHANGE	eras/age_VI/annals/age_VI_06.json:EVI-3503.title	the Library	->	an Leabharlann	|	The council's minute-books sent east to the Library
CHANGE	eras/age_VI/annals/age_VI_06.json:EVI-3504.title	The Library's	->	An Leabharlann's	|	The Library's first reading room opened
CHANGE	eras/age_VI/annals/age_VI_06.json:EVI-3505.title	The Library's	->	An Leabharlann's	|	The Library's copyists turn every date to t
CHANGE	eras/age_VI/annals/age_VI_06.json:EVI-3506.title	The Age of Ailean	->	An Aois Ailein	|	The Age of Ailean parted from the eldest age
CHANGE	eras/age_VI/annals/age_VI_06.json:EVI-3506.body	the king-lists	->	Clàr nan Rìghrean	|	Laying the tellings of Clann na Ceiste against the king-lists the custodians' rolls preserv
CHANGE	eras/age_VI/annals/age_VI_06.json:EVI-3506.body	the Library	->	an Leabharlann	|	fe is counted an age of its own, the first change the Library makes to any reckoning it did
CHANGE	eras/age_VI/annals/age_VI_06.json:EVI-3507.body	the Library	->	an Leabharlann	|	ly answered, says the matter can simply be put in the Library and left settled. Ailean Leab
CHANGE	eras/age_VI/annals/age_VI_06.json:EVI-3508.title	Line of Aisling	->	Sloinneadh Aisling	|	Cailean mac Eachainn's Line of Aisling found in the margin
CHANGE	eras/age_VI/annals/age_VI_06.json:EVI-3508.body	the Line of Aisling	->	Sloinneadh Aisling	|	s margin: Cailean mac Eachainn's line of descent, the Line of Aisling, set down a great many years 
CHANGE	eras/age_VI/annals/age_VI_06.json:EVI-3509.body	the book of lines	->	Leabhar nan Sloinnidhean	|	s of descent, naming it Leabhar nan Sloinnidhean, the book of lines, and sets Cailean mac Eachain
CHANGE	eras/age_VI/annals/age_VI_06.json:EVI-3509.body	Line of Aisling	->	Sloinneadh Aisling	|	he book of lines, and sets Cailean mac Eachainn's Line of Aisling in it directly after the olde
CHANGE	eras/age_VI/annals/age_VI_06.json:EVI-3509.body	Line of the Mason	->	Sloinneadh a' Chlachair	|	's Line of Aisling in it directly after the older Line of the Mason, found wedged behind a shifte
CHANGE	eras/age_VI/annals/age_VI_06.json:EVI-3509.body	(appositive)	->	Leabhar nan Sloinnidhean	|	dropped the English gloss beside Leabhar nan Sloinnidhean
CHANGE	eras/age_VI/annals/age_VI_06.json:EVI-3510.body	the Hollow Man	->	Marbh-bheò	|	s tales set down by firelight rather than by day, the Hollow Man, the white stag, a captain's 
CHANGE	eras/age_VI/annals/age_VI_06.json:EVI-3510.body	the book of tellings	->	Leabhar nan Aithrisean	|	bhar opens a second book, Leabhar nan Aithrisean, the book of tellings, and enters the long years of
CHANGE	eras/age_VI/annals/age_VI_06.json:EVI-3510.body	the long years	->	na Bliadhnachan Fada	|	 nan Aithrisean, the book of tellings, and enters the long years of Ailean Mòr and his childre
CHANGE	eras/age_VI/annals/age_VI_06.json:EVI-3510.body	(appositive)	->	Leabhar nan Aithrisean	|	dropped the English gloss beside Leabhar nan Aithrisean
CHANGE	eras/age_VI/annals/age_VI_06.json:EVI-3511.body	the Library's	->	an Leabharlann's	|	hem out over four days, the first name entered in the Library's reading-book.
CHANGE	eras/age_VI/annals/age_VI_06.json:EVI-3512.title	The Guild of Hewers	->	Comann nan Gualadairean	|	The Guild of Hewers' bath-house built at the warm
CHANGE	eras/age_VI/annals/age_VI_06.json:EVI-3512.title	the warm springs	->	Fuarain Theth Muileann ruadh	|	The Guild of Hewers' bath-house built at the warm springs
CHANGE	eras/age_VI/annals/age_VI_06.json:EVI-3512.body	The Guild of Hewers	->	Comann nan Gualadairean	|	The Guild of Hewers builds a bath-house of its ow
CHANGE	eras/age_VI/annals/age_VI_06.json:EVI-3512.body	the hot springs	->	Fuarain Theth Muileann ruadh	|	 Hewers builds a bath-house of its own funds over the hot springs below Muileann ruadh, for men
CHANGE	eras/age_VI/annals/age_VI_06.json:EVI-3512.body	the Library	->	an Leabharlann	|	 the pits have made sick with the dust, and sends the Library its first sick-roll unasked: 
CHANGE	eras/age_VI/annals/age_VI_06.json:EVI-3515.title	the Library's	->	an Leabharlann's	|	The market entered in the Library's register
CHANGE	eras/age_VI/annals/age_VI_06.json:EVI-3515.body	the Library's	->	an Leabharlann's	|	ar enters the market granted to Muileann chaol in the Library's own register, its stall-fee a
CHANGE	eras/age_VI/annals/age_VI_06.json:EVI-3516.title	the Library at Muileann chaol	->	Leabharlann Muileann chaol	|	Gormshuil nic Dhùghaill sent to inspect the Library at Muileann chaol
CHANGE	eras/age_VI/annals/age_VI_06.json:EVI-3518.title	the Library's	->	an Leabharlann's	|	The first market day held in the Library's yard
CHANGE	eras/age_VI/annals/age_VI_06.json:EVI-3518.body	the Library's	->	an Leabharlann's	|	rict's own produce are set up on trestles against the Library's wall, the stall-fee a penny a
CHANGE	eras/age_VI/annals/age_VI_06.json:EVI-3519.title	the Library	->	an Leabharlann	|	The Tobar dhìreach mill's first delivery reaches the Library
CHANGE	eras/age_VI/annals/age_VI_06.json:EVI-3519.body	the Library	->	an Leabharlann	|	nt north; within the year near enough every sheet the Library uses comes from the one strea
CHANGE	eras/age_VI/annals/age_VI_06.json:EVI-3520.body	the Library	->	an Leabharlann	|	eans to keep the record at Muileann chaol, beside the Library that already holds the rolls 
CHANGE	eras/age_VI/annals/age_VI_06.json:EVI-3524.body	The chronicle	->	Eachdraidh na Rìoghachd	|	The chronicle circuit's southern chests yie
CHANGE	eras/age_VI/annals/age_VI_06.json:EVI-3525.title	The chronicle	->	Eachdraidh na Rìoghachd	|	The chronicle clerks turned away at Doire g
CHANGE	eras/age_VI/annals/age_VI_06.json:EVI-3528.title	The chronicle	->	Eachdraidh na Rìoghachd	|	The chronicle clerks ride out in three pair
CHANGE	eras/age_VI/annals/age_VI_06.json:EVI-3531.title	The Moot	->	Tional nan Tuathach	|	The Moot opens its lifeboat subscripti
CHANGE	eras/age_VI/annals/age_VI_06.json:EVI-3531.body	the Moot's	->	Tional nan Tuathach's	|	Walter Hale carries the wreck's news to the Moot's own council at Caol mhòr, whi
CHANGE	eras/age_VI/annals/age_VI_06.json:EVI-3532.title	the Sea-Watcher	->	Uilebheist na Mara	|	The tale of the Sea-Watcher told to the chronicler
CHANGE	eras/age_VI/annals/age_VI_06.json:EVI-3532.body	the royal chronicler	->	Seanchaidh na Rìoghachd	|	 at the summer bothies below the cold cape, tells the royal chronicler Gormshuil nic Dhùghaill the c
CHANGE	eras/age_VI/annals/age_VI_06.json:EVI-3533.body	the flagless ships	->	Na Longan gun Bhratach	|	The same fisherman tells Gormshuil that the flagless ships working those waters know the
CHANGE	eras/age_VI/annals/age_VI_06.json:EVI-3541.body	the realm-coin	->	Bonn na Rìoghachd	|	ve first asked, and fines the town four purses of the realm-coin, to be paid at the maor's own
CHANGE	eras/age_VI/annals/age_VI_06.json:EVI-3542.title	the Moot's	->	Tional nan Tuathach's	|	Walter Hale carries the Moot's purse north to Cathair gheal
CHANGE	eras/age_VI/annals/age_VI_06.json:EVI-3542.body	the Moot's	->	Tional nan Tuathach's	|	ne, Walter Hale carries the difference north from the Moot's own purse, the same purse the
CHANGE	eras/age_VI/annals/age_VI_06.json:EVI-3544.body	the Moot's	->	Tional nan Tuathach's	|	 had lodged in since the boat brought them north; the Moot's day-book gives the day and th
CHANGE	eras/age_VI/annals/age_VI_06.json:EVI-3544.body	the Moot	->	Tional nan Tuathach	|	 and the hour, and beneath them David's line that the Moot did not sit that week.
CHANGE	eras/age_VI/annals/age_VI_06.json:EVI-3545.body	the Moot's	->	Tional nan Tuathach's	|	idows of the Cuan bheag drowning and the whole of the Moot's council standing by; the mini
CHANGE	eras/age_VI/annals/age_VI_06.json:EVI-3546.body	the Moot's	->	Tional nan Tuathach's	|	ng minute on the Mac Ùisdein market cross read at the Moot's table beside its short one on
CHANGE	eras/age_VI/annals/age_VI_07.json:EVI-4000.title	The Stone's	->	Lia Fàil's	|	The Stone's house at Caol leathan rebuilt
CHANGE	eras/age_VI/annals/age_VI_07.json:EVI-4000.body	The order of the Stone	->	Òrd na Cloiche	|	The order of the Stone rebuilds its house at Caol le
CHANGE	eras/age_VI/annals/age_VI_07.json:EVI-4003.title	The court of the fair	->	Cùirt na Fèille	|	The court of the fair roofed
CHANGE	eras/age_VI/annals/age_VI_07.json:EVI-4006.title	The court of the fair's	->	Cùirt na Fèille's	|	The court of the fair's first sitting
CHANGE	eras/age_VI/annals/age_VI_07.json:EVI-4007.body	the court of the fair	->	Cùirt na Fèille	|	 spoil-stone dressed to pass for coal-iron before the court of the fair; Oighrig nic Mhathain, having
CHANGE	eras/age_VI/annals/age_VI_07.json:EVI-4008.body	the Moot's	->	Tional nan Tuathach's	|	wool to the fair's ninth day, the first cart from the Moot's own provinces to try it; Oigh
CHANGE	eras/age_VI/annals/age_VI_07.json:EVI-4009.body	the Sloc Mòr's	->	An Sloc Mòr's	|	s a fortnight, with wool from the western shires, the Sloc Mòr's coal from the east, Baile chi
CHANGE	eras/age_VI/annals/age_VI_07.json:EVI-4013.title	The Moot's	->	Tional nan Tuathach's	|	The Moot's letter against the factor rul
CHANGE	eras/age_VI/annals/age_VI_07.json:EVI-4013.body	the Moot's	->	Tional nan Tuathach's	|	Walter Hale writes to the council on the Moot's behalf naming the factor rule
CHANGE	eras/age_VI/annals/age_VI_07.json:EVI-4013.body	the Moot's	->	Tional nan Tuathach's	|	red inside the year, and the letter is filed with the Moot's earlier ones.
CHANGE	eras/age_VI/annals/age_VI_07.json:EVI-4016.body	The council of twelve	->	Comhairle na Rìoghachd	|	The council of twelve, sitting on its fixed day wit
CHANGE	eras/age_VI/annals/age_VI_07.json:EVI-4021.body	the Library's	->	an Leabharlann's	|	atch the hall's first naming of ancestors, not on the Library's business but her own, her mot
CHANGE	eras/age_VI/annals/age_VI_07.json:EVI-4022.title	The Library's	->	An Leabharlann's	|	The Library's offer to Seann Dunn
CHANGE	eras/age_VI/annals/age_VI_07.json:EVI-4022.body	the Library	->	an Leabharlann	|	Asked by an elder of the hall whether the Library keeps such lists of the dead,
CHANGE	eras/age_VI/annals/age_VI_07.json:EVI-4026.title	the Library	->	an Leabharlann	|	The Seann Dunn list first copied to the Library
CHANGE	eras/age_VI/annals/age_VI_07.json:EVI-4026.body	the Library	->	an Leabharlann	|	The hall at Seann Dunn sends the Library the first copy of its naming,
CHANGE	eras/age_VI/annals/age_VI_07.json:EVI-4027.title	The Lighthouse Board's	->	Comhairle nan Taighean-solais's	|	The Lighthouse Board's refusal
CHANGE	eras/age_VI/annals/age_VI_07.json:EVI-4027.body	the Crown	->	An Crùn	|	and that the town's own light, being no charge on the Crown, may continue as it is. Gorms
CHANGE	eras/age_VI/annals/age_VI_07.json:EVI-4029.body	The melee	->	Còmhrag Ceann leathan	|	hrag are buried at Ceann leathan within the week. The melee is fought again the following
CHANGE	eras/age_VI/annals/age_VI_07.json:EVI-4031.body	the Còmhrag's	->	Còmhrag Ceann leathan's	|	s right to bear arms in any shire of the kingdom, the Còmhrag's second prize, is entered that
CHANGE	eras/age_VI/annals/age_VI_07.json:EVI-4032.body	the Còmhrag's	->	Còmhrag Ceann leathan's	|	than, four of whom built new houses that year for the Còmhrag's crowds, keep Calum Ruadh's ta
CHANGE	eras/age_VI/annals/age_VI_07.json:EVI-4033.body	the coal road	->	Rathad na Mèinne	|	the ropes were taken down in the night, and takes the coal road north toward Muileann chrom a
CHANGE	eras/age_VI/annals/age_VI_07.json:EVI-4034.title	the Moot	->	Tional nan Tuathach	|	Mary Coyle first speaks in the Moot
CHANGE	eras/age_VI/annals/age_VI_07.json:EVI-4034.body	the Moot at Caol mhòr	->	Tional nan Tuathach	|	heag drowning, stands and speaks her own words in the Moot at Caol mhòr rather than sending a note fo
CHANGE	eras/age_VI/annals/age_VI_07.json:EVI-4035.body	The Moot	->	Tional nan Tuathach	|	The Moot resolves that the widows of t
CHANGE	eras/age_VI/annals/age_VI_07.json:EVI-4036.title	The Hawk's	->	Òrd an t-Seabhaig's	|	The Hawk's twentieth first paid
CHANGE	eras/age_VI/annals/age_VI_07.json:EVI-4036.body	the Hawk houses	->	Òrd an t-Seabhaig	|	Ros gheal's factor pays the Hawk houses their first quarter's twentie
CHANGE	eras/age_VI/annals/age_VI_07.json:EVI-4036.body	the Hawk's	->	Òrd an t-Seabhaig's	|	nd the clerks of Ros gheal come to call it simply the Hawk's, few remembering why.
CHANGE	eras/age_VI/annals/age_VI_07.json:EVI-4037.title	The Moot	->	Tional nan Tuathach	|	The Moot votes to send the western cro
CHANGE	eras/age_VI/annals/age_VI_07.json:EVI-4037.body	the Moot	->	Tional nan Tuathach	|	After two hard sittings the Moot agrees to Mary Coyle's asking
CHANGE	eras/age_VI/annals/age_VI_07.json:EVI-4038.body	the Moot's	->	Tional nan Tuathach's	|	le but themselves, a keg of salt fish apiece, and the Moot's own sheet naming her their wo
CHANGE	eras/age_VI/annals/age_VI_07.json:EVI-4039.body	the Crossing	->	An t-Aiseag	|	e than one aboard call it the hardest going since the Crossing itself.
CHANGE	eras/age_VI/annals/age_VI_07.json:EVI-4040.body	Manannan's order	->	Òrd Mhanannain	|	The keeper of Manannan's order at Seann Bhral in the west he
CHANGE	eras/age_VI/annals/age_VI_07.json:EVI-4044.body	the Moot's	->	Tional nan Tuathach's	|	tten count of the boats blessed at Cnoc ghorm for the Moot's day-book, the first such coun
CHANGE	eras/age_VI/annals/age_VI_08.json:EVI-4500.body	the Sloc Mòr	->	An Sloc Mòr	|	Sent into the eastern galleries of the Sloc Mòr to settle a dispute between t
CHANGE	eras/age_VI/annals/age_VI_08.json:EVI-4502.body	the Sloc Mòr	->	An Sloc Mòr	|	es his survey and walks the thirty-one miles from the Sloc Mòr to Cathair dhearg in a day an
CHANGE	eras/age_VI/annals/age_VI_08.json:EVI-4503.body	the Mine Board	->	Comhairle nam Mèinnean	|	Iain Mapa lays his survey before three men of the Mine Board at Cathair dhearg and unties 
CHANGE	eras/age_VI/annals/age_VI_08.json:EVI-4506.body	the Sloc Mòr	->	An Sloc Mòr	|	iar, twenty-four miles east and a little south of the Sloc Mòr, where the Board has need of 
CHANGE	eras/age_VI/annals/age_VI_08.json:EVI-4507.title	The boat of the field	->	Bàta an Achaidh	|	The boat of the field warped into the new harbour
CHANGE	eras/age_VI/annals/age_VI_08.json:EVI-4507.body	the Great Wave	->	Tonn Mhòr Cnoc chaol	|	Of the hulls the Great Wave cast into the fields behind C
CHANGE	eras/age_VI/annals/age_VI_08.json:EVI-4508.body	The Mine Board	->	Comhairle nam Mèinnean	|	The Mine Board moves its clerks and its pres
CHANGE	eras/age_VI/annals/age_VI_08.json:EVI-4509.body	the Mine Board	->	Comhairle nam Mèinnean	|	In four lines the Mine Board sets down, for the first time
CHANGE	eras/age_VI/annals/age_VI_08.json:EVI-4509.body	the Library at Muileann chaol	->	Leabharlann Muileann chaol	|	r mhòr in the Board's own presses and not sent to the Library at Muileann chaol as every other office's repor
CHANGE	eras/age_VI/annals/age_VI_08.json:EVI-4510.title	The Moot	->	Tional nan Tuathach	|	The Moot pays Hannah Crane's fine
CHANGE	eras/age_VI/annals/age_VI_08.json:EVI-4510.body	the Moot at Caol mhòr	->	Tional nan Tuathach	|	Word reaches the Moot at Caol mhòr that the vigil-keeper Hannah 
CHANGE	eras/age_VI/annals/age_VI_08.json:EVI-4510.body	the Grey Night	->	Oidhche Glaise	|	h Crane has been fined at Baile chrom for keeping the Grey Night in the open. The Moot votes t
CHANGE	eras/age_VI/annals/age_VI_08.json:EVI-4510.body	The Moot	->	Tional nan Tuathach	|	ile chrom for keeping the Grey Night in the open. The Moot votes the balance of her fine
CHANGE	eras/age_VI/annals/age_VI_08.json:EVI-4511.title	The Grey Night	->	Oidhche Glaise	|	The Grey Night kept indoors
CHANGE	eras/age_VI/annals/age_VI_08.json:EVI-4511.body	the vigil of the Grey Night	->	Oidhche Glaise	|	Forbidden the open shingle below the light, the vigil of the Grey Night is kept that year in a byre l
CHANGE	eras/age_VI/annals/age_VI_08.json:EVI-4514.title	the Stone's	->	Lia Fàil's	|	A wedding at the Stone's door in Doire shean
CHANGE	eras/age_VI/annals/age_VI_08.json:EVI-4514.body	the Library	->	an Leabharlann	|	The harbour-master of Doire shean writes to the Library of his daughter's wedding to 
CHANGE	eras/age_VI/annals/age_VI_08.json:EVI-4514.body	the Stone's	->	Lia Fàil's	|	e Library of his daughter's wedding to a clerk of the Stone's counting-room, kept at the St
CHANGE	eras/age_VI/annals/age_VI_08.json:EVI-4514.body	the Stone's	->	Lia Fàil's	|	 to a clerk of the Stone's counting-room, kept at the Stone's door, the first in his memory
CHANGE	eras/age_VI/annals/age_VI_08.json:EVI-4515.body	the Great Wave	->	Tonn Mhòr Cnoc chaol	|	hree households moved off the salted fields after the Great Wave, or their children in their p
CHANGE	eras/age_VI/annals/age_VI_08.json:EVI-4520.body	the chronicle	->	Eachdraidh na Rìoghachd	|	n lands in the western shires and is not named in the chronicle again for some years, his sea
CHANGE	eras/age_VI/annals/age_VI_08.json:EVI-4521.body	Old Spirits	->	Na Seann Spioradan	|	l seat lost with Tormod mac Iain Òig's, gives her Old Spirits kin's house more of her time 
CHANGE	eras/age_VI/annals/age_VI_08.json:EVI-4524.body	The Mine Board's	->	Comhairle nam Mèinnean's	|	The Mine Board's return to the royal chronicle
CHANGE	eras/age_VI/annals/age_VI_08.json:EVI-4524.body	the royal chronicle	->	Eachdraidh na Rìoghachd	|	The Mine Board's return to the royal chronicle gives the Sloc Mòr's yield fo
CHANGE	eras/age_VI/annals/age_VI_08.json:EVI-4524.body	the Sloc Mòr's	->	An Sloc Mòr's	|	 Mine Board's return to the royal chronicle gives the Sloc Mòr's yield for the year as a singl
CHANGE	eras/age_VI/annals/age_VI_08.json:EVI-4525.body	the Library	->	an Leabharlann	|	The hall at Seann Dunn sends the Library its fifth copy of the naming,
CHANGE	eras/age_VI/annals/age_VI_08.json:EVI-4527.title	The Hawk	->	Òrd an t-Seabhaig	|	The Hawk house at Inis bhàn opens its 
CHANGE	eras/age_VI/annals/age_VI_08.json:EVI-4527.body	The Hawk	->	Òrd an t-Seabhaig	|	The Hawk house at Inis bhàn, which has
CHANGE	eras/age_VI/annals/age_VI_08.json:EVI-4529.title	The Moot's	->	Tional nan Tuathach's	|	The Moot's letter of the eleven schools
CHANGE	eras/age_VI/annals/age_VI_08.json:EVI-4529.body	the Moot's	->	Tional nan Tuathach's	|	Walter Hale writes the Moot's count of the north's schools 
CHANGE	eras/age_VI/annals/age_VI_08.json:EVI-4531.body	the Moot's	->	Tional nan Tuathach's	|	es Pike's school at Doire ghlas, one of the three the Moot's letter names, sets its first 
CHANGE	eras/age_VI/annals/age_VI_08.json:EVI-4531.body	the Bible	->	am Bìoball	|	er names, sets its first Dia-thìris lesson beside the Bible and the Moot's own minutes, a
CHANGE	eras/age_VI/annals/age_VI_08.json:EVI-4531.body	the Moot's	->	Tional nan Tuathach's	|	 its first Dia-thìris lesson beside the Bible and the Moot's own minutes, at the asking of
CHANGE	eras/age_VI/annals/age_VI_08.json:EVI-4532.title	The Guild of Hewers	->	Comann nan Gualadairean	|	The Guild of Hewers feasts in the new hall
CHANGE	eras/age_VI/annals/age_VI_08.json:EVI-4532.body	The Guild of Hewers	->	Comann nan Gualadairean	|	The Guild of Hewers holds its feast in the finish
CHANGE	eras/age_VI/annals/age_VI_08.json:EVI-4532.body	the Library's	->	an Leabharlann's	|	rn but his own, and Mòrag nic Coinnich attends as the Library's own witness.
CHANGE	eras/age_VI/annals/age_VI_08.json:EVI-4533.body	the Library	->	an Leabharlann	|	ressed the stone of Mac Ùisdein's new hall writes the Library that he was not asked to the 
CHANGE	eras/age_VI/annals/age_VI_08.json:EVI-4534.body	the Moot	->	Tional nan Tuathach	|	at present, being papered for boats of his fleet; the Moot enters the day and his name.
CHANGE	eras/age_VI/annals/age_VI_08.json:EVI-4535.title	the Stone	->	Lia Fàil	|	The house of the Stone takes its first quarter's due
CHANGE	eras/age_VI/annals/age_VI_08.json:EVI-4535.body	the Stone	->	Lia Fàil	|	The house of the Stone at Doire shean takes its firs
CHANGE	eras/age_VI/annals/age_VI_08.json:EVI-4536.body	the Library	->	an Leabharlann	|	lean Leabhar at Làrach an Teampaill and asks that the Library measure the ruin rather than 
CHANGE	eras/age_VI/annals/age_VI_08.json:EVI-4538.body	The keeper of the Library	->	Neach-gleidhidh an Leabharlainn	|	The keeper of the Library goes down himself to Làrach a
CHANGE	eras/age_VI/annals/age_VI_08.json:EVI-4538.body	the Library	->	an Leabharlann	|	t the wall they have found is older than any ruin the Library holds a record of, and spends
CHANGE	eras/age_VI/annals/age_VI_08.json:EVI-4539.title	the Library	->	an Leabharlann	|	The finds laid in the Library
CHANGE	eras/age_VI/annals/age_VI_08.json:EVI-4539.body	the Library's	->	an Leabharlann's	|	Làrach an Teampaill, and the copied obelisk, into the Library's own presses himself, filing t
CHANGE	eras/age_VI/annals/age_VI_08.json:EVI-4541.body	the Library's	->	an Leabharlann's	|	 a scribe trained under Ailean Leabhar in copying the Library's most damaged leaves, spends t
CHANGE	eras/age_VI/annals/age_VI_08.json:EVI-4541.body	the obelisk near Cnoc bheag	->	Carragh Cnoc bheag	|	s, spends three weeks of fair days at the foot of the obelisk near Cnoc bheag setting down every stroke of 
CHANGE	eras/age_VI/annals/age_VI_08.json:EVI-4543.body	the Grey Night	->	Oidhche Glaise	|	eper new to the lighthouse at Baile chrom reports the Grey Night sect's yearly vigil kept sile
CHANGE	eras/age_VI/annals/age_VI_08.json:EVI-4544.body	the Library's	->	an Leabharlann's	|	 Ailean Leabhar enters the council's silence into the Library's register as plainly as any fi
CHANGE	eras/age_VI/annals/age_VI_08.json:EVI-4545.body	the Library's	->	an Leabharlann's	|	ilean Leabhar asks Mòrag nic Coinnich to stand as the Library's deputy after a season that ha
CHANGE	eras/age_VI/annals/age_VI_08.json:EVI-4548.body	the Library	->	an Leabharlann	|	 no further; no proclamation, no minute copied to the Library, no word to any shire clerk w
CHANGE	eras/age_VI/annals/age_VI_08.json:EVI-4550.body	the Moot	->	Tional nan Tuathach	|	Walter Hale, first speaker of the Moot, dies in his own bed at Caol 
CHANGE	eras/age_VI/annals/age_VI_08.json:EVI-4550.body	the Moot's	->	Tional nan Tuathach's	|	id beside him and Alice sent for but not in time; the Moot's business stops three days wit
CHANGE	eras/age_VI/annals/age_VI_08.json:EVI-4551.body	the Moot's	->	Tional nan Tuathach's	|	rew the autumn before, and he is laid in sight of the Moot's own house where he sat thirty
CHANGE	eras/age_VI/annals/age_VI_08.json:EVI-4552.title	The Moot	->	Tional nan Tuathach	|	The Moot names Mary Coyle speaker
CHANGE	eras/age_VI/annals/age_VI_08.json:EVI-4552.body	the Moot	->	Tional nan Tuathach	|	On the fourth day after Hale's burial the Moot sets aside a factor's son and
CHANGE	eras/age_VI/annals/age_VI_08.json:EVI-4559.body	the Crown's	->	An Crùn's	|	When the last course goes onto the Crown's grain-store at Cathair fhada 
CHANGE	eras/age_VI/annals/age_VI_08.json:EVI-4560.body	the coal line's	->	Slighe a' Ghuail's	|	 carries away three bridges and a long stretch of the coal line's embankment, a carter losing h
CHANGE	eras/age_VI/annals/age_VI_08.json:EVI-4561.title	The coal line	->	Slighe a' Ghuail	|	The coal line shuts and the ports live on s
CHANGE	eras/age_VI/annals/age_VI_08.json:EVI-4561.body	the coal line	->	Slighe a' Ghuail	|	f embankment gone under the Abhainn ìseal's flood the coal line shuts for want of ground to r
CHANGE	eras/age_VI/annals/age_VI_08.json:EVI-4562.body	the Moot	->	Tional nan Tuathach	|	Not yet a month in the chair, Mary Coyle calls the Moot together the evening word of 
CHANGE	eras/age_VI/annals/age_VI_08.json:EVI-4562.body	the Moot	->	Tional nan Tuathach	|	and orders every northern harbour that answers to the Moot to open its own coal store an
CHANGE	eras/age_VI/annals/age_VI_09.json:EVI-5000.title	The Hawk houses	->	Òrd an t-Seabhaig	|	The Hawk houses gather at Inis ìseal to name 
CHANGE	eras/age_VI/annals/age_VI_09.json:EVI-5002.title	The Hawk houses	->	Òrd an t-Seabhaig	|	The Hawk houses speak of a hawk for the shire
CHANGE	eras/age_VI/annals/age_VI_09.json:EVI-5003.body	the high custodian's	->	Àrd-choimheadaiche's	|	A three-line letter from the high custodian's house at Seann Skell in the s
CHANGE	eras/age_VI/annals/age_VI_09.json:EVI-5003.body	the Rite's	->	Deas-ghnàth a' Ghuail's	|	l, naming no fault in Raonaid nic Iain but saying the Rite's own order of worship knows no
CHANGE	eras/age_VI/annals/age_VI_09.json:EVI-5004.title	The Hawk houses	->	Òrd an t-Seabhaig	|	The Hawk houses carry on as if the custodian 
CHANGE	eras/age_VI/annals/age_VI_09.json:EVI-5004.body	The Hawk houses	->	Òrd an t-Seabhaig	|	The Hawk houses fold the southern letter away
CHANGE	eras/age_VI/annals/age_VI_09.json:EVI-5005.title	the Hawk's	->	Òrd an t-Seabhaig's	|	Raonaid begins setting the Hawk's order into a farm account-boo
CHANGE	eras/age_VI/annals/age_VI_09.json:EVI-5005.body	the Hawk's	->	Òrd an t-Seabhaig's	|	Raonaid nic Iain starts writing the Hawk's spoken order of worship, till
CHANGE	eras/age_VI/annals/age_VI_09.json:EVI-5007.body	the Hawk houses	->	Òrd an t-Seabhaig	|	Five witnesses from the Hawk houses, Raonaid nic Iain among them,
CHANGE	eras/age_VI/annals/age_VI_09.json:EVI-5010.title	the Còmhrag	->	Còmhrag Ceann leathan	|	The custodians' petition against the Còmhrag is refused
CHANGE	eras/age_VI/annals/age_VI_09.json:EVI-5010.body	the Còmhrag	->	Còmhrag Ceann leathan	|	e fair-wardens of Ceann leathan in writing to end the Còmhrag after six deaths; the wardens
CHANGE	eras/age_VI/annals/age_VI_09.json:EVI-5010.body	the melee's	->	Còmhrag Ceann leathan's	|	within the hour, on the ground the town lives off the melee's crowds.
CHANGE	eras/age_VI/annals/age_VI_09.json:EVI-5011.body	the melee's	->	Còmhrag Ceann leathan's	|	iorcas Siubhail Do-thuigsinn pitches its tents on the melee's own trampled ground within a 
CHANGE	eras/age_VI/annals/age_VI_09.json:EVI-5014.body	the coal line's	->	Slighe a' Ghuail's	|	Within two winters of the coal line's coming the quays of Ceann lea
CHANGE	eras/age_VI/annals/age_VI_09.json:EVI-5018.title	The silver guild	->	Comann an Airgid	|	The silver guild of Muileann chiar chartered a
CHANGE	eras/age_VI/annals/age_VI_09.json:EVI-5018.body	the Crown's	->	An Crùn's	|	d then let lapse, binding the guild's captains to the Crown's tithe on every bar struck and
CHANGE	eras/age_VI/annals/age_VI_09.json:EVI-5020.body	the realm-coin	->	Bonn na Rìoghachd	|	gold washed below Baile dhìreach, into blanks for the realm-coin, paid by weight; the first bl
CHANGE	eras/age_VI/annals/age_VI_09.json:EVI-5029.body	the silver guild's	->	Comann an Airgid's	|	With maps sent up from the silver guild's own store, older and truer th
CHANGE	eras/age_VI/annals/age_VI_09.json:EVI-5029.body	the Rending's	->	Scàineadh Cill ghlas's	|	round under the fallen gallery runs exactly where the Rending's own line ran three ages befor
CHANGE	eras/age_VI/annals/age_VI_09.json:EVI-5034.body	the silver guild's	->	Comann an Airgid's	|	Iain writes the silver guild's new charter into his own priv
CHANGE	eras/age_VI/annals/age_VI_09.json:EVI-5034.body	the Sloc Mòr	->	An Sloc Mòr	|	n private book beside the receipt he carried from the Sloc Mòr and the deep gallery's own fi
CHANGE	eras/age_VI/annals/age_VI_09.json:EVI-5035.body	the Moot's	->	Tional nan Tuathach's	|	s brought north by a carter, Mary Coyle writes in the Moot's own hand asking that the rule
CHANGE	eras/age_VI/annals/age_VI_09.json:EVI-5036.title	the Moot	->	Tional nan Tuathach	|	The Board answers the Moot in three lines and files the 
CHANGE	eras/age_VI/annals/age_VI_09.json:EVI-5036.body	the Moot	->	Tional nan Tuathach	|	The Board thanks the Moot for its concern and states th
CHANGE	eras/age_VI/annals/age_VI_09.json:EVI-5039.title	the Library	->	an Leabharlann	|	Ailean Leabhar is buried in the ground behind the Library
CHANGE	eras/age_VI/annals/age_VI_09.json:EVI-5039.body	the Library	->	an Leabharlann	|	after at Muileann chaol, in a small ground behind the Library itself where no keeper had be
CHANGE	eras/age_VI/annals/age_VI_09.json:EVI-5039.body	the Library	->	an Leabharlann	|	 Coinnich reads over him only his own words, that the Library settles nothing and only keep
CHANGE	eras/age_VI/annals/age_VI_09.json:EVI-5040.body	the Library	->	an Leabharlann	|	ndated beyond an old year, reading only that what the Library is not sent it cannot keep, a
CHANGE	eras/age_VI/annals/age_VI_09.json:EVI-5041.body	The Guild of Hewers	->	Comann nan Gualadairean	|	The Guild of Hewers binds sixty boys in its own h
CHANGE	eras/age_VI/annals/age_VI_09.json:EVI-5044.body	the Rail Board	->	Comhairle na Slighe-iarainn	|	When the Rail Board refuses to carry the north's 
CHANGE	eras/age_VI/annals/age_VI_09.json:EVI-5046.body	the court of the fair	->	Cùirt na Fèille	|	Oighrig nic Mhathain presides over the court of the fair from a chair carried into the
CHANGE	eras/age_VI/annals/age_VI_10.json:EVI-5500.body	the Rail Board	->	Comhairle na Slighe-iarainn	|	With the Rail Board still refusing the Moot's goo
CHANGE	eras/age_VI/annals/age_VI_10.json:EVI-5500.body	the Moot's	->	Tional nan Tuathach's	|	With the Rail Board still refusing the Moot's goods, the north's wool goes 
CHANGE	eras/age_VI/annals/age_VI_10.json:EVI-5500.body	the fair at Muileann òg	->	Fèill Muileann òg	|	 way by Cnoc ghorm, Àth fhada and Inis àrsaidh to the fair at Muileann òg.
CHANGE	eras/age_VI/annals/age_VI_10.json:EVI-5502.body	the Carters' Road	->	Rathad nan Cairtearan	|	all their road and learns it has long been called the Carters' Road in the north, its name simply
CHANGE	eras/age_VI/annals/age_VI_10.json:EVI-5504.title	the register of the hurt	->	Clàr nan Leòn	|	Mary Coyle opens the register of the hurt
CHANGE	eras/age_VI/annals/age_VI_10.json:EVI-5504.body	the Moot's	->	Tional nan Tuathach's	|	Mary Coyle tells the Moot's clerks that the Board keeps n
CHANGE	eras/age_VI/annals/age_VI_10.json:EVI-5504.body	the Moot	->	Tional nan Tuathach	|	ich dead and maimed of the western pits, and that the Moot will begin a book naming them
CHANGE	eras/age_VI/annals/age_VI_10.json:EVI-5509.body	the chronicle	->	Eachdraidh na Rìoghachd	|	wenty years, her final entry a plain list of what the chronicle under her hand had never held
CHANGE	eras/age_VI/annals/age_VI_10.json:EVI-5512.body	the chronicle	->	Eachdraidh na Rìoghachd	|	ds beneath Gormshuil nic Dhùghaill's list of what the chronicle lacks a line of his own, that
CHANGE	eras/age_VI/annals/age_VI_10.json:EVI-5512.body	the Library	->	an Leabharlann	|	tten, and copies both into the chest that goes to the Library.
CHANGE	eras/age_VI/annals/age_VI_10.json:EVI-5515.body	the coal line	->	Slighe a' Ghuail	|	re's grain reaches the sidings at Achadh shean by the coal line on the morning the season's f
CHANGE	eras/age_VI/annals/age_VI_10.json:EVI-5516.body	the Crown	->	An Crùn	|	ds of Àth bheag are raised again within the year, the Crown paying a third of the cost as
CHANGE	eras/age_VI/annals/age_VI_10.json:EVI-5518.body	The Lighthouse Board's	->	Comhairle nan Taighean-solais's	|	The Lighthouse Board's own inspector, checking oil a
CHANGE	eras/age_VI/annals/age_VI_10.json:EVI-5522.title	the royal chronicle	->	Eachdraidh na Rìoghachd	|	Murchadh's book copied fair for the royal chronicle
CHANGE	eras/age_VI/annals/age_VI_10.json:EVI-5522.body	A Library clerk	->	A clerk of an Leabharlann	|	A Library clerk carries Murchadh mac Coinnich
CHANGE	eras/age_VI/annals/age_VI_10.json:EVI-5526.body	the Holy Age	->	An Aois Naomh	|	 in the sacred wood, an old man whose father kept the Holy Age strike-books asks Seonaid nic
CHANGE	eras/age_VI/annals/age_VI_10.json:EVI-5528.body	the coal-touched	->	fuil-ghuail	|	y come to the school asks why the census line for the coal-touched should be a matter no one may
CHANGE	eras/age_VI/annals/age_VI_10.json:EVI-5529.body	The Guild of Hewers	->	Comann nan Gualadairean	|	The Guild of Hewers' captains give the school the
CHANGE	eras/age_VI/annals/age_VI_10.json:EVI-5530.title	The Hawk's	->	Òrd an t-Seabhaig's	|	The Hawk's terms read a seventh time
CHANGE	eras/age_VI/annals/age_VI_10.json:EVI-5530.body	the Rite	->	Deas-ghnàth a' Ghuail	|	At a council of the Rite at Seann Skell on the souther
CHANGE	eras/age_VI/annals/age_VI_10.json:EVI-5530.body	the high custodian's	->	Àrd-choimheadaiche's	|	of the Rite at Seann Skell on the southern coast, the high custodian's clerks read the Hawk houses o
CHANGE	eras/age_VI/annals/age_VI_10.json:EVI-5530.body	the Hawk houses	->	Òrd an t-Seabhaig	|	 southern coast, the high custodian's clerks read the Hawk houses of Cnoc bheag the same settle
CHANGE	eras/age_VI/annals/age_VI_10.json:EVI-5536.body	the Crown's	->	An Crùn's	|	Finding the Crown's returns beginning to run its 
CHANGE	eras/age_VI/annals/age_VI_10.json:EVI-5537.body	the pillar near Cnoc chiar	->	Colbh Cnoc chiar	|	hain's students ride from the sacred wood to copy the pillar near Cnoc chiar, the obelisk over Cnoc bheag'
CHANGE	eras/age_VI/annals/age_VI_10.json:EVI-5537.body	the column at Cnoc ghorm	->	Calbh Cnoc ghorm	|	oc chiar, the obelisk over Cnoc bheag's quays and the column at Cnoc ghorm onto separate slates, and car
CHANGE	eras/age_VI/annals/age_VI_10.json:EVI-5539.title	the Old Ones	->	Seann-Dhaoine	|	Seonaid nic Ghill-Eathain writes the Old Ones' sentence
CHANGE	eras/age_VI/annals/age_VI_10.json:EVI-5539.body	the Old Ones	->	Seann-Dhaoine	|	Caol shean, Seonaid nic Ghill-Eathain writes that the Old Ones were here and said so, and th
CHANGE	eras/age_VI/annals/age_VI_11.json:EVI-6000.body	the Crown	->	An Crùn	|	 net-lofts and rope-walk, Inis chrom does not ask the Crown for its rebuilding. Its own c
CHANGE	eras/age_VI/annals/age_VI_11.json:EVI-6002.body	The Mine Board	->	Comhairle nam Mèinnean	|	The Mine Board names eleven surveyors to Ala
CHANGE	eras/age_VI/annals/age_VI_11.json:EVI-6002.body	search for a second vein	->	Sireadh na Dàrna Fèithe	|	 names eleven surveyors to Alasdair mac Ùisdein's search for a second vein. Catrìona nic Neacail, thirty
CHANGE	eras/age_VI/annals/age_VI_11.json:EVI-6005.body	the empty ground	->	am Fearann Falamh	|	ong called the search's ground am Fearann Falamh, the empty ground, meaning only that no shepher
CHANGE	eras/age_VI/annals/age_VI_11.json:EVI-6005.body	(appositive)	->	am Fearann Falamh	|	dropped the English gloss beside am Fearann Falamh
CHANGE	eras/age_VI/annals/age_VI_11.json:EVI-6007.title	the Holy Age	->	An Aois Naomh	|	Mòrag nic Coinnich finds the Holy Age roll
CHANGE	eras/age_VI/annals/age_VI_11.json:EVI-6007.body	the Library's	->	an Leabharlann's	|	Cataloguing the Library's lower room, Mòrag nic Coinnic
CHANGE	eras/age_VI/annals/age_VI_11.json:EVI-6008.title	The Library's	->	An Leabharlann's	|	The Library's copy of the old survey promis
CHANGE	eras/age_VI/annals/age_VI_11.json:EVI-6008.body	the Holy Age	->	An Aois Naomh	|	ld-book beside her last entry and resolves to see the Holy Age roll sent south in copy, so t
CHANGE	eras/age_VI/annals/age_VI_11.json:EVI-6011.body	the house of Mac Ùisdein	->	Taigh Mhic Ùisdein	|	n thinned by the search and Dùn dhearg's damages, the house of Mac Ùisdein lets its stone house at Catha
CHANGE	eras/age_VI/annals/age_VI_11.json:EVI-6011.body	the Mine Board	->	Comhairle nam Mèinnean	|	pt in the family since the first holder's day, to the Mine Board, which moves its offices into
CHANGE	eras/age_VI/annals/age_VI_11.json:EVI-6013.body	the Crown	->	An Crùn	|	ty-one shafts at its own cost rather than wait on the Crown, and enters a claim against t
CHANGE	eras/age_VI/annals/age_VI_11.json:EVI-6013.body	the house of Mac Ùisdein	->	Taigh Mhic Ùisdein	|	han wait on the Crown, and enters a claim against the house of Mac Ùisdein for the fencing's cost that i
CHANGE	eras/age_VI/annals/age_VI_11.json:EVI-6019.body	the Library's	->	an Leabharlann's	|	his book as various and the fee as paid, an entry the Library's copyists find hardest of the 
CHANGE	eras/age_VI/annals/age_VI_11.json:EVI-6022.title	the Còmhrag	->	Còmhrag Ceann leathan	|	Edged iron banned from the Còmhrag
CHANGE	eras/age_VI/annals/age_VI_11.json:EVI-6030.title	the Moot	->	Tional nan Tuathach	|	Mary Coyle lays down the chair of the Moot
CHANGE	eras/age_VI/annals/age_VI_11.json:EVI-6030.body	the coal line	->	Slighe a' Ghuail	|	 western pits' dead and maimed her hand began and the coal line her petitions never once move
CHANGE	eras/age_VI/annals/age_VI_11.json:EVI-6030.body	the Moot	->	Tional nan Tuathach	|	once moved south of Àth leathan, and names before the Moot rises the man she asks it to 
CHANGE	eras/age_VI/annals/age_VI_11.json:EVI-6031.title	the Moot	->	Tional nan Tuathach	|	Daniel Frayne chosen speaker of the Moot
CHANGE	eras/age_VI/annals/age_VI_11.json:EVI-6031.body	the Severance	->	An Dealachadh	|	ed against him: the first to have been born after the Severance closed, and Mary Coyle's own 
CHANGE	eras/age_VI/annals/age_VI_11.json:EVI-6033.body	the Moot's	->	Tional nan Tuathach's	|	Daniel Frayne, six months in the Moot's chair, watches the first clot
CHANGE	eras/age_VI/annals/age_VI_11.json:EVI-6035.body	the white thread	->	An Snàthainn Geal	|	Rather than claim the white thread already spoken for, the weave
CHANGE	eras/age_VI/annals/age_VI_11.json:EVI-6042.title	the silver guild	->	Comann an Airgid	|	Iain Mapa buried by the silver guild
CHANGE	eras/age_VI/annals/age_VI_11.json:EVI-6042.body	The silver guild	->	Comann an Airgid	|	The silver guild of Muileann chiar, which had 
CHANGE	eras/age_VI/annals/age_VI_11.json:EVI-6043.body	the Library at Muileann chaol	->	Leabharlann Muileann chaol	|	t still pinned to it and sends the whole of it to the Library at Muileann chaol, writing only that he had ask
CHANGE	eras/age_VI/annals/age_VI_11.json:EVI-6045.body	the druid school	->	Scoiltean nan Draoidhean	|	er of Muileann dhearg's Fèidh hall, given back to the druid school not ten years before, locks i
CHANGE	eras/age_VI/annals/age_VI_11.json:EVI-6047.body	the druid school	->	Scoiltean nan Draoidhean	|	 in four flat lines, and asks a place teaching at the druid school at Caol shean, judging the mo
CHANGE	eras/age_VI/annals/age_VI_11.json:EVI-6048.title	the Còmhrag's	->	Còmhrag Ceann leathan's	|	Ceann leathan raises the Còmhrag's gate-price
CHANGE	eras/age_VI/annals/age_VI_11.json:EVI-6048.body	the Còmhrag	->	Còmhrag Ceann leathan	|	 as off the yearly melee, raise the gate-price of the Còmhrag to make up what the quay no l
CHANGE	eras/age_VI/annals/age_VI_12.json:EVI-6500.body	the Moot's	->	Tional nan Tuathach's	|	A wool-buyer at the Moot's own table tells Daniel Frayne
CHANGE	eras/age_VI/annals/age_VI_12.json:EVI-6500.body	the fair at Muileann òg	->	Fèill Muileann òg	|	 at the Moot's own table tells Daniel Frayne that the fair at Muileann òg now stands with gaps between 
CHANGE	eras/age_VI/annals/age_VI_12.json:EVI-6501.body	the realm-coin	->	Bonn na Rìoghachd	|	ned, the die that struck Eòghan's own likeness on the realm-coin is broken at Cathair dhearg b
CHANGE	eras/age_VI/annals/age_VI_12.json:EVI-6505.body	the Moot's	->	Tional nan Tuathach's	|	The wool mills raised at Doire ghlas with the Moot's own coin turn their first bol
CHANGE	eras/age_VI/annals/age_VI_12.json:EVI-6506.title	The Rail Board	->	Comhairle na Slighe-iarainn	|	The Rail Board refuses the first wagon
CHANGE	eras/age_VI/annals/age_VI_12.json:EVI-6506.body	The Rail Board's	->	Comhairle na Slighe-iarainn's	|	The Rail Board's factors at Àth leathan, the r
CHANGE	eras/age_VI/annals/age_VI_12.json:EVI-6507.title	The Moot	->	Tional nan Tuathach	|	The Moot brings its suit to Seann Bhra
CHANGE	eras/age_VI/annals/age_VI_12.json:EVI-6507.body	the Crown	->	An Crùn	|	c Phàdraig to rule whether a carrier chartered by the Crown may refuse one people's cargo
CHANGE	eras/age_VI/annals/age_VI_12.json:EVI-6508.body	the Rail Board's	->	Comhairle na Slighe-iarainn's	|	When the Rail Board's factor argues at Seann Bhral 
CHANGE	eras/age_VI/annals/age_VI_12.json:EVI-6510.title	the coal line	->	Slighe a' Ghuail	|	The first Doire ghlas bale rides the coal line
CHANGE	eras/age_VI/annals/age_VI_12.json:EVI-6510.body	the Rail Board's	->	Comhairle na Slighe-iarainn's	|	A year after the ruling, the Rail Board's own factor at Àth leathan wei
CHANGE	eras/age_VI/annals/age_VI_12.json:EVI-6511.body	The Rail Board's	->	Comhairle na Slighe-iarainn's	|	The Rail Board's appeal against the Seann Bhra
CHANGE	eras/age_VI/annals/age_VI_12.json:EVI-6511.body	the Seann Bhral ruling	->	Breith Seann Bhral	|	The Rail Board's appeal against the Seann Bhral ruling lies on the council's table a
CHANGE	eras/age_VI/annals/age_VI_12.json:EVI-6512.body	the Moot	->	Tional nan Tuathach	|	Mary Coyle, speaker of the Moot from the thirty-third year to
CHANGE	eras/age_VI/annals/age_VI_12.json:EVI-6513.body	the Moot's	->	Tional nan Tuathach's	|	ound, a little lower on the slope within sight of the Moot's house, and the priest reads o
CHANGE	eras/age_VI/annals/age_VI_12.json:EVI-6514.title	the Moot's	->	Tional nan Tuathach's	|	Mary Coyle's sheet kept in the Moot's chest
CHANGE	eras/age_VI/annals/age_VI_12.json:EVI-6514.body	The Moot	->	Tional nan Tuathach	|	The Moot votes without a count that th
CHANGE	eras/age_VI/annals/age_VI_12.json:EVI-6514.body	the register of the hurt	->	Clàr nan Leòn	|	y Coyle's family, be kept in its own chest beside the register of the hurt with the space beneath the la
CHANGE	eras/age_VI/annals/age_VI_12.json:EVI-6515.title	the Sloc Mòr	->	An Sloc Mòr	|	The street named for the Sloc Mòr
CHANGE	eras/age_VI/annals/age_VI_12.json:EVI-6515.body	the Sloc Mòr's	->	An Sloc Mòr's	|	haich's new street carry small lumps of coal from the Sloc Mòr's own upper galleries among the
CHANGE	eras/age_VI/annals/age_VI_12.json:EVI-6515.body	the Old Spirits	->	Na Seann Spioradan	|	ct of the carrying rather than for any use, while the Old Spirits' keeper tells the council a s
CHANGE	eras/age_VI/annals/age_VI_12.json:EVI-6517.body	the Sloc Mòr's	->	An Sloc Mòr's	|	Tormod Pinn rides to Achadh dhomhain and finds the Sloc Mòr's lowest galleries eleven fatho
CHANGE	eras/age_VI/annals/age_VI_12.json:EVI-6518.title	the coal line	->	Slighe a' Ghuail	|	The first pump goes down the coal line
CHANGE	eras/age_VI/annals/age_VI_12.json:EVI-6518.body	the Sloc Mòr's	->	An Sloc Mòr's	|	The first of the Sloc Mòr's three great pumps goes south 
CHANGE	eras/age_VI/annals/age_VI_12.json:EVI-6520.body	the Library	->	an Leabharlann	|	 no ledger fit to hold it, sends the letter on to the Library.
CHANGE	eras/age_VI/annals/age_VI_12.json:EVI-6522.title	the crossing days	->	Imrich nam Pantar	|	The herders keep the crossing days
CHANGE	eras/age_VI/annals/age_VI_12.json:EVI-6524.body	The fair at Muileann òg	->	Fèill Muileann òg	|	The fair at Muileann òg sees, for the first time in a
CHANGE	eras/age_VI/annals/age_VI_12.json:EVI-6525.body	the Sloc Mòr's	->	An Sloc Mòr's	|	 reaching the town thinner and dearer each season the Sloc Mòr's galleries give less of it up.
CHANGE	eras/age_VI/annals/age_VI_12.json:EVI-6526.title	The Sloc Mòr's	->	An Sloc Mòr's	|	The Sloc Mòr's pumps drain the dock at Seann
CHANGE	eras/age_VI/annals/age_VI_12.json:EVI-6526.body	the Sloc Mòr	->	An Sloc Mòr	|	The three great pumps of the Sloc Mòr, set on a bed of masonry at t
CHANGE	eras/age_VI/annals/age_VI_12.json:EVI-6528.body	the royal chronicle	->	Eachdraidh na Rìoghachd	|	d Pinn enters Seann Bhral's return of the dock in the royal chronicle without a line of his own, co
CHANGE	eras/age_VI/annals/age_VI_12.json:EVI-6530.body	The Guild of Hewers	->	Comann nan Gualadairean	|	The Guild of Hewers keeps a plain minute-book at 
CHANGE	eras/age_VI/annals/age_VI_12.json:EVI-6533.body	the search for a second vein	->	Sireadh na Dàrna Fèithe	|	 harvest has proved thicker than any since before the search for a second vein was spoken of, granaries buil
CHANGE	eras/age_VI/annals/age_VI_12.json:EVI-6535.body	the Moot	->	Tional nan Tuathach	|	de to Caol mhòr, the first southern office to ask the Moot for its own count of its own 
CHANGE	eras/age_VI/annals/age_VI_12.json:EVI-6536.title	The Moot's	->	Tional nan Tuathach's	|	The Moot's figures given to the census c
CHANGE	eras/age_VI/annals/age_VI_12.json:EVI-6536.body	the Moot's	->	Tional nan Tuathach's	|	Daniel Frayne gives the visiting clerks the Moot's own count, kept every third y
CHANGE	eras/age_VI/annals/age_VI_12.json:EVI-6537.body	the Moot	->	Tional nan Tuathach	|	n private book, judging it worth the keeping that the Moot had, for once, been asked for
CHANGE	eras/age_VI/annals/age_VI_12.json:EVI-6539.body	the Library	->	an Leabharlann	|	y years old, is buried in the small ground behind the Library among every keeper and chroni
CHANGE	eras/age_VI/annals/age_VI_12.json:EVI-6540.body	the Library's	->	an Leabharlann's	|	Beathag nic Fhionnlaigh, chosen from the Library's own senior clerks, tells the 
CHANGE	eras/age_VI/annals/age_VI_12.json:EVI-6542.title	the Library's	->	an Leabharlann's	|	A Ros gheal carter waits in the Library's yard
CHANGE	eras/age_VI/annals/age_VI_12.json:EVI-6542.body	Hawk houses	->	Òrd an t-Seabhaig	|	ngs the three iron-bound coffers of the Ros gheal Hawk houses' birth-rolls to Muileann chao
CHANGE	eras/age_VI/annals/age_VI_12.json:EVI-6542.body	the Library's	->	an Leabharlann's	|	Muileann chaol waits the whole of an afternoon in the Library's yard, under orders to turn hi
CHANGE	eras/age_VI/annals/age_VI_12.json:EVI-6543.title	the Hawk houses	->	Òrd an t-Seabhaig	|	Mòrag's three lines to the Hawk houses
CHANGE	eras/age_VI/annals/age_VI_12.json:EVI-6543.body	the Hawk houses	->	Òrd an t-Seabhaig	|	Mòrag nic Coinnich answers the Hawk houses in three lines in her own han
CHANGE	eras/age_VI/annals/age_VI_12.json:EVI-6543.body	the Library's	->	an Leabharlann's	|	 may send a witness to see it, and a copy made in the Library's own hand goes back to them wh
CHANGE	eras/age_VI/annals/age_VI_12.json:EVI-6544.body	the Library	->	an Leabharlann	|	For the first time the Library files a paper under a name it
CHANGE	eras/age_VI/annals/age_VI_12.json:EVI-6544.body	the Library	->	an Leabharlann	|	t plainly, and beneath it that she does not think the Library has any business teaching the
CHANGE	eras/age_VI/annals/age_VI_12.json:EVI-6544.body	the Hawk houses	->	Òrd an t-Seabhaig	|	s not think the Library has any business teaching the Hawk houses what to call themselves.
CHANGE	eras/age_VI/annals/age_VI_12.json:EVI-6545.body	A Library clerk	->	A clerk of an Leabharlann	|	A Library clerk sends Daniel Frayne a copy of
CHANGE	eras/age_VI/annals/age_VI_12.json:EVI-6545.body	the Moot's	->	Tional nan Tuathach's	|	 foot-note, naming the census clerks' reliance on the Moot's own figures; Frayne keeps it 
CHANGE	eras/age_VI/annals/age_VI_12.json:EVI-6548.body	the chronicle	->	Eachdraidh na Rìoghachd	|	d unpacks them at Mòrag nic Coinnich's own table, the chronicle begun by her great-grandmothe
CHANGE	eras/age_VI/annals/age_VI_12.json:EVI-6549.body	the Hawk country	->	Oirthir an t-Seabhaig	|	eir hall and said nothing of them after, which in the Hawk country is how a thing is accepted.
CHANGE	eras/age_VI/annals/age_VI_12.json:EVI-6552.title	the Moot's	->	Tional nan Tuathach's	|	Frayne puts the calling-in to the Moot's own room
CHANGE	eras/age_VI/annals/age_VI_12.json:EVI-6552.body	the Moot	->	Tional nan Tuathach	|	at Caol mhòr together and asks it plainly whether the Moot should offer its own books so
CHANGE	eras/age_VI/annals/age_VI_12.json:EVI-6553.title	The Moot's	->	Tional nan Tuathach's	|	The Moot's minute declining to send its 
CHANGE	eras/age_VI/annals/age_VI_12.json:EVI-6553.body	the Moot's	->	Tional nan Tuathach's	|	he close of the sitting: *kept north.* No cart of the Moot's own books goes south that yea
CHANGE	eras/age_VI/annals/age_VI_12.json:EVI-6555.title	the empty floor	->	An t-Ùrlar Falamh	|	Beathag's first foot-note on the empty floor
CHANGE	eras/age_VI/annals/age_VI_12.json:EVI-6557.body	The Mine Board	->	Comhairle nam Mèinnean	|	The Mine Board withdraws its overseers from 
CHANGE	eras/age_VI/annals/age_VI_12.json:EVI-6558.body	the Crown's	->	An Crùn's	|	from their own number weigh every cart and set by the Crown's fifth under the Leòid ruling,
CHANGE	eras/age_VI/annals/age_VI_12.json:EVI-6558.body	the Leòid ruling	->	Breith Leòid	|	igh every cart and set by the Crown's fifth under the Leòid ruling, sending word south each seas
CHANGE	eras/age_VI/annals/age_VI_12.json:EVI-6565.body	the Library	->	an Leabharlann	|	nd more in the chair, lays down the keepership of the Library, walking the fourth floor onc
CHANGE	eras/age_VI/annals/age_VI_12.json:EVI-6566.body	the Library's	->	an Leabharlann's	|	rag nic Coinnich lays down and changes nothing of the Library's hours or custom in his first 
CHANGE	eras/age_VI/annals/age_VI_12.json:EVI-6568.body	the Library	->	an Leabharlann	|	nt no census asked for and no shire kept, so that the Library holds no reckoning of its own
CHANGE	eras/age_VI/book/01_of_the_winter_of_the_severance.md:9	the Age of Strangers	->	An Aois Choigreach	|	n chaol, from the boxed rolls of that winter, how the Age of Strangers ended: not in a battle
CHANGE	eras/age_VI/book/01_of_the_winter_of_the_severance.md:36	the Severance	->	An Dealachadh	|	That was the Severance, by the name it wears in ever
CHANGE	eras/age_VI/book/01_of_the_winter_of_the_severance.md:71	the Severance	->	An Dealachadh	|	fingers to a humans' picket some ten years before the Severance, told him over a fire one nig
CHANGE	eras/age_VI/book/01_of_the_winter_of_the_severance.md:201	the war-companies	->	Buidhnean an Dealachaidh	|	The council had ordered the war-companies of the Severance stood down, 
CHANGE	eras/age_VI/book/01_of_the_winter_of_the_severance.md:201	the Severance	->	An Dealachadh	|	The council had ordered the war-companies of the Severance stood down, all of them, the 
CHANGE	eras/age_VI/book/01_of_the_winter_of_the_severance.md:265	the Severance	->	An Dealachadh	|	 the town's noise carry him to sleep, the last of the Severance behind
CHANGE	eras/age_VI/book/01_of_the_winter_of_the_severance.md:268	the Severance	->	An Dealachadh	|	So closed the first summer after the Severance, with the columns settled tha
CHANGE	eras/age_VI/book/02_of_the_stones_on_the_north_roads.md:87	the Severance	->	An Dealachadh	|	s settled there said he had not seen since before the Severance, as though the sea itself, ha
CHANGE	eras/age_VI/book/03_of_the_counting-houses_and_the_broken_locks.md:80	the hungry year	->	A' Bhliadhna Acrach	|	o relish, in a way it does not tell the winter of the hungry year that came so soon after: brok
CHANGE	eras/age_VI/book/04_of_the_moot_and_the_council_of_twelve.md:8	the Moot's	->	Tional nan Tuathach's	|	> — the Moot's minute-book, its first leaf, 
CHANGE	eras/age_VI/book/04_of_the_moot_and_the_council_of_twelve.md:20	the hungry year's	->	A' Bhliadhna Acrach's	|	r. Hale had kept a slate; Hale had kept a book of the hungry year's dead, though few enough of th
CHANGE	eras/age_VI/book/04_of_the_moot_and_the_council_of_twelve.md:36	the Moot	->	Tional nan Tuathach	|	 It was some weeks before anyone began calling it the Moot, a word one of the pursers re
CHANGE	eras/age_VI/book/04_of_the_moot_and_the_council_of_twelve.md:40	The Moot's	->	Tional nan Tuathach's	|	The Moot's first business, once the matt
CHANGE	eras/age_VI/book/04_of_the_moot_and_the_council_of_twelve.md:44	the Moot	->	Tional nan Tuathach	|	hurch porch had since told him, and asked whether the Moot, being now a thing that exist
CHANGE	eras/age_VI/book/04_of_the_moot_and_the_council_of_twelve.md:46	the Moot	->	Tional nan Tuathach	|	eholders chosen for the keeping and answerable to the Moot for every sack that left it. 
CHANGE	eras/age_VI/book/04_of_the_moot_and_the_council_of_twelve.md:48	the Moot's	->	Tional nan Tuathach's	|	time, to be recognised the length of the north as the Moot's own, a hand that grew no more
CHANGE	eras/age_VI/book/04_of_the_moot_and_the_council_of_twelve.md:54	the Moot	->	Tional nan Tuathach	|	The granary filled slower than the Moot had hoped and faster than Hal
CHANGE	eras/age_VI/book/04_of_the_moot_and_the_council_of_twelve.md:56	the Moot's	->	Tional nan Tuathach's	|	It was at the Moot's third sitting, with the barn 
CHANGE	eras/age_VI/book/04_of_the_moot_and_the_council_of_twelve.md:56	the Moot	->	Tional nan Tuathach	|	 its winter dead, or a book at all, then whatever the Moot wrote might as well, for all 
CHANGE	eras/age_VI/book/04_of_the_moot_and_the_council_of_twelve.md:62	the Moot's	->	Tional nan Tuathach's	|	s the letter, a week's bread and a small store of the Moot's coin against the tolls the hu
CHANGE	eras/age_VI/book/04_of_the_moot_and_the_council_of_twelve.md:66	the Moot's	->	Tional nan Tuathach's	|	ected soon. It was the first entry of its kind in the Moot's book, though it would not be 
CHANGE	eras/age_VI/book/04_of_the_moot_and_the_council_of_twelve.md:76	the Severance war	->	Cogadh nam Beann	|	nd from the captains who had led the companies of the Severance war. Ailean knew two of the twelv
CHANGE	eras/age_VI/book/05_of_the_grey_water_and_the_crowning.md:42	the Seeking	->	An Sireadh	|	The ship was *An Sireadh*, the Seeking, a broad-bellied trader taken
CHANGE	eras/age_VI/book/05_of_the_grey_water_and_the_crowning.md:82	the windy coast	->	an Oirthir Ghaothach	|	write for every disposal that crossed his table: *the windy coast is not in the survey*. He loo
CHANGE	eras/age_VI/book/05_of_the_grey_water_and_the_crowning.md:84	the humans' Administration	->	Riaghaltas nan Coigreach	|	st of the Tuathaich country, two rocks stood that the humans' Administration had kept as customs stations 
CHANGE	eras/age_VI/book/05_of_the_grey_water_and_the_crowning.md:90	the windy coast	->	an Oirthir Ghaothach	|	d a line that read, in a clerk's plain hand, that the windy coast lay outside the survey. The m
CHANGE	eras/age_VI/book/06_of_the_great_wave.md:13	the Crown's	->	An Crùn's	|	operly dry. A *maor* was set over each, to gather the Crown's dues and keep its peace, and
CHANGE	eras/age_VI/book/06_of_the_great_wave.md:41	the Residency	->	Taigh an Àrd-mhaoir	|	earn the trade from a book of arms left behind at the Residency by whoever had
CHANGE	eras/age_VI/book/06_of_the_great_wave.md:52	the order of Manannan	->	Òrd Mhanannain	|	nd it could not fault. At Seann Skell in the west the order of Manannan sent word that it
CHANGE	eras/age_VI/book/06_of_the_great_wave.md:117	the Severance	->	An Dealachadh	|	which they had not done since the Severance, and voted a relief party sou
CHANGE	eras/age_VI/book/06_of_the_great_wave.md:212	the drowned strand	->	an Tràigh Bhàthte	|	 who had lived there called it an Tràigh Bhàthte, the drowned strand, and did not build on it agai
CHANGE	eras/age_VI/book/06_of_the_great_wave.md:212	(appositive)	->	an Tràigh Bhàthte	|	dropped the English gloss beside an Tràigh Bhàthte
CHANGE	eras/age_VI/book/06_of_the_great_wave.md:249	the roll of arms	->	Clàr nan Suaicheantas	|	chest beside the letters of appointment and the roll of arms with its false lions, that it
CHANGE	eras/age_VI/book/07_of_the_coin_with_the_coal_in_its_seal.md:8	a Library clerk	->	a clerk of an Leabharlann	|	> — a Library clerk's plain-prose rendering of a 
CHANGE	eras/age_VI/book/07_of_the_coin_with_the_coal_in_its_seal.md:14	a Company man	->	a man of A' Chompanaidh	|	d worn copper penny that had crossed the water in a Company man's pocket or a Company ship's 
CHANGE	eras/age_VI/book/07_of_the_coin_with_the_coal_in_its_seal.md:14	a Company ship	->	a ship of A' Chompanaidh	|	ad crossed the water in a Company man's pocket or a Company ship's strongbox, was cried down. 
CHANGE	eras/age_VI/book/07_of_the_coin_with_the_coal_in_its_seal.md:28	the Library's	->	an Leabharlann's	|	he kingdom's new coin was already being made, and the Library's later telling of it, drawn fr
CHANGE	eras/age_VI/book/07_of_the_coin_with_the_coal_in_its_seal.md:36	the Moot's	->	Tional nan Tuathach's	|	r's satchel and he was shown it across a table at the Moot's house, he held it longer than
CHANGE	eras/age_VI/book/07_of_the_coin_with_the_coal_in_its_seal.md:42	The Moot	->	Tional nan Tuathach	|	The Moot met on it twice before it agr
CHANGE	eras/age_VI/book/07_of_the_coin_with_the_coal_in_its_seal.md:42	the Moot's	->	Tional nan Tuathach's	|	he argument ran two full evenings by the light of the Moot's tallow before it settled on a
CHANGE	eras/age_VI/book/07_of_the_coin_with_the_coal_in_its_seal.md:44	the Moot	->	Tional nan Tuathach	|	say a great deal more than that, one arguing that the Moot should ask outright why the c
CHANGE	eras/age_VI/book/07_of_the_coin_with_the_coal_in_its_seal.md:50	the Moot's	->	Tional nan Tuathach's	|	Ailean mac Iain read the Moot's letter standing at the chest 
CHANGE	eras/age_VI/book/07_of_the_coin_with_the_coal_in_its_seal.md:74	the Moot at Caol mhòr	->	Tional nan Tuathach	|	ve, because the house at Inis thais had something the Moot at Caol mhòr did not: a name old enough an
CHANGE	eras/age_VI/book/07_of_the_coin_with_the_coal_in_its_seal.md:74	The Moot	->	Tional nan Tuathach	|	aper could stand in for coin until the coin came. The Moot had no such name. It had only
CHANGE	eras/age_VI/book/07_of_the_coin_with_the_coal_in_its_seal.md:76	the Stone	->	Lia Fàil	|	s way south again, whether the tenth the house of the Stone kept back struck anyone at In
CHANGE	eras/age_VI/book/07_of_the_coin_with_the_coal_in_its_seal.md:78	the Moot	->	Tional nan Tuathach	|	 all. What he wrote, when he did, he did not show the Moot until the spring, and even th
CHANGE	eras/age_VI/book/07_of_the_coin_with_the_coal_in_its_seal.md:82	the Moot	->	Tional nan Tuathach	|	He did not write that the Moot should stop asking. He wrote,
CHANGE	eras/age_VI/book/07_of_the_coin_with_the_coal_in_its_seal.md:82	the Library	->	an Leabharlann	|	should stop asking. He wrote, and it is this line the Library keeps of the whole winter's b
CHANGE	eras/age_VI/book/08_of_the_order_of_worship.md:11	the Rite	->	Deas-ghnàth a' Ghuail	|	e letter came that made him Àrd-choimheadaiche of the Rite. He read it twice standing in
CHANGE	eras/age_VI/book/08_of_the_order_of_worship.md:11	the Old Faith's	->	An Creideamh Sean's	|	 It did not. The council's clerk had written that the Old Faith's keeping of Brìde's flame and 
CHANGE	eras/age_VI/book/08_of_the_order_of_worship.md:11	the Rite	->	Deas-ghnàth a' Ghuail	|	n the southern coast, where the greatest house of the Rite stood, and there was to write
CHANGE	eras/age_VI/book/08_of_the_order_of_worship.md:25	the Rite	->	Deas-ghnàth a' Ghuail	|	 out before light and came back after it and paid the Rite no more mind than they paid t
CHANGE	eras/age_VI/book/08_of_the_order_of_worship.md:31	the vein-house's	->	Taigh na Fèithe's	|	He began where the old note-books began, in the vein-house's custody records copied down f
CHANGE	eras/age_VI/book/08_of_the_order_of_worship.md:31	the druid schools	->	Scoiltean nan Draoidhean	|	thair dhearg, and in the fragments of disputation the druid schools had left when their halls sto
CHANGE	eras/age_VI/book/08_of_the_order_of_worship.md:33	the coal-touched	->	fuil-ghuail	|	s held; and that the vein answered a line, called the coal-touched, whose blood or whose office 
CHANGE	eras/age_VI/book/08_of_the_order_of_worship.md:33	the Rite	->	Deas-ghnàth a' Ghuail	|	office above it, side by side as the twin pillars the Rite would stand on from that day.
CHANGE	eras/age_VI/book/08_of_the_order_of_worship.md:35	the coal-touched	->	fuil-ghuail	|	ears who had never in his life set eyes on one of the coal-touched, writing doctrine about a lin
CHANGE	eras/age_VI/book/08_of_the_order_of_worship.md:37	the coal-touched	->	fuil-ghuail	|	 let it stand, and struck out a line of his about the coal-touched appearing among ordinary hous
CHANGE	eras/age_VI/book/08_of_the_order_of_worship.md:41	a Stone priest	->	a priest of Òrd na Cloiche	|	two hearth-keepers from villages along the coast, a Stone priest from Inis thais who had come 
CHANGE	eras/age_VI/book/08_of_the_order_of_worship.md:43	the Stone priest	->	Òrd na Cloiche's priest	|	from Cnoc bheag studied the beams throughout, and the Stone priest studied Dòmhnall, which he fo
CHANGE	eras/age_VI/book/08_of_the_order_of_worship.md:45	The Stone priest	->	Òrd na Cloiche's priest	|	The Stone priest came to him before he left an
CHANGE	eras/age_VI/book/08_of_the_order_of_worship.md:45	the houses of the Stone	->	Òrd na Cloiche	|	 Stone priest came to him before he left and said the houses of the Stone would send no witnesses to a 
CHANGE	eras/age_VI/book/08_of_the_order_of_worship.md:45	the Stone	->	Òrd na Cloiche	|	sses to a settling that was not theirs to settle, the Stone in the south-west having neve
CHANGE	eras/age_VI/book/08_of_the_order_of_worship.md:45	the houses of the Stone	->	Òrd na Cloiche	|	 as his word. Within the month a letter came from the houses of the Stone, wishing the Rite well in its
CHANGE	eras/age_VI/book/08_of_the_order_of_worship.md:45	the Rite	->	Deas-ghnàth a' Ghuail	|	letter came from the houses of the Stone, wishing the Rite well in its ordering and prom
CHANGE	eras/age_VI/book/08_of_the_order_of_worship.md:45	the Rite	->	Deas-ghnàth a' Ghuail	|	ain ledger in which he meant to keep every letter the Rite sent or received from then on
CHANGE	eras/age_VI/book/08_of_the_order_of_worship.md:49	The hawk-houses	->	Òrd an t-Seabhaig	|	The hawk-houses had not waited for the readin
CHANGE	eras/age_VI/book/08_of_the_order_of_worship.md:49	the hawk-houses	->	Òrd an t-Seabhaig	|	 hand Dòmhnall did not know, sealed with the mark the hawk-houses used, a bird with its wings s
CHANGE	eras/age_VI/book/08_of_the_order_of_worship.md:49	the Rite	->	Deas-ghnàth a' Ghuail	|	eabhaig round Cnoc bheag had kept the old form of the Rite, the local altar answering to
CHANGE	eras/age_VI/book/08_of_the_order_of_worship.md:49	the hawk-houses	->	Òrd an t-Seabhaig	|	 dry phrase, "handsome, and not needed"; and that the hawk-houses would go on as they had gone 
CHANGE	eras/age_VI/book/08_of_the_order_of_worship.md:51	the Stone's	->	Lia Fàil's	|	 in, so he copied the letter into his book beside the Stone's, and let it stand. Beathag, r
CHANGE	eras/age_VI/book/08_of_the_order_of_worship.md:53	the Rite's	->	Deas-ghnàth a' Ghuail's	|	rst bell any hawk-house had ever hung, to ring at the Rite's measured burnings. It rang it
CHANGE	eras/age_VI/book/08_of_the_order_of_worship.md:59	the Rite's	->	Deas-ghnàth a' Ghuail's	|	er than his own wish, to be presented at court as the Rite's first Àrd-choimheadaiche and 
CHANGE	eras/age_VI/book/08_of_the_order_of_worship.md:59	the Rite	->	Deas-ghnàth a' Ghuail	|	o be shared in the keeping between Òrd Mhacha and the Rite that had, after all, only jus
CHANGE	eras/age_VI/book/08_of_the_order_of_worship.md:61	the Hall	->	Talla na Lasrach	|	regalia through every age the record named, under the Hall and under the humans both, th
CHANGE	eras/age_VI/book/08_of_the_order_of_worship.md:63	the Stone's	->	Lia Fàil's	|	, which he entered in his book that winter beside the Stone's letter and the Hawk's, three 
CHANGE	eras/age_VI/book/08_of_the_order_of_worship.md:63	the Hawk's	->	Òrd an t-Seabhaig's	|	is book that winter beside the Stone's letter and the Hawk's, three plain lines with no co
CHANGE	eras/age_VI/book/08_of_the_order_of_worship.md:67	the Moot	->	Tional nan Tuathach	|	 the north, in that same year, at Caol mhòr where the Moot met in its long low room, Wal
CHANGE	eras/age_VI/book/08_of_the_order_of_worship.md:67	the Moot	->	Tional nan Tuathach	|	rth-fire, and belongs more properly to the record the Moot itself has kept; but the Libr
CHANGE	eras/age_VI/book/08_of_the_order_of_worship.md:67	the Library	->	an Leabharlann	|	perly to the record the Moot itself has kept; but the Library holds the council's answer, b
CHANGE	eras/age_VI/book/08_of_the_order_of_worship.md:69	The Moot's	->	Tional nan Tuathach's	|	The Moot's own minute of that answer, en
CHANGE	eras/age_VI/book/08_of_the_order_of_worship.md:69	the Rite	->	Deas-ghnàth a' Ghuail	|	at Cathair dhearg, except that the same year gave the Rite its first written order and g
CHANGE	eras/age_VI/book/08_of_the_order_of_worship.md:69	The Library	->	An Leabharlann	|	pe or another, for most of the age that followed. The Library keeps both. It does not say t
CHANGE	eras/age_VI/book/08_of_the_order_of_worship.md:73	the Old Faith	->	An Creideamh Sean	|	t from every other. He sent one to every house of the Old Faith that still stood, the Hawk-ho
CHANGE	eras/age_VI/book/08_of_the_order_of_worship.md:73	the Stone	->	Òrd na Cloiche	|	nswer from most of them and received none; one to the Stone, with a note of thanks for th
CHANGE	eras/age_VI/book/08_of_the_order_of_worship.md:75	the Rite	->	Deas-ghnàth a' Ghuail	|	 which had gone on the same way through every age the Rite had kept it holy and every ag
CHANGE	eras/age_VI/book/09_of_the_justices_circuit.md:13	the coal-touched	->	fuil-ghuail	|	Of the coal-touched the roll says less than that.
CHANGE	eras/age_VI/book/09_of_the_justices_circuit.md:15	The Moot at Caol mhòr	->	Tional nan Tuathach	|	d not thought worth waking to be added to a list. The Moot at Caol mhòr, which had kept its own tally
CHANGE	eras/age_VI/book/09_of_the_justices_circuit.md:15	the Moot's	->	Tional nan Tuathach's	|	ent into the treasury's chests at Cathair dhearg; the Moot's went into the chest under the
CHANGE	eras/age_VI/book/09_of_the_justices_circuit.md:23	the custody-book	->	Leabhar a' Chùraim	|	ir dhomhain, where her father before her had kept the custody-book of the old vein-house on the 
CHANGE	eras/age_VI/book/09_of_the_justices_circuit.md:23	the custody-book	->	Leabhar a' Chùraim	|	o the humans' Company three generations back, and the custody-book was, by then, a relic, a grea
CHANGE	eras/age_VI/book/09_of_the_justices_circuit.md:25	the custody-book	->	Leabhar a' Chùraim	|	It was not, she used to say afterward, that the custody-book taught her the law of the lan
CHANGE	eras/age_VI/book/09_of_the_justices_circuit.md:25	the vein-house	->	Taigh na Fèithe	|	very clerkship she held after her father died and the vein-house closed its custody-book for g
CHANGE	eras/age_VI/book/09_of_the_justices_circuit.md:27	the circuit justices	->	Britheamhan na Cuairte	|	The council's letter naming her first among the circuit justices of the kingdom reached her on
CHANGE	eras/age_VI/book/09_of_the_justices_circuit.md:35	The Guild of Hewers	->	Comann nan Gualadairean	|	a yoke and two buckets every morning of its life. The Guild of Hewers had sent surveyors down from 
CHANGE	eras/age_VI/book/09_of_the_justices_circuit.md:51	the vein-house's	->	Taigh na Fèithe's	|	gdom's law what her father had asked her to do to the vein-house's custody-book from the time sh
CHANGE	eras/age_VI/book/09_of_the_justices_circuit.md:55	a Company surveyor	->	a surveyor of A' Chompanaidh	|	le that had been cut, in the humans' own hand, by a Company surveyor before the Severance, and cla
CHANGE	eras/age_VI/book/09_of_the_justices_circuit.md:55	the Severance	->	An Dealachadh	|	he humans' own hand, by a Company surveyor before the Severance, and claimed now by a Dia-thì
CHANGE	eras/age_VI/book/09_of_the_justices_circuit.md:55	the Crown's	->	An Crùn's	|	ach household that held, under a much newer seal, the Crown's grant of the same ground, mad
CHANGE	eras/age_VI/book/09_of_the_justices_circuit.md:57	the Crown's	->	An Crùn's	|	er plainly that he would be glad if she found for the Crown's grant entire, since the house
CHANGE	eras/age_VI/book/09_of_the_justices_circuit.md:59	the Crown's	->	An Crùn's	|	omhain, to make out slowly without help; she read the Crown's grant beside it, in Dia-thìri
CHANGE	eras/age_VI/book/09_of_the_justices_circuit.md:59	the Severance	->	An Dealachadh	|	of any kind to any authority for the ground since the Severance, and receiving the answer tha
CHANGE	eras/age_VI/book/09_of_the_justices_circuit.md:61	the Crown	->	An Crùn	|	The ground, she said, had passed to the Crown; on that the two titles could
CHANGE	eras/age_VI/book/09_of_the_justices_circuit.md:61	the Crown	->	An Crùn	|	al existed that assumed one. The land belonged to the Crown. The working of it belonged, 
CHANGE	eras/age_VI/book/09_of_the_justices_circuit.md:61	the Crown	->	An Crùn	|	ays worked it, the only change being that any due the Crown chose in future to lay upon s
CHANGE	eras/age_VI/book/10_of_the_vigil_in_the_open.md:7	a Library clerk	->	a clerk of an Leabharlann	|	> — a Library clerk's plain rendering of what was
CHANGE	eras/age_VI/book/10_of_the_vigil_in_the_open.md:11	the Severance	->	An Dealachadh	|	lain broken in three places since the fighting of the Severance, its cuttings full of blown s
CHANGE	eras/age_VI/book/10_of_the_vigil_in_the_open.md:13	The Library	->	An Leabharlann	|	ho does not go down onto the towpath and look up. The Library keeps no record of whose idea
CHANGE	eras/age_VI/book/10_of_the_vigil_in_the_open.md:15	the quarter-days	->	Na Ceithir Fèilltean	|	e families who had people there still walk out on the quarter-days to clear the growth from the 
CHANGE	eras/age_VI/book/10_of_the_vigil_in_the_open.md:15	The Library	->	An Leabharlann	|	 dark as a stranger walking the road would think. The Library records the closure and no mo
CHANGE	eras/age_VI/book/10_of_the_vigil_in_the_open.md:15	the Library	->	an Leabharlann	|	r been a question that came before any court, and the Library keeps no case it was not aske
CHANGE	eras/age_VI/book/10_of_the_vigil_in_the_open.md:23	the Church	->	An Eaglais	|	In the town itself the Tuathaich kept An Eaglais, the Church their forebears had carried o
CHANGE	eras/age_VI/book/10_of_the_vigil_in_the_open.md:23	the Crossing	->	An t-Aiseag	|	hurch their forebears had carried over the sea at the Crossing, and kept it as quietly as a 
CHANGE	eras/age_VI/book/10_of_the_vigil_in_the_open.md:23	the First Canoe	->	A' Chiad Churach	|	than a loaf, the town kept what its people called the First Canoe: the telling of Naomh Breanda
CHANGE	eras/age_VI/book/10_of_the_vigil_in_the_open.md:23	the Isle of the Blessed	->	Inis nam Beannaichte	|	anoe: the telling of Naomh Breandan's crossing to the Isle of the Blessed, in whatever form it had come
CHANGE	eras/age_VI/book/10_of_the_vigil_in_the_open.md:23	The Library	->	An Leabharlann	|	d them, called it superstition and left it there. The Library, which has asked twice across
CHANGE	eras/age_VI/book/10_of_the_vigil_in_the_open.md:23	the Library	->	an Leabharlann	|	only that it is kept, and where is not a question the Library asks twice of a people who ha
CHANGE	eras/age_VI/book/10_of_the_vigil_in_the_open.md:23	(appositive)	->	An Eaglais	|	dropped the English gloss beside An Eaglais
CHANGE	eras/age_VI/book/10_of_the_vigil_in_the_open.md:25	the Mystery of the Grey Night	->	Rùn-dìomhair na h-Oidhche Glaise	|	held, that autumn, the office of vigil-keeper for the Mystery of the Grey Night, an office within the Church 
CHANGE	eras/age_VI/book/10_of_the_vigil_in_the_open.md:25	the Church	->	An Eaglais	|	r the Mystery of the Grey Night, an office within the Church and yet not quite of it, olde
CHANGE	eras/age_VI/book/10_of_the_vigil_in_the_open.md:25	the Peaceful Goose	->	an Gèadh Sìtheil	|	 silence kept on one night of the year, for Sìne, the Peaceful Goose, whom the sect named for the 
CHANGE	eras/age_VI/book/10_of_the_vigil_in_the_open.md:25	the Church	->	An Eaglais	|	ful Goose, whom the sect named for the wild goose the Church elsewhere named the Holy Spir
CHANGE	eras/age_VI/book/10_of_the_vigil_in_the_open.md:25	the Holy Spirit	->	an Spiorad Naomh	|	med for the wild goose the Church elsewhere named the Holy Spirit and pictured, when it picture
CHANGE	eras/age_VI/book/10_of_the_vigil_in_the_open.md:29	the Age of Strangers	->	An Aois Choigreach	|	y hand stronger than her own. It had held through the Age of Strangers, through the crossing and the
CHANGE	eras/age_VI/book/10_of_the_vigil_in_the_open.md:31	the Library	->	an Leabharlann	|	d not say why, not to the town and not, so far as the Library has ever learned, to anyone a
CHANGE	eras/age_VI/book/10_of_the_vigil_in_the_open.md:33	the Grey Night	->	Oidhche Glaise	|	g the maor had heard nothing worth his attention, the Grey Night being to him and to every off
CHANGE	eras/age_VI/book/10_of_the_vigil_in_the_open.md:33	the Crown	->	An Crùn	|	e Grey Night being to him and to every officer of the Crown before him no more than a lin
CHANGE	eras/age_VI/book/10_of_the_vigil_in_the_open.md:35	the Library	->	an Leabharlann	|	 run where it wanted. An old man named for nobody the Library has recorded said he had kept
CHANGE	eras/age_VI/book/10_of_the_vigil_in_the_open.md:37	The Church's	->	An Eaglais's	|	The Church's own priest at Baile chrom, an
CHANGE	eras/age_VI/book/10_of_the_vigil_in_the_open.md:49	the Church's	->	An Eaglais's	|	Word of it reached the Church's bishops by the summer, carrie
CHANGE	eras/age_VI/book/10_of_the_vigil_in_the_open.md:51	the Church's	->	An Eaglais's	|	e in advance. The word irregular is the only word the Church's own record has ever set again
CHANGE	eras/age_VI/book/10_of_the_vigil_in_the_open.md:51	The Library	->	An Leabharlann	|	 the Church's own record has ever set against it. The Library, which keeps the letter's cop
CHANGE	eras/age_VI/book/10_of_the_vigil_in_the_open.md:53	the Moot	->	Tional nan Tuathach	|	hauled up from a quarry two shires south on carts the Moot paid for by subscription, and
CHANGE	eras/age_VI/book/11_of_the_wall_that_was_not_built.md:30	the Crown	->	An Crùn	|	k for themselves, might in time be glad of a line the Crown had agreed to keep. Another, 
CHANGE	eras/age_VI/book/11_of_the_wall_that_was_not_built.md:32	the Severance	->	An Dealachadh	|	 wife whose grandmother had been Tuathaich before the Severance closed the choosing, who said
CHANGE	eras/age_VI/book/11_of_the_wall_that_was_not_built.md:32	the Crown's	->	An Crùn's	|	 the walkers, not the families that had stayed on the Crown's side of the old truce line an
CHANGE	eras/age_VI/book/11_of_the_wall_that_was_not_built.md:32	the Rite	->	Deas-ghnàth a' Ghuail	|	 the Crown's side of the old truce line and taken the Rite. In eight years, not one shir
CHANGE	eras/age_VI/book/11_of_the_wall_that_was_not_built.md:44	the Rite	->	Deas-ghnàth a' Ghuail	|	 the old custodian families still kept, alongside the Rite the state now taught, an olde
CHANGE	eras/age_VI/book/11_of_the_wall_that_was_not_built.md:44	the Crown's	->	An Crùn's	|	rth forbidding so long as they forbade nothing of the Crown's own in return.
CHANGE	eras/age_VI/book/11_of_the_wall_that_was_not_built.md:60	the Severance	->	An Dealachadh	|	emselves, and the council, in the ten years since the Severance, had done little with it beyo
CHANGE	eras/age_VI/book/11_of_the_wall_that_was_not_built.md:62	a Crown clerk	->	a clerk of An Crùn	|	had once gone east across the sea, it went now to a Crown clerk's chest at Cathair dhearg, an
CHANGE	eras/age_VI/book/11_of_the_wall_that_was_not_built.md:62	the Crown	->	An Crùn	|	ided, that same sitting, to keep a fifth part for the Crown and grant the rest whole to w
CHANGE	eras/age_VI/book/11_of_the_wall_that_was_not_built.md:64	the Crown	->	An Crùn	|	umans' own terms almost to the letter, a fifth to the Crown and the rest to the house tha
CHANGE	eras/age_VI/book/11_of_the_wall_that_was_not_built.md:72	the Crown	->	An Crùn	|	the humans' grant and older, the paper said, than the Crown that had now confirmed it, an
CHANGE	eras/age_VI/book/12_of_the_sloc_mor.md:8	the Sloc Mòr	->	An Sloc Mòr	|	> — said among the chainmen of the Sloc Mòr, of the charter sworn at Acha
CHANGE	eras/age_VI/book/12_of_the_sloc_mor.md:12	the Sloc Mòr	->	An Sloc Mòr	|	g him there with a pick. Ruairidh had cut coal at the Sloc Mòr for eleven years and had the 
CHANGE	eras/age_VI/book/12_of_the_sloc_mor.md:14	the Sloc Mòr's	->	An Sloc Mòr's	|	and going grey at the temple, and he had surveyed the Sloc Mòr's galleries, for the humans' Co
CHANGE	eras/age_VI/book/12_of_the_sloc_mor.md:20	the Rite	->	Deas-ghnàth a' Ghuail	|	 mhòr, a house that had kept the old rites before the Rite had a doctrine to keep, and h
CHANGE	eras/age_VI/book/12_of_the_sloc_mor.md:28	The Sloc Mòr	->	An Sloc Mòr	|	 were paid in coin rather than promised in grain. The Sloc Mòr paid in the kingdom's new coi
CHANGE	eras/age_VI/book/12_of_the_sloc_mor.md:28	the coal road	->	Rathad na Mèinne	|	 on foot mostly, with what they could carry, down the coal road and up the valley to Achadh d
CHANGE	eras/age_VI/book/12_of_the_sloc_mor.md:30	the Severance	->	An Dealachadh	|	ok the most of them. It had been a small place at the Severance, a shire seat with a Fèidh ch
CHANGE	eras/age_VI/book/12_of_the_sloc_mor.md:32	the coal road	->	Rathad na Mèinne	|	different way. It had always been the place where the coal road came down off the central hil
CHANGE	eras/age_VI/book/12_of_the_sloc_mor.md:32	the Sloc Mòr's	->	An Sloc Mòr's	|	ord, where hemp was worked into the hauling-ropes the Sloc Mòr's cages used and sold, besides,
CHANGE	eras/age_VI/book/12_of_the_sloc_mor.md:34	the Library	->	an Leabharlann	|	Of the coast that same year the Library keeps one page, and it is a s
CHANGE	eras/age_VI/book/12_of_the_sloc_mor.md:34	the Moot's	->	Tional nan Tuathach's	|	r came home, and the council's minute on it, when the Moot's letter reached Cathair dhearg
CHANGE	eras/age_VI/book/12_of_the_sloc_mor.md:42	the Severance	->	An Dealachadh	|	way had come apart in places over the years since the Severance, its rails lifted in three pa
CHANGE	eras/age_VI/book/12_of_the_sloc_mor.md:48	the Rite's	->	Deas-ghnàth a' Ghuail's	|	g said over the first train, and had sent word to the Rite's house at Muileann dhearg to t
CHANGE	eras/age_VI/book/12_of_the_sloc_mor.md:50	the Sloc Mòr's	->	An Sloc Mòr's	|	The spoil that came up out of the Sloc Mòr's deeper galleries that year wa
CHANGE	eras/age_VI/book/12_of_the_sloc_mor.md:50	the house of Mac Ùisdein	->	Taigh Mhic Ùisdein	|	r a mark cut into each block, a stylised wave for the house of Mac Ùisdein, so that a man in Cathair dhe
CHANGE	eras/age_VI/book/12_of_the_sloc_mor.md:54	The Rail Board	->	Comhairle na Slighe-iarainn	|	The Rail Board, which had its office at Cath
CHANGE	eras/age_VI/book/12_of_the_sloc_mor.md:54	the Sloc Mòr	->	An Sloc Mòr	|	owing year at Muileann chrom, where the line from the Sloc Mòr met the older line down to th
CHANGE	eras/age_VI/book/12_of_the_sloc_mor.md:56	the Sloc Mòr	->	An Sloc Mòr	|	om twice that year, carrying survey rolls between the Sloc Mòr and Cathair dhearg, and saw t
CHANGE	eras/age_VI/book/12_of_the_sloc_mor.md:60	the Sloc Mòr	->	An Sloc Mòr	|	walked it himself. He heard of it from a hewer at the Sloc Mòr whose brother had gone to Àth
CHANGE	eras/age_VI/book/12_of_the_sloc_mor.md:64	the Holy Age	->	An Aois Naomh	|	ep and which the island itself had not kept since the Holy Age, was taken up again that autu
CHANGE	eras/age_VI/book/12_of_the_sloc_mor.md:64	the Sloc Mòr	->	An Sloc Mòr	|	a changed form. The old form, so far as anyone at the Sloc Mòr could reconstruct it from the
CHANGE	eras/age_VI/book/12_of_the_sloc_mor.md:64	the Holy Age	->	An Aois Naomh	|	uld reconstruct it from the custodians' copies of the Holy Age rolls, had bound apprentices 
CHANGE	eras/age_VI/book/12_of_the_sloc_mor.md:66	The Guild of Hewers	->	Comann nan Gualadairean	|	The Guild of Hewers was chartered at Achadh dhomh
CHANGE	eras/age_VI/book/13_of_the_indentures.md:16	the Sloc Mòr	->	An Sloc Mòr	|	nds simply did, the way Lachlann's chainman up at the Sloc Mòr, had either of them ever met 
CHANGE	eras/age_VI/book/13_of_the_indentures.md:24	the Crossing	->	An t-Aiseag	|	 it, the largest binding the south had seen since the Crossing. Seumas heard it out at the s
CHANGE	eras/age_VI/book/13_of_the_indentures.md:26	the Crown's	->	An Crùn's	|	 their new charter won them the sole right to fit the Crown's patrol boats, a right the cha
CHANGE	eras/age_VI/book/13_of_the_indentures.md:26	the Crown	->	An Crùn	|	 right the chandlers meant to hold for as long as the Crown kept a boat afloat; and of th
CHANGE	eras/age_VI/book/13_of_the_indentures.md:28	The Moot	->	Tional nan Tuathach	|	he charter's own language that would have served. The Moot at {{place:burg:95}}, hearing
CHANGE	eras/age_VI/book/13_of_the_indentures.md:28	the Moot's	->	Tional nan Tuathach's	|	 year's other business, without an answer, a fact the Moot's own minute-book set down at t
CHANGE	eras/age_VI/book/13_of_the_indentures.md:34	the Leòid ruling	->	Breith Leòid	|	that week to {{place:burg:47}} in the west, where the Leòid ruling had been given years before o
CHANGE	eras/age_VI/book/14_of_agnes_pikes_school.md:15	the Severance	->	An Dealachadh	|	ound the north's grain at Doire mhin since before the Severance, though she herself had left 
CHANGE	eras/age_VI/book/14_of_agnes_pikes_school.md:17	the Moot's	->	Tional nan Tuathach's	|	all to spare and no coin of its own to raise one, the Moot's letters on the matter having 
CHANGE	eras/age_VI/book/14_of_agnes_pikes_school.md:17	the Church	->	An Eaglais	|	r, its one street running from the mill-bridge to the Church and stopping there, as though
CHANGE	eras/age_VI/book/14_of_agnes_pikes_school.md:17	the hungry year	->	A' Bhliadhna Acrach	|	 a church was for. It had grown a good deal since the hungry year, when Walter Hale had walked 
CHANGE	eras/age_VI/book/14_of_agnes_pikes_school.md:23	the Moot	->	Tional nan Tuathach	|	ter Hale himself, who by then had been speaker of the Moot for thirteen years and had gr
CHANGE	eras/age_VI/book/14_of_agnes_pikes_school.md:23	the Moot's	->	Tional nan Tuathach's	|	ready fixed to the wall, and told her, as near as the Moot's own minute records the exchan
CHANGE	eras/age_VI/book/14_of_agnes_pikes_school.md:23	the Moot	->	Tional nan Tuathach	|	 at Caol mhòr expected an account of every penny, the Moot having decided, after some ar
CHANGE	eras/age_VI/book/14_of_agnes_pikes_school.md:33	the Church	->	An Eaglais	|	ren came through the byre door before the bell of the Church, which Doire ghlas had lately
CHANGE	eras/age_VI/book/14_of_agnes_pikes_school.md:33	the Bible	->	Am Bìoball	|	had for teaching them two books and nothing else: the Bible, in the humans' own tongue, w
CHANGE	eras/age_VI/book/14_of_agnes_pikes_school.md:33	the Moot's	->	Tional nan Tuathach's	|	in the house could read it, and a bound volume of the Moot's own minutes, going back to th
CHANGE	eras/age_VI/book/14_of_agnes_pikes_school.md:37	the Moot at Caol mhòr	->	Tional nan Tuathach	|	ed the purse, having, he told Agnes, a sitting of the Moot at Caol mhòr to be at two days later, and 
CHANGE	eras/age_VI/book/14_of_agnes_pikes_school.md:37	the Moot's	->	Tional nan Tuathach's	|	he Moot at Caol mhòr to be at two days later, and the Moot's own business, as ever, waitin
CHANGE	eras/age_VI/book/14_of_agnes_pikes_school.md:37	the Moot's	->	Tional nan Tuathach's	|	etting out in four plain lines that the purse was the Moot's, the room was the widow's, an
CHANGE	eras/age_VI/book/14_of_agnes_pikes_school.md:43	the Moot's minutes	->	Cuimhne-coinneimh an Tionail	|	ok a second time, for the boy had taken a page of the Moot's minutes, a dry entry about a granary'
CHANGE	eras/age_VI/book/14_of_agnes_pikes_school.md:67	the Moot's	->	Tional nan Tuathach's	|	an the one her father had carried to Doire ghlas, the Moot's own funds having been thinner
CHANGE	eras/age_VI/book/14_of_agnes_pikes_school.md:69	the Rending	->	Scàineadh Cill ghlas	|	The Cill ghlas district, shut to new shafts since the Rending had brought a gallery down th
CHANGE	eras/age_VI/book/14_of_agnes_pikes_school.md:71	the Library	->	an Leabharlann	|	 never troubling to look north at all; it is only the Library, gathering both into one shel
CHANGE	eras/age_VI/book/14_of_agnes_pikes_school.md:73	the Church	->	An Eaglais	|	 would move every summer after, into the porch of the Church, which offered shade enough a
CHANGE	eras/age_VI/book/14_of_agnes_pikes_school.md:73	the Moot's	->	Tional nan Tuathach's	|	m had first proved too slow a teacher on its own: the Moot's own minute of the day the sch
CHANGE	eras/age_VI/book/15_of_the_seventeen_suits.md:27	the Crown	->	An Crùn	|	 with everything else the crossing left behind to the Crown that now held the island; but
CHANGE	eras/age_VI/book/15_of_the_seventeen_suits.md:27	the Crown	->	An Crùn	|	in substance, as before, saving only that any due the Crown chose to lay on such ground i
CHANGE	eras/age_VI/book/15_of_the_seventeen_suits.md:29	the Crown's	->	An Crùn's	|	tood and hearing, in the end, that the ground was the Crown's and the working of it theirs,
CHANGE	eras/age_VI/book/15_of_the_seventeen_suits.md:37	the Crown	->	An Crùn	|	n office that had not ended and did not answer to the Crown for the witnessing it had don
CHANGE	eras/age_VI/book/15_of_the_seventeen_suits.md:37	the Crown's	->	An Crùn's	|	 not now reach past that ground to take back what the Crown's own predecessor, in a manner 
CHANGE	eras/age_VI/book/15_of_the_seventeen_suits.md:41	the Crown	->	An Crùn	|	Fifteen for the Crown, then, and two for the holder
CHANGE	eras/age_VI/book/15_of_the_seventeen_suits.md:47	the Moot's	->	Tional nan Tuathach's	|	l for either side. But I understand you have kept the Moot's own accounts of northern land
CHANGE	eras/age_VI/book/15_of_the_seventeen_suits.md:47	the Moot's	->	Tional nan Tuathach's	|	long since stopped expecting him to shorten, what the Moot's own day-books showed of the g
CHANGE	eras/age_VI/book/15_of_the_seventeen_suits.md:47	the Moot's	->	Tional nan Tuathach's	|	een the cousins had been made by their fathers in the Moot's third year and recorded nowhe
CHANGE	eras/age_VI/book/15_of_the_seventeen_suits.md:47	the Moot	->	Tional nan Tuathach	|	corded nowhere but in a Moot minute of that year, the Moot having kept, since its own fi
CHANGE	eras/age_VI/book/15_of_the_seventeen_suits.md:49	the Moot's	->	Tional nan Tuathach's	|	nd asked him one question only, which was whether the Moot's habit of recording such arran
CHANGE	eras/age_VI/book/15_of_the_seventeen_suits.md:49	the Moot	->	Tional nan Tuathach	|	ute was already foreseen. General, Hale told her; the Moot had begun writing down family
CHANGE	eras/age_VI/book/15_of_the_seventeen_suits.md:49	the Moot's	->	Tional nan Tuathach's	|	d not say so himself, on the reasoning, as old as the Moot's first minute-book, that a peo
CHANGE	eras/age_VI/book/15_of_the_seventeen_suits.md:51	the Moot's	->	Tional nan Tuathach's	|	 for the cousins jointly, confirming the division the Moot's minute recorded and no other,
CHANGE	eras/age_VI/book/15_of_the_seventeen_suits.md:51	the Crown	->	An Crùn	|	closing that cause, that a body with no authority the Crown recognised had nonetheless ke
CHANGE	eras/age_VI/book/15_of_the_seventeen_suits.md:51	the Crown	->	An Crùn	|	 record of the ground in question than any office the Crown did recognise, and that she s
CHANGE	eras/age_VI/book/15_of_the_seventeen_suits.md:51	the Crown's	->	An Crùn's	|	 having spent some years assuming that a court of the Crown's own making would never troubl
CHANGE	eras/age_VI/book/15_of_the_seventeen_suits.md:51	the Moot	->	Tional nan Tuathach	|	ver trouble to notice, let alone credit, anything the Moot had ever written.
CHANGE	eras/age_VI/book/15_of_the_seventeen_suits.md:59	the Crown	->	An Crùn	|	rk out for himself given time enough. Fifteen for the Crown and two for the holders, and 
CHANGE	eras/age_VI/book/15_of_the_seventeen_suits.md:63	the Moot's	->	Tional nan Tuathach's	|	 have written it down myself, more than once, for the Moot's own book, in words a good dea
CHANGE	eras/age_VI/book/15_of_the_seventeen_suits.md:65	the Leòid ruling	->	Breith Leòid	|	's convenience and not their own. I did not write the Leòid ruling to be fair to the Tuathaich, 
CHANGE	eras/age_VI/book/15_of_the_seventeen_suits.md:67	the Moot's	->	Tional nan Tuathach's	|	 would have called nearly a smile, and added that the Moot's own habit of writing down eve
CHANGE	eras/age_VI/book/15_of_the_seventeen_suits.md:73	the Leòid ruling	->	Breith Leòid	|	n by the western road to {{place:burg:47}}, where the Leòid ruling itself had first been given s
CHANGE	eras/age_VI/book/15_of_the_seventeen_suits.md:75	the Seann Bhral ruling	->	Breith Seann Bhral	|	e of what she had held over nine years of riding, the Seann Bhral ruling first and the Ceann mhòr sitt
CHANGE	eras/age_VI/book/15_of_the_seventeen_suits.md:81	the Crown	->	An Crùn	|	 book, and the reasoning it set down, fifteen for the Crown and two for the holders and t
CHANGE	eras/age_VI/book/16_of_the_cellar_at_muileann_chaol.md:6	the Library	->	an Leabharlann	|	> To put it in the Library.
CHANGE	eras/age_VI/book/16_of_the_cellar_at_muileann_chaol.md:13	the Severance	->	An Dealachadh	|	of the district had kept rolls there since before the Severance, in cellars under the old gra
CHANGE	eras/age_VI/book/16_of_the_cellar_at_muileann_chaol.md:27	the sunwise turn	->	An Diosal	|	alled, without ever troubling to explain to whom, the sunwise turn. Ailean had disliked that cou
CHANGE	eras/age_VI/book/16_of_the_cellar_at_muileann_chaol.md:29	the Severance	->	An Dealachadh	|	themselves brought and the kingdom had kept since the Severance, month and day exact where th
CHANGE	eras/age_VI/book/16_of_the_cellar_at_muileann_chaol.md:29	the king-lists	->	Clàr nan Rìghrean	|	ings of Clann na Ceiste laid side by side against the king-lists the custodians' rolls preserv
CHANGE	eras/age_VI/book/16_of_the_cellar_at_muileann_chaol.md:29	the Ford of Blood	->	Àth na Fala	|	r, crowned in the grove and king until he fell at the Ford of Blood, so long a life that no age b
CHANGE	eras/age_VI/book/16_of_the_cellar_at_muileann_chaol.md:29	the Age of Ailean	->	An Aois Ailein	|	vening in an Dàmhair, and by consent of all seven the Age of Ailean was parted from the age that 
CHANGE	eras/age_VI/book/16_of_the_cellar_at_muileann_chaol.md:29	the Library at Muileann chaol	->	Leabharlann Muileann chaol	|	counted from then on as its own, the first change the Library at Muileann chaol made to any reckoning it had 
CHANGE	eras/age_VI/book/16_of_the_cellar_at_muileann_chaol.md:31	the Library	->	an Leabharlann	|	Ailean had looked into it, could simply be put in the Library, *a chur san Leabharlann*, an
CHANGE	eras/age_VI/book/16_of_the_cellar_at_muileann_chaol.md:31	The Library	->	An Leabharlann	|	precisely to see Ailean's face when he heard it. "The Library settles nothing," he told Coi
CHANGE	eras/age_VI/book/16_of_the_cellar_at_muileann_chaol.md:37	the Line of Aisling	->	Sloinneadh Aisling	|	and the roll it rode on, some forty years before: the Line of Aisling, name following name in the p
CHANGE	eras/age_VI/book/16_of_the_cellar_at_muileann_chaol.md:37	the book of lines	->	Leabhar nan Sloinnidhean	|	ccessive evenings, into Leabhar nan Sloinnidhean, the book of lines, and set Cailean mac Eachainn
CHANGE	eras/age_VI/book/16_of_the_cellar_at_muileann_chaol.md:37	the Line of the Mason	->	Sloinneadh a' Chlachair	|	 the cellar had already yielded that same winter: the Line of the Mason, as the custodians' rolls had
CHANGE	eras/age_VI/book/16_of_the_cellar_at_muileann_chaol.md:37	(appositive)	->	Leabhar nan Sloinnidhean	|	dropped the English gloss beside Leabhar nan Sloinnidhean
CHANGE	eras/age_VI/book/16_of_the_cellar_at_muileann_chaol.md:39	the long years	->	na Bliadhnachan Fada	|	 kept a record of what was said round the camp in the long years the roll otherwise measured o
CHANGE	eras/age_VI/book/16_of_the_cellar_at_muileann_chaol.md:39	the Hollow Man	->	Marbh-bheò	|	ise measured only in grain and heads: the tale of the Hollow Man, told, by the clerk's own not
CHANGE	eras/age_VI/book/16_of_the_cellar_at_muileann_chaol.md:41	the book of tellings	->	Leabhar nan Aithrisean	|	o name but the plain one: Leabhar nan Aithrisean, the book of tellings, and the long years of Ailean
CHANGE	eras/age_VI/book/16_of_the_cellar_at_muileann_chaol.md:41	the long years	->	na Bliadhnachan Fada	|	Leabhar nan Aithrisean, the book of tellings, and the long years of Ailean Mòr and his childre
CHANGE	eras/age_VI/book/16_of_the_cellar_at_muileann_chaol.md:41	the Hollow Man	->	Marbh-bheò	|	f Ailean Mòr and his children went into it beside the Hollow Man and the white stag, exactly a
CHANGE	eras/age_VI/book/16_of_the_cellar_at_muileann_chaol.md:41	(appositive)	->	Leabhar nan Aithrisean	|	dropped the English gloss beside Leabhar nan Aithrisean
CHANGE	eras/age_VI/book/16_of_the_cellar_at_muileann_chaol.md:51	the Library	->	an Leabharlann	|	n asked, not looking up from his copying, whether the Library meant to keep a copy of his c
CHANGE	eras/age_VI/book/16_of_the_cellar_at_muileann_chaol.md:53	the warm springs	->	Fuarain Theth Muileann ruadh	|	The bath-house at the warm springs below Muileann ruadh, built t
CHANGE	eras/age_VI/book/16_of_the_cellar_at_muileann_chaol.md:53	the Guild of Hewers	->	Comann nan Gualadairean	|	ngs below Muileann ruadh, built that same year by the Guild of Hewers out of its own funds for the 
CHANGE	eras/age_VI/book/16_of_the_cellar_at_muileann_chaol.md:53	the Library	->	an Leabharlann	|	 dust, sent a fair copy of its first sick-roll to the Library unasked, in the autumn, a lis
CHANGE	eras/age_VI/book/16_of_the_cellar_at_muileann_chaol.md:53	the Library	->	an Leabharlann	|	 meant, plainly, to be kept, had as much claim on the Library as either.
CHANGE	eras/age_VI/book/16_of_the_cellar_at_muileann_chaol.md:59	the Library	->	an Leabharlann	|	own had not waited to be asked what it thought of the Library. By the second summer there w
CHANGE	eras/age_VI/book/16_of_the_cellar_at_muileann_chaol.md:59	the Library's	->	an Leabharlann's	|	children in a loft, and said as much to Ailean at the Library's door, not unkindly, but in th
CHANGE	eras/age_VI/book/16_of_the_cellar_at_muileann_chaol.md:65	the Library's	->	an Leabharlann's	|	 the town fit to hold a market but the yard below the Library's own wall, which had been the 
CHANGE	eras/age_VI/book/16_of_the_cellar_at_muileann_chaol.md:65	the Library	->	an Leabharlann	|	and wrote each penny against each table in a hand the Library had taught him, in a book of 
CHANGE	eras/age_VI/book/16_of_the_cellar_at_muileann_chaol.md:65	a Library clerk	->	a clerk of an Leabharlann	|	hat the first account the market kept was kept in a Library clerk's hand and in the Library's o
CHANGE	eras/age_VI/book/16_of_the_cellar_at_muileann_chaol.md:65	the Library's	->	an Leabharlann's	|	et kept was kept in a Library clerk's hand and in the Library's own manner, dated and plain.
CHANGE	eras/age_VI/book/16_of_the_cellar_at_muileann_chaol.md:69	the Library	->	an Leabharlann	|	ting the pennies with him at the same table, that the Library had done more to fill the tow
CHANGE	eras/age_VI/book/16_of_the_cellar_at_muileann_chaol.md:69	the Library's	->	an Leabharlann's	|	 widow with a length of string. He wrote it so in the Library's own register, the first entry
CHANGE	eras/age_VI/book/16_of_the_cellar_at_muileann_chaol.md:73	the Library	->	an Leabharlann	|	The last matter the Library took in hand that summer came
CHANGE	eras/age_VI/book/16_of_the_cellar_at_muileann_chaol.md:81	the Library	->	an Leabharlann	|	e reading room above the cellar, the two books of the Library, the lines and the tellings, 
CHANGE	eras/age_VI/book/17_of_the_table_of_the_ages.md:7	the chronicle's	->	Eachdraidh na Rìoghachd's	|	> — Gormshuil nic Dhùghaill, the chronicle's first entry, {{date:V-0079}}
CHANGE	eras/age_VI/book/17_of_the_table_of_the_ages.md:13	the Library	->	an Leabharlann	|	arter came through, and that the yard belonged to the Library, which let it be used for not
CHANGE	eras/age_VI/book/17_of_the_table_of_the_ages.md:15	the Library's	->	an Leabharlann's	|	Ailean mac Iain met her at the Library's own door with ink on two fing
CHANGE	eras/age_VI/book/17_of_the_table_of_the_ages.md:25	the Library's	->	an Leabharlann's	|	sk: some thirty stalls set up on trestles between the Library's own wall and the lane, most o
CHANGE	eras/age_VI/book/17_of_the_table_of_the_ages.md:25	the court of the fair	->	Cùirt na Fèille	|	's boy in a wooden box he carried on a strap, and the court of the fair, such as it was, amounted to 
CHANGE	eras/age_VI/book/17_of_the_table_of_the_ages.md:29	the Library's keeper	->	Neach-gleidhidh an Leabharlainn	|	would bury them under, and that she for one hoped the Library's keeper never ran short of old rolls 
CHANGE	eras/age_VI/book/17_of_the_table_of_the_ages.md:29	the Library	->	an Leabharlann	|	Ailean noted in a letter, near enough every sheet the Library used came from that one strea
CHANGE	eras/age_VI/book/17_of_the_table_of_the_ages.md:37	the Library's	->	an Leabharlann's	|	's years should thereafter be counted by the ages the Library's own table now held rather tha
CHANGE	eras/age_VI/book/17_of_the_table_of_the_ages.md:37	the Severance Era	->	Linn an Dealachaidh	|	first year should be entered as the eighteenth of the Severance Era, the first year so written in
CHANGE	eras/age_VI/book/17_of_the_table_of_the_ages.md:39	the Library	->	an Leabharlann	|	eant to keep the record at Muileann chaol, beside the Library that already held the rolls s
CHANGE	eras/age_VI/book/17_of_the_table_of_the_ages.md:61	the Library's	->	an Leabharlann's	|	by the clerks' own account, near enough as old as the Library's own cellar had been wet, and 
CHANGE	eras/age_VI/book/18_of_the_raiders_bay.md:14	the Church's	->	An Eaglais's	|	wn buried what it had to bury within the week, in the Church's ground above the shingle, ele
CHANGE	eras/age_VI/book/18_of_the_raiders_bay.md:18	the Moot's house at Caol mhòr	->	Taigh an Tionail	|	Word of the wreck reached the Moot's house at Caol mhòr within the week, carried this
CHANGE	eras/age_VI/book/18_of_the_raiders_bay.md:18	the Moot	->	Tional nan Tuathach	|	s that year two-and-sixty and had been speaker of the Moot for seventeen of them, called
CHANGE	eras/age_VI/book/18_of_the_raiders_bay.md:18	the Moot's	->	Tional nan Tuathach's	|	e Moot for seventeen of them, called a meeting of the Moot's own council on a Tuesday even
CHANGE	eras/age_VI/book/18_of_the_raiders_bay.md:18	The Moot	->	Tional nan Tuathach	|	 not appear to be growing gentler with the years. The Moot voted, that same evening, to 
CHANGE	eras/age_VI/book/18_of_the_raiders_bay.md:20	The Moot's	->	Tional nan Tuathach's	|	The Moot's letter asking the council to 
CHANGE	eras/age_VI/book/18_of_the_raiders_bay.md:20	the Moot's	->	Tional nan Tuathach's	|	hs later, with the council's answer written under the Moot's own question in a clerk's han
CHANGE	eras/age_VI/book/18_of_the_raiders_bay.md:20	the Moot	->	Tional nan Tuathach	|	e year had brought. Hale read the answer aloud to the Moot without comment and without c
CHANGE	eras/age_VI/book/18_of_the_raiders_bay.md:20	the Moot	->	Tional nan Tuathach	|	emselves out on lesser matters than this one, and the Moot made up the remaining sum fro
CHANGE	eras/age_VI/book/18_of_the_raiders_bay.md:22	the Church	->	An Eaglais	|	ong since set and weathering. No priest of either the Church or the old Dia-thìreach faith
CHANGE	eras/age_VI/book/18_of_the_raiders_bay.md:26	the Sea-Watcher	->	Uilebheist na Mara	|	never at the same distance twice, that some named the Sea-Watcher and some would not name at al
CHANGE	eras/age_VI/book/18_of_the_raiders_bay.md:30	the Sea-Watcher	->	Uilebheist na Mara	|	ne looking for it, that some in the village named the Sea-Watcher and some would not name at al
CHANGE	eras/age_VI/book/18_of_the_raiders_bay.md:30	the flagless ships	->	Na Longan gun Bhratach	|	an afterthought, he told her something else, that the flagless ships which had worked those waters
CHANGE	eras/age_VI/book/18_of_the_raiders_bay.md:32	the chronicle	->	Eachdraidh na Rìoghachd	|	belonged in one book or two. She had by then kept the chronicle long enough to have settled, 
CHANGE	eras/age_VI/book/18_of_the_raiders_bay.md:38	the flagless ships	->	Na Longan gun Bhratach	|	ts harbour a shallow bay below the town wall that the flagless ships had by then worked for the be
CHANGE	eras/age_VI/book/18_of_the_raiders_bay.md:38	the flagless ships	->	Na Longan gun Bhratach	|	 begins, but she had lost, in the six years since the flagless ships first came, a nephew taken of
CHANGE	eras/age_VI/book/18_of_the_raiders_bay.md:46	The flagless ships	->	Na Longan gun Bhratach	|	The flagless ships came into Cathair gheal's bay
CHANGE	eras/age_VI/book/18_of_the_raiders_bay.md:54	the realm-coin	->	Bonn na Rìoghachd	|	given, and that the town was fined four purses of the realm-coin, to be paid at the maor's own
CHANGE	eras/age_VI/book/18_of_the_raiders_bay.md:56	the Moot's	->	Tional nan Tuathach's	|	 north, and Walter Hale, hearing it read aloud at the Moot's own table, said nothing for t
CHANGE	eras/age_VI/book/18_of_the_raiders_bay.md:56	the Moot	->	Tional nan Tuathach	|	mself within the fortnight, out of the same purse the Moot kept for such calls on it and
CHANGE	eras/age_VI/book/18_of_the_raiders_bay.md:60	the house of Mac Ùisdein	->	Taigh Mhic Ùisdein	|	r to the south that same season, at Cathair mhòr, the house of Mac Ùisdein raised a market cross at its 
CHANGE	eras/age_VI/book/18_of_the_raiders_bay.md:60	the house of Mac Ùisdein	->	Taigh Mhic Ùisdein	|	han the minute on the fine had, and named the sum the house of Mac Ùisdein had given a generous one. Mar
CHANGE	eras/age_VI/book/18_of_the_raiders_bay.md:60	the Moot's	->	Tional nan Tuathach's	|	heard the two minutes read one after the other at the Moot's own table and said only that 
CHANGE	eras/age_VI/book/18_of_the_raiders_bay.md:64	the Moot's	->	Tional nan Tuathach's	|	t interrupt the ordinary business of a house, and the Moot's own day-book, which had carri
CHANGE	eras/age_VI/book/18_of_the_raiders_bay.md:64	the Moot	->	Tional nan Tuathach	|	 by a second line in David's hand, below it, that the Moot did not sit that week.
CHANGE	eras/age_VI/book/18_of_the_raiders_bay.md:66	the Moot	->	Tional nan Tuathach	|	w Fenn had no boat; the sharing of the catch that the Moot afterward called its first wo
CHANGE	eras/age_VI/book/18_of_the_raiders_bay.md:66	the Moot's	->	Tional nan Tuathach's	|	d so at the time and more than once after, though the Moot's book, which was his, did not 
CHANGE	eras/age_VI/book/18_of_the_raiders_bay.md:66	the Moot	->	Tional nan Tuathach	|	d made him promise he would. She had never sat in the Moot. She had come to it most nigh
CHANGE	eras/age_VI/book/18_of_the_raiders_bay.md:68	the Moot's	->	Tional nan Tuathach's	|	drowning, Mary Coyle among them, and the whole of the Moot's council, who had not been ask
CHANGE	eras/age_VI/book/18_of_the_raiders_bay.md:68	the Moot's	->	Tional nan Tuathach's	|	e from her school at the net-store and David from the Moot's table, and Hale stood between
CHANGE	eras/age_VI/book/18_of_the_raiders_bay.md:68	the Moot's	->	Tional nan Tuathach's	|	ps twenty years before and had heard him speak at the Moot's table every week since, notic
CHANGE	eras/age_VI/book/18_of_the_raiders_bay.md:70	the Moot's	->	Tional nan Tuathach's	|	He went back to the Moot's chair at the next sitting, on
CHANGE	eras/age_VI/book/18_of_the_raiders_bay.md:72	the Moot	->	Tional nan Tuathach	|	eneath them, a line he did not copy into anything the Moot kept: that she had been right
CHANGE	eras/age_VI/book/18_of_the_raiders_bay.md:74	The Library	->	An Leabharlann	|	The Library knows of Ellen Hale what the 
CHANGE	eras/age_VI/book/18_of_the_raiders_bay.md:74	the Moot's	->	Tional nan Tuathach's	|	The Library knows of Ellen Hale what the Moot's day-book gives it and what th
CHANGE	eras/age_VI/book/19_of_the_fair_at_muileann_og.md:14	the Stone	->	Lia Fàil	|	There had been a house of the Stone at Caol leathan since before 
CHANGE	eras/age_VI/book/19_of_the_fair_at_muileann_og.md:14	the Stone's	->	Òrd na Cloiche's	|	n it and nothing of the state's arms either, only the Stone's own mark cut plain over the d
CHANGE	eras/age_VI/book/19_of_the_fair_at_muileann_og.md:16	The Library	->	An Leabharlann	|	The Library, setting the fact down some y
CHANGE	eras/age_VI/book/19_of_the_fair_at_muileann_og.md:22	the Stone King	->	Rìghrean na Cloiche	|	 ford by Muileann òg, the old meeting-place where the Stone King Raghnall Ceannfhionn was said
CHANGE	eras/age_VI/book/19_of_the_fair_at_muileann_og.md:22	the Red Hill	->	An Cnoc Ruadh	|	d to have traded salt for wool with the holder of the Red Hill in an age no living clerk cou
CHANGE	eras/age_VI/book/19_of_the_fair_at_muileann_og.md:22	the Severance	->	An Dealachadh	|	his size held anywhere on the island since before the Severance for anyone to learn the answe
CHANGE	eras/age_VI/book/19_of_the_fair_at_muileann_og.md:32	the realm-coin	->	Bonn na Rìoghachd	|	a rule dressed finer: a stall-fee of one penny in the realm-coin for every ell of frontage tak
CHANGE	eras/age_VI/book/19_of_the_fair_at_muileann_og.md:34	the fair's factors	->	Bàillidhean na Fèille	|	ng asked to give it one: *Bàillidhean na Fèille*, the fair's factors, a name that has stood in eve
CHANGE	eras/age_VI/book/19_of_the_fair_at_muileann_og.md:40	the court of the fair	->	Cùirt na Fèille	|	d ever remember the case itself. It was the first the court of the fair had heard, and Oighrig wrote 
CHANGE	eras/age_VI/book/19_of_the_fair_at_muileann_og.md:46	the Sloc Mòr's	->	An Sloc Mòr's	|	 the state held, wool from the western shires and the Sloc Mòr's coal from the east and cloth 
CHANGE	eras/age_VI/book/19_of_the_fair_at_muileann_og.md:50	the Moot's	->	Tional nan Tuathach's	|	 province the state held ought to draw trade from the Moot's provinces too, there having b
CHANGE	eras/age_VI/book/19_of_the_fair_at_muileann_og.md:50	the Moot's	->	Tional nan Tuathach's	|	, there having been no word sent north, so far as the Moot's own minute-book showed, that 
CHANGE	eras/age_VI/book/19_of_the_fair_at_muileann_og.md:54	the Moot's	->	Tional nan Tuathach's	|	wool would have brought sold direct at any market the Moot's own provinces kept. He did no
CHANGE	eras/age_VI/book/19_of_the_fair_at_muileann_og.md:54	the Moot's	->	Tional nan Tuathach's	|	was some years before another cart came down from the Moot's provinces to try the gate a s
CHANGE	eras/age_VI/book/19_of_the_fair_at_muileann_og.md:56	the Moot's	->	Tional nan Tuathach's	|	sked to justify. Walter Hale, who had by then sat the Moot's chair the better part of twen
CHANGE	eras/age_VI/book/19_of_the_fair_at_muileann_og.md:56	the Moot	->	Tional nan Tuathach	|	ummer's wool, and worth remembering the next time the Moot sat down to write a letter ab
CHANGE	eras/age_VI/book/19_of_the_fair_at_muileann_og.md:62	The Moot's	->	Tional nan Tuathach's	|	The Moot's letter reached Cathair dhearg
CHANGE	eras/age_VI/book/19_of_the_fair_at_muileann_og.md:62	the Moot	->	Tional nan Tuathach	|	nd, and it named the factor rule plainly for what the Moot judged it to be: a state lice
CHANGE	eras/age_VI/book/19_of_the_fair_at_muileann_og.md:62	the Severance	->	An Dealachadh	|	ade the north had carried on unaided since before the Severance, and a fifth part of every no
CHANGE	eras/age_VI/book/19_of_the_fair_at_muileann_og.md:62	the Moot's	->	Tional nan Tuathach's	|	er was filed at Cathair dhearg in the same box as the Moot's earlier letters, on the same 
CHANGE	eras/age_VI/book/19_of_the_fair_at_muileann_og.md:64	the Moot's	->	Tional nan Tuathach's	|	Oighrig herself never saw the Moot's letter, the council having no
CHANGE	eras/age_VI/book/20_of_the_way_niall_came.md:14	the Library	->	an Leabharlann	|	That much the Library set down without difficulty: 
CHANGE	eras/age_VI/book/20_of_the_way_niall_came.md:14	the Library	->	an Leabharlann	|	 was raised against it. Those were the facts, and the Library has never had more of them to
CHANGE	eras/age_VI/book/20_of_the_way_niall_came.md:14	The chronicle	->	Eachdraidh na Rìoghachd	|	them left an account that reached Muileann chaol. The chronicle does not guess at what it was
CHANGE	eras/age_VI/book/20_of_the_way_niall_came.md:18	The council of twelve	->	Comhairle na Rìoghachd	|	The council of twelve sat within the week, as its m
CHANGE	eras/age_VI/book/20_of_the_way_niall_came.md:20	the Severance	->	An Dealachadh	|	 had hung in the tower of Òrd Mhacha since before the Severance, cast by hands nobody now liv
CHANGE	eras/age_VI/book/20_of_the_way_niall_came.md:20	the Library	->	an Leabharlann	|	watch ended, so that no count of it survives, and the Library has none to give.
CHANGE	eras/age_VI/book/20_of_the_way_niall_came.md:28	the Library's	->	an Leabharlann's	|	eann chaol the chronicler kept a small room above the Library's reading-hall, with one window
CHANGE	eras/age_VI/book/20_of_the_way_niall_came.md:30	the Library	->	an Leabharlann	|	uter door for anything that came while she was at the Library proper, sorting the boxed rol
CHANGE	eras/age_VI/book/20_of_the_way_niall_came.md:42	the chronicle's	->	Eachdraidh na Rìoghachd's	|	It sat oddly with the chronicle's language, a line out of a deb
CHANGE	eras/age_VI/book/20_of_the_way_niall_came.md:56	the Crown	->	An Crùn	|	East along the coast, past the last of the shires the Crown troubled to garrison closely,
CHANGE	eras/age_VI/book/20_of_the_way_niall_came.md:58	The chronicle	->	Eachdraidh na Rìoghachd	|	The chronicle required nothing of her here;
CHANGE	eras/age_VI/book/20_of_the_way_niall_came.md:66	the Library	->	an Leabharlann	|	terward at the door and asked her plainly whether the Library kept such lists as his houses
CHANGE	eras/age_VI/book/20_of_the_way_niall_came.md:66	the Library	->	an Leabharlann	|	d him, as plainly, that it did not, not yet, that the Library kept what came to it and aske
CHANGE	eras/age_VI/book/20_of_the_way_niall_came.md:68	the Library	->	an Leabharlann	|	"And if we do not send it," he said, "will the Library go looking for it?"
CHANGE	eras/age_VI/book/20_of_the_way_niall_came.md:80	the Crown's	->	An Crùn's	|	build a light to stand on the end of it, and that the Crown's five lights had never once be
CHANGE	eras/age_VI/book/20_of_the_way_niall_came.md:82	the Crown	->	An Crùn	|	 the town's own arrangement, being no charge upon the Crown, might continue exactly as it
CHANGE	eras/age_VI/book/20_of_the_way_niall_came.md:88	the fair at Muileann òg	->	Fèill Muileann òg	|	At {{place:burg:22}}, two summers after the fair at Muileann òg had proved that the whole isl
CHANGE	eras/age_VI/book/20_of_the_way_niall_came.md:88	the Library	->	an Leabharlann	|	ent down did not get up swinging; someone, nobody the Library can now name with certainty, 
CHANGE	eras/age_VI/book/20_of_the_way_niall_came.md:90	the Còmhrag	->	Còmhrag Ceann leathan	|	ght on {{date:V-0096}}, and they called it simply the Còmhrag, the melee; it drew men from 
CHANGE	eras/age_VI/book/20_of_the_way_niall_came.md:90	the melee	->	Còmhrag Ceann leathan	|	:V-0096}}, and they called it simply the Còmhrag, the melee; it drew men from every vein-
CHANGE	eras/age_VI/book/20_of_the_way_niall_came.md:90	(appositive)	->	Còmhrag Ceann leathan	|	dropped the English gloss beside Còmhrag Ceann leathan
CHANGE	eras/age_VI/book/20_of_the_way_niall_came.md:92	the Còmhrag	->	Còmhrag Ceann leathan	|	ce grazed the fair's own horses, and by midday of the Còmhrag it held more people standing 
CHANGE	eras/age_VI/book/20_of_the_way_niall_came.md:94	The Library's	->	An Leabharlann's	|	en did not walk out of the ropes that first year. The Library's own words for it, entered by 
CHANGE	eras/age_VI/book/20_of_the_way_niall_came.md:94	the melee	->	Còmhrag Ceann leathan	|	were buried at Ceann leathan within the week, and the melee was fought again the followin
CHANGE	eras/age_VI/book/20_of_the_way_niall_came.md:94	the chronicle	->	Eachdraidh na Rìoghachd	|	, years afterward, by a visiting scholar, whether the chronicle ought not to have said more o
CHANGE	eras/age_VI/book/20_of_the_way_niall_came.md:100	the Còmhrag	->	Còmhrag Ceann leathan	|	ilt new houses that year purely to hold the crowd the Còmhrag brought, kept his table free 
CHANGE	eras/age_VI/book/20_of_the_way_niall_came.md:102	the coal road	->	Rathad na Mèinne	|	he shire clerk's paper folded inside it, and took the coal road north toward Muileann chrom o
CHANGE	eras/age_VI/book/20_of_the_way_niall_came.md:102	the Còmhrag's	->	Còmhrag Ceann leathan's	|	him but two flattened circles of grass and a debt the Còmhrag's keepers would spend the winte
CHANGE	eras/age_VI/book/21_of_the_sea-feast_turned_away.md:7	the Moot at Caol mhòr	->	Tional nan Tuathach	|	> — a motion of the Moot at Caol mhòr, {{date:V-0099}}, entire, as 
CHANGE	eras/age_VI/book/21_of_the_sea-feast_turned_away.md:7	the Library	->	an Leabharlann	|	he Moot at Caol mhòr, {{date:V-0099}}, entire, as the Library renders it
CHANGE	eras/age_VI/book/21_of_the_sea-feast_turned_away.md:11	the fair at Muileann òg	->	Fèill Muileann òg	|	In these years the fair at Muileann òg was not the only place the sh
CHANGE	eras/age_VI/book/21_of_the_sea-feast_turned_away.md:11	the Hawk country	->	Oirthir an t-Seabhaig	|	ough to take three grain-ships lying abreast, for the Hawk country sent its barley and its oats 
CHANGE	eras/age_VI/book/21_of_the_sea-feast_turned_away.md:11	The Hawk houses	->	Òrd an t-Seabhaig	|	o longer but by water, and the water paid better. The Hawk houses came down from Cnoc bheag to 
CHANGE	eras/age_VI/book/21_of_the_sea-feast_turned_away.md:11	the Hawk's	->	Òrd an t-Seabhaig's	|	s day the clerks of Ros gheal call the due simply the Hawk's, and few of them could now sa
CHANGE	eras/age_VI/book/21_of_the_sea-feast_turned_away.md:17	the Library	->	an Leabharlann	|	These are the things the Library keeps of that year in the sou
CHANGE	eras/age_VI/book/21_of_the_sea-feast_turned_away.md:17	the realm-coin	->	Bonn na Rìoghachd	|	ad that the show had taken a good many pennies of the realm-coin from Seann Chwen in one night
CHANGE	eras/age_VI/book/21_of_the_sea-feast_turned_away.md:23	The Moot's house at Caol mhòr	->	Taigh an Tionail	|	The Moot's house at Caol mhòr had one door, low enough that
CHANGE	eras/age_VI/book/21_of_the_sea-feast_turned_away.md:25	the Moot	->	Tional nan Tuathach	|	mself to know when an hour was up. He had chaired the Moot since before most of the room
CHANGE	eras/age_VI/book/21_of_the_sea-feast_turned_away.md:27	the Moot	->	Tional nan Tuathach	|	Mary Coyle had come to every sitting of the Moot since the westerly took her h
CHANGE	eras/age_VI/book/21_of_the_sea-feast_turned_away.md:29	the Moot	->	Tional nan Tuathach	|	That night the matter before the Moot was the grain-ships. Ros ghea
CHANGE	eras/age_VI/book/21_of_the_sea-feast_turned_away.md:29	the Hawk houses	->	Òrd an t-Seabhaig	|	in-ships. Ros gheal had agreed its twentieth with the Hawk houses, and the northern boats that 
CHANGE	eras/age_VI/book/21_of_the_sea-feast_turned_away.md:29	the Moot's	->	Tional nan Tuathach's	|	ay the same twentieth on what they landed, out of the Moot's common harbour purse; and tha
CHANGE	eras/age_VI/book/21_of_the_sea-feast_turned_away.md:29	a Moot clerk	->	a clerk of Tional nan Tuathach	|	in was already gone. The man reading the account, a Moot clerk named for the evening only, r
CHANGE	eras/age_VI/book/21_of_the_sea-feast_turned_away.md:43	the Moot's	->	Tional nan Tuathach's	|	vid Hale, the old man's son, kept the day-book at the Moot's elbow, and he wrote down what
CHANGE	eras/age_VI/book/21_of_the_sea-feast_turned_away.md:45	the Moot	->	Tional nan Tuathach	|	that the widows of the drowned should be heard in the Moot on the same footing as any ma
CHANGE	eras/age_VI/book/21_of_the_sea-feast_turned_away.md:45	the Moot	->	Tional nan Tuathach	|	for one night only, and old Hale, who had chaired the Moot longer than either woman had 
CHANGE	eras/age_VI/book/21_of_the_sea-feast_turned_away.md:53	the Crossing	->	An t-Aiseag	|	hìrich of those harbours in the first years after the Crossing, when the harbours still took
CHANGE	eras/age_VI/book/21_of_the_sea-feast_turned_away.md:59	Manannan's order	->	Òrd Mhanannain	|	the older crews, bore Hale out: that the house of Manannan's order at Seann Bhral in the west wa
CHANGE	eras/age_VI/book/21_of_the_sea-feast_turned_away.md:59	the Crossing	->	An t-Aiseag	|	 at its feast of the sea, in the years just after the Crossing, before the island had settle
CHANGE	eras/age_VI/book/21_of_the_sea-feast_turned_away.md:61	the Moot	->	Tional nan Tuathach	|	She put it to the Moot in an t-Iuchar: that a fleet 
CHANGE	eras/age_VI/book/21_of_the_sea-feast_turned_away.md:61	The Moot	->	Tional nan Tuathach	|	ple's memory said they were owed the right to do. The Moot argued it two full sittings b
CHANGE	eras/age_VI/book/21_of_the_sea-feast_turned_away.md:61	the Moot	->	Tional nan Tuathach	|	only that a certainty was not what she was asking the Moot to send her after, and that s
CHANGE	eras/age_VI/book/21_of_the_sea-feast_turned_away.md:61	the Moot	->	Tional nan Tuathach	|	hatever the vote, with whoever chose to come, and the Moot, having heard that, voted to 
CHANGE	eras/age_VI/book/21_of_the_sea-feast_turned_away.md:63	the Moot's	->	Tional nan Tuathach's	|	m of Mary Coyle's own boat, the folded sheet from the Moot's day-book that named her the o
CHANGE	eras/age_VI/book/21_of_the_sea-feast_turned_away.md:65	the Crossing	->	An t-Aiseag	|	em, as the north measured every hardship, against the Crossing itself, which none of them re
CHANGE	eras/age_VI/book/21_of_the_sea-feast_turned_away.md:69	Manannan's order	->	Òrd Mhanannain	|	 away from the fishing fleet proper. The house of Manannan's order stood above the harbour on it
CHANGE	eras/age_VI/book/21_of_the_sea-feast_turned_away.md:73	the Crossing	->	An t-Aiseag	|	 sea at this house once, in the first years after the Crossing, before ever there was a king
CHANGE	eras/age_VI/book/21_of_the_sea-feast_turned_away.md:83	the Library	->	an Leabharlann	|	n past dark, and one woman among them, whose name the Library has not kept, came down to th
CHANGE	eras/age_VI/book/21_of_the_sea-feast_turned_away.md:97	The Library	->	An Leabharlann	|	The Library keeps this much of what follo
CHANGE	eras/age_VI/book/21_of_the_sea-feast_turned_away.md:97	the Library	->	an Leabharlann	|	se on the west coast ever heard how it had grown, the Library does not know, and has found 
CHANGE	eras/age_VI/book/22_of_iain_mapas_survey.md:5	the Sloc Mòr	->	An Sloc Mòr	|	idh, called Iain Mapa, one survey of the faces of the Sloc Mòr, rolled and tied, this day. F
CHANGE	eras/age_VI/book/22_of_iain_mapas_survey.md:7	the Mine Board's	->	Comhairle nam Mèinnean's	|	> — the Mine Board's receipt, {{date:V-0106}}, ent
CHANGE	eras/age_VI/book/22_of_iain_mapas_survey.md:7	the Library	->	an Leabharlann	|	Mine Board's receipt, {{date:V-0106}}, entire, as the Library renders it
CHANGE	eras/age_VI/book/22_of_iain_mapas_survey.md:11	the Sloc Mòr	->	An Sloc Mòr	|	ard's later reckoning, and he had come up through the Sloc Mòr the slow way, gallery by gall
CHANGE	eras/age_VI/book/22_of_iain_mapas_survey.md:15	the Mine Board	->	Comhairle nam Mèinnean	|	e let himself believe it, because a man who tells the Mine Board a thing it does not want to h
CHANGE	eras/age_VI/book/22_of_iain_mapas_survey.md:17	the Sloc Mòr	->	An Sloc Mòr	|	se, and carried himself the thirty-one miles from the Sloc Mòr to Cathair dhearg rather than
CHANGE	eras/age_VI/book/22_of_iain_mapas_survey.md:19	the Sloc Mòr	->	An Sloc Mòr	|	He had told no one at the Sloc Mòr what the figures showed, not 
CHANGE	eras/age_VI/book/22_of_iain_mapas_survey.md:23	the Sloc Mòr concession	->	Cead an t-Sluic Mhòir	|	athair dhearg, the same rooms it had sat in since the Sloc Mòr concession was first granted, with a sin
CHANGE	eras/age_VI/book/22_of_iain_mapas_survey.md:41	the Sloc Mòr	->	An Sloc Mòr	|	idh, called Iain Mapa, one survey of the faces of the Sloc Mòr, rolled and tied, this day. F
CHANGE	eras/age_VI/book/22_of_iain_mapas_survey.md:45	the Library	->	an Leabharlann	|	 on the table when he left it, and by the account the Library keeps of that room's business
CHANGE	eras/age_VI/book/22_of_iain_mapas_survey.md:51	The Library at Muileann chaol	->	Leabharlann Muileann chaol	|	The Library at Muileann chaol tells the rest of that year i
CHANGE	eras/age_VI/book/22_of_iain_mapas_survey.md:53	The Mine Board	->	Comhairle nam Mèinnean	|	The Mine Board had sat at Cathair dhearg sin
CHANGE	eras/age_VI/book/22_of_iain_mapas_survey.md:53	the Sloc Mòr concession	->	Cead an t-Sluic Mhòir	|	The Mine Board had sat at Cathair dhearg since the Sloc Mòr concession was first cut, close by the c
CHANGE	eras/age_VI/book/22_of_iain_mapas_survey.md:53	the Library	->	an Leabharlann	|	ne had done well enough for the years before, and the Library, which asked the question of 
CHANGE	eras/age_VI/book/22_of_iain_mapas_survey.md:55	the Library at Muileann chaol	->	Leabharlann Muileann chaol	|	oard's own presses, and were not to be sent on to the Library at Muileann chaol as the reports of other offic
CHANGE	eras/age_VI/book/22_of_iain_mapas_survey.md:57	The Library	->	An Leabharlann	|	The Library, setting this down at the age
CHANGE	eras/age_VI/book/22_of_iain_mapas_survey.md:57	the Sloc Mòr's	->	An Sloc Mòr's	|	ear it was at last broken, the Board's surveys of the Sloc Mòr's faces went nowhere but into t
CHANGE	eras/age_VI/book/22_of_iain_mapas_survey.md:59	the fair at Muileann òg	->	Fèill Muileann òg	|	he council in those years had grain and roads and the fair at Muileann òg to occupy them, and little pa
CHANGE	eras/age_VI/book/22_of_iain_mapas_survey.md:63	the Library	->	an Leabharlann	|	re but where she stood. It was a small thing, and the Library sets it down chiefly because 
CHANGE	eras/age_VI/book/22_of_iain_mapas_survey.md:65	the vigil of the Grey Night	->	Oidhche Glaise	|	vigil-keeper Hannah Crane had for some years kept the vigil of the Grey Night in the open, on the headland 
CHANGE	eras/age_VI/book/22_of_iain_mapas_survey.md:65	the Moot at Caol mhòr	->	Tional nan Tuathach	|	e fine went south with the wool carts and reached the Moot at Caol mhòr before the summer was out. Th
CHANGE	eras/age_VI/book/22_of_iain_mapas_survey.md:65	The Moot	->	Tional nan Tuathach	|	 the Moot at Caol mhòr before the summer was out. The Moot, which had by then grown used
CHANGE	eras/age_VI/book/22_of_iain_mapas_survey.md:65	the Moot	->	Tional nan Tuathach	|	ing to anyone was not, in his judgement, a threat the Moot need trouble itself to agree 
CHANGE	eras/age_VI/book/22_of_iain_mapas_survey.md:67	The Library	->	An Leabharlann	|	Outsiders were still not told which night it was. The Library, which has asked, is not told
CHANGE	eras/age_VI/book/22_of_iain_mapas_survey.md:71	the Great Wave	->	Tonn Mhòr Cnoc chaol	|	Far to the south, on the coast the Great Wave had scoured clean a generatio
CHANGE	eras/age_VI/book/22_of_iain_mapas_survey.md:73	the boat of the field	->	Bàta an Achaidh	|	e fishermen of Cuan dhearg came to call it simply the boat of the field, and told strangers, if they 
CHANGE	eras/age_VI/book/22_of_iain_mapas_survey.md:77	the Sloc Mòr	->	An Sloc Mòr	|	he found the silver works a smaller business than the Sloc Mòr and a stranger one, the veins
CHANGE	eras/age_VI/book/22_of_iain_mapas_survey.md:77	the Sloc Mòr	->	An Sloc Mòr	|	lans, much as he had been set to the same work at the Sloc Mòr, and the overseer who took hi
CHANGE	eras/age_VI/book/22_of_iain_mapas_survey.md:79	the Sloc Mòr	->	An Sloc Mòr	|	than merely measured, in a manner the coal men at the Sloc Mòr would have thought soft. He d
CHANGE	eras/age_VI/book/22_of_iain_mapas_survey.md:81	the Sloc Mòr	->	An Sloc Mòr	|	me to him the following summer, forwarded on from the Sloc Mòr by a clerk who thought he mig
CHANGE	eras/age_VI/book/22_of_iain_mapas_survey.md:81	the Sloc Mòr	->	An Sloc Mòr	|	ries had been given up yet, since the overseer at the Sloc Mòr had begun talking of opening 
CHANGE	eras/age_VI/book/22_of_iain_mapas_survey.md:83	the Sloc Mòr	->	An Sloc Mòr	|	en moved on so quickly from a working as large as the Sloc Mòr to one so much smaller, none 
CHANGE	eras/age_VI/book/23_of_the_bare_entry.md:9	the Great Wave's	->	Tonn Mhòr Cnoc chaol's	|	ng since rained out of ground that had lain under the Great Wave's tide-mark for a generation, a
CHANGE	eras/age_VI/book/23_of_the_bare_entry.md:11	the chronicle	->	Eachdraidh na Rìoghachd	|	t only the day the fields were sown. It went into the chronicle between a drought at Baile ch
CHANGE	eras/age_VI/book/23_of_the_bare_entry.md:13	the chronicle's	->	Eachdraidh na Rìoghachd's	|	easurer at all. Gormshuil kept that detail out of the chronicle's own entry, which had no room 
CHANGE	eras/age_VI/book/23_of_the_bare_entry.md:15	the chronicle	->	Eachdraidh na Rìoghachd	|	 would be hurt by a torn seal. Gormshuil had kept the chronicle ten years by then and knew th
CHANGE	eras/age_VI/book/23_of_the_bare_entry.md:29	the chronicle	->	Eachdraidh na Rìoghachd	|	h and a king's crowning together, the same length the chronicle would have given a lesser suc
CHANGE	eras/age_VI/book/23_of_the_bare_entry.md:31	the chronicle	->	Eachdraidh na Rìoghachd	|	She knew, setting it into the chronicle the next morning in her own c
CHANGE	eras/age_VI/book/23_of_the_bare_entry.md:35	the chronicle's	->	Eachdraidh na Rìoghachd's	|	er in its own minutes if it chooses to. It is not the chronicle's business to tell a reader wha
CHANGE	eras/age_VI/book/23_of_the_bare_entry.md:41	the chronicle's	->	Eachdraidh na Rìoghachd's	|	ted her well enough, since dwelling on it was not the chronicle's office to begin with.
CHANGE	eras/age_VI/book/23_of_the_bare_entry.md:47	the chronicle	->	Eachdraidh na Rìoghachd	|	to his own lands, and his name does not appear in the chronicle again for some years. A separ
CHANGE	eras/age_VI/book/23_of_the_bare_entry.md:47	Old Spirits	->	Na Seann Spioradan	|	t on, told that she kept a house of her own kin's Old Spirits faith with more attention tha
CHANGE	eras/age_VI/book/23_of_the_bare_entry.md:53	the chronicle	->	Eachdraidh na Rìoghachd	|	y ought to, and knew of no way, within the office the chronicle gave her, to mark the differe
CHANGE	eras/age_VI/book/23_of_the_bare_entry.md:57	the chronicle	->	Eachdraidh na Rìoghachd	|	kingdom did not stop for its own hard season, and the chronicle, she told Tormod when he aske
CHANGE	eras/age_VI/book/23_of_the_bare_entry.md:59	the chronicle's	->	Eachdraidh na Rìoghachd's	|	the asking, which was the maor's business and not the chronicle's; she noted, because it was th
CHANGE	eras/age_VI/book/23_of_the_bare_entry.md:61	the Stone	->	Òrd na Cloiche	|	nd entirely. It told of a wedding at the house of the Stone there, the harbour-master's d
CHANGE	eras/age_VI/book/23_of_the_bare_entry.md:61	the Stone's	->	Òrd na Cloiche's	|	a clerk of the order's own counting-room, kept by the Stone's rite at the Stone's door, and
CHANGE	eras/age_VI/book/23_of_the_bare_entry.md:61	the Stone's	->	Òrd na Cloiche's	|	's own counting-room, kept by the Stone's rite at the Stone's door, and set down by the har
CHANGE	eras/age_VI/book/23_of_the_bare_entry.md:61	the Library	->	an Leabharlann	|	 tide to stand on the quay for it, and he thought the Library might care to know what a har
CHANGE	eras/age_VI/book/23_of_the_bare_entry.md:61	the chronicle	->	Eachdraidh na Rìoghachd	|	ered it as a small thing, one line, and it sat in the chronicle a little below the drought at
CHANGE	eras/age_VI/book/23_of_the_bare_entry.md:63	the chronicle	->	Eachdraidh na Rìoghachd	|	 its own words, and she let the citation stand in the chronicle whole, since it seemed to her
CHANGE	eras/age_VI/book/23_of_the_bare_entry.md:65	the Mine Board	->	Comhairle nam Mèinnean	|	The last return of the year came from the Mine Board at Cathair mhòr, and it was t
CHANGE	eras/age_VI/book/23_of_the_bare_entry.md:65	the Sloc Mòr's	->	An Sloc Mòr's	|	had yet received from that office, a statement of the Sloc Mòr's yield for the twelvemonth giv
CHANGE	eras/age_VI/book/23_of_the_bare_entry.md:65	the chronicle	->	Eachdraidh na Rìoghachd	|	ent one because the Board chose what it sent, and the chronicle had two because the chronicle
CHANGE	eras/age_VI/book/23_of_the_bare_entry.md:65	the chronicle	->	Eachdraidh na Rìoghachd	|	e what it sent, and the chronicle had two because the chronicle had kept the other; and that 
CHANGE	eras/age_VI/book/23_of_the_bare_entry.md:65	the chronicle	->	Eachdraidh na Rìoghachd	|	ed, the reader would have to ask the Board, since the chronicle had not been told.
CHANGE	eras/age_VI/book/23_of_the_bare_entry.md:73	the Library	->	an Leabharlann	|	er did. It carried, by every account that reached the Library after, further up and down th
CHANGE	eras/age_VI/book/23_of_the_bare_entry.md:75	the chronicle	->	Eachdraidh na Rìoghachd	|	 the north that same spring a child was born whom the chronicle of that year does not mention
CHANGE	eras/age_VI/book/23_of_the_bare_entry.md:75	the Severance	->	An Dealachadh	|	ot have: Dubhan, born mortal into the confinement the Severance had made, decades after the w
CHANGE	eras/age_VI/book/23_of_the_bare_entry.md:77	the Moot at Caol mhòr	->	Tional nan Tuathach	|	weeks before the summer's warmest days, came from the Moot at Caol mhòr, over Walter Hale's own hand,
CHANGE	eras/age_VI/book/23_of_the_bare_entry.md:77	the Moot's	->	Tional nan Tuathach's	|	second number that the letter itself called worth the Moot's separate notice: three of the
CHANGE	eras/age_VI/book/23_of_the_bare_entry.md:77	the Moot's	->	Tional nan Tuathach's	|	e of Dia-thìris alongside the humans' letters and the Moot's own minutes. No order from th
CHANGE	eras/age_VI/book/23_of_the_bare_entry.md:79	the chronicle	->	Eachdraidh na Rìoghachd	|	 eleven schools and the three among them stand in the chronicle in something near Hale's own 
CHANGE	eras/age_VI/book/23_of_the_bare_entry.md:81	the chronicle	->	Eachdraidh na Rìoghachd	|	three of the eleven now teach both.* It went into the chronicle exactly as Hale had written i
CHANGE	eras/age_VI/book/24_of_walls_under_the_ground.md:5	the Old Ones	->	Seann-Dhaoine	|	s, and no writing on them anywhere. Entered as of the Old Ones, purpose unknown.
CHANGE	eras/age_VI/book/24_of_walls_under_the_ground.md:7	the Library's	->	An Leabharlann's	|	> — the Library's register of finds, {{date:V-0
CHANGE	eras/age_VI/book/24_of_walls_under_the_ground.md:11	The house of Mac Ùisdein	->	Taigh Mhic Ùisdein	|	The house of Mac Ùisdein had been building in stone th
CHANGE	eras/age_VI/book/24_of_walls_under_the_ground.md:11	the Sloc Mòr's	->	An Sloc Mòr's	|	the stone that came up broken and unsellable from the Sloc Mòr's own galleries, cart-load on c
CHANGE	eras/age_VI/book/24_of_walls_under_the_ground.md:11	The Guild of Hewers	->	Comann nan Gualadairean	|	ing to a gallery that ran the width of the house. The Guild of Hewers held its feast there the week
CHANGE	eras/age_VI/book/24_of_walls_under_the_ground.md:11	the Sloc Mòr's	->	An Sloc Mòr's	|	tern but his own fancy, and men who had gone down the Sloc Mòr's shafts for twenty years sat u
CHANGE	eras/age_VI/book/24_of_walls_under_the_ground.md:13	the Library's	->	an Leabharlann's	|	t after, from Mòrag nic Coinnich, who had gone as the Library's own witness because somebody 
CHANGE	eras/age_VI/book/24_of_walls_under_the_ground.md:13	the Library	->	an Leabharlann	|	haol always went to a thing of that size, whether the Library thought it worth the going or
CHANGE	eras/age_VI/book/24_of_walls_under_the_ground.md:17	the Moot's	->	Tional nan Tuathach's	|	s on the walk home, by every account that reached the Moot's own minutes at Caol mhòr that
CHANGE	eras/age_VI/book/24_of_walls_under_the_ground.md:17	the Moot	->	Tional nan Tuathach	|	 Moot's own minutes at Caol mhòr that summer, but the Moot entered the day and the name 
CHANGE	eras/age_VI/book/24_of_walls_under_the_ground.md:19	the Severance	->	An Dealachadh	|	 new harbour raised anywhere in the kingdom since the Severance without a coin of the Crown's
CHANGE	eras/age_VI/book/24_of_walls_under_the_ground.md:19	the Crown's	->	An Crùn's	|	the kingdom since the Severance without a coin of the Crown's in it. The house of the Stone
CHANGE	eras/age_VI/book/24_of_walls_under_the_ground.md:19	the Stone	->	Òrd na Cloiche	|	without a coin of the Crown's in it. The house of the Stone at Doire shean lent the money
CHANGE	eras/age_VI/book/24_of_walls_under_the_ground.md:19	the Stone's	->	Òrd na Cloiche's	|	earg, and the masons who built the mole worked to the Stone's own measure rather than the C
CHANGE	eras/age_VI/book/24_of_walls_under_the_ground.md:19	the Crown's	->	An Crùn's	|	ole worked to the Stone's own measure rather than the Crown's, a fact the harbour-master no
CHANGE	eras/age_VI/book/24_of_walls_under_the_ground.md:19	the Stone	->	Òrd na Cloiche	|	r-dues it would take the town to owe the house of the Stone rather less than it had first
CHANGE	eras/age_VI/book/24_of_walls_under_the_ground.md:21	the Library	->	an Leabharlann	|	lls that housed the supper. The mason wrote it to the Library without complaint, only as a 
CHANGE	eras/age_VI/book/24_of_walls_under_the_ground.md:27	the Library	->	an Leabharlann	|	 a foreman named Cailean who had cut trenches for the Library at three sites before this on
CHANGE	eras/age_VI/book/24_of_walls_under_the_ground.md:31	the Library	->	an Leabharlann	|	 face in a manner Ailean had not seen in any ruin the Library held a record of, the stone f
CHANGE	eras/age_VI/book/24_of_walls_under_the_ground.md:37	the Library's	->	an Leabharlann's	|	r to carry back to Muileann chaol and set down in the Library's own hand. No writing. No imag
CHANGE	eras/age_VI/book/24_of_walls_under_the_ground.md:39	the Old Ones	->	Seann-Dhaoine	|	 known to us, and no writing on them anywhere. Of the Old Ones, purpose unknown.* He read it
CHANGE	eras/age_VI/book/24_of_walls_under_the_ground.md:45	the Library	->	an Leabharlann	|	ard by the same letters that had reached him that the Library meant to open the ground, and
CHANGE	eras/age_VI/book/24_of_walls_under_the_ground.md:47	the Library	->	an Leabharlann	|	 ground under it chooses, and we have never asked the Library to prop up a wall it has no b
CHANGE	eras/age_VI/book/24_of_walls_under_the_ground.md:57	the Library's	->	an Leabharlann's	|	setting down, in a hand as careful as any he gave the Library's own registers, the line of th
CHANGE	eras/age_VI/book/24_of_walls_under_the_ground.md:61	the Library	->	an Leabharlann	|	had stood in open pasture since before any record the Library held began, cattle rubbing th
CHANGE	eras/age_VI/book/24_of_walls_under_the_ground.md:63	the Library's	->	an Leabharlann's	|	an named Ùna who had trained under him at copying the Library's oldest and most damaged leave
CHANGE	eras/age_VI/book/24_of_walls_under_the_ground.md:65	the Library's	->	an Leabharlann's	|	Muileann chaol Ailean set it against every script the Library's own shelves held a record of 
CHANGE	eras/age_VI/book/24_of_walls_under_the_ground.md:69	the Library	->	an Leabharlann	|	 not his own finding, brought to him only because the Library kept the copies of everything
CHANGE	eras/age_VI/book/24_of_walls_under_the_ground.md:71	the Grey Night	->	Oidhche Glaise	|	reful than most such reports troubled to be, that the Grey Night sect kept its yearly vigil th
CHANGE	eras/age_VI/book/24_of_walls_under_the_ground.md:73	the Library's	->	an Leabharlann's	|	ason's other returns, and Ailean, copying it into the Library's own register as he copied eve
CHANGE	eras/age_VI/book/24_of_walls_under_the_ground.md:79	the Library	->	an Leabharlann	|	 an Dùin, which was that fifteen years of keeping the Library alone, riding out to every di
CHANGE	eras/age_VI/book/24_of_walls_under_the_ground.md:83	the Library	->	an Leabharlann	|	"I want someone the Library can trust to speak for it whe
CHANGE	eras/age_VI/book/24_of_walls_under_the_ground.md:85	the Library's	->	an Leabharlann's	|	on: that she would take it, on the condition that the Library's own register note plainly, fr
CHANGE	eras/age_VI/book/24_of_walls_under_the_ground.md:87	the Library's	->	an Leabharlann's	|	He set Ùna's copy of the obelisk into the Library's own presses himself that same
CHANGE	eras/age_VI/book/25_of_walter_hales_last_winter.md:7	The Crown's	->	An Crùn's	|	The Crown's grain-store at Cathair fhada 
CHANGE	eras/age_VI/book/25_of_walter_hales_last_winter.md:11	the Severance	->	An Dealachadh	|	ed, the second count of the island's people since the Severance went out from Cathair dhearg:
CHANGE	eras/age_VI/book/25_of_walter_hales_last_winter.md:15	the Library	->	an Leabharlann	|	e of the council's reading it was copied south to the Library, no word of its sum reached a
CHANGE	eras/age_VI/book/25_of_walter_hales_last_winter.md:19	the Moot's	->	Tional nan Tuathach's	|	 Caol mhòr, that same dry season, Walter Hale sat the Moot's chair for what none of the me
CHANGE	eras/age_VI/book/25_of_walter_hales_last_winter.md:19	the Moot	->	Tional nan Tuathach	|	ount the north kept of its own, the first speaker the Moot had ever chosen, thirty-one y
CHANGE	eras/age_VI/book/25_of_walter_hales_last_winter.md:33	the Moot's	->	Tional nan Tuathach's	|	rth remarking on for its length alone. He had sat the Moot's chair four days before, the w
CHANGE	eras/age_VI/book/25_of_walter_hales_last_winter.md:35	The Moot's	->	Tional nan Tuathach's	|	The Moot's business stopped for three da
CHANGE	eras/age_VI/book/25_of_walter_hales_last_winter.md:37	the Moot's	->	Tional nan Tuathach's	|	ds off the hill country who had never once sat in the Moot's room but had heard his name r
CHANGE	eras/age_VI/book/25_of_walter_hales_last_winter.md:37	the Moot's	->	Tional nan Tuathach's	|	ate. They buried him at Caol mhòr within sight of the Moot's own house, the ground he had 
CHANGE	eras/age_VI/book/25_of_walter_hales_last_winter.md:37	the Church's	->	An Eaglais's	|	d he had sat closest to for thirty-one years, and the Church's own rite was said over him by
CHANGE	eras/age_VI/book/25_of_walter_hales_last_winter.md:39	The Moot	->	Tional nan Tuathach	|	tself did not sit empty past the week's mourning. The Moot met on the fourth day, the ro
CHANGE	eras/age_VI/book/25_of_walter_hales_last_winter.md:41	the Moot's	->	Tional nan Tuathach's	|	usband to the sea before she ever spoke a word in the Moot's chair, and she took Hale's ch
CHANGE	eras/age_VI/book/25_of_walter_hales_last_winter.md:53	the Moot	->	Tional nan Tuathach	|	 allowed for a man of his years in practice. When the Moot wrote to him that winter offe
CHANGE	eras/age_VI/book/25_of_walter_hales_last_winter.md:63	the coal line's	->	Slighe a' Ghuail's	|	t, three bridges clean away and a long stretch of the coal line's embankment with them, the rai
CHANGE	eras/age_VI/book/25_of_walter_hales_last_winter.md:67	the Moot's	->	Tional nan Tuathach's	|	Mary Coyle had sat the Moot's chair not yet a month when th
CHANGE	eras/age_VI/book/25_of_walter_hales_last_winter.md:67	the Moot	->	Tional nan Tuathach	|	ehind it: every northern harbour that answered to the Moot to open its own coal store an
CHANGE	eras/age_VI/book/26_of_the_hawks_own_custodian.md:9	The Hawk houses	->	Òrd an t-Seabhaig	|	The Hawk houses of Siorrachd Cnoc bheag had k
CHANGE	eras/age_VI/book/26_of_the_hawks_own_custodian.md:11	the Hawk	->	Òrd an t-Seabhaig	|	rried out to the road to tell whoever passed that the Hawk had its own custodian now, as
CHANGE	eras/age_VI/book/26_of_the_hawks_own_custodian.md:13	the Hawk's	->	Òrd an t-Seabhaig's	|	re of the fishing, and had sat the long vigils of the Hawk's own nights, the ones the sout
CHANGE	eras/age_VI/book/26_of_the_hawks_own_custodian.md:13	the Hawk houses	->	Òrd an t-Seabhaig	|	 in his own house three generations against a day the Hawk houses might want a custodian to giv
CHANGE	eras/age_VI/book/26_of_the_hawks_own_custodian.md:23	the Hawk	->	Òrd an t-Seabhaig	|	r she had planned it or not, with a full house of the Hawk asleep around her altar and t
CHANGE	eras/age_VI/book/26_of_the_hawks_own_custodian.md:27	the Rite's	->	Deas-ghnàth a' Ghuail's	|	ther he reported in the same breath. The house of the Rite's high custodian sat above the 
CHANGE	eras/age_VI/book/26_of_the_hawks_own_custodian.md:27	high custodian	->	Àrd-choimheadaiche	|	orted in the same breath. The house of the Rite's high custodian sat above the harbour there, 
CHANGE	eras/age_VI/book/26_of_the_hawks_own_custodian.md:29	the high custodian's	->	Àrd-choimheadaiche's	|	ason a house could argue with, and said only that the high custodian's own order of worship, written
CHANGE	eras/age_VI/book/26_of_the_hawks_own_custodian.md:29	the Hawk houses	->	Òrd an t-Seabhaig	|	 years, knew of no office called the custodian of the Hawk houses and could not, for want of kn
CHANGE	eras/age_VI/book/26_of_the_hawks_own_custodian.md:33	the high custodian	->	Àrd-choimheadaiche	|	that autumn or after, to write south again asking the high custodian to change his mind. The house
CHANGE	eras/age_VI/book/26_of_the_hawks_own_custodian.md:35	the Hawk houses	->	Òrd an t-Seabhaig	|	l, that nobody south of the harbour had spoken of the Hawk houses since the letter went, one wa
CHANGE	eras/age_VI/book/26_of_the_hawks_own_custodian.md:37	the Hawk	->	Òrd an t-Seabhaig	|	at winter and the winters after, that no house of the Hawk sent its dead south to be bur
CHANGE	eras/age_VI/book/26_of_the_hawks_own_custodian.md:37	the Hawk	->	Òrd an t-Seabhaig	|	ied by any rite but its own, and that no house of the Hawk sent a son or daughter south 
CHANGE	eras/age_VI/book/26_of_the_hawks_own_custodian.md:41	The Hawk's	->	Òrd an t-Seabhaig's	|	The Hawk's own worship had never once be
CHANGE	eras/age_VI/book/26_of_the_hawks_own_custodian.md:51	the Hawk houses	->	Òrd an t-Seabhaig	|	n t-Samhain's full moon, to the full gathering of the Hawk houses in the hall at Inis ìseal, th
CHANGE	eras/age_VI/book/26_of_the_hawks_own_custodian.md:55	the Hawk's	->	Òrd an t-Seabhaig's	|	own voice, exactly as the houses had always heard the Hawk's order before a single word of
CHANGE	eras/age_VI/book/26_of_the_hawks_own_custodian.md:59	the fair at Muileann òg	->	Fèill Muileann òg	|	e had never once before ridden further south than the fair at Muileann òg. She rode the two days south 
CHANGE	eras/age_VI/book/26_of_the_hawks_own_custodian.md:65	the high custodian	->	Àrd-choimheadaiche	|	ed to look, north or south of Cnoc bheag, whether the high custodian at Seann Skell chose to own t
CHANGE	eras/age_VI/book/26_of_the_hawks_own_custodian.md:69	the Library's	->	an Leabharlann's	|	or gave up or fought over in those two years, and the Library's own later hand, gathering wha
CHANGE	eras/age_VI/book/26_of_the_hawks_own_custodian.md:71	the Còmhrag	->	Còmhrag Ceann leathan	|	Ceann leathan in an Giblean of the following year the Còmhrag was fought as it was fought e
CHANGE	eras/age_VI/book/26_of_the_hawks_own_custodian.md:71	the melee	->	Còmhrag Ceann leathan	|	ms, blades kept from the ring by a rule as old as the melee, bare hands and staves and th
CHANGE	eras/age_VI/book/26_of_the_hawks_own_custodian.md:71	the Còmhrag	->	Còmhrag Ceann leathan	|	todians of the southern Rite, who had never loved the Còmhrag and had said so quietly at ev
CHANGE	eras/age_VI/book/26_of_the_hawks_own_custodian.md:71	the melee's	->	Còmhrag Ceann leathan's	|	 in their own counting-room, above the very quays the melee's crowds filled every spring, a
CHANGE	eras/age_VI/book/26_of_the_hawks_own_custodian.md:71	the coal line	->	Slighe a' Ghuail	|	rowds as much as it lived off anything the sea or the coal line brought it, and a town does n
CHANGE	eras/age_VI/book/26_of_the_hawks_own_custodian.md:73	the melee	->	Còmhrag Ceann leathan	|	r-wardens had counted rightly would stay on after the melee rather than scatter home earl
CHANGE	eras/age_VI/book/26_of_the_hawks_own_custodian.md:75	the coal line's	->	Slighe a' Ghuail's	|	 the last miles of embankment laid through ground the coal line's engineers had put off for two
CHANGE	eras/age_VI/book/26_of_the_hawks_own_custodian.md:75	the coal line	->	Slighe a' Ghuail	|	had made of it, held nothing of the Ceann leathan the coal line made of it after, and by the 
CHANGE	eras/age_VI/book/27_of_the_silver_at_depth.md:5	the silver guild	->	Comann an Airgid	|	> Received of the silver guild of Muileann chiar, its charte
CHANGE	eras/age_VI/book/27_of_the_silver_at_depth.md:7	the Library	->	an Leabharlann	|	> — the council's receipt, {{date:V-0137}}, as the Library renders it
CHANGE	eras/age_VI/book/27_of_the_silver_at_depth.md:11	the Mine Board	->	Comhairle nam Mèinnean	|	ears at the silver works at Muileann chiar, where the Mine Board had sent him the summer it ga
CHANGE	eras/age_VI/book/27_of_the_silver_at_depth.md:13	the Sloc Mòr	->	An Sloc Mòr	|	 them fair, the same habit that had served him at the Sloc Mòr, and found them holding each 
CHANGE	eras/age_VI/book/27_of_the_silver_at_depth.md:15	the Severance	->	An Dealachadh	|	 Muileann chiar had kept its charter since before the Severance, a charter the humans' own Ad
CHANGE	eras/age_VI/book/27_of_the_silver_at_depth.md:15	the Administration's	->	Riaghaltas nan Coigreach's	|	ild worth leaving be. The charter had lapsed with the Administration's own going, along with every o
CHANGE	eras/age_VI/book/27_of_the_silver_at_depth.md:17	the Sloc Mòr	->	An Sloc Mòr	|	e before he spoke, on the plain habit, learned at the Sloc Mòr, that a room arguing over a s
CHANGE	eras/age_VI/book/27_of_the_silver_at_depth.md:19	the Crown's	->	An Crùn's	|	dozen older trades, bound the guild's captains to the Crown's own tithe on every bar struck
CHANGE	eras/age_VI/book/27_of_the_silver_at_depth.md:23	the Crown's	->	An Crùn's	|	the council, rather than build the mint larger at the Crown's own cost, gave the refining o
CHANGE	eras/age_VI/book/27_of_the_silver_at_depth.md:23	the Crown's	->	An Crùn's	|	s, who had never before been paid for anything by the Crown's own hand, reckoned otherwise.
CHANGE	eras/age_VI/book/27_of_the_silver_at_depth.md:27	the realm-coin	->	Bonn na Rìoghachd	|	o the same blanks the mint's own dies pressed for the realm-coin, so that a coin drawn at rand
CHANGE	eras/age_VI/book/27_of_the_silver_at_depth.md:39	the Sloc Mòr	->	An Sloc Mòr	|	 and wife that he had reckoned, walking east from the Sloc Mòr those eleven years before, th
CHANGE	eras/age_VI/book/27_of_the_silver_at_depth.md:45	the Severance	->	An Dealachadh	|	coast that had gone without any such ruling since the Severance, its fishermen having settled
CHANGE	eras/age_VI/book/27_of_the_silver_at_depth.md:53	the Severance	->	An Dealachadh	|	out south of the capital in the first years after the Severance for the families that served 
CHANGE	eras/age_VI/book/27_of_the_silver_at_depth.md:71	the Sloc Mòr	->	An Sloc Mòr	|	 in eleven years of the keeping, that the vein at the Sloc Mòr had thinned exactly as his fi
CHANGE	eras/age_VI/book/27_of_the_silver_at_depth.md:71	the Sloc Mòr	->	An Sloc Mòr	|	r way, richer with every fathom where the coal at the Sloc Mòr had run thinner with every on
CHANGE	eras/age_VI/book/28_of_the_fall_at_muileann_dhearg.md:10	the Sloc Mòr's	->	An Sloc Mòr's	|	Muileann dhearg had grown fat on the Sloc Mòr's overflow for thirty years, a 
CHANGE	eras/age_VI/book/28_of_the_fall_at_muileann_dhearg.md:10	the Sloc Mòr's	->	An Sloc Mòr's	|	from the great shaft, its own pits worked to keep the Sloc Mòr's yield steady in the seasons w
CHANGE	eras/age_VI/book/28_of_the_fall_at_muileann_dhearg.md:10	the Crown	->	An Crùn	|	when the greater mine's own galleries wanted rest the Crown would not grant them. The Cil
CHANGE	eras/age_VI/book/28_of_the_fall_at_muileann_dhearg.md:10	the Rending	->	Scàineadh Cill ghlas	|	 a grave it does not visit. Scàineadh Cill ghlas, the Rending, had taken the old workings i
CHANGE	eras/age_VI/book/28_of_the_fall_at_muileann_dhearg.md:10	the Age of Strangers	->	An Aois Choigreach	|	ghlas, the Rending, had taken the old workings in the Age of Strangers, and the timbers that came up
CHANGE	eras/age_VI/book/28_of_the_fall_at_muileann_dhearg.md:10	(appositive)	->	Scàineadh Cill ghlas	|	dropped the English gloss beside Scàineadh Cill ghlas
CHANGE	eras/age_VI/book/28_of_the_fall_at_muileann_dhearg.md:16	the Sloc Mòr	->	An Sloc Mòr	|	He was chainman first at the Sloc Mòr before he was Board surveyor 
CHANGE	eras/age_VI/book/28_of_the_fall_at_muileann_dhearg.md:16	the coal road	->	Rathad na Mèinne	|	rather than wait for morning, the twenty miles by the coal road and then the cart track up fr
CHANGE	eras/age_VI/book/28_of_the_fall_at_muileann_dhearg.md:34	the Rending's	->	Scàineadh Cill ghlas's	|	ng north-east under the new gallery exactly where the Rending's own line had run under the ol
CHANGE	eras/age_VI/book/28_of_the_fall_at_muileann_dhearg.md:40	the Rending	->	Scàineadh Cill ghlas	|	enough, or often enough, or with the old lists of the Rending laid open beside their own pa
CHANGE	eras/age_VI/book/28_of_the_fall_at_muileann_dhearg.md:42	the Sloc Mòr	->	An Sloc Mòr	|	them he would have changed. They were written for the Sloc Mòr and its daughter workings, wh
CHANGE	eras/age_VI/book/28_of_the_fall_at_muileann_dhearg.md:44	the Library	->	an Leabharlann	|	he overseer's own name is not given in any record the Library holds, that the new rule for 
CHANGE	eras/age_VI/book/28_of_the_fall_at_muileann_dhearg.md:48	the Sloc Mòr	->	An Sloc Mòr	|	he had made thirteen years before of the faces of the Sloc Mòr, and setting the two beside e
CHANGE	eras/age_VI/book/28_of_the_fall_at_muileann_dhearg.md:58	the Moot	->	Tional nan Tuathach	|	ht. She had married a surveyor and not a clerk of the Moot, and she had learned in a yea
CHANGE	eras/age_VI/book/28_of_the_fall_at_muileann_dhearg.md:64	The Guild of Hewers	->	Comann nan Gualadairean	|	The Guild of Hewers, whose rolls the fall had thi
CHANGE	eras/age_VI/book/28_of_the_fall_at_muileann_dhearg.md:64	the Holy Age	->	An Aois Naomh	|	as Tuathaich. The guild's charter had said, since the Holy Age custom was taken up again, th
CHANGE	eras/age_VI/book/28_of_the_fall_at_muileann_dhearg.md:66	the Moot	->	Tional nan Tuathach	|	le read the Board's new rules when a copy reached the Moot by way of a carter who had se
CHANGE	eras/age_VI/book/28_of_the_fall_at_muileann_dhearg.md:66	the Moot	->	Tional nan Tuathach	|	same carter's road the goods went south by, since the Moot had no faster road to send an
CHANGE	eras/age_VI/book/28_of_the_fall_at_muileann_dhearg.md:68	the Moot	->	Tional nan Tuathach	|	swered within the month, in three lines, thanking the Moot for its concern and stating t
CHANGE	eras/age_VI/book/28_of_the_fall_at_muileann_dhearg.md:72	The Library at Muileann chaol	->	Leabharlann Muileann chaol	|	The Library at Muileann chaol kept its own account of that 
CHANGE	eras/age_VI/book/28_of_the_fall_at_muileann_dhearg.md:72	the Library's	->	an Leabharlann's	|	m anything Iain Mapa saw or heard, and it is from the Library's own record, and not from any 
CHANGE	eras/age_VI/book/28_of_the_fall_at_muileann_dhearg.md:74	the Library	->	an Leabharlann	|	Ailean Leabhar had kept the Library four-and-twenty years, first 
CHANGE	eras/age_VI/book/28_of_the_fall_at_muileann_dhearg.md:76	the Library	->	an Leabharlann	|	ed him two days after, in the small ground behind the Library, where no keeper had been bur
CHANGE	eras/age_VI/book/28_of_the_fall_at_muileann_dhearg.md:76	the Library's	->	an Leabharlann's	|	d, since there was scarcely a family in the shire the Library's own chests had not, in four-a
CHANGE	eras/age_VI/book/28_of_the_fall_at_muileann_dhearg.md:78	The Library	->	An Leabharlann	|	"The Library settles nothing," she said, a
CHANGE	eras/age_VI/book/28_of_the_fall_at_muileann_dhearg.md:80	the Library	->	an Leabharlann	|	 could not trace back to its own hand was a thing the Library could be told anything about,
CHANGE	eras/age_VI/book/28_of_the_fall_at_muileann_dhearg.md:82	the Library	->	an Leabharlann	|	ts three lines on the other had ever been sent to the Library at all. What she found, at th
CHANGE	eras/age_VI/book/28_of_the_fall_at_muileann_dhearg.md:86	The fair at Muileann òg	->	Fèill Muileann òg	|	The fair at Muileann òg had stood nineteen years by t
CHANGE	eras/age_VI/book/28_of_the_fall_at_muileann_dhearg.md:94	the Rail Board	->	Comhairle na Slighe-iarainn	|	That same winter the Rail Board, asked by the Moot to carry t
CHANGE	eras/age_VI/book/28_of_the_fall_at_muileann_dhearg.md:94	the Moot	->	Tional nan Tuathach	|	That same winter the Rail Board, asked by the Moot to carry the north's wool sou
CHANGE	eras/age_VI/book/28_of_the_fall_at_muileann_dhearg.md:96	the fair at Muileann òg	->	Fèill Muileann òg	|	e days on the road by Cnoc ghorm and Àth fhada to the fair at Muileann òg, the carters wrapped against 
CHANGE	eras/age_VI/book/29_of_the_carters_road.md:7	the Moot's	->	Tional nan Tuathach's	|	first entry of Clàr nan Leòn, {{date:V-0150}}, as the Moot's clerks kept it
CHANGE	eras/age_VI/book/29_of_the_carters_road.md:11	The Rail Board's	->	Comhairle na Slighe-iarainn's	|	The Rail Board's refusal stood through the who
CHANGE	eras/age_VI/book/29_of_the_carters_road.md:11	the fair at Muileann òg	->	Fèill Muileann òg	|	t, five days on the road from Muileann leathan to the fair at Muileann òg, and Daniel Frayne rode with 
CHANGE	eras/age_VI/book/29_of_the_carters_road.md:11	the Moot	->	Tional nan Tuathach	|	 am Faoilleach, having asked leave to go himself, the Moot having sent no one before him
CHANGE	eras/age_VI/book/29_of_the_carters_road.md:11	the Moot	->	Tional nan Tuathach	|	him no. He was thirty-six that winter, a clerk of the Moot since before he could properl
CHANGE	eras/age_VI/book/29_of_the_carters_road.md:13	a Moot clerk	->	a clerk of Tional nan Tuathach	|	e him on the second day, who laughed and told him a Moot clerk's hands were worth more to th
CHANGE	eras/age_VI/book/29_of_the_carters_road.md:17	the Carters' Road	->	Rathad nan Cairtearan	|	d him plainly that the north had always called it the Carters' Road, and had called it so since b
CHANGE	eras/age_VI/book/29_of_the_carters_road.md:17	the Moot's	->	Tional nan Tuathach's	|	e two facts down in the small book he carried for the Moot's business, the north's name an
CHANGE	eras/age_VI/book/29_of_the_carters_road.md:23	the Moot	->	Tional nan Tuathach	|	ropped now and the going easier, carrying nothing the Moot could point to as the fruit o
CHANGE	eras/age_VI/book/29_of_the_carters_road.md:27	the chronicle	->	Eachdraidh na Rìoghachd	|	ed, and the coal was never his to inherit. Of him the chronicle of those years says nothing m
CHANGE	eras/age_VI/book/29_of_the_carters_road.md:27	the Library	->	an Leabharlann	|	e chronicle of those years says nothing more, and the Library has nothing more to give.
CHANGE	eras/age_VI/book/29_of_the_carters_road.md:31	the Moot's	->	Tional nan Tuathach's	|	Mary Coyle called the Moot's clerks to the room at Caol mh
CHANGE	eras/age_VI/book/29_of_the_carters_road.md:31	the Moot	->	Tional nan Tuathach	|	s own family could ever put a finger to, and that the Moot, having no Board of its own t
CHANGE	eras/age_VI/book/29_of_the_carters_road.md:33	the Moot	->	Tional nan Tuathach	|	ghbours to hear it, was truth enough for any book the Moot troubled to keep, whatever a 
CHANGE	eras/age_VI/book/29_of_the_carters_road.md:35	the Moot's	->	Tional nan Tuathach's	|	road south on other business and thought, hearing the Moot's new business spoken of, to ca
CHANGE	eras/age_VI/book/29_of_the_carters_road.md:37	the Moot	->	Tional nan Tuathach	|	 or kinsman might confirm the season and the pit, the Moot trusting the neighbour's word
CHANGE	eras/age_VI/book/29_of_the_carters_road.md:39	the Moot's	->	Tional nan Tuathach's	|	vening, whether the work weighed on him more than the Moot's ordinary business had, and he
CHANGE	eras/age_VI/book/29_of_the_carters_road.md:39	the Moot's	->	Tional nan Tuathach's	|	eather rather than stitched in paper, and kept in the Moot's own strongbox rather than on 
CHANGE	eras/age_VI/book/29_of_the_carters_road.md:41	the Moot's	->	Tional nan Tuathach's	|	, carried to every western pit's own captain that the Moot's clerks could reach and copied
CHANGE	eras/age_VI/book/29_of_the_carters_road.md:41	the register of the hurt	->	Clàr nan Leòn	|	's own count might yet be found in Clàr nan Leòn, the register of the hurt, kept at Caol mhòr and sent s
CHANGE	eras/age_VI/book/29_of_the_carters_road.md:41	(appositive)	->	Clàr nan Leòn	|	dropped the English gloss beside Clàr nan Leòn
CHANGE	eras/age_VI/book/29_of_the_carters_road.md:45	the royal chronicle	->	Eachdraidh na Rìoghachd	|	Gormshuil nic Dhùghaill had kept the royal chronicle at Muileann chaol for four an
CHANGE	eras/age_VI/book/29_of_the_carters_road.md:45	the Library's	->	an Leabharlann's	|	ummer, the first to hold the office, and she told the Library's own keeper, Mòrag nic Coinnic
CHANGE	eras/age_VI/book/29_of_the_carters_road.md:45	the chronicle	->	Eachdraidh na Rìoghachd	|	e hand she had kept every list before it, of what the chronicle under her care had gone four 
CHANGE	eras/age_VI/book/30_of_the_unlit_ships.md:15	the royal chronicle	->	Eachdraidh na Rìoghachd	|	nown it to answer anything, and it is set down in the royal chronicle, in Tormod's own quick hand, 
CHANGE	eras/age_VI/book/30_of_the_unlit_ships.md:15	a Crown store	->	a store of An Crùn	|	s before at Cathair fhada, on the southern plain, a Crown store raised great enough to feed t
CHANGE	eras/age_VI/book/30_of_the_unlit_ships.md:15	the coal line	->	Slighe a' Ghuail	|	 tenth of the load to spoilage on the way, but by the coal line, the same rails that carried 
CHANGE	eras/age_VI/book/30_of_the_unlit_ships.md:15	the Sloc Mòr's	->	An Sloc Mòr's	|	but by the coal line, the same rails that carried the Sloc Mòr's coal south carrying grain nor
CHANGE	eras/age_VI/book/30_of_the_unlit_ships.md:15	the Rail Board	->	Comhairle na Slighe-iarainn	|	grain north instead for the length of one season, the Rail Board charging the council in full 
CHANGE	eras/age_VI/book/30_of_the_unlit_ships.md:17	the chronicle	->	Eachdraidh na Rìoghachd	|	n the shire died of the drought that year, a fact the chronicle set down in four words and no
CHANGE	eras/age_VI/book/30_of_the_unlit_ships.md:17	the Library's	->	an Leabharlann's	|	last one. Four of the twelve held water still, by the Library's later reckoning, long after t
CHANGE	eras/age_VI/book/30_of_the_unlit_ships.md:19	the coal road	->	Rathad na Mèinne	|	lower and less kindly than a single dry spring on the coal road. That question belonged, that
CHANGE	eras/age_VI/book/30_of_the_unlit_ships.md:23	The light at Baile ìseal	->	Taigh-solais Baile ìseal	|	The light at Baile ìseal stood on a low point of rock 
CHANGE	eras/age_VI/book/30_of_the_unlit_ships.md:23	the Lighthouse Board	->	Comhairle nan Taighean-solais	|	 of one-and-thirty that spring, given the post by the Lighthouse Board on the recommendation of an u
CHANGE	eras/age_VI/book/30_of_the_unlit_ships.md:27	the Lighthouse Board's	->	Comhairle nan Taighean-solais's	|	The inspector who rode out from the Lighthouse Board's own office twice a year to ch
CHANGE	eras/age_VI/book/30_of_the_unlit_ships.md:33	the chronicle	->	Eachdraidh na Rìoghachd	|	e dry spring at Achadh shean not yet forgotten in the chronicle that had just finished settin
CHANGE	eras/age_VI/book/30_of_the_unlit_ships.md:35	the chronicle	->	Eachdraidh na Rìoghachd	|	down the coast to look the ruin over and find, as the chronicle set it down afterward in a li
CHANGE	eras/age_VI/book/30_of_the_unlit_ships.md:41	the Crown	->	An Crùn	|	The sheds were raised again within the year, the Crown paying a third of the cost as
CHANGE	eras/age_VI/book/30_of_the_unlit_ships.md:47	the Crown's	->	An Crùn's	|	nd had names for what it knew whether any book of the Crown's troubled to record them or no
CHANGE	eras/age_VI/book/30_of_the_unlit_ships.md:53	a Library clerk	->	a clerk of an Leabharlann	|	nd it was from that year's book, carried south by a Library clerk that winter, that the royal c
CHANGE	eras/age_VI/book/30_of_the_unlit_ships.md:53	the royal chronicle	->	Eachdraidh na Rìoghachd	|	arried south by a Library clerk that winter, that the royal chronicle first drew the two names, An 
CHANGE	eras/age_VI/book/30_of_the_unlit_ships.md:53	a Library clerk	->	a clerk of an Leabharlann	|	 two days too late. Tormod Pinn, reading the book a Library clerk had carried south for his own
CHANGE	eras/age_VI/book/30_of_the_unlit_ships.md:53	the Crown	->	An Crùn	|	ed names that a coast kept its own record whether the Crown troubled to ask for one or no
CHANGE	eras/age_VI/book/30_of_the_unlit_ships.md:57	the Còmhrag	->	Còmhrag Ceann leathan	|	od way south and west of the light Murchadh kept, the Còmhrag at Ceann leathan drew the lar
CHANGE	eras/age_VI/book/30_of_the_unlit_ships.md:57	the melee's	->	Còmhrag Ceann leathan's	|	field now timbered where two had answered before, the melee's own fame having grown, in the
CHANGE	eras/age_VI/book/30_of_the_unlit_ships.md:59	the Còmhrag	->	Còmhrag Ceann leathan	|	She was given the year's wages the Còmhrag paid its champion and the rig
CHANGE	eras/age_VI/book/30_of_the_unlit_ships.md:59	the Còmhrag's	->	Còmhrag Ceann leathan's	|	e did not fight again, in that field or any other the Còmhrag's own custom kept, a fact the r
CHANGE	eras/age_VI/book/30_of_the_unlit_ships.md:59	the royal chronicle	->	Eachdraidh na Rìoghachd	|	r any other the Còmhrag's own custom kept, a fact the royal chronicle set down as plainly as it had
CHANGE	eras/age_VI/book/30_of_the_unlit_ships.md:61	the Còmhrag	->	Còmhrag Ceann leathan	|	er she meant to defend the year's own honour when the Còmhrag came round again, having neve
CHANGE	eras/age_VI/book/30_of_the_unlit_ships.md:63	the Library	->	an Leabharlann	|	The two accounts reached the Library within the same season, Ealas
CHANGE	eras/age_VI/book/31_of_the_sacred_wood.md:10	Its Hawk	->	Òrd an t-Seabhaig	|	thair mhòr at last and would not be caught again. Its Hawk house, richer now than any or
CHANGE	eras/age_VI/book/31_of_the_sacred_wood.md:10	the Rite's	->	Deas-ghnàth a' Ghuail's	|	ide the capital, kept its own accounts apart from the Rite's and let no custodian south of
CHANGE	eras/age_VI/book/31_of_the_sacred_wood.md:10	the Rite's	->	Deas-ghnàth a' Ghuail's	|	g the tongue of the south spoken, though he heard the Rite's bell and the Hawk's bell both
CHANGE	eras/age_VI/book/31_of_the_sacred_wood.md:10	the Hawk's	->	Òrd an t-Seabhaig's	|	south spoken, though he heard the Rite's bell and the Hawk's bell both, from towers a bows
CHANGE	eras/age_VI/book/31_of_the_sacred_wood.md:10	the Rite	->	Deas-ghnàth a' Ghuail	|	gations that did not otherwise speak. A factor of the Rite, come up from Cathair mhòr th
CHANGE	eras/age_VI/book/31_of_the_sacred_wood.md:12	The Library at Muileann chaol	->	Leabharlann Muileann chaol	|	The Library at Muileann chaol, keeping the years as they ca
CHANGE	eras/age_VI/book/31_of_the_sacred_wood.md:12	the Rite	->	Deas-ghnàth a' Ghuail	|	ear, and thinnest where it ran darkest, the shade the Rite called holiest. A vein that a
CHANGE	eras/age_VI/book/31_of_the_sacred_wood.md:12	the Rite	->	Deas-ghnàth a' Ghuail	|	s a mine matter to the Board and a coal matter to the Rite, and neither would own it as 
CHANGE	eras/age_VI/book/31_of_the_sacred_wood.md:14	The druid schools	->	Scoiltean nan Draoidhean	|	The druid schools of Flidais, silent under the 
CHANGE	eras/age_VI/book/31_of_the_sacred_wood.md:14	the Holy Age	->	An Aois Naomh	|	e east where the question had first been asked in the Holy Age, then within the year at two 
CHANGE	eras/age_VI/book/31_of_the_sacred_wood.md:14	The Rite's	->	Deas-ghnàth a' Ghuail's	|	of a bench kept for them when the teaching began. The Rite's own clerks, setting down what
CHANGE	eras/age_VI/book/31_of_the_sacred_wood.md:14	the high custodian's	->	Àrd-choimheadaiche's	|	own clerks, setting down what they knew of it for the high custodian's file, called it a nuisance of
CHANGE	eras/age_VI/book/31_of_the_sacred_wood.md:14	the Holy Age	->	An Aois Naomh	|	nd the question, the same one the vein-masters of the Holy Age had first put and never answe
CHANGE	eras/age_VI/book/31_of_the_sacred_wood.md:18	the stag's grove	->	Coille Naomh Muileann chiar	|	Seonaid nic Ghill-Eathain came to the stag's grove near Muileann chiar on a morn
CHANGE	eras/age_VI/book/31_of_the_sacred_wood.md:18	the holy wood	->	Coille Naomh Muileann chiar	|	t back for lambing; she had never before stood in the holy wood to teach it, the wood the sch
CHANGE	eras/age_VI/book/31_of_the_sacred_wood.md:20	The Holy Age	->	An Aois Naomh	|	e." She let it stand a moment before she went on. The Holy Age had asked it of birth and of 
CHANGE	eras/age_VI/book/31_of_the_sacred_wood.md:20	the Rite	->	Deas-ghnàth a' Ghuail	|	er the census had begun to write down and neither the Rite nor the Crown would say aloud
CHANGE	eras/age_VI/book/31_of_the_sacred_wood.md:20	the Crown	->	An Crùn	|	 had begun to write down and neither the Rite nor the Crown would say aloud. She did not 
CHANGE	eras/age_VI/book/31_of_the_sacred_wood.md:20	the coal-touched	->	fuil-ghuail	|	e nor the Crown would say aloud. She did not name the coal-touched that morning, not once, thoug
CHANGE	eras/age_VI/book/31_of_the_sacred_wood.md:22	The Library's	->	An Leabharlann's	|	 and the sowing too near to spare a longer visit. The Library's own clerks noted, with the dr
CHANGE	eras/age_VI/book/31_of_the_sacred_wood.md:26	The stag's grove	->	Coille Naomh Muileann chiar	|	The stag's grove near Muileann chiar could not
CHANGE	eras/age_VI/book/31_of_the_sacred_wood.md:28	the coal-touched	->	fuil-ghuail	|	The realm's returns carried a line for the coal-touched that gave a number and nothin
CHANGE	eras/age_VI/book/31_of_the_sacred_wood.md:28	the Rite's	->	Deas-ghnàth a' Ghuail's	|	e a number and nothing else, the same bare figure the Rite's own doctrine called a settled
CHANGE	eras/age_VI/book/31_of_the_sacred_wood.md:28	the Rite's	->	Deas-ghnàth a' Ghuail's	|	e-books and argued over it by the hearth in a way the Rite's own halls did not permit and 
CHANGE	eras/age_VI/book/31_of_the_sacred_wood.md:28	the Holy Age	->	An Aois Naomh	|	ls did not permit and had never permitted, not in the Holy Age and not now. A student new to
CHANGE	eras/age_VI/book/31_of_the_sacred_wood.md:28	the Rite's	->	Deas-ghnàth a' Ghuail's	|	e might question, when the vein, holier by far in the Rite's own reckoning, was questioned
CHANGE	eras/age_VI/book/31_of_the_sacred_wood.md:28	The Library's	->	An Leabharlann's	|	's own glow once the rest had gone to their beds. The Library's clerks, hearing of the evenin
CHANGE	eras/age_VI/book/31_of_the_sacred_wood.md:28	the Rite	->	Deas-ghnàth a' Ghuail	|	n had been spoken of in the same breath by anyone the Rite could not simply have shut a 
CHANGE	eras/age_VI/book/31_of_the_sacred_wood.md:32	the Rite	->	Deas-ghnàth a' Ghuail	|	In the same season, at a council of the Rite called at Seann Skell on the 
CHANGE	eras/age_VI/book/31_of_the_sacred_wood.md:32	the high custodian's	->	Àrd-choimheadaiche's	|	Rite called at Seann Skell on the southern coast, the high custodian's own clerks drew up a settleme
CHANGE	eras/age_VI/book/31_of_the_sacred_wood.md:32	the Hawk houses	->	Òrd an t-Seabhaig	|	 up a settlement long asked for and long refused: the Hawk houses of Cnoc bheag, grown too rich
CHANGE	eras/age_VI/book/31_of_the_sacred_wood.md:32	the Rite	->	Deas-ghnàth a' Ghuail	|	oc bheag, grown too rich and too old a custom for the Rite to go on pretending had no pl
CHANGE	eras/age_VI/book/31_of_the_sacred_wood.md:32	the high custodian	->	Àrd-choimheadaiche	|	place of their own within the order, answering to the high custodian in name and keeping their own
CHANGE	eras/age_VI/book/31_of_the_sacred_wood.md:32	the Hawk's	->	Òrd an t-Seabhaig's	|	 the assembled council read them slowly, watching the Hawk's own witnesses for the objecti
CHANGE	eras/age_VI/book/31_of_the_sacred_wood.md:32	The Hawk houses	->	Òrd an t-Seabhaig	|	illed the same offer six times before; none came. The Hawk houses took the place, as the Librar
CHANGE	eras/age_VI/book/31_of_the_sacred_wood.md:32	the Library's	->	an Leabharlann's	|	re; none came. The Hawk houses took the place, as the Library's own note of it says, "on the 
CHANGE	eras/age_VI/book/31_of_the_sacred_wood.md:32	the Rite's	->	Deas-ghnàth a' Ghuail's	|	 the quarrel between the two bells at Cnoc bheag, the Rite's and the Hawk's, was quieter a
CHANGE	eras/age_VI/book/31_of_the_sacred_wood.md:32	the Hawk's	->	Òrd an t-Seabhaig's	|	tween the two bells at Cnoc bheag, the Rite's and the Hawk's, was quieter after that, thou
CHANGE	eras/age_VI/book/31_of_the_sacred_wood.md:42	the royal chronicler's	->	Seanchaidh na Rìoghachd's	|	 was in these same years, the schools' clerks and the royal chronicler's both agreeing on it after the
CHANGE	eras/age_VI/book/31_of_the_sacred_wood.md:42	the Crown's	->	An Crùn's	|	s in the west and Dùn thais in the east, and that the Crown's own returns had begun, in the
CHANGE	eras/age_VI/book/31_of_the_sacred_wood.md:42	the Crown's	->	An Crùn's	|	o run together, and sent word to both shires that the Crown's clerks should take more care 
CHANGE	eras/age_VI/book/31_of_the_sacred_wood.md:42	the Library	->	an Leabharlann	|	 worth no more than the half-page he gave it, but the Library kept his half-page all the sa
CHANGE	eras/age_VI/book/31_of_the_sacred_wood.md:44	the Crown's	->	An Crùn's	|	r their own tables and their own markets, a right the Crown's own table had kept first call
CHANGE	eras/age_VI/book/31_of_the_sacred_wood.md:44	the Crown's	->	An Crùn's	|	cence changed little in the practice of it, since the Crown's table was still served first 
CHANGE	eras/age_VI/book/31_of_the_sacred_wood.md:48	the stag's grove	->	Coille Naomh Muileann chiar	|	in, three of Seonaid's own students rode out from the stag's grove to the standing pillar near C
CHANGE	eras/age_VI/book/31_of_the_sacred_wood.md:48	the column at Cnoc ghorm	->	Calbh Cnoc ghorm	|	sk in the pasture north of Cnoc bheag, and one to the column at Cnoc ghorm, standing alone in a field a 
CHANGE	eras/age_VI/book/31_of_the_sacred_wood.md:52	the Library	->	an Leabharlann	|	from Muileann chiar to Baile gharbh, the sentence the Library itself chose to close its own
CHANGE	eras/age_VI/book/31_of_the_sacred_wood.md:52	the Old Ones	->	Seann-Dhaoine	|	ose to close its own telling of that winter: that the Old Ones had been here, and had said s
CHANGE	eras/age_VI/book/31_of_the_sacred_wood.md:54	the coal-touched	->	fuil-ghuail	|	unset, the way the census wrote its bare line for the coal-touched and the Board wrote its bare 
CHANGE	eras/age_VI/book/31_of_the_sacred_wood.md:54	the Holy Age	->	An Aois Naomh	|	 the schools had first asked at Muileann chiar in the Holy Age, why the vein answered some h
CHANGE	eras/age_VI/book/32_of_the_forty-one_shafts.md:7	the Library	->	an Leabharlann	|	 before, long ages since, on the same ground, and the Library alone remembered.
CHANGE	eras/age_VI/book/32_of_the_forty-one_shafts.md:9	the Library's	->	An Leabharlann's	|	> — the Library's own reckoning of the search, 
CHANGE	eras/age_VI/book/32_of_the_forty-one_shafts.md:13	the Severance Era	->	Linn an Dealachaidh	|	s told at Muileann chaol, of the fiftieth year of the Severance Era, that the sea came into Inis 
CHANGE	eras/age_VI/book/32_of_the_forty-one_shafts.md:15	the Crown	->	An Crùn	|	The town did not ask the Crown for its rebuilding. It asked 
CHANGE	eras/age_VI/book/32_of_the_forty-one_shafts.md:15	the Stone's	->	Òrd na Cloiche's	|	second season carried was the labour. A sailor of the Stone's own order blessed the first p
CHANGE	eras/age_VI/book/32_of_the_forty-one_shafts.md:17	the Moot's	->	Tional nan Tuathach's	|	 do so entire and out of its own dues rather than the Moot's purse or a chartered guild's 
CHANGE	eras/age_VI/book/32_of_the_forty-one_shafts.md:19	the Library	->	an Leabharlann	|	year and to no great matter of state, and because the Library holds that a year should be k
CHANGE	eras/age_VI/book/32_of_the_forty-one_shafts.md:19	the Sloc Mòr	->	An Sloc Mòr	|	th school, when a grandson of the first holder of the Sloc Mòr rode to Cathair mhòr to ask t
CHANGE	eras/age_VI/book/32_of_the_forty-one_shafts.md:19	the Mine Board	->	Comhairle nam Mèinnean	|	older of the Sloc Mòr rode to Cathair mhòr to ask the Mine Board for surveyors.
CHANGE	eras/age_VI/book/32_of_the_forty-one_shafts.md:23	the Sloc Mòr	->	An Sloc Mòr	|	our that spring and had held his house's share in the Sloc Mòr for eleven years, since his f
CHANGE	eras/age_VI/book/32_of_the_forty-one_shafts.md:29	the house of Mac Ùisdein's	->	Taigh Mhic Ùisdein's	|	 matter touching the whole kingdom's coal and not the house of Mac Ùisdein's alone," and the Crown lent it
CHANGE	eras/age_VI/book/32_of_the_forty-one_shafts.md:29	the Crown	->	An Crùn	|	al and not the house of Mac Ùisdein's alone," and the Crown lent its name to the asking, 
CHANGE	eras/age_VI/book/32_of_the_forty-one_shafts.md:31	the Sloc Mòr	->	An Sloc Mòr	|	k, chain-hand first at Muileann chiar and then at the Sloc Mòr itself before the Board took 
CHANGE	eras/age_VI/book/32_of_the_forty-one_shafts.md:41	the Sloc Mòr's	->	An Sloc Mòr's	|	red and dark and not unlike the stone that ringed the Sloc Mòr's own outer galleries, and for 
CHANGE	eras/age_VI/book/32_of_the_forty-one_shafts.md:45	the empty ground	->	am Fearann Falamh	|	 ground they were searching, *am Fearann Falamh*, the empty ground, a name the moor's own shephe
CHANGE	eras/age_VI/book/32_of_the_forty-one_shafts.md:55	Holy Age	->	An Aois Naomh	|	eann chaol was working her way through a press of Holy Age rolls that had lain unread in
CHANGE	eras/age_VI/book/32_of_the_forty-one_shafts.md:55	the Library's	->	an Leabharlann's	|	a press of Holy Age rolls that had lain unread in the Library's lower room since before her o
CHANGE	eras/age_VI/book/32_of_the_forty-one_shafts.md:55	the Holy Age	->	An Aois Naomh	|	e had nearly finished with that week, a list from the Holy Age, the ink browned and the vell
CHANGE	eras/age_VI/book/32_of_the_forty-one_shafts.md:57	the Library's	->	an Leabharlann's	|	ound it, not to the Board directly, which was not the Library's habit, the Library keeping no
CHANGE	eras/age_VI/book/32_of_the_forty-one_shafts.md:57	the Library	->	an Leabharlann	|	oard directly, which was not the Library's habit, the Library keeping no correspondence wit
CHANGE	eras/age_VI/book/32_of_the_forty-one_shafts.md:57	the Library's	->	an Leabharlann's	|	ages before either of them, and that somewhere in the Library's own keeping the failure had b
CHANGE	eras/age_VI/book/32_of_the_forty-one_shafts.md:59	the Library's	->	an Leabharlann's	|	t in that she did not know, that morning, whether the Library's find made the two years' digg
CHANGE	eras/age_VI/book/32_of_the_forty-one_shafts.md:59	the Holy Age	->	An Aois Naomh	|	 search was closed and filed past reading, to see the Holy Age roll sent a copy south so tha
CHANGE	eras/age_VI/book/32_of_the_forty-one_shafts.md:65	the house of Mac Ùisdein	->	Taigh Mhic Ùisdein	|	ears before it. The court found for the town, and the house of Mac Ùisdein paid a third of the damages t
CHANGE	eras/age_VI/book/32_of_the_forty-one_shafts.md:65	the Sloc Mòr	->	An Sloc Mòr	|	efore had allowed for, sold half its own share in the Sloc Mòr back to the Crown to meet wha
CHANGE	eras/age_VI/book/32_of_the_forty-one_shafts.md:65	the Crown	->	An Crùn	|	, sold half its own share in the Sloc Mòr back to the Crown to meet what remained, on the
CHANGE	eras/age_VI/book/32_of_the_forty-one_shafts.md:69	the house of Mac Ùisdein	->	Taigh Mhic Ùisdein	|	own search had spoiled. The shire's claim against the house of Mac Ùisdein for the fencing's own cost wa
CHANGE	eras/age_VI/book/32_of_the_forty-one_shafts.md:69	the Holy Age's	->	An Aois Naomh's	|	ad found, at the end of it, nothing but the stone the Holy Age's own forgotten surveyors could
CHANGE	eras/age_VI/book/32_of_the_forty-one_shafts.md:69	the Library	->	an Leabharlann	|	 anyone thought, before the digging began, to ask the Library what it already knew.
CHANGE	eras/age_VI/book/32_of_the_forty-one_shafts.md:71	the coal road	->	Rathad na Mèinne	|	had proved, and thought, coming down at last onto the coal road with Cathair mhòr's own smoke
CHANGE	eras/age_VI/book/33_of_the_reef_bell.md:12	the Severance Era	->	Linn an Dealachaidh	|	at Muileann chaol that in the fifty-third year of the Severance Era the mills of Muileann dhomhai
CHANGE	eras/age_VI/book/33_of_the_reef_bell.md:12	The Library	->	An Leabharlann	|	e under it without troubling the Board for leave. The Library set down the change in one li
CHANGE	eras/age_VI/book/33_of_the_reef_bell.md:16	the coal line	->	Slighe a' Ghuail	|	Further north, on the coast where the coal line did not run, the rope-walks o
CHANGE	eras/age_VI/book/33_of_the_reef_bell.md:18	the Library's	->	an Leabharlann's	|	e of that shire made that year, the one that gave the Library's own copyists the most trouble
CHANGE	eras/age_VI/book/33_of_the_reef_bell.md:22	the Còmhrag	->	Còmhrag Ceann leathan	|	And at Ceann leathan, where the Còmhrag was fought every summer for a
CHANGE	eras/age_VI/book/33_of_the_reef_bell.md:26	the light at Tobar dhearg	->	Taigh-solais Tobar dhearg	|	f Ciorstaidh nic Artair, who kept after that year the light at Tobar dhearg on the south coast, it is tol
CHANGE	eras/age_VI/book/33_of_the_reef_bell.md:28	the light at Tobar dhearg	->	Taigh-solais Tobar dhearg	|	Artair mac Mhurchaidh had kept the light at Tobar dhearg for above thirty years, since
CHANGE	eras/age_VI/book/33_of_the_reef_bell.md:44	the light at Baile ìseal	->	Taigh-solais Baile ìseal	|	rk, on the pattern the Board had lately fitted to the light at Baile ìseal, so that a master out on the 
CHANGE	eras/age_VI/book/33_of_the_reef_bell.md:46	the Library	->	an Leabharlann	|	The bell was heard first, by any account the Library troubled to gather, on a nigh
CHANGE	eras/age_VI/book/33_of_the_reef_bell.md:46	the known reef	->	an Sceir Aithnichte	|	warning to keep clear of it, an Sceir Aithnichte, the known reef, there being, as one of them 
CHANGE	eras/age_VI/book/33_of_the_reef_bell.md:46	(appositive)	->	an Sceir Aithnichte	|	dropped the English gloss beside an Sceir Aithnichte
CHANGE	eras/age_VI/book/33_of_the_reef_bell.md:50	the Moot	->	Tional nan Tuathach	|	, in Caol mhòr, Mary Coyle laid down the chair of the Moot she had held two-and-twenty y
CHANGE	eras/age_VI/book/33_of_the_reef_bell.md:50	the Rail Board's	->	Comhairle na Slighe-iarainn's	|	n the north long after it bore any other, through the Rail Board's refusals and the Moot's own l
CHANGE	eras/age_VI/book/33_of_the_reef_bell.md:50	the Moot's	->	Tional nan Tuathach's	|	 any other, through the Rail Board's refusals and the Moot's own lean years when the chair
CHANGE	eras/age_VI/book/33_of_the_reef_bell.md:52	the Moot's	->	Tional nan Tuathach's	|	The laying-down came, the Moot's own minute records, on a morn
CHANGE	eras/age_VI/book/33_of_the_reef_bell.md:52	the Rail Board	->	Comhairle na Slighe-iarainn	|	to say of the register her own hand had begun and the Rail Board her own petitions had never o
CHANGE	eras/age_VI/book/33_of_the_reef_bell.md:52	the Moot	->	Tional nan Tuathach	|	at in the chair to keep it. For herself she asked the Moot nothing, having asked it noth
CHANGE	eras/age_VI/book/33_of_the_reef_bell.md:52	the Moot	->	Tional nan Tuathach	|	 asking it for everything else, and named, before the Moot rose that morning, the man sh
CHANGE	eras/age_VI/book/33_of_the_reef_bell.md:54	the Moot's	->	Tional nan Tuathach's	|	and who had sat at Mary Coyle's own right hand in the Moot's chair for above ten years bef
CHANGE	eras/age_VI/book/33_of_the_reef_bell.md:54	the Moot	->	Tional nan Tuathach	|	 a voice raised against him, the first speaker of the Moot to have been born, as the min
CHANGE	eras/age_VI/book/33_of_the_reef_bell.md:54	the Severance	->	An Dealachadh	|	 been born, as the minute troubled to note, after the Severance had already closed and not be
CHANGE	eras/age_VI/book/33_of_the_reef_bell.md:54	the Moot's	->	Tional nan Tuathach's	|	ed and not before it, a fact that meant little to the Moot's own business that morning. He
CHANGE	eras/age_VI/book/33_of_the_reef_bell.md:54	the Moot's	->	Tional nan Tuathach's	|	g as his stitching held straight, and had come to the Moot's own clerking, in the years si
CHANGE	eras/age_VI/book/33_of_the_reef_bell.md:56	the Moot's	->	Tional nan Tuathach's	|	fore he could write his own name, in a room where the Moot's own chest held the north's ta
CHANGE	eras/age_VI/book/33_of_the_reef_bell.md:56	the Moot's	->	Tional nan Tuathach's	|	the pointing did not already say. Frayne said, by the Moot's own record, no more than that
CHANGE	eras/age_VI/book/33_of_the_reef_bell.md:56	the Moot	->	Tional nan Tuathach	|	d keep what she had begun and add to it only what the Moot itself asked him to add, whic
CHANGE	eras/age_VI/book/33_of_the_reef_bell.md:56	the Severance	->	An Dealachadh	|	n jest and half not, whether a speaker born after the Severance meant to speak any differentl
CHANGE	eras/age_VI/book/33_of_the_reef_bell.md:56	the Moot	->	Tional nan Tuathach	|	ker's whole life to set against his own, and that the Moot would find out, as it found o
CHANGE	eras/age_VI/book/33_of_the_reef_bell.md:58	the Severance	->	An Dealachadh	|	 to choose a chair that needed no one born before the Severance to sit in it rightly. Neither
CHANGE	eras/age_VI/book/33_of_the_reef_bell.md:58	the Library	->	An Leabharlann	|	or whether either had come from the other at all; the Library, asked once by a student at C
CHANGE	eras/age_VI/book/34_of_the_one_sheet.md:5	the sheet of the vein	->	Duilleag na Fèithe	|	> Duilleag na Fèithe, the sheet of the vein, held on one leaf what forty 
CHANGE	eras/age_VI/book/34_of_the_one_sheet.md:5	(appositive)	->	Duilleag na Fèithe	|	dropped the English gloss beside Duilleag na Fèithe
CHANGE	eras/age_VI/book/34_of_the_one_sheet.md:7	the Library's	->	An Leabharlann's	|	> — the Library's own note on the map, entered 
CHANGE	eras/age_VI/book/34_of_the_one_sheet.md:11	the court of the fair	->	Cùirt na Fèille	|	It is told at Muileann chaol that the court of the fair at Muileann òg, in the cold w
CHANGE	eras/age_VI/book/34_of_the_one_sheet.md:11	the Severance	->	An Dealachadh	|	d week before the turn of the fifty-fifth year of the Severance, gave over one whole day of i
CHANGE	eras/age_VI/book/34_of_the_one_sheet.md:11	the court of the fair	->	Cùirt na Fèille	|	 The goods still went to Dia-thìreach factors, as the court of the fair had ruled thirty years before
CHANGE	eras/age_VI/book/34_of_the_one_sheet.md:13	the Moot's	->	Tional nan Tuathach's	|	eathan stood that morning at the head of the row, the Moot's chair six months old on him a
CHANGE	eras/age_VI/book/34_of_the_one_sheet.md:13	the white thread	->	An Snàthainn Geal	|	avers of Doire ghlas called it An Snàthainn Geal, the white thread, and had woven it into their 
CHANGE	eras/age_VI/book/34_of_the_one_sheet.md:13	(appositive)	->	An Snàthainn Geal	|	dropped the English gloss beside An Snàthainn Geal
CHANGE	eras/age_VI/book/34_of_the_one_sheet.md:15	the Moot's	->	Tional nan Tuathach's	|	thout it. Frayne wrote nothing of the exchange in the Moot's own book that night, there be
CHANGE	eras/age_VI/book/34_of_the_one_sheet.md:17	the white thread	->	An Snàthainn Geal	|	ing by the lantern's own light a second length of the white thread into a bolt not yet sold, wor
CHANGE	eras/age_VI/book/34_of_the_one_sheet.md:19	the Library's	->	an Leabharlann's	|	es taken, and nothing of the thread at all. It is the Library's own habit, and not the court'
CHANGE	eras/age_VI/book/34_of_the_one_sheet.md:19	the Library	->	an Leabharlann	|	t the fair's clerk filed that winter and the roll the Library keeps of it agree in every fi
CHANGE	eras/age_VI/book/34_of_the_one_sheet.md:23	the Sloc Mòr	->	An Sloc Mòr	|	r matter and a closed one, but the true seam that the Sloc Mòr and its daughter workings had
CHANGE	eras/age_VI/book/34_of_the_one_sheet.md:29	the sheet of the vein	->	Duilleag na Fèithe	|	cord and then in the Board's, Duilleag na Fèithe, the sheet of the vein, and she published it before 
CHANGE	eras/age_VI/book/34_of_the_one_sheet.md:29	(appositive)	->	Duilleag na Fèithe	|	dropped the English gloss beside Duilleag na Fèithe
CHANGE	eras/age_VI/book/34_of_the_one_sheet.md:39	the house of Mac Ùisdein	->	Taigh Mhic Ùisdein	|	 the cellar of the house the Board had taken from the house of Mac Ùisdein some years before, where ever
CHANGE	eras/age_VI/book/34_of_the_one_sheet.md:39	the Library	->	an Leabharlann	|	ed since the rule that kept them there and not at the Library was pressed flat in bundles b
CHANGE	eras/age_VI/book/34_of_the_one_sheet.md:45	the Sloc Mòr's	->	An Sloc Mòr's	|	light of the whole week, and unrolled a survey of the Sloc Mòr's own faces, drawn in a hand sh
CHANGE	eras/age_VI/book/34_of_the_one_sheet.md:53	the Library	->	an Leabharlann	|	She sent the Library a copy of the survey that sam
CHANGE	eras/age_VI/book/34_of_the_one_sheet.md:53	the Library's	->	an Leabharlann's	|	irst been received, and then, rather than wait on the Library's answer, rode east herself, th
CHANGE	eras/age_VI/book/34_of_the_one_sheet.md:55	the Sloc Mòr's	->	An Sloc Mòr's	|	ssor's marks left on old survey pegs. He had left the Sloc Mòr's own surveying for the silver 
CHANGE	eras/age_VI/book/34_of_the_one_sheet.md:55	the silver guild	->	Comann an Airgid	|	isted him now only as retired, on a small pension the silver guild paid out of its own funds rat
CHANGE	eras/age_VI/book/34_of_the_one_sheet.md:55	the Crown	->	An Crùn	|	ild paid out of its own funds rather than trouble the Crown for it, a fact she had not th
CHANGE	eras/age_VI/book/34_of_the_one_sheet.md:61	the Sloc Mòr	->	An Sloc Mòr	|	idh, called Iain Mapa, one survey of the faces of the Sloc Mòr, rolled and tied, this day. F
CHANGE	eras/age_VI/book/34_of_the_one_sheet.md:67	the search for a second vein	->	Sireadh na Dàrna Fèithe	|	He asked her, when she had done, a little about the search for a second vein, which he had followed at a d
CHANGE	eras/age_VI/book/34_of_the_one_sheet.md:71	The silver guild	->	Comann an Airgid	|	fore him in an order only he had ever understood. The silver guild that had paid his small pensi
CHANGE	eras/age_VI/book/34_of_the_one_sheet.md:73	the Library at Muileann chaol	->	Leabharlann Muileann chaol	|	na had seen it, and sent the whole of it south to the Library at Muileann chaol, with a note in her own hand 
CHANGE	eras/age_VI/book/34_of_the_one_sheet.md:73	the Library's	->	an Leabharlann's	|	ho received it, Mòrag nic Coinnich, entered it in the Library's own hand, as her practice was
CHANGE	eras/age_VI/book/34_of_the_one_sheet.md:75	the druid school	->	Scoiltean nan Draoidhean	|	er kept, and went, within the season, to teach at the druid school at Caol shean, where the old 
CHANGE	eras/age_VI/book/34_of_the_one_sheet.md:77	the druid school	->	Scoiltean nan Draoidhean	|	's own walls alone. Its Fèidh hall, given back to the druid school not ten years before, was shu
CHANGE	eras/age_VI/book/34_of_the_one_sheet.md:79	the Còmhrag's	->	Còmhrag Ceann leathan's	|	hose town lived as much off the coal trade as off the Còmhrag's own purse, raised the gate-pr
CHANGE	eras/age_VI/book/34_of_the_one_sheet.md:79	the melee	->	Còmhrag Ceann leathan	|	the Còmhrag's own purse, raised the gate-price of the melee that autumn to make up what t
CHANGE	eras/age_VI/book/34_of_the_one_sheet.md:81	the Library's	->	an Leabharlann's	|	nothing further to say; it hangs still, so far as the Library's last word of it goes, on the 
CHANGE	eras/age_VI/book/35_of_the_crown_alone.md:5	the Crown's	->	An Crùn's	|	> The charter names the Board a carrier of the Crown's people and their goods. A car
CHANGE	eras/age_VI/book/35_of_the_crown_alone.md:11	the fair at Muileann òg	->	Fèill Muileann òg	|	, had for two years running drawn more carts than the fair at Muileann òg, the old fair the whole islan
CHANGE	eras/age_VI/book/35_of_the_crown_alone.md:11	the Moot's	->	Tional nan Tuathach's	|	 own. Daniel Frayne heard it from a wool-buyer at the Moot's own table, a man come down fr
CHANGE	eras/age_VI/book/35_of_the_crown_alone.md:13	the register of the hurt	->	Clàr nan Leòn	|	 wool-buyer's fact in his own private book beside the register of the hurt, a habit he had never broken 
CHANGE	eras/age_VI/book/35_of_the_crown_alone.md:15	the Moot	->	Tional nan Tuathach	|	 and the name and went back to their own ledgers, the Moot having no place in a rite it 
CHANGE	eras/age_VI/book/35_of_the_crown_alone.md:17	the Moot	->	Tional nan Tuathach	|	ore he passed it across the table for a debt owed the Moot, thought it a strange thing t
CHANGE	eras/age_VI/book/35_of_the_crown_alone.md:19	the fair at Muileann òg	->	Fèill Muileann òg	|	He had seen the fair at Muileann òg only a few times in his own l
CHANGE	eras/age_VI/book/35_of_the_crown_alone.md:19	the Carters' Road	->	Rathad nan Cairtearan	|	 his own life, the first with the wool carts down the Carters' Road, and he remembered it as a cr
CHANGE	eras/age_VI/book/35_of_the_crown_alone.md:21	the Moot	->	Tional nan Tuathach	|	 someone thought to teach him the chain. He asked the Moot for primers, there being none
CHANGE	eras/age_VI/book/35_of_the_crown_alone.md:27	the Moot's	->	Tional nan Tuathach's	|	e time they turned their first cloth, raised with the Moot's own money on ground the Churc
CHANGE	eras/age_VI/book/35_of_the_crown_alone.md:27	the Church	->	An Eaglais	|	cloth, raised with the Moot's own money on ground the Church had let stand idle since the 
CHANGE	eras/age_VI/book/35_of_the_crown_alone.md:27	the Severance	->	An Dealachadh	|	ney on ground the Church had let stand idle since the Severance, the first works the north ha
CHANGE	eras/age_VI/book/35_of_the_crown_alone.md:27	the Moot's	->	Tional nan Tuathach's	|	 room's own committee that voted the money out of the Moot's slender chest, a vote he had 
CHANGE	eras/age_VI/book/35_of_the_crown_alone.md:29	The Rail Board's	->	Comhairle na Slighe-iarainn's	|	yer's coin, when it came, found no way to travel. The Rail Board's own factors at Àth leathan, t
CHANGE	eras/age_VI/book/35_of_the_crown_alone.md:29	the coal line	->	Slighe a' Ghuail	|	e north, asked to carry the first wagon-load down the coal line to the fair at Muileann òg, w
CHANGE	eras/age_VI/book/35_of_the_crown_alone.md:29	the fair at Muileann òg	->	Fèill Muileann òg	|	 carry the first wagon-load down the coal line to the fair at Muileann òg, where the southern trade was
CHANGE	eras/age_VI/book/35_of_the_crown_alone.md:29	the register of the hurt	->	Clàr nan Leòn	|	e same table Mary Coyle had once stood at to open the register of the hurt.
CHANGE	eras/age_VI/book/35_of_the_crown_alone.md:35	the Crown's	->	An Crùn's	|	wn property, raised with the Board's own coin and the Crown's own charter, and that a carri
CHANGE	eras/age_VI/book/35_of_the_crown_alone.md:37	the Moot's	->	Tional nan Tuathach's	|	ne spoke for the mill himself, having no advocate the Moot's own coin could stretch to and
CHANGE	eras/age_VI/book/35_of_the_crown_alone.md:37	the Crown	->	An Crùn	|	t him west to ask, whether a carrier chartered by the Crown to carry for the Crown's own 
CHANGE	eras/age_VI/book/35_of_the_crown_alone.md:37	the Crown's	->	An Crùn's	|	her a carrier chartered by the Crown to carry for the Crown's own people might refuse one p
CHANGE	eras/age_VI/book/35_of_the_crown_alone.md:39	the Crown's	->	An Crùn's	|	ed when the reading was done, of "the carriage of the Crown's people and their goods" witho
CHANGE	eras/age_VI/book/35_of_the_crown_alone.md:41	the Rail Board	->	Comhairle na Slighe-iarainn	|	k copied fair and Frayne carried home whole, that the Rail Board was a carrier of the Crown an
CHANGE	eras/age_VI/book/35_of_the_crown_alone.md:41	the Crown	->	An Crùn	|	 home whole, that the Rail Board was a carrier of the Crown and bound, by the Crown's own
CHANGE	eras/age_VI/book/35_of_the_crown_alone.md:41	the Crown's	->	An Crùn's	|	il Board was a carrier of the Crown and bound, by the Crown's own charter, to carry for any
CHANGE	eras/age_VI/book/35_of_the_crown_alone.md:43	the Moot	->	Tional nan Tuathach	|	it was the first ruling of any Dia-thìreach court the Moot had ever won standing, and th
CHANGE	eras/age_VI/book/35_of_the_crown_alone.md:47	The house of Mac Ùisdein	->	Taigh Mhic Ùisdein	|	ntirely, news Frayne read of rather than rode to. The house of Mac Ùisdein, which had sold half its own 
CHANGE	eras/age_VI/book/35_of_the_crown_alone.md:47	the Sloc Mòr	->	An Sloc Mòr	|	Mac Ùisdein, which had sold half its own share in the Sloc Mòr some years before to answer a
CHANGE	eras/age_VI/book/35_of_the_crown_alone.md:47	the Crown	->	An Crùn	|	hing, sold what remained of its working shafts to the Crown outright the next summer, kee
CHANGE	eras/age_VI/book/35_of_the_crown_alone.md:47	the Crown's	->	An Crùn's	|	ir minute that the vein was thenceforth worked in the Crown's name alone, no house's own ch
CHANGE	eras/age_VI/book/35_of_the_crown_alone.md:47	the Crown's	->	An Crùn's	|	ame alone, no house's own charter standing beside the Crown's upon it any longer. Frayne, r
CHANGE	eras/age_VI/book/35_of_the_crown_alone.md:47	the druid school	->	Scoiltean nan Draoidhean	|	last sheet and then resigned her post to teach at the druid school at Caol shean, a woman he had
CHANGE	eras/age_VI/book/35_of_the_crown_alone.md:49	the Sloc Mòr's	->	An Sloc Mòr's	|	there within the season, hiring men laid off from the Sloc Mòr's own thinning galleries at a w
CHANGE	eras/age_VI/book/35_of_the_crown_alone.md:49	the Old Spirits	->	Na Seann Spioradan	|	h troubled to call it so; the town's own house of the Old Spirits, keeping the oldest folk rite
CHANGE	eras/age_VI/book/35_of_the_crown_alone.md:53	the coal line	->	Slighe a' Ghuail	|	The first bale went out from Doire ghlas on the coal line in the last days of an Lùnast
CHANGE	eras/age_VI/book/35_of_the_crown_alone.md:53	the white thread	->	An Snàthainn Geal	|	l wrapped in sacking against the road's own dust, the white thread at its hidden selvedge the on
CHANGE	eras/age_VI/book/35_of_the_crown_alone.md:53	the Carters' Road	->	Rathad nan Cairtearan	|	ther of whom had been born when Frayne first rode the Carters' Road with the wool carts, and one 
CHANGE	eras/age_VI/book/35_of_the_crown_alone.md:53	the Moot's	->	Tional nan Tuathach's	|	He told her he did not know, and that no clerk of the Moot's had ever known it in advance,
CHANGE	eras/age_VI/book/35_of_the_crown_alone.md:57	The Moot's	->	Tional nan Tuathach's	|	eventy years old and five years out of the chair. The Moot's day-book gives the day and he
CHANGE	eras/age_VI/book/35_of_the_crown_alone.md:61	the Moot's	->	Tional nan Tuathach's	|	The burial was set for the fourth day, and the Moot's business stopped for it as it
CHANGE	eras/age_VI/book/35_of_the_crown_alone.md:61	the Carters' Road	->	Rathad nan Cairtearan	|	ere fewer than they had been, and the carters off the Carters' Road came up with their wagons emp
CHANGE	eras/age_VI/book/35_of_the_crown_alone.md:63	the Moot's	->	Tional nan Tuathach's	|	ale, a little lower on the slope, within sight of the Moot's house and of the bench by its
CHANGE	eras/age_VI/book/35_of_the_crown_alone.md:65	the Moot	->	Tional nan Tuathach	|	he grave. He spoke that evening in the room, when the Moot sat again for the first time 
CHANGE	eras/age_VI/book/35_of_the_crown_alone.md:65	the Moot's	->	Tional nan Tuathach's	|	he book. He said that she had asked the south, in the Moot's name, for the timber at Àth l
CHANGE	eras/age_VI/book/35_of_the_crown_alone.md:67	the Moot's	->	Tional nan Tuathach's	|	 the room whether it would have the sheet kept in the Moot's own chest beside the register
CHANGE	eras/age_VI/book/35_of_the_crown_alone.md:67	the Moot	->	Tional nan Tuathach	|	eceived from the family of Mary Coyle, speaker of the Moot from the thirty-third year to
CHANGE	eras/age_VI/book/35_of_the_crown_alone.md:69	The Moot	->	Tional nan Tuathach	|	No notice of her death went south. The Moot sent none, having no office i
CHANGE	eras/age_VI/book/35_of_the_crown_alone.md:69	The royal chronicle	->	Eachdraidh na Rìoghachd	|	own what to do with it, and the south asked none. The royal chronicle for that year, when Tormod Pi
CHANGE	eras/age_VI/book/35_of_the_crown_alone.md:69	the Library's	->	An Leabharlann's	|	mod Pinn came to close it, holds no line for her; the Library's first knowledge of her death 
CHANGE	eras/age_VI/book/35_of_the_crown_alone.md:69	The Moot's	->	Tional nan Tuathach's	|	ks, and Mòrag, entering it, could give it no day. The Moot's book gives the day, the hour,
CHANGE	eras/age_VI/book/36_of_the_pumps_and_the_panthers.md:11	the Sloc Mòr's	->	An Sloc Mòr's	|	of new stone houses for the miners come down from the Sloc Mòr's own failing galleries, men wh
CHANGE	eras/age_VI/book/36_of_the_pumps_and_the_panthers.md:11	the street of the pit	->	Sràid an t-Sluic	|	 than the one they had come to: Sràid an t-Sluic, the street of the pit, so that a man walking up fro
CHANGE	eras/age_VI/book/36_of_the_pumps_and_the_panthers.md:11	(appositive)	->	Sràid an t-Sluic	|	dropped the English gloss beside Sràid an t-Sluic
CHANGE	eras/age_VI/book/36_of_the_pumps_and_the_panthers.md:13	the Old Spirits	->	Na Seann Spioradan	|	The house of the Old Spirits at Àth fhiadhaich, which had 
CHANGE	eras/age_VI/book/36_of_the_pumps_and_the_panthers.md:15	the Library	->	an Leabharlann	|	 miners themselves, by every account that reached the Library that year, troubled the name 
CHANGE	eras/age_VI/book/36_of_the_pumps_and_the_panthers.md:15	the Sloc Mòr's	->	An Sloc Mòr's	|	r their own priesthood did, a man newly down from the Sloc Mòr's own thinning galleries having
CHANGE	eras/age_VI/book/36_of_the_pumps_and_the_panthers.md:15	the Sloc Mòr's	->	An Sloc Mòr's	|	the rest of their goods, small lumps of coal from the Sloc Mòr's own upper galleries, kept les
CHANGE	eras/age_VI/book/36_of_the_pumps_and_the_panthers.md:17	the Library	->	an Leabharlann	|	Beathag nic Fhionnlaigh, who had come to the Library three years before as a clerk
CHANGE	eras/age_VI/book/36_of_the_pumps_and_the_panthers.md:21	the Sloc Mòr's	->	An Sloc Mòr's	|	 Muileann chaol from three separate quarters that the Sloc Mòr's lowest galleries stood floode
CHANGE	eras/age_VI/book/36_of_the_pumps_and_the_panthers.md:25	the coal line	->	Slighe a' Ghuail	|	ge. Tormod watched the first of the three go down the coal line from a siding above Achadh dh
CHANGE	eras/age_VI/book/36_of_the_pumps_and_the_panthers.md:31	the chronicle	->	Eachdraidh na Rìoghachd	|	etters counting barrels, and Tormod, who had kept the chronicle long enough to know which shi
CHANGE	eras/age_VI/book/36_of_the_pumps_and_the_panthers.md:31	the Sloc Mòr's	->	An Sloc Mòr's	|	because it was the first word he had had of where the Sloc Mòr's pumps had gone to.
CHANGE	eras/age_VI/book/36_of_the_pumps_and_the_panthers.md:33	the Sloc Mòr	->	An Sloc Mòr	|	 again. The return said that the three engines of the Sloc Mòr had come down the coal line o
CHANGE	eras/age_VI/book/36_of_the_pumps_and_the_panthers.md:33	the coal line	->	Slighe a' Ghuail	|	t the three engines of the Sloc Mòr had come down the coal line one after another through the
CHANGE	eras/age_VI/book/36_of_the_pumps_and_the_panthers.md:39	the chronicle	->	Eachdraidh na Rìoghachd	|	siding above the pithead. He wrote the facts into the chronicle in their order: the three eng
CHANGE	eras/age_VI/book/36_of_the_pumps_and_the_panthers.md:41	the Library	->	an Leabharlann	|	h appeared in no paper the Board had ever sent to the Library. He copied the three names in
CHANGE	eras/age_VI/book/36_of_the_pumps_and_the_panthers.md:41	the Library's	->	an Leabharlann's	|	ree names into the margin of his entry, and asked the Library's clerk who filed the return to
CHANGE	eras/age_VI/book/36_of_the_pumps_and_the_panthers.md:45	the Library	->	an Leabharlann	|	 his own fit to hold it, passing the letter on to the Library as a thing more fit for a chr
CHANGE	eras/age_VI/book/36_of_the_pumps_and_the_panthers.md:47	the Library	->	an Leabharlann	|	Tormod set the letter beside an older paper the Library kept, a list drawn up in the 
CHANGE	eras/age_VI/book/36_of_the_pumps_and_the_panthers.md:47	the Holy Age's	->	An Aois Naomh's	|	ssing having been reckoned, by whatever reasoning the Holy Age's own tellers had kept, to trou
CHANGE	eras/age_VI/book/36_of_the_pumps_and_the_panthers.md:49	the crossing days	->	Imrich nam Pantar	|	ck they could off the path beforehand and keeping the crossing days as a season of watching rathe
CHANGE	eras/age_VI/book/36_of_the_pumps_and_the_panthers.md:49	the fair at Muileann òg	->	Fèill Muileann òg	|	scribe and Tormod did not think to ask after, and the fair at Muileann òg the following year saw, for t
CHANGE	eras/age_VI/book/36_of_the_pumps_and_the_panthers.md:51	the chronicle	->	Eachdraidh na Rìoghachd	|	ng the entry, asked him whether it was proper for the chronicle to note a trade that might, f
CHANGE	eras/age_VI/book/36_of_the_pumps_and_the_panthers.md:51	the Library	->	an Leabharlann	|	hat a note honestly wrong in ten years' time cost the Library less than a note never set do
CHANGE	eras/age_VI/book/36_of_the_pumps_and_the_panthers.md:55	the Sloc Mòr's	->	An Sloc Mòr's	|	 mhin coming thinner and dearer with every season the Sloc Mòr's own galleries gave less of it
CHANGE	eras/age_VI/book/36_of_the_pumps_and_the_panthers.md:57	the Guild of Hewers	->	Comann nan Gualadairean	|	 habit no charter had ever set down rules for and the Guild of Hewers, finding itself with no claus
CHANGE	eras/age_VI/book/36_of_the_pumps_and_the_panthers.md:57	the Library	->	an Leabharlann	|	copy of the book's first year, judging it a thing the Library ought to hold against the day
CHANGE	eras/age_VI/book/36_of_the_pumps_and_the_panthers.md:59	the Rite	->	Deas-ghnàth a' Ghuail	|	om the custodian of the yard's own small house of the Rite, a man Tormod had corresponde
CHANGE	eras/age_VI/book/36_of_the_pumps_and_the_panthers.md:59	the Sloc Mòr	->	An Sloc Mòr	|	families who kept the coal trains running between the Sloc Mòr and the coast, seeing their o
CHANGE	eras/age_VI/book/36_of_the_pumps_and_the_panthers.md:63	the Library's	->	an Leabharlann's	|	nst the day some larger matter needed it had done the Library's own work a season before the 
CHANGE	eras/age_VI/book/36_of_the_pumps_and_the_panthers.md:63	the Library	->	an Leabharlann	|	t had done the Library's own work a season before the Library knew to ask for it.
CHANGE	eras/age_VI/book/36_of_the_pumps_and_the_panthers.md:69	the search for a second vein	->	Sireadh na Dàrna Fèithe	|	 than any the shires had reckoned on since before the search for a second vein had first been spoken of, the
CHANGE	eras/age_VI/book/36_of_the_pumps_and_the_panthers.md:71	the Holy Age's	->	An Aois Naomh's	|	, the one naming the year to come a hungry one by the Holy Age's own reckoning, leaving the wo
CHANGE	eras/age_VI/book/36_of_the_pumps_and_the_panthers.md:71	the Library's	->	an Leabharlann's	|	, leaving the words legible beneath the stroke as the Library's own practice required of ever
CHANGE	eras/age_VI/book/37_of_now_written.md:11	the Moot's	->	Tional nan Tuathach's	|	ode north to Caol mhòr that autumn were the first the Moot's room had ever seen come askin
CHANGE	eras/age_VI/book/37_of_now_written.md:11	the Moot	->	Tional nan Tuathach	|	ice in thirty years of dealing with them, whether the Moot kept a count of its own peopl
CHANGE	eras/age_VI/book/37_of_now_written.md:13	the Moot	->	Tional nan Tuathach	|	pen on the table between them, and gave them what the Moot had: the school registers Agn
CHANGE	eras/age_VI/book/37_of_now_written.md:13	the Moot's	->	Tional nan Tuathach's	|	han that had ever brought him a book to mend, and the Moot's own count of heads taken ever
CHANGE	eras/age_VI/book/37_of_now_written.md:13	the Moot	->	Tional nan Tuathach	|	areful hand, and asked, when he had done, whether the Moot would swear to them before a 
CHANGE	eras/age_VI/book/37_of_now_written.md:13	the Moot	->	Tional nan Tuathach	|	t, a question Frayne answered by telling him that the Moot had sworn to smaller things f
CHANGE	eras/age_VI/book/37_of_now_written.md:19	the Crown's	->	An Crùn's	|	rm the notice that announced it called a token of the Crown's own confidence in its people,
CHANGE	eras/age_VI/book/37_of_now_written.md:23	The Moot's	->	Tional nan Tuathach's	|	ows white with frost since the first hard nights. The Moot's clerk who read the columns al
CHANGE	eras/age_VI/book/37_of_now_written.md:27	the Moot	->	Tional nan Tuathach	|	 each asking, much the same answer, that a figure the Moot had always known and the king
CHANGE	eras/age_VI/book/37_of_now_written.md:27	the Moot	->	Tional nan Tuathach	|	r printed was one kind of fact, and a figure both the Moot and the kingdom now held in t
CHANGE	eras/age_VI/book/37_of_now_written.md:31	the coal-touched	->	fuil-ghuail	|	 census carried, as the first one had, a line for the coal-touched, a number given without gloss
CHANGE	eras/age_VI/book/37_of_now_written.md:31	the royal chronicle	->	Eachdraidh na Rìoghachd	|	d Tormod Pinn, copying the published figures into the royal chronicle at Muileann chaol that same w
CHANGE	eras/age_VI/book/37_of_now_written.md:31	the chronicle	->	Eachdraidh na Rìoghachd	|	He was eight-and-seventy that winter and had kept the chronicle three-and-twenty years, and t
CHANGE	eras/age_VI/book/37_of_now_written.md:33	the houses of the Stone	->	Òrd na Cloiche	|	In the south-west that same season, the houses of the Stone published, for the first time
CHANGE	eras/age_VI/book/37_of_now_written.md:33	the chronicle	->	Eachdraidh na Rìoghachd	|	within a hundred souls of each other, a closeness the chronicle noted with the same flat hand
CHANGE	eras/age_VI/book/37_of_now_written.md:33	the Library	->	an Leabharlann	|	column that winter, though more than one clerk at the Library remarked, reading the entry, 
CHANGE	eras/age_VI/book/37_of_now_written.md:37	the Library's	->	an Leabharlann's	|	three-and-twenty years of keeping it. He had told the Library's younger clerks, more than onc
CHANGE	eras/age_VI/book/37_of_now_written.md:39	the Library's	->	an Leabharlann's	|	h the saying, a chronicler's own health being, by the Library's long custom, a matter he was 
CHANGE	eras/age_VI/book/37_of_now_written.md:39	the Library	->	an Leabharlann	|	ad served under Ailean Leabhar too, that a man of the Library seemed always to be found, as
CHANGE	eras/age_VI/book/37_of_now_written.md:41	the Library	->	an Leabharlann	|	thin the week, in the small burying-ground behind the Library that held every keeper and ch
CHANGE	eras/age_VI/book/37_of_now_written.md:41	the Library's	->	an Leabharlann's	|	ck nothing from it that was not yet earned, words the Library's own younger clerks copied dow
CHANGE	eras/age_VI/book/37_of_now_written.md:41	the Library's	->	an Leabharlann's	|	ve been. He was nine-and-seventy at his death, by the Library's own reckoning of his years, a
CHANGE	eras/age_VI/book/37_of_now_written.md:43	the Library's	->	an Leabharlann's	|	t after Tormod's long, quiet tenure. She had kept the Library's own gazetteer returns seven y
CHANGE	eras/age_VI/book/37_of_now_written.md:43	the chronicle	->	Eachdraidh na Rìoghachd	|	the close of every year's entries, set apart from the chronicle proper, naming what the recor
CHANGE	eras/age_VI/book/37_of_now_written.md:45	the Moot's	->	Tional nan Tuathach's	|	r themselves, and the figures they were told were the Moot's own, given freely by its spea
CHANGE	eras/age_VI/book/37_of_now_written.md:45	a Library clerk	->	a clerk of an Leabharlann	|	ote some months later, a copy of it sent north by a Library clerk who thought the room at Caol 
CHANGE	eras/age_VI/book/37_of_now_written.md:49	the Library	->	an Leabharlann	|	chaol from the north-central coast that no one at the Library had asked for. It carried thr
CHANGE	eras/age_VI/book/37_of_now_written.md:49	the Library's	->	an Leabharlann's	|	lain oak bound in iron, and a letter under a seal the Library's clerks had not seen on any pa
CHANGE	eras/age_VI/book/37_of_now_written.md:49	the Hawk houses	->	Òrd an t-Seabhaig	|	years before. The coffers held the birth-rolls of the Hawk houses of Siorrachd Ros gheal, every
CHANGE	eras/age_VI/book/37_of_now_written.md:49	the Library's	->	an Leabharlann's	|	 kept a roll, some of the oldest leaves in a hand the Library's copyists had to send for the 
CHANGE	eras/age_VI/book/37_of_now_written.md:51	the Library	->	an Leabharlann	|	tter was short. It said that the houses had heard the Library meant to call in the records 
CHANGE	eras/age_VI/book/37_of_now_written.md:51	the Library's	->	an Leabharlann's	|	 an t-Seabhaig and not under Òrd Bhrìde, whatever the Library's own custom was for filing the
CHANGE	eras/age_VI/book/37_of_now_written.md:51	the Old Faith	->	An Creideamh Sean	|	 Library's own custom was for filing the rites of the Old Faith together; and if the keeper d
CHANGE	eras/age_VI/book/37_of_now_written.md:53	the Library's	->	an Leabharlann's	|	than the grain dock in his life, and he waited in the Library's yard through the whole of an 
CHANGE	eras/age_VI/book/37_of_now_written.md:55	the Library's	->	an Leabharlann's	|	tter at her own desk and sent for the register of the Library's filing, which Ailean Leabhar 
CHANGE	eras/age_VI/book/37_of_now_written.md:55	the Old Faith's	->	An Creideamh Sean's	|	gun and she had kept, and which set the papers of the Old Faith's orders, the Rite and the Hawk
CHANGE	eras/age_VI/book/37_of_now_written.md:55	the Rite	->	Deas-ghnàth a' Ghuail	|	d which set the papers of the Old Faith's orders, the Rite and the Hawk and the houses t
CHANGE	eras/age_VI/book/37_of_now_written.md:55	the Hawk	->	Òrd an t-Seabhaig	|	he papers of the Old Faith's orders, the Rite and the Hawk and the houses the Rite had t
CHANGE	eras/age_VI/book/37_of_now_written.md:55	the Rite	->	Deas-ghnàth a' Ghuail	|	th's orders, the Rite and the Hawk and the houses the Rite had taken in, under one headi
CHANGE	eras/age_VI/book/37_of_now_written.md:55	the Rite's	->	Deas-ghnàth a' Ghuail's	|	uses the Rite had taken in, under one heading, as the Rite's own order of worship set them
CHANGE	eras/age_VI/book/37_of_now_written.md:55	the Hawk	->	Òrd an t-Seabhaig	|	ing, as the Rite's own order of worship set them, the Hawk being in the Rite's reckoning
CHANGE	eras/age_VI/book/37_of_now_written.md:55	the Rite's	->	Deas-ghnàth a' Ghuail's	|	 own order of worship set them, the Hawk being in the Rite's reckoning a house of the Old 
CHANGE	eras/age_VI/book/37_of_now_written.md:55	the Old Faith	->	An Creideamh Sean	|	the Hawk being in the Rite's reckoning a house of the Old Faith that had not yet come under i
CHANGE	eras/age_VI/book/37_of_now_written.md:55	the Hawk's	->	Òrd an t-Seabhaig's	|	d not yet come under its custodian. She had filed the Hawk's letters so for five-and-twent
CHANGE	eras/age_VI/book/37_of_now_written.md:55	the Library's	->	an Leabharlann's	|	rought it said afterward, and then asked him what the Library's warrant said it was for. He t
CHANGE	eras/age_VI/book/37_of_now_written.md:57	the Library	->	an Leabharlann	|	a witness to see them so filed if they chose; and the Library kept a copy made in its own h
CHANGE	eras/age_VI/book/37_of_now_written.md:59	the Library	->	an Leabharlann	|	It was the first time in its history that the Library had filed a paper under a nam
CHANGE	eras/age_VI/book/37_of_now_written.md:59	the Library's	->	an Leabharlann's	|	aper under a name its sender set against the name the Library's own register gave. Mòrag ente
CHANGE	eras/age_VI/book/37_of_now_written.md:59	the Hawk houses	->	Òrd an t-Seabhaig	|	 clerks said was not quite her ordinary one, that the Hawk houses of Ros gheal had kept their c
CHANGE	eras/age_VI/book/37_of_now_written.md:59	the Library	->	an Leabharlann	|	gheal had kept their children's names longer than the Library had kept anything, and that s
CHANGE	eras/age_VI/book/37_of_now_written.md:59	the Library	->	an Leabharlann	|	ary had kept anything, and that she did not think the Library had any business teaching the
CHANGE	eras/age_VI/book/37_of_now_written.md:61	the Library's	->	an Leabharlann's	|	 three lines went there in the ordinary way, with the Library's other notices of the year, an
CHANGE	eras/age_VI/book/37_of_now_written.md:61	the Library	->	an Leabharlann	|	and was answered, if it was answered, in a letter the Library never received. At Ros gheal,
CHANGE	eras/age_VI/book/37_of_now_written.md:61	the Hawk country	->	Oirthir an t-Seabhaig	|	hall and said nothing of them afterward, which in the Hawk country, he said, was how a thing was
CHANGE	eras/age_VI/book/37_of_now_written.md:63	the royal chronicle	->	Eachdraidh na Rìoghachd	|	's desk that autumn, entered the rolls' coming in the royal chronicle as the Library entered it, un
CHANGE	eras/age_VI/book/37_of_now_written.md:63	the Library	->	an Leabharlann	|	tered the rolls' coming in the royal chronicle as the Library entered it, under the name th
CHANGE	eras/age_VI/book/37_of_now_written.md:67	the Crown's	->	An Crùn's	|	rolls the shires' own faiths had filed apart from the Crown's business, all of it, whatever
CHANGE	eras/age_VI/book/37_of_now_written.md:67	the Library	->	an Leabharlann	|	d troubled to keep, to be copied or kept whole as the Library judged fit.
CHANGE	eras/age_VI/book/37_of_now_written.md:69	the Library's	->	an Leabharlann's	|	 was fined by the council for the burning, a fine the Library's own clerk noted he paid witho
CHANGE	eras/age_VI/book/37_of_now_written.md:69	the Library	->	an Leabharlann	|	he only shire record of the whole calling-in that the Library never had the chance to read.
CHANGE	eras/age_VI/book/37_of_now_written.md:71	the chronicle	->	Eachdraidh na Rìoghachd	|	one, that her grandmother's grandmother had begun the chronicle on the back of an unused rent
CHANGE	eras/age_VI/book/37_of_now_written.md:71	the Library's	->	an Leabharlann's	|	 lift out whatever the crates held, entered it in the Library's own register as the best-kept
CHANGE	eras/age_VI/book/37_of_now_written.md:71	the Library	->	an Leabharlann	|	g the chest held to be returned to the shire once the Library had made its own, an asking n
CHANGE	eras/age_VI/book/37_of_now_written.md:71	the Library	->	an Leabharlann	|	 the pattern every later shire's copy was cut to, the Library having found, in the asking, 
CHANGE	eras/age_VI/book/37_of_now_written.md:73	The Library's	->	An Leabharlann's	|	The Library's own holdings doubled that yea
CHANGE	eras/age_VI/book/37_of_now_written.md:73	the Crown's	->	An Crùn's	|	er archives several provinces had kept apart from the Crown's own rolls, so that from that 
CHANGE	eras/age_VI/book/37_of_now_written.md:73	the Severance	->	An Dealachadh	|	ann chaol and not scattered, as it had been since the Severance, across forty shire halls eac
CHANGE	eras/age_VI/book/37_of_now_written.md:75	the Moot's	->	Tional nan Tuathach's	|	h's own record stayed where it had always stayed: the Moot's minute-books at Caol mhòr, th
CHANGE	eras/age_VI/book/37_of_now_written.md:75	the Moot	->	Tional nan Tuathach	|	put the question to them plainly himself, whether the Moot ought to offer its own books 
CHANGE	eras/age_VI/book/37_of_now_written.md:79	the Moot's	->	Tional nan Tuathach's	|	om Caol mhòr that year or any year following, and the Moot's own books, whatever the kingd
CHANGE	eras/age_VI/book/38_of_the_empty_floor_and_the_banked_fire.md:7	the chronicle	->	Eachdraidh na Rìoghachd	|	> — Beathag nic Fhionnlaigh, foot-note to the chronicle, entered at Muileann chaol, {
CHANGE	eras/age_VI/book/38_of_the_empty_floor_and_the_banked_fire.md:11	the Sloc Mòr's	->	An Sloc Mòr's	|	 was raised of the grey stone that came up out of the Sloc Mòr's own spoil, cut and dressed by
CHANGE	eras/age_VI/book/38_of_the_empty_floor_and_the_banked_fire.md:11	the Crown's	->	An Crùn's	|	rolls the shires' own faiths had filed apart from the Crown's business. The fourth floor, b
CHANGE	eras/age_VI/book/38_of_the_empty_floor_and_the_banked_fire.md:11	the Library	->	an Leabharlann	|	r was easier built now than added later, and that the Library had learned, over its long ke
CHANGE	eras/age_VI/book/38_of_the_empty_floor_and_the_banked_fire.md:13	the chronicle	->	Eachdraidh na Rìoghachd	|	o different mouths and wrote neither of them into the chronicle, judging a chronicle no place
CHANGE	eras/age_VI/book/38_of_the_empty_floor_and_the_banked_fire.md:15	the Moot's	->	Tional nan Tuathach's	|	ked the masons to raise it all the same, whatever the Moot's own answer proved to be. The 
CHANGE	eras/age_VI/book/38_of_the_empty_floor_and_the_banked_fire.md:15	the Library	->	an Leabharlann	|	n's death, his own front-of-the-year list of what the Library had never been sent, unchange
CHANGE	eras/age_VI/book/38_of_the_empty_floor_and_the_banked_fire.md:17	the Library's	->	an Leabharlann's	|	he same plain hand, and kept the note in the book the Library's own younger clerks were begin
CHANGE	eras/age_VI/book/38_of_the_empty_floor_and_the_banked_fire.md:17	the chronicle	->	Eachdraidh na Rìoghachd	|	were beginning, by then, to read before they read the chronicle proper, a small book that had
CHANGE	eras/age_VI/book/38_of_the_empty_floor_and_the_banked_fire.md:21	The Rail Board's	->	Comhairle na Slighe-iarainn's	|	The Rail Board's own minute that summer gave o
CHANGE	eras/age_VI/book/38_of_the_empty_floor_and_the_banked_fire.md:21	the chronicle	->	Eachdraidh na Rìoghachd	|	estern pits, and Beathag, copying the minute into the chronicle as the Board had written it, 
CHANGE	eras/age_VI/book/38_of_the_empty_floor_and_the_banked_fire.md:21	the Crown's	->	An Crùn's	|	w was fairly worth to a house working the vein in the Crown's name alone, and the Tuathaich
CHANGE	eras/age_VI/book/38_of_the_empty_floor_and_the_banked_fire.md:23	the Crown's	->	An Crùn's	|	ar behind him. The captains the hewers chose kept the Crown's fifth by the Leòid ruling, as
CHANGE	eras/age_VI/book/38_of_the_empty_floor_and_the_banked_fire.md:23	the Leòid ruling	->	Breith Leòid	|	ptains the hewers chose kept the Crown's fifth by the Leòid ruling, as the ruling required of th
CHANGE	eras/age_VI/book/38_of_the_empty_floor_and_the_banked_fire.md:27	the Library	->	an Leabharlann	|	A younger clerk at the Library, reading the Board's own minu
CHANGE	eras/age_VI/book/38_of_the_empty_floor_and_the_banked_fire.md:27	the chronicle	->	Eachdraidh na Rìoghachd	|	he ledger and a truer one put in its place, since the chronicle, of all the kingdom's books, 
CHANGE	eras/age_VI/book/38_of_the_empty_floor_and_the_banked_fire.md:35	the far-off house	->	An Sligeanach Fad' às	|	same season, on the southern road a country away, the far-off house that the carters called An Sl
CHANGE	eras/age_VI/book/38_of_the_empty_floor_and_the_banked_fire.md:35	the chronicle	->	Eachdraidh na Rìoghachd	|	tions of quiet keeping. Beathag noted the sale in the chronicle in a single line, the house's
CHANGE	eras/age_VI/book/38_of_the_empty_floor_and_the_banked_fire.md:35	the Library's	->	an Leabharlann's	|	single line, the house's changing hands being, by the Library's own measure, a small thing be
CHANGE	eras/age_VI/book/38_of_the_empty_floor_and_the_banked_fire.md:43	the chronicle	->	Eachdraidh na Rìoghachd	|	 brought in from all the grounds about it, a fact the chronicle sets down without comment, si
CHANGE	eras/age_VI/book/38_of_the_empty_floor_and_the_banked_fire.md:47	the Library	->	an Leabharlann	|	Mòrag nic Coinnich laid down the keepership of the Library in the autumn of the seventie
CHANGE	eras/age_VI/book/38_of_the_empty_floor_and_the_banked_fire.md:47	the Library's	->	an Leabharlann's	|	ome after her, a man fifty that year who had kept the Library's own catalogue in order throug
CHANGE	eras/age_VI/book/38_of_the_empty_floor_and_the_banked_fire.md:49	the Library's	->	an Leabharlann's	|	season and changed, in his first year, nothing of the Library's own hours nor its own custom,
CHANGE	eras/age_VI/book/38_of_the_empty_floor_and_the_banked_fire.md:49	the chronicle	->	Eachdraidh na Rìoghachd	|	n foot-notes ought to be gathered separately from the chronicle proper, a question she answer
CHANGE	eras/age_VI/book/38_of_the_empty_floor_and_the_banked_fire.md:51	the chronicle	->	Eachdraidh na Rìoghachd	|	e to cry its breaking, a silence Beathag noted in the chronicle as plainly as she had noted t
CHANGE	eras/age_VI/book/38_of_the_empty_floor_and_the_banked_fire.md:55	The chronicle	->	Eachdraidh na Rìoghachd	|	h a lantern between them against the winter dark. The chronicle records, in a line Beathag se
CHANGE	eras/age_VI/book/38_of_the_empty_floor_and_the_banked_fire.md:55	the Library's	->	an Leabharlann's	|	e out from Muileann chaol to note the posting for the Library's own record wrote home to Beat
CHANGE	eras/age_VI/book/38_of_the_empty_floor_and_the_banked_fire.md:57	the chronicle	->	Eachdraidh na Rìoghachd	|	ng rather than a want, a word Beathag copied into the chronicle exactly as the notice gave it
CHANGE	eras/age_VI/book/38_of_the_empty_floor_and_the_banked_fire.md:59	the chronicle's	->	Eachdraidh na Rìoghachd's	|	ear, entered the following spring at the close of the chronicle's own account of it, named what
CHANGE	eras/age_VI/book/38_of_the_empty_floor_and_the_banked_fire.md:59	the Library	->	an Leabharlann	|	sk for and no shire had troubled to keep, so that the Library, which now held in one place 
CHANGE	eras/age_VI/book/38_of_the_empty_floor_and_the_banked_fire.md:61	the Library	->	an Leabharlann	|	 and she judged, closing the year's account, that the Library had grown practised, in seven
CHANGE	eras/age_VI/book/38_of_the_empty_floor_and_the_banked_fire.md:63	the Library	->	an Leabharlann	|	dy in the capital was watching him, and nobody in the Library knew his name. On a night nea
CHANGE	eras/age_VI/book/38_of_the_empty_floor_and_the_banked_fire.md:65	the Library's	->	an Leabharlann's	|	ed in the north and the kingdom asleep around it, the Library's fourth floor standing empty s
CHANGE	eras/age_VI/gazetteer/01_capital_and_north_west.json:19.history	the council of twelve	->	Comhairle na Rìoghachd	|	The capital held the council of twelve from the second year of the a
CHANGE	eras/age_VI/gazetteer/01_capital_and_north_west.json:19.history	the realm-coin	->	Bonn na Rìoghachd	|	ay and a night for Niall's death. The mint struck the realm-coin here from the fifth year, the
CHANGE	eras/age_VI/gazetteer/01_capital_and_north_west.json:19.history	the Rail Board	->	Comhairle na Slighe-iarainn	|	t struck the realm-coin here from the fifth year, the Rail Board kept its low grey office here
CHANGE	eras/age_VI/gazetteer/01_capital_and_north_west.json:19.history	the Mine Board	->	Comhairle nam Mèinnean	|	the Rail Board kept its low grey office here, and the Mine Board sat here until the twenty-sev
CHANGE	eras/age_VI/gazetteer/01_capital_and_north_west.json:95.history	the Tuathaich homeland	->	Tìr-dhùthchais nan Tuathach	|	The harbour town where the council's word fixing the Tuathaich homeland was read aloud on the twenty-
CHANGE	eras/age_VI/gazetteer/01_capital_and_north_west.json:95.history	the Moot's	->	Tional nan Tuathach's	|	et in the long room behind the harbour and opened the Moot's book, and the Moot sat here f
CHANGE	eras/age_VI/gazetteer/01_capital_and_north_west.json:95.history	the Moot	->	Tional nan Tuathach	|	ehind the harbour and opened the Moot's book, and the Moot sat here for the rest of the 
CHANGE	eras/age_VI/gazetteer/01_capital_and_north_west.json:95.history	the Library	->	an Leabharlann	|	year the room declined to send its books south to the Library, and the clerk entered two wo
CHANGE	eras/age_VI/gazetteer/01_capital_and_north_west.json:95.known_for	the Moot	->	Tional nan Tuathach	|	the Moot, and the two words kept north
CHANGE	eras/age_VI/gazetteer/01_capital_and_north_west.json:209.history	the Moot	->	Tional nan Tuathach	|	 were named on a sheet in the church porch before the Moot had a book to name them in. M
CHANGE	eras/age_VI/gazetteer/01_capital_and_north_west.json:209.history	the Moot's minutes	->	Cuimhne-coinneimh an Tionail	|	 eleven scholars and no primer but the psalms and the Moot's minutes, and moved it to the church p
CHANGE	eras/age_VI/gazetteer/01_capital_and_north_west.json:209.history	the white thread	->	An Snàthainn Geal	|	eann leathan. Its weavers wove An Snàthainn Geal, the white thread, into their cloth, and sold u
CHANGE	eras/age_VI/gazetteer/01_capital_and_north_west.json:209.history	the Moot's	->	Tional nan Tuathach's	|	fifty-fifth year. The wool mills raised here with the Moot's coin turned their first bolt 
CHANGE	eras/age_VI/gazetteer/01_capital_and_north_west.json:209.history	the Rail Board's	->	Comhairle na Slighe-iarainn's	|	ned their first bolt in the fifty-ninth year, and the Rail Board's refusal to carry it brought t
CHANGE	eras/age_VI/gazetteer/01_capital_and_north_west.json:209.history	(appositive)	->	An Snàthainn Geal	|	dropped the English gloss beside An Snàthainn Geal
CHANGE	eras/age_VI/gazetteer/01_capital_and_north_west.json:209.known_for	the white thread	->	An Snàthainn Geal	|	Agnes Pike's byre school and the white thread
CHANGE	eras/age_VI/gazetteer/01_capital_and_north_west.json:27.history	the Library's	->	an Leabharlann's	|	g. A shipwright of the town was the first name in the Library's reading-book. Its harbour cle
CHANGE	eras/age_VI/gazetteer/01_capital_and_north_west.json:330.history	Carters' Road	->	Rathad nan Cairtearan	|	if anyone ever came to ask; no maor came. The old Carters' Road runs down to it from Cnoc gho
CHANGE	eras/age_VI/gazetteer/01_capital_and_north_west.json:489.history	the Rite's	->	Deas-ghnàth a' Ghuail's	|	 not the Seann Skell of the southern coast, where the Rite's high custodian sits, and the 
CHANGE	eras/age_VI/gazetteer/01_capital_and_north_west.json:489.history	high custodian	->	Àrd-choimheadaiche	|	ann Skell of the southern coast, where the Rite's high custodian sits, and the record keeps th
CHANGE	eras/age_VI/gazetteer/01_capital_and_north_west.json:143.history	the Crown	->	An Crùn	|	neteen causes to their ends and found fifteen for the Crown; the Coombes and the Pettifer
CHANGE	eras/age_VI/gazetteer/01_capital_and_north_west.json:365.history	the Severance	->	An Dealachadh	|	ad ridden no further north than its market before the Severance, and he rode its letters to i
CHANGE	eras/age_VI/gazetteer/01_capital_and_north_west.json:190.history	The Crown	->	An Crùn	|	irst fortnight in ground the sea had not reached. The Crown paid a third of the relief, t
CHANGE	eras/age_VI/gazetteer/01_capital_and_north_west.json:150.history	the Great Wave	->	Tonn Mhòr Cnoc chaol	|	the sea had never in living memory reached, until the Great Wave of the fourth year ran over i
CHANGE	eras/age_VI/gazetteer/01_capital_and_north_west.json:364.history	the Great Wave	->	Tonn Mhòr Cnoc chaol	|	hingle on the south coast, which gave its name to the Great Wave of the fourth year, Tonn Mhòr
CHANGE	eras/age_VI/gazetteer/01_capital_and_north_west.json:364.history	the drowned strand	->	an Tràigh Bhàthte	|	left it; the townsfolk call it an Tràigh Bhàthte, the drowned strand, and do not build there. Its 
CHANGE	eras/age_VI/gazetteer/01_capital_and_north_west.json:364.history	(appositive)	->	an Tràigh Bhàthte	|	dropped the English gloss beside an Tràigh Bhàthte
CHANGE	eras/age_VI/gazetteer/01_capital_and_north_west.json:364.known_for	the drowned strand	->	an Tràigh Bhàthte	|	the wave's name, and the drowned strand
CHANGE	eras/age_VI/gazetteer/01_capital_and_north_west.json:5.history	the Severance	->	An Dealachadh	|	ere the Pike family had ground grain since before the Severance and the smith Joseph Marlow k
CHANGE	eras/age_VI/gazetteer/01_capital_and_north_west.json:5.history	The Moot	->	Tional nan Tuathach	|	king's silence into iron and the iron into bread. The Moot took seed oats from the town'
CHANGE	eras/age_VI/gazetteer/01_capital_and_north_west.json:166.history	the Stone	->	Lia Fàil	|	ded in chits written on the paper of the house of the Stone, whose name was old enough an
CHANGE	eras/age_VI/gazetteer/01_capital_and_north_west.json:166.history	A Stone priest	->	A priest of Òrd na Cloiche	|	per than a savings box kept by a name he did not. A Stone priest of the town heard the first r
CHANGE	eras/age_VI/gazetteer/01_capital_and_north_west.json:166.history	the Rite's	->	Deas-ghnàth a' Ghuail's	|	one priest of the town heard the first reading of the Rite's written order. Its harbour co
CHANGE	eras/age_VI/gazetteer/01_capital_and_north_west.json:166.history	the circuit justice's	->	Britheamhan na Cuairte's	|	rder. Its harbour court was well enough kept that the circuit justice's sitting there in the eighth y
CHANGE	eras/age_VI/gazetteer/01_capital_and_north_west.json:166.known_for	the Stone's	->	Lia Fàil's	|	the Stone's chits
CHANGE	eras/age_VI/gazetteer/01_capital_and_north_west.json:431.history	the Rite's	->	Deas-ghnàth a' Ghuail's	|	outhern coast, not the harbour of the west, where the Rite's greatest house stands in a ha
CHANGE	eras/age_VI/gazetteer/01_capital_and_north_west.json:431.history	high custodian	->	Àrd-choimheadaiche	|	òmhnall mac Thormoid was seated here as the first high custodian of Òrd Bhrìde, and here he wr
CHANGE	eras/age_VI/gazetteer/01_capital_and_north_west.json:431.history	the Rite's	->	Deas-ghnàth a' Ghuail's	|	t high custodian of Òrd Bhrìde, and here he wrote the Rite's first order of worship, read 
CHANGE	eras/age_VI/gazetteer/01_capital_and_north_west.json:431.history	a Stone priest	->	a priest of Òrd na Cloiche	|	custodians and a scattering of hearth-keepers and a Stone priest; he kept every letter the Rit
CHANGE	eras/age_VI/gazetteer/01_capital_and_north_west.json:431.history	the Rite	->	Deas-ghnàth a' Ghuail	|	-keepers and a Stone priest; he kept every letter the Rite sent or received in a plain l
CHANGE	eras/age_VI/gazetteer/01_capital_and_north_west.json:431.history	the Hawk houses	->	Òrd an t-Seabhaig	|	s of the order, and the refusals came back to it: the Hawk houses' letter of the sixth year and
CHANGE	eras/age_VI/gazetteer/01_capital_and_north_west.json:431.history	the Hawk houses	->	Òrd an t-Seabhaig	|	 Iain. In the forty-seventh year its council read the Hawk houses of Cnoc bheag their terms a s
CHANGE	eras/age_VI/gazetteer/01_capital_and_north_west.json:431.known_for	the high custodian's	->	Àrd-choimheadaiche's	|	the high custodian's house and the order of worshi
CHANGE	eras/age_VI/gazetteer/01_capital_and_north_west.json:20.history	the Hawk's	->	Òrd an t-Seabhaig's	|	river town of the north-central country, heart of the Hawk's houses, whose altars answered
CHANGE	eras/age_VI/gazetteer/01_capital_and_north_west.json:20.history	the Rite's	->	Deas-ghnàth a' Ghuail's	|	ear the houses round it wrote to Seann Skell that the Rite's written order was handsome an
CHANGE	eras/age_VI/gazetteer/01_capital_and_north_west.json:20.history	the Hawk houses	->	Òrd an t-Seabhaig	|	ive, until the thirty-sixth, when a delegation of the Hawk houses asked for a hawk, and the mao
CHANGE	eras/age_VI/gazetteer/01_capital_and_north_west.json:20.history	the pillar at Cnoc chiar	->	Colbh Cnoc chiar	|	t the cattle; its marks were laid beside those of the pillar at Cnoc chiar and the column at Cnoc ghorm 
CHANGE	eras/age_VI/gazetteer/01_capital_and_north_west.json:20.history	the column at Cnoc ghorm	->	Calbh Cnoc ghorm	|	laid beside those of the pillar at Cnoc chiar and the column at Cnoc ghorm by the students of Caol shean
CHANGE	eras/age_VI/gazetteer/01_capital_and_north_west.json:20.known_for	the Hawk's	->	Òrd an t-Seabhaig's	|	the Hawk's country, the hawk on the seal
CHANGE	eras/age_VI/gazetteer/01_capital_and_north_west.json:326.history	the Hawk's	->	Òrd an t-Seabhaig's	|	The southernmost of the Hawk's houses, close by the coast an
CHANGE	eras/age_VI/gazetteer/01_capital_and_north_west.json:326.history	the Rite's	->	Deas-ghnàth a' Ghuail's	|	ar it sent word to Seann Skell that it would take the Rite's written order entire, whateve
CHANGE	eras/age_VI/gazetteer/01_capital_and_north_west.json:326.history	the Rite's	->	Deas-ghnàth a' Ghuail's	|	he first bell any hawk-house had hung, to ring at the Rite's measured burnings. It rang it
CHANGE	eras/age_VI/gazetteer/01_capital_and_north_west.json:26.history	the custody-book	->	Leabhar a' Chùraim	|	A harbour town of the south-west, where the custody-book of the old vein-house on the 
CHANGE	eras/age_VI/gazetteer/01_capital_and_north_west.json:47.history	the Leòid ruling	->	Breith Leòid	|	-Sultain in the eighth year Eilidh nic Leòid gave the Leòid ruling, that land held under human t
CHANGE	eras/age_VI/gazetteer/01_capital_and_north_west.json:47.history	the Crown	->	An Crùn	|	uling, that land held under human title passes to the Crown and the working of it stays w
CHANGE	eras/age_VI/gazetteer/01_capital_and_north_west.json:47.history	the coal line	->	Slighe a' Ghuail	|	arly every land case after. The western branch of the coal line was carried to it in the thir
CHANGE	eras/age_VI/gazetteer/01_capital_and_north_west.json:47.history	the Rail Board	->	Comhairle na Slighe-iarainn	|	 Phàdraig ruled here in the fifty-ninth year that the Rail Board is a carrier of the Crown and
CHANGE	eras/age_VI/gazetteer/01_capital_and_north_west.json:47.history	the Crown	->	An Crùn	|	ty-ninth year that the Rail Board is a carrier of the Crown and must carry for any who pa
CHANGE	eras/age_VI/gazetteer/01_capital_and_north_west.json:47.history	the Moot	->	Tional nan Tuathach	|	 and must carry for any who pay, the first ruling the Moot won. Àth leathan's hewers sen
CHANGE	eras/age_VI/gazetteer/01_capital_and_north_west.json:47.known_for	the Leòid ruling	->	Breith Leòid	|	the Leòid ruling, and the ruling on the Rail B
CHANGE	eras/age_VI/gazetteer/01_capital_and_north_west.json:47.known_for	the Rail Board	->	Comhairle na Slighe-iarainn	|	the Leòid ruling, and the ruling on the Rail Board
CHANGE	eras/age_VI/gazetteer/02_north_coast_and_the_mountain.json:305.history	the five beacons	->	Fàinne nan Teintean-rabhaidh	|	ry spring with the fathers' twine. It kept one of the five beacons on the capes, whose keeper wr
CHANGE	eras/age_VI/gazetteer/02_north_coast_and_the_mountain.json:305.history	the Mystery of the Grey Night	->	Rùn-dìomhair na h-Oidhche Glaise	|	the ninth year the vigil-keeper Hannah Crane kept the Mystery of the Grey Night in the open on the headland b
CHANGE	eras/age_VI/gazetteer/02_north_coast_and_the_mountain.json:305.history	the Moot	->	Tional nan Tuathach	|	rate fined her for it in the twenty-seventh year, the Moot paid the fine, and the vigil 
CHANGE	eras/age_VI/gazetteer/02_north_coast_and_the_mountain.json:305.known_for	the Grey Night	->	Oidhche Glaise	|	the Grey Night on the headland, and the fift
CHANGE	eras/age_VI/gazetteer/02_north_coast_and_the_mountain.json:142.history	the Moot	->	Tional nan Tuathach	|	ne hauled from a quarry two shires south on carts the Moot paid for by subscription, and
CHANGE	eras/age_VI/gazetteer/02_north_coast_and_the_mountain.json:142.history	The Carters' Road	->	Rathad nan Cairtearan	|	ed in harbour water, and David Hale counted them. The Carters' Road runs through it south to Àth 
CHANGE	eras/age_VI/gazetteer/02_north_coast_and_the_mountain.json:160.history	the Grey Night	->	Oidhche Glaise	|	e innkeepers let every room. The vigil-keepers of the Grey Night answered to nobody south of i
CHANGE	eras/age_VI/gazetteer/02_north_coast_and_the_mountain.json:135.history	the Sloc Mòr	->	An Sloc Mòr	|	The pit town under the Sloc Mòr, at the head of the coal line
CHANGE	eras/age_VI/gazetteer/02_north_coast_and_the_mountain.json:135.history	the coal line	->	Slighe a' Ghuail	|	The pit town under the Sloc Mòr, at the head of the coal line. The line was mended through 
CHANGE	eras/age_VI/gazetteer/02_north_coast_and_the_mountain.json:135.history	The Guild of Hewers	->	Comann nan Gualadairean	|	stone went south under the Mac Ùisdein wave-mark. The Guild of Hewers was chartered in the yard bef
CHANGE	eras/age_VI/gazetteer/02_north_coast_and_the_mountain.json:135.known_for	the Sloc Mòr's	->	An Sloc Mòr's	|	the Sloc Mòr's pithead, the hewers' oath, an
CHANGE	eras/age_VI/gazetteer/02_north_coast_and_the_mountain.json:491.history	the Sloc Mòr's	->	An Sloc Mòr's	|	els five miles from the great shaft, grown fat on the Sloc Mòr's overflow and working its own 
CHANGE	eras/age_VI/gazetteer/02_north_coast_and_the_mountain.json:491.history	The Rite's	->	Deas-ghnàth a' Ghuail's	|	ver ground the Board had to mark as sound or not. The Rite's house here sent the old custo
CHANGE	eras/age_VI/gazetteer/02_north_coast_and_the_mountain.json:491.history	the Rending	->	Scàineadh Cill ghlas	|	rag. The Cill ghlas district under it, shut since the Rending of the humans' time, was reop
CHANGE	eras/age_VI/gazetteer/02_north_coast_and_the_mountain.json:491.history	the druid school	->	Scoiltean nan Draoidhean	|	sixty houses empty; its Fèidh hall, given back to the druid school, was locked by its last teach
CHANGE	eras/age_VI/gazetteer/02_north_coast_and_the_mountain.json:354.history	the Sloc Mòr	->	An Sloc Mòr	|	The shunting town where the line from the Sloc Mòr meets the older line down to 
CHANGE	eras/age_VI/gazetteer/02_north_coast_and_the_mountain.json:354.history	the coal line	->	Slighe a' Ghuail	|	 older line down to the ports. The council mended the coal line as far as it in the eighth ye
CHANGE	eras/age_VI/gazetteer/02_north_coast_and_the_mountain.json:354.history	The Rail Board	->	Comhairle na Slighe-iarainn	|	copied fair, was hung on a board at its terminus. The Rail Board laid new sidings here in the 
CHANGE	eras/age_VI/gazetteer/02_north_coast_and_the_mountain.json:88.history	the Crown's	->	An Crùn's	|	teenth year and with it the sole right to fit out the Crown's patrol boats, and the yearly 
CHANGE	eras/age_VI/gazetteer/02_north_coast_and_the_mountain.json:88.history	the Moot	->	Tional nan Tuathach	|	 here was the last of the eleven northern schools the Moot counted in the twenty-ninth y
CHANGE	eras/age_VI/gazetteer/02_north_coast_and_the_mountain.json:137.history	the coal line	->	Slighe a' Ghuail	|	 traders had copied this one only. The carters of the coal line complained at every siding be
CHANGE	eras/age_VI/gazetteer/02_north_coast_and_the_mountain.json:137.history	the Guild of Hewers	->	Comann nan Gualadairean	|	t-lamps were lent from pit to pit after that, and the Guild of Hewers kept a minute-book of who len
CHANGE	eras/age_VI/gazetteer/02_north_coast_and_the_mountain.json:106.history	the royal chronicle	->	Eachdraidh na Rìoghachd	|	r from its looms. A drought at the town went into the royal chronicle in the twenty-eighth year bes
CHANGE	eras/age_VI/gazetteer/02_north_coast_and_the_mountain.json:234.history	the Moot	->	Tional nan Tuathach	|	ed. Its householders came to the first sitting of the Moot. Daniel Frayne was a fisherma
CHANGE	eras/age_VI/gazetteer/02_north_coast_and_the_mountain.json:234.history	the Moot's	->	Tional nan Tuathach's	|	 a craft the southern guilds would not, and bound the Moot's registers and Muileann shean'
CHANGE	eras/age_VI/gazetteer/02_north_coast_and_the_mountain.json:234.history	the Carters' Road	->	Rathad nan Cairtearan	|	rty-first year set out from it for Muileann òg by the Carters' Road. The register of the hurt was
CHANGE	eras/age_VI/gazetteer/02_north_coast_and_the_mountain.json:234.history	The register of the hurt	->	Clàr nan Leòn	|	out from it for Muileann òg by the Carters' Road. The register of the hurt was bound here, and its secon
CHANGE	eras/age_VI/gazetteer/02_north_coast_and_the_mountain.json:234.history	the Moot's	->	Tional nan Tuathach's	|	oubled. Frayne, the town's bookbinder and by then the Moot's speaker, carried the Doire gh
CHANGE	eras/age_VI/gazetteer/02_north_coast_and_the_mountain.json:234.history	the Rail Board's	->	Comhairle na Slighe-iarainn's	|	eaker, carried the Doire ghlas mill's ledgers and the Rail Board's refusal to Seann Bhral in the
CHANGE	eras/age_VI/gazetteer/02_north_coast_and_the_mountain.json:44.history	the coal road	->	Rathad na Mèinne	|	The town where the coal road from the central mountains co
CHANGE	eras/age_VI/gazetteer/02_north_coast_and_the_mountain.json:44.known_for	the coal road's	->	Rathad na Mèinne's	|	the coal road's river crossing
CHANGE	eras/age_VI/gazetteer/02_north_coast_and_the_mountain.json:204.history	the Stone	->	Òrd na Cloiche	|	the south-west, seat of houses of Òrd na Cloiche, the Stone, whose Clach is the Lia Fàil 
CHANGE	eras/age_VI/gazetteer/02_north_coast_and_the_mountain.json:204.history	the Rite	->	Deas-ghnàth a' Ghuail	|	 were bidden to send witnesses to the settling of the Rite at Seann Skell; they sent non
CHANGE	eras/age_VI/gazetteer/02_north_coast_and_the_mountain.json:204.history	the Rite	->	Deas-ghnàth a' Ghuail	|	Seann Skell; they sent none, and a letter wishing the Rite well and promising nothing fu
CHANGE	eras/age_VI/gazetteer/02_north_coast_and_the_mountain.json:204.history	The Stone	->	Òrd na Cloiche	|	ied onto the first page of his ledger of letters. The Stone kept its own houses, its own 
CHANGE	eras/age_VI/gazetteer/02_north_coast_and_the_mountain.json:204.history	(appositive)	->	Òrd na Cloiche	|	dropped the English gloss beside Òrd na Cloiche
CHANGE	eras/age_VI/gazetteer/02_north_coast_and_the_mountain.json:204.known_for	the Stone	->	Lia Fàil	|	the Stone standing aside
CHANGE	eras/age_VI/gazetteer/02_north_coast_and_the_mountain.json:246.history	the Severance	->	An Dealachadh	|	dians had kept rolls and bound books since before the Severance on planks above standing wate
CHANGE	eras/age_VI/gazetteer/02_north_coast_and_the_mountain.json:246.history	the Library	->	an Leabharlann	|	-store. In the sixteenth year the council founded the Library here and named Ailean mac Iai
CHANGE	eras/age_VI/gazetteer/02_north_coast_and_the_mountain.json:246.history	the table of the ages	->	Clàr nan Aoisean	|	bhar nan Sloinnidhean, Leabhar nan Aithrisean and the table of the ages, counting the Age of Ailean a
CHANGE	eras/age_VI/gazetteer/02_north_coast_and_the_mountain.json:246.history	the Age of Ailean	->	An Aois Ailein	|	an Aithrisean and the table of the ages, counting the Age of Ailean apart. The royal chronicler k
CHANGE	eras/age_VI/gazetteer/02_north_coast_and_the_mountain.json:246.history	The royal chronicler	->	Seanchaidh na Rìoghachd	|	le of the ages, counting the Age of Ailean apart. The royal chronicler kept her seat here from the e
CHANGE	eras/age_VI/gazetteer/02_north_coast_and_the_mountain.json:246.history	the Library's	->	an Leabharlann's	|	r in the seventeenth year, its first fair held in the Library's yard. Ailean was buried in a 
CHANGE	eras/age_VI/gazetteer/02_north_coast_and_the_mountain.json:246.history	the Library	->	an Leabharlann	|	 yard. Ailean was buried in a small ground behind the Library in the fortieth year, and Mòr
CHANGE	eras/age_VI/gazetteer/02_north_coast_and_the_mountain.json:246.history	the Library	->	an Leabharlann	|	ourth floor. A chur san Leabharlann, to put it in the Library, was first said here.
CHANGE	eras/age_VI/gazetteer/02_north_coast_and_the_mountain.json:246.known_for	the Library	->	An Leabharlann	|	the Library
CHANGE	eras/age_VI/gazetteer/02_north_coast_and_the_mountain.json:276.history	the Library	->	an Leabharlann	|	A village a few miles from the Library, on the stream below it. In t
CHANGE	eras/age_VI/gazetteer/02_north_coast_and_the_mountain.json:276.history	the Library's	->	an Leabharlann's	|	 wheels busy built a paper-mill here instead, and the Library's copyists spoke of its first s
CHANGE	eras/age_VI/gazetteer/02_north_coast_and_the_mountain.json:276.history	the Library	->	an Leabharlann	|	sent, and within the year near enough every sheet the Library used came from the one stream
CHANGE	eras/age_VI/gazetteer/02_north_coast_and_the_mountain.json:276.history	the royal chronicle	->	Eachdraidh na Rìoghachd	|	ed came from the one stream; nearly every page of the royal chronicle in this age is written on its
CHANGE	eras/age_VI/gazetteer/02_north_coast_and_the_mountain.json:38.history	the Moot	->	Tional nan Tuathach	|	or the mason in the order the boats went out, and the Moot opened a subscription the sam
CHANGE	eras/age_VI/gazetteer/02_north_coast_and_the_mountain.json:476.history	the realm-coin	->	Bonn na Rìoghachd	|	r hurt. The council fined the town four purses of the realm-coin for bearing arms without leav
CHANGE	eras/age_VI/gazetteer/02_north_coast_and_the_mountain.json:476.history	the Moot's	->	Tional nan Tuathach's	|	aring arms without leave, and Walter Hale carried the Moot's share of it north; the fine w
CHANGE	eras/age_VI/gazetteer/02_north_coast_and_the_mountain.json:23.history	the house of Mac Ùisdein	->	Taigh Mhic Ùisdein	|	The mountain town of the house of Mac Ùisdein, whose family had held an ove
CHANGE	eras/age_VI/gazetteer/02_north_coast_and_the_mountain.json:23.history	the Sloc Mòr	->	An Sloc Mòr	|	y had held an overseer's post under the humans at the Sloc Mòr. Uisdean mac Ùisdein came fro
CHANGE	eras/age_VI/gazetteer/02_north_coast_and_the_mountain.json:23.history	the Sloc Mòr concession	->	Cead an t-Sluic Mhòir	|	om it to the capital in the eleventh year to take the Sloc Mòr concession, and in the twentieth year th
CHANGE	eras/age_VI/gazetteer/02_north_coast_and_the_mountain.json:23.history	The Mine Board	->	Comhairle nam Mèinnean	|	 and moved the wool and coal markets to its foot. The Mine Board moved its clerks here in the 
CHANGE	eras/age_VI/gazetteer/02_north_coast_and_the_mountain.json:23.history	the Library	->	an Leabharlann	|	should be kept in its own presses and not sent to the Library. The house built its stone ha
CHANGE	eras/age_VI/gazetteer/02_north_coast_and_the_mountain.json:23.history	the Guild of Hewers	->	Comann nan Gualadairean	|	 of spoil-stone in the thirtieth year and feasted the Guild of Hewers in it. After the search for a
CHANGE	eras/age_VI/gazetteer/02_north_coast_and_the_mountain.json:23.history	the search for a second vein	->	Sireadh na Dàrna Fèithe	|	year and feasted the Guild of Hewers in it. After the search for a second vein the house let the hall to the
CHANGE	eras/age_VI/gazetteer/02_north_coast_and_the_mountain.json:23.known_for	the house of Mac Ùisdein	->	Taigh Mhic Ùisdein	|	the house of Mac Ùisdein, and the Board's presses
CHANGE	eras/age_VI/gazetteer/03_the_fair_country_and_the_coasts.json:1.history	the Stone's	->	Òrd na Cloiche's	|	Cloiche, a low stone hall behind the harbour with the Stone's own mark cut plain over the d
CHANGE	eras/age_VI/gazetteer/03_the_fair_country_and_the_coasts.json:1.known_for	the Stone's	->	Lia Fàil's	|	the Stone's bell that rings the hours
CHANGE	eras/age_VI/gazetteer/03_the_fair_country_and_the_coasts.json:18.history	the Crown	->	An Crùn	|	wn of the east coast, past the last of the shires the Crown garrisoned closely, below whi
CHANGE	eras/age_VI/gazetteer/03_the_fair_country_and_the_coasts.json:18.history	the Library	->	an Leabharlann	|	e east to watch. From the next year the hall sent the Library a copy of its naming every ye
CHANGE	eras/age_VI/gazetteer/03_the_fair_country_and_the_coasts.json:119.history	the Lighthouse Board	->	Comhairle nan Taighean-solais	|	coal bought out of the town's own purse. It asked the Lighthouse Board to take the light on, and the
CHANGE	eras/age_VI/gazetteer/03_the_fair_country_and_the_coasts.json:119.history	the Crown	->	An Crùn	|	re, and that the town's light, being no charge on the Crown, might continue as it was; th
CHANGE	eras/age_VI/gazetteer/03_the_fair_country_and_the_coasts.json:22.history	the Còmhrag	->	Còmhrag Ceann leathan	|	ird year the wardens called an old custom of arms the Còmhrag, the melee, and fought it on 
CHANGE	eras/age_VI/gazetteer/03_the_fair_country_and_the_coasts.json:22.history	the melee	->	Còmhrag Ceann leathan	|	wardens called an old custom of arms the Còmhrag, the melee, and fought it on that field,
CHANGE	eras/age_VI/gazetteer/03_the_fair_country_and_the_coasts.json:22.history	The coal line	->	Slighe a' Ghuail	|	the trampled ground a week after the six burials. The coal line reached the town the same sea
CHANGE	eras/age_VI/gazetteer/03_the_fair_country_and_the_coasts.json:22.history	(appositive)	->	Còmhrag Ceann leathan	|	dropped the English gloss beside Còmhrag Ceann leathan
CHANGE	eras/age_VI/gazetteer/03_the_fair_country_and_the_coasts.json:22.known_for	the Còmhrag	->	Còmhrag Ceann leathan	|	the Còmhrag
CHANGE	eras/age_VI/gazetteer/03_the_fair_country_and_the_coasts.json:24.history	the Hawk country	->	Oirthir an t-Seabhaig	|	ong enough to take three grain-ships abreast, for the Hawk country had begun to send its barley 
CHANGE	eras/age_VI/gazetteer/03_the_fair_country_and_the_coasts.json:24.history	The Hawk houses	->	Òrd an t-Seabhaig	|	arley and oats down by water rather than by cart. The Hawk houses blessed the dock and asked a 
CHANGE	eras/age_VI/gazetteer/03_the_fair_country_and_the_coasts.json:24.history	the Hawk's	->	Òrd an t-Seabhaig's	|	o that the clerks of the town call the due simply the Hawk's and few of them can say why a
CHANGE	eras/age_VI/gazetteer/03_the_fair_country_and_the_coasts.json:24.history	the Moot's	->	Tional nan Tuathach's	|	sh at the new dock paid the same twentieth out of the Moot's harbour purse, which Mary Coy
CHANGE	eras/age_VI/gazetteer/03_the_fair_country_and_the_coasts.json:24.history	the Moot	->	Tional nan Tuathach	|	 Moot's harbour purse, which Mary Coyle raised in the Moot the first night she stood up 
CHANGE	eras/age_VI/gazetteer/03_the_fair_country_and_the_coasts.json:24.known_for	the Hawk's	->	Òrd an t-Seabhaig's	|	the grain dock and the Hawk's twentieth
CHANGE	eras/age_VI/gazetteer/03_the_fair_country_and_the_coasts.json:110.history	the Sloc Mòr	->	An Sloc Mòr	|	t and sixty-second years the three great pumps of the Sloc Mòr came to it by rail from above
CHANGE	eras/age_VI/gazetteer/03_the_fair_country_and_the_coasts.json:110.known_for	the Sloc Mòr's	->	An Sloc Mòr's	|	the curing-sheds, and the Sloc Mòr's pumps
CHANGE	eras/age_VI/gazetteer/03_the_fair_country_and_the_coasts.json:324.history	the chronicle	->	Eachdraidh na Rìoghachd	|	nicler copied fair, and a wedding there went into the chronicle beside Brìghde's death. In th
CHANGE	eras/age_VI/gazetteer/03_the_fair_country_and_the_coasts.json:324.history	the Severance	->	An Dealachadh	|	r, the first raised anywhere in the kingdom since the Severance without a coin of the Crown's
CHANGE	eras/age_VI/gazetteer/03_the_fair_country_and_the_coasts.json:324.history	the Crown's	->	An Crùn's	|	the kingdom since the Severance without a coin of the Crown's in it, the house of the Stone
CHANGE	eras/age_VI/gazetteer/03_the_fair_country_and_the_coasts.json:324.history	the Stone	->	Òrd na Cloiche	|	without a coin of the Crown's in it, the house of the Stone lending against the town's du
CHANGE	eras/age_VI/gazetteer/03_the_fair_country_and_the_coasts.json:324.history	the Stone's	->	Òrd na Cloiche's	|	e town's dues and the masons building the mole to the Stone's measure; the house took its f
CHANGE	eras/age_VI/gazetteer/03_the_fair_country_and_the_coasts.json:324.known_for	the Stone's	->	Lia Fàil's	|	the harbour built on the Stone's loan
CHANGE	eras/age_VI/gazetteer/03_the_fair_country_and_the_coasts.json:492.history	the Crown	->	An Crùn	|	red. The sheds were raised again within the year, the Crown paying a third. An old salt-c
CHANGE	eras/age_VI/gazetteer/03_the_fair_country_and_the_coasts.json:492.history	the royal chronicle	->	Eachdraidh na Rìoghachd	|	iders' hulls, An Ròn Dubh and An Fhaoileag, which the royal chronicle took from the keeper's own lo
CHANGE	eras/age_VI/gazetteer/03_the_fair_country_and_the_coasts.json:492.history	the Library's	->	an Leabharlann's	|	the keeper's own log. Mòrag nic Coinnich was made the Library's deputy on the road home from 
CHANGE	eras/age_VI/gazetteer/03_the_fair_country_and_the_coasts.json:297.history	the Crown's	->	An Crùn's	|	n of the southern plain. In the thirty-third year the Crown's grain-store here was finished
CHANGE	eras/age_VI/gazetteer/03_the_fair_country_and_the_coasts.json:297.history	the coal line	->	Slighe a' Ghuail	|	dh shean, its grain reaching the sidings there by the coal line on the morning of the first r
CHANGE	eras/age_VI/gazetteer/03_the_fair_country_and_the_coasts.json:297.known_for	the Crown's	->	An Crùn's	|	the Crown's grain-store
CHANGE	eras/age_VI/gazetteer/03_the_fair_country_and_the_coasts.json:25.history	the Hawk country	->	Oirthir an t-Seabhaig	|	A town of the Hawk country in Siorrachd Cnoc bheag, whos
CHANGE	eras/age_VI/gazetteer/03_the_fair_country_and_the_coasts.json:25.history	the Hawk houses	->	Òrd an t-Seabhaig	|	efore her. In an Cèitean of the thirty-fifth year the Hawk houses met in its hall and named Rao
CHANGE	eras/age_VI/gazetteer/03_the_fair_country_and_the_coasts.json:25.history	the Hawk's	->	Òrd an t-Seabhaig's	|	the hall and put away, not burned. Here she wrote the Hawk's spoken order into a farm acco
CHANGE	eras/age_VI/gazetteer/03_the_fair_country_and_the_coasts.json:25.known_for	the Hawk's	->	Òrd an t-Seabhaig's	|	the Hawk's own custodian
CHANGE	eras/age_VI/gazetteer/03_the_fair_country_and_the_coasts.json:346.history	the Rail Board	->	Comhairle na Slighe-iarainn	|	ngdom drew a road to them. In the thirteenth year the Rail Board built a spur of thirteen mile
CHANGE	eras/age_VI/gazetteer/03_the_fair_country_and_the_coasts.json:346.history	the Crown's	->	An Crùn's	|	who chose captains, weighed every cart and set by the Crown's fifth under the Leòid ruling;
CHANGE	eras/age_VI/gazetteer/03_the_fair_country_and_the_coasts.json:346.history	the Leòid ruling	->	Breith Leòid	|	hed every cart and set by the Crown's fifth under the Leòid ruling; the Board entered the paymen
CHANGE	eras/age_VI/gazetteer/04_the_roads_the_schools_and_the_failing_vein.json:174.history	the Carters' Road	->	Rathad nan Cairtearan	|	Tuathaich village on the old road the north calls the Carters' Road, between Cnoc ghorm and the l
CHANGE	eras/age_VI/gazetteer/04_the_roads_the_schools_and_the_failing_vein.json:174.history	the Rail Board	->	Comhairle na Slighe-iarainn	|	rm and the low ground short of Inis àrsaidh. When the Rail Board would not carry the north's w
CHANGE	eras/age_VI/gazetteer/04_the_roads_the_schools_and_the_failing_vein.json:174.history	the fair at Muileann òg	->	Fèill Muileann òg	|	ars, the carts went south through it five days to the fair at Muileann òg, and a widow of the village w
CHANGE	eras/age_VI/gazetteer/04_the_roads_the_schools_and_the_failing_vein.json:174.known_for	the Carters' Road	->	Rathad nan Cairtearan	|	the first lamp on the Carters' Road
CHANGE	eras/age_VI/gazetteer/04_the_roads_the_schools_and_the_failing_vein.json:411.history	the Crown store	->	An Crùn's store	|	the north had ever known it to answer: grain from the Crown store at Cathair fhada reached the 
CHANGE	eras/age_VI/gazetteer/04_the_roads_the_schools_and_the_failing_vein.json:411.history	the coal line	->	Slighe a' Ghuail	|	re at Cathair fhada reached the town's sidings by the coal line on the morning the first prop
CHANGE	eras/age_VI/gazetteer/04_the_roads_the_schools_and_the_failing_vein.json:197.history	the stag's grove	->	Coille Naomh Muileann chiar	|	A town near the stag's grove of Muileann chiar, where the 
CHANGE	eras/age_VI/gazetteer/04_the_roads_the_schools_and_the_failing_vein.json:197.history	the druid school	->	Scoiltean nan Draoidhean	|	wn near the stag's grove of Muileann chiar, where the druid school kept a wet-house for the mont
CHANGE	eras/age_VI/gazetteer/04_the_roads_the_schools_and_the_failing_vein.json:197.history	the coal-touched	->	fuil-ghuail	|	and in it her students argued the census line for the coal-touched by lamplight past the banking
CHANGE	eras/age_VI/gazetteer/04_the_roads_the_schools_and_the_failing_vein.json:197.history	the pillar near Cnoc chiar	->	Colbh Cnoc chiar	|	 table in the forty-ninth year slates copied from the pillar near Cnoc chiar, the obelisk at Cnoc bheag an
CHANGE	eras/age_VI/gazetteer/04_the_roads_the_schools_and_the_failing_vein.json:197.history	the obelisk at Cnoc bheag	->	Carragh Cnoc bheag	|	ar slates copied from the pillar near Cnoc chiar, the obelisk at Cnoc bheag and the column at Cnoc ghorm,
CHANGE	eras/age_VI/gazetteer/04_the_roads_the_schools_and_the_failing_vein.json:197.history	the column at Cnoc ghorm	->	Calbh Cnoc ghorm	|	ar near Cnoc chiar, the obelisk at Cnoc bheag and the column at Cnoc ghorm, and found a mark like a bent
CHANGE	eras/age_VI/gazetteer/04_the_roads_the_schools_and_the_failing_vein.json:197.known_for	the druid school's	->	Scoiltean nan Draoidhean's	|	the druid school's wet-house, and the three slat
CHANGE	eras/age_VI/gazetteer/04_the_roads_the_schools_and_the_failing_vein.json:92.history	the Crown	->	An Crùn	|	net-lofts and the rope-walk. The town did not ask the Crown for the rebuilding: its own c
CHANGE	eras/age_VI/gazetteer/04_the_roads_the_schools_and_the_failing_vein.json:167.history	the Moot's	->	Tional nan Tuathach's	|	 do so entire and out of its own dues rather than the Moot's purse or a guild's charity. T
CHANGE	eras/age_VI/gazetteer/04_the_roads_the_schools_and_the_failing_vein.json:422.history	the search for a second vein	->	Sireadh na Dàrna Fèithe	|	A town of the hill and moor country where the search for a second vein began. In the fifty-first yea
CHANGE	eras/age_VI/gazetteer/04_the_roads_the_schools_and_the_failing_vein.json:422.history	the empty ground	->	am Fearann Falamh	|	he shepherds called the ground am Fearann Falamh, the empty ground. In the fifty-second year the
CHANGE	eras/age_VI/gazetteer/04_the_roads_the_schools_and_the_failing_vein.json:422.history	the house of Mac Ùisdein	->	Taigh Mhic Ùisdein	|	ves had in ten, and the court found for the town; the house of Mac Ùisdein let its stone hall to meet th
CHANGE	eras/age_VI/gazetteer/04_the_roads_the_schools_and_the_failing_vein.json:422.history	the Library	->	an Leabharlann	|	ne hall to meet the damages. A Holy Age survey in the Library had named the same hills sear
CHANGE	eras/age_VI/gazetteer/04_the_roads_the_schools_and_the_failing_vein.json:422.history	(appositive)	->	am Fearann Falamh	|	dropped the English gloss beside am Fearann Falamh
CHANGE	eras/age_VI/gazetteer/04_the_roads_the_schools_and_the_failing_vein.json:241.history	the hungry year	->	A' Bhliadhna Acrach	|	arley fails on the thin soils every few years; in the hungry year of the twelfth, families walk
CHANGE	eras/age_VI/gazetteer/04_the_roads_the_schools_and_the_failing_vein.json:241.history	The search for a second vein	->	Sireadh na Dàrna Fèithe	|	 from it to the pit towns for wages paid in coin. The search for a second vein ended on the moor south of it
CHANGE	eras/age_VI/gazetteer/04_the_roads_the_schools_and_the_failing_vein.json:241.history	the house of Mac Ùisdein	->	Taigh Mhic Ùisdein	|	re round every mouth, and entered a claim against the house of Mac Ùisdein for the fencing that was neve
CHANGE	eras/age_VI/gazetteer/04_the_roads_the_schools_and_the_failing_vein.json:34.history	the coal line	->	Slighe a' Ghuail	|	A town of the northern coast where the coal line does not run, whose rope-walk
CHANGE	eras/age_VI/gazetteer/04_the_roads_the_schools_and_the_failing_vein.json:34.history	the Library	->	an Leabharlann	|	h a list of what the chest held and no more. When the Library called in the shire chests in
CHANGE	eras/age_VI/gazetteer/04_the_roads_the_schools_and_the_failing_vein.json:34.history	the Library	->	an Leabharlann	|	ogy. It is the one shire record of the calling-in the Library never read.
CHANGE	eras/age_VI/gazetteer/04_the_roads_the_schools_and_the_failing_vein.json:273.history	the fair at Muileann òg	->	Fèill Muileann òg	|	-eighth years its market day drew more carts than the fair at Muileann òg, a thing no one living could 
CHANGE	eras/age_VI/gazetteer/04_the_roads_the_schools_and_the_failing_vein.json:273.history	the Moot's	->	Tional nan Tuathach's	|	-buyer from its hills told Daniel Frayne of it at the Moot's table, and Frayne entered it 
CHANGE	eras/age_VI/gazetteer/04_the_roads_the_schools_and_the_failing_vein.json:212.history	the Guild of Hewers	->	Comann nan Gualadairean	|	 the northern pits. In the fifty-ninth year, when the Guild of Hewers had bound no apprentices for 
CHANGE	eras/age_VI/gazetteer/04_the_roads_the_schools_and_the_failing_vein.json:12.history	the Sloc Mòr's	->	An Sloc Mòr's	|	 working within the season with men laid off from the Sloc Mòr's thinning galleries. The house
CHANGE	eras/age_VI/gazetteer/04_the_roads_the_schools_and_the_failing_vein.json:12.history	the Sloc Mòr's	->	An Sloc Mòr's	|	 Sràid an t-Sluic; the miners kept small lumps of the Sloc Mòr's coal among their goods, and t
CHANGE	eras/age_VI/gazetteer/04_the_roads_the_schools_and_the_failing_vein.json:12.known_for	the street of the pit	->	Sràid an t-Sluic	|	the copper, and the street of the pit
CHANGE	eras/age_VI/gazetteer/04_the_roads_the_schools_and_the_failing_vein.json:170.history	fair at Muileann òg	->	Fèill Muileann òg	|	the skins through the summer, and the next year's fair at Muileann òg saw saddles and belts of pant
CHANGE	eras/age_VI/gazetteer/04_the_roads_the_schools_and_the_failing_vein.json:192.history	the Library	->	an Leabharlann	|	e. Mòrag entered it as the best-kept shire record the Library received.
CHANGE	eras/age_VI/gazetteer/04_the_roads_the_schools_and_the_failing_vein.json:37.history	the Library	->	an Leabharlann	|	own of the north that sent its chest willingly to the Library in the sixty-seventh year and
CHANGE	eras/age_VI/gazetteer/04_the_roads_the_schools_and_the_failing_vein.json:37.history	the Library	->	an Leabharlann	|	 shire's copy became the pattern every later copy the Library made was cut to.
CHANGE	eras/age_VI/appendices/A_rulers_offices.md:3	the Severance Era	->	Linn an Dealachaidh	|	use steps at Cathair dhearg in the second year of the Severance Era named itself Rìoghachd Dia-th
CHANGE	eras/age_VI/appendices/A_rulers_offices.md:3	the council of twelve	->	Comhairle na Rìoghachd	|	 A crown was set on a head in the third year, and the council of twelve sat on beneath it; the Librar
CHANGE	eras/age_VI/appendices/A_rulers_offices.md:3	the Library	->	An Leabharlann	|	ear, and the council of twelve sat on beneath it; the Library, the royal chronicle, the cir
CHANGE	eras/age_VI/appendices/A_rulers_offices.md:3	the royal chronicle	->	Eachdraidh na Rìoghachd	|	council of twelve sat on beneath it; the Library, the royal chronicle, the circuit justices and the
CHANGE	eras/age_VI/appendices/A_rulers_offices.md:3	the circuit justices	->	Britheamhan na Cuairte	|	 on beneath it; the Library, the royal chronicle, the circuit justices and the Boards were made in t
CHANGE	eras/age_VI/appendices/A_rulers_offices.md:3	the royal chronicle	->	Eachdraidh na Rìoghachd	|	 gives the offices as the council's minute-books, the royal chronicle and the Library's rolls give 
CHANGE	eras/age_VI/appendices/A_rulers_offices.md:3	the Library's	->	an Leabharlann's	|	e council's minute-books, the royal chronicle and the Library's rolls give them at the close 
CHANGE	eras/age_VI/appendices/A_rulers_offices.md:3	the Crown's	->	An Crùn's	|	ce and at its end. The rulers' years are those of the Crown's own roll, and nothing is set 
CHANGE	eras/age_VI/appendices/A_rulers_offices.md:3	the chronicle	->	Eachdraidh na Rìoghachd	|	n roll, and nothing is set down of them here that the chronicle does not itself say.
CHANGE	eras/age_VI/appendices/A_rulers_offices.md:7	the Age of Strangers	->	An Aois Choigreach	|	ing born in the hundred and twenty-eighth year of the Age of Strangers. The crowning passed without 
CHANGE	eras/age_VI/appendices/A_rulers_offices.md:7	the royal chronicle	->	Eachdraidh na Rìoghachd	|	lds the first written instance of the saying, and the royal chronicle the first in its own hand, at
CHANGE	eras/age_VI/appendices/A_rulers_offices.md:7	the realm-coin	->	Bonn na Rìoghachd	|	he next crowning. The mint struck his likeness on the realm-coin from the fifth year. He reign
CHANGE	eras/age_VI/appendices/A_rulers_offices.md:9	the chronicle	->	Eachdraidh na Rìoghachd	|	-twenty. No cause of her death is made known, and the chronicle enters none.
CHANGE	eras/age_VI/appendices/A_rulers_offices.md:11	the Age of Strangers	->	An Aois Choigreach	|	usin, born in the hundred and forty-sixth year of the Age of Strangers, was crowned in the twenty-ei
CHANGE	eras/age_VI/appendices/A_rulers_offices.md:11	the Depletion	->	An Traoghadh	|	ongest reign of the age. It was in his reign that the Depletion, first noted without remark i
CHANGE	eras/age_VI/appendices/A_rulers_offices.md:11	The chronicle	->	Eachdraidh na Rìoghachd	|	the fifty-eighth year, when he was two-and-sixty. The chronicle gives no death. The die that 
CHANGE	eras/age_VI/appendices/A_rulers_offices.md:24	the Severance war	->	Cogadh nam Beann	|	nd from the captains who had led the companies of the Severance war. Its minute-books are the old
CHANGE	eras/age_VI/appendices/A_rulers_offices.md:26	the Severance war	->	Cogadh nam Beann	|	**Fearchar mac Raghnaill**, captain of the Severance war, whose plea that his company'
CHANGE	eras/age_VI/appendices/A_rulers_offices.md:28	the Moot's	->	Tional nan Tuathach's	|	seven-and-forty at the seating, who asked whether the Moot's first letter required an answ
CHANGE	eras/age_VI/appendices/A_rulers_offices.md:32	the Moot's	->	Tional nan Tuathach's	|	our-and-forty at the seating, and who asked, when the Moot's letter was read, what a Moot 
CHANGE	eras/age_VI/appendices/A_rulers_offices.md:34	the Tuathaich homeland	->	Tìr-dhùthchais nan Tuathach	|	 proposed a marked border between the kingdom and the Tuathaich homeland; the debate ran two hours, no
CHANGE	eras/age_VI/appendices/A_rulers_offices.md:36	Old Spirits	->	Na Seann Spioradan	|	nd died in the forty-fourth year; Sìleas gave her Old Spirits kin's house the time council 
CHANGE	eras/age_VI/appendices/A_rulers_offices.md:46	The Library	->	An Leabharlann	|	The Library was founded at Muileann chaol
CHANGE	eras/age_VI/appendices/A_rulers_offices.md:48	the Age of Strangers	->	An Aois Choigreach	|	 was born in the hundred and twenty-sixth year of the Age of Strangers, a hill-born man of the counc
CHANGE	eras/age_VI/appendices/A_rulers_offices.md:48	the Age of Ailean	->	An Aois Ailein	|	shires. He was forty when named keeper. He parted the Age of Ailean from the eldest age on the co
CHANGE	eras/age_VI/appendices/A_rulers_offices.md:48	the Library	->	an Leabharlann	|	-and-sixty, and buried in the small ground behind the Library, where no keeper had been bur
CHANGE	eras/age_VI/appendices/A_rulers_offices.md:52	the Library's	->	an Leabharlann's	|	at fifty. In his first year he changed nothing of the Library's hours or custom.
CHANGE	eras/age_VI/appendices/A_rulers_offices.md:56	the table of the ages	->	Clàr nan Aoisean	|	The office of royal chronicler was made with the table of the ages, and its first year entered a
CHANGE	eras/age_VI/appendices/A_rulers_offices.md:56	the Severance Era	->	Linn an Dealachaidh	|	, and its first year entered as the eighteenth of the Severance Era. The chronicle was kept at Mu
CHANGE	eras/age_VI/appendices/A_rulers_offices.md:56	The chronicle	->	Eachdraidh na Rìoghachd	|	r entered as the eighteenth of the Severance Era. The chronicle was kept at Muileann chaol, b
CHANGE	eras/age_VI/appendices/A_rulers_offices.md:56	the Library	->	an Leabharlann	|	 The chronicle was kept at Muileann chaol, beside the Library, and not at the capital.
CHANGE	eras/age_VI/appendices/A_rulers_offices.md:58	the Library	->	an Leabharlann	|	c Iain in the second year, sent east to report on the Library at four-and-forty, and sworn 
CHANGE	eras/age_VI/appendices/A_rulers_offices.md:58	the chronicle	->	Eachdraidh na Rìoghachd	|	ne-and-sixty, her last entry a plain list of what the chronicle had never held, and died in t
CHANGE	eras/age_VI/appendices/A_rulers_offices.md:60	the Library	->	an Leabharlann	|	th year at nine-and-seventy and was buried behind the Library.
CHANGE	eras/age_VI/appendices/A_rulers_offices.md:62	the Library's	->	an Leabharlann's	|	**Beathag nic Fhionnlaigh**, of the Library's senior clerks, royal chronicl
CHANGE	eras/age_VI/appendices/A_rulers_offices.md:66	high custodian	->	Àrd-choimheadaiche	|	st in the sixth year, at six-and-fifty, the first high custodian the Rite ever had. His first 
CHANGE	eras/age_VI/appendices/A_rulers_offices.md:66	the Rite	->	Deas-ghnàth a' Ghuail	|	 year, at six-and-fifty, the first high custodian the Rite ever had. His first charge wa
CHANGE	eras/age_VI/appendices/A_rulers_offices.md:66	the chronicle	->	Eachdraidh na Rìoghachd	|	cessors the north knew only by their letters, and the chronicle does not name them.
CHANGE	eras/age_VI/appendices/A_rulers_offices.md:70	the Leòid ruling	->	Breith Leòid	|	n the riding. She was one-and-fifty when she gave the Leòid ruling at Seann Bhral in the west in
CHANGE	eras/age_VI/appendices/A_rulers_offices.md:70	the Crown	->	An Crùn	|	 year, that land held under human title passes to the Crown and the working of it stays w
CHANGE	eras/age_VI/appendices/A_rulers_offices.md:74	the Rail Board	->	Comhairle na Slighe-iarainn	|	 in the fifty-ninth year, at four-and-forty, that the Rail Board is a carrier of the Crown and
CHANGE	eras/age_VI/appendices/A_rulers_offices.md:74	the Crown	->	An Crùn	|	ur-and-forty, that the Rail Board is a carrier of the Crown and must carry for any who pa
CHANGE	eras/age_VI/appendices/A_rulers_offices.md:78	Mine Board	->	Comhairle nam Mèinnean	|	The **Mine Board** sat at Cathair dhearg from 
CHANGE	eras/age_VI/appendices/A_rulers_offices.md:78	the Sloc Mòr concession	->	Cead an t-Sluic Mhòir	|	The **Mine Board** sat at Cathair dhearg from the Sloc Mòr concession until the twenty-seventh year
CHANGE	eras/age_VI/appendices/A_rulers_offices.md:78	the Library	->	an Leabharlann	|	should be kept in its own presses and not sent to the Library. **Ruairidh mac Ailein** of t
CHANGE	eras/age_VI/appendices/A_rulers_offices.md:78	the house of Mac Ùisdein	->	Taigh Mhic Ùisdein	|	ty-second year the Board sat in the stone hall of the house of Mac Ùisdein, let to it for the house's de
CHANGE	eras/age_VI/appendices/A_rulers_offices.md:80	Rail Board	->	Comhairle na Slighe-iarainn	|	The **Rail Board** was made to run the mended 
CHANGE	eras/age_VI/appendices/A_rulers_offices.md:80	Lighthouse Board	->	Comhairle nan Taighean-solais	|	t first, with its office at Cathair dhearg. The **Lighthouse Board**, Comhairle nan Taighean-sol
CHANGE	eras/age_VI/appendices/A_rulers_offices.md:84	The Moot at Caol mhòr	->	Tional nan Tuathach	|	The Moot at Caol mhòr has no standing in the Crown'
CHANGE	eras/age_VI/appendices/A_rulers_offices.md:84	the Crown's	->	An Crùn's	|	The Moot at Caol mhòr has no standing in the Crown's law, and the Crown's roll doe
CHANGE	eras/age_VI/appendices/A_rulers_offices.md:84	the Crown's	->	An Crùn's	|	Caol mhòr has no standing in the Crown's law, and the Crown's roll does not name it; its ow
CHANGE	eras/age_VI/appendices/A_rulers_offices.md:86	the Age of Strangers	->	An Aois Choigreach	|	os bheag, born in the hundred and seventh year of the Age of Strangers, speaker from the opening of 
CHANGE	eras/age_VI/appendices/A_rulers_offices.md:86	the Moot's	->	Tional nan Tuathach's	|	the Age of Strangers, speaker from the opening of the Moot's book in the second year, at f
CHANGE	eras/age_VI/appendices/A_rulers_offices.md:90	the Moot's	->	Tional nan Tuathach's	|	niel Frayne** of Muileann leathan, bookbinder and the Moot's clerk, the first speaker born
CHANGE	eras/age_VI/appendices/A_rulers_offices.md:90	the Severance	->	An Dealachadh	|	nd the Moot's clerk, the first speaker born after the Severance closed, chosen in the fifty-f
CHANGE	eras/age_VI/appendices/A_rulers_offices.md:94	the Sloc Mòr	->	An Sloc Mòr	|	amily held an overseer's post under the humans at the Sloc Mòr, took the concession in the e
CHANGE	eras/age_VI/appendices/A_rulers_offices.md:94	the Crown	->	An Crùn	|	mans' terms with the names changed and a fifth to the Crown. The house raised the market 
CHANGE	eras/age_VI/appendices/A_rulers_offices.md:94	the search for a second vein	->	Sireadh na Dàrna Fèithe	|	the fiftieth year, at four-and-thirty, to pay for the search for a second vein; after its forty-one dry shaf
CHANGE	eras/age_VI/appendices/A_rulers_offices.md:94	the Crown	->	An Crùn	|	 dry shafts the house sold half its share back to the Crown and let its hall to the Board
CHANGE	eras/age_VI/appendices/A_rulers_offices.md:94	the Crown	->	An Crùn	|	ard in the fifty-second year, and in the sixtieth the Crown bought its last working shaft
CHANGE	eras/age_VI/appendices/A_rulers_offices.md:98	the Age of Strangers	->	An Aois Choigreach	|	le**, born in the hundred and forty-third year of the Age of Strangers, kept the Moot's minute-books
CHANGE	eras/age_VI/appendices/A_rulers_offices.md:98	the Moot's	->	Tional nan Tuathach's	|	nd forty-third year of the Age of Strangers, kept the Moot's minute-books in his father's 
CHANGE	eras/age_VI/appendices/A_rulers_offices.md:98	the Moot's	->	Tional nan Tuathach's	|	 in the sixty-seventh year. **Alice Hale** opened the Moot's second school, in a net-store
CHANGE	eras/age_VI/appendices/B_faiths_orders.md:3	the Old Faith	->	An Creideamh Sean	|	tered every town under the faith its people kept: the Old Faith in its orders, the Old Spirit
CHANGE	eras/age_VI/appendices/B_faiths_orders.md:3	the Old Spirits	->	Na Seann Spioradan	|	ith its people kept: the Old Faith in its orders, the Old Spirits, or the Church the Tuathaich 
CHANGE	eras/age_VI/appendices/B_faiths_orders.md:3	the Church	->	An Eaglais	|	 the Old Faith in its orders, the Old Spirits, or the Church the Tuathaich forebears broug
CHANGE	eras/age_VI/appendices/B_faiths_orders.md:3	the Crossing	->	An t-Aiseag	|	 or the Church the Tuathaich forebears brought at the Crossing. It was the first roll of the
CHANGE	eras/age_VI/appendices/B_faiths_orders.md:3	without a faith	->	gun chreideamh	|	sk, and entered all of these as *gun chreideamh*, without a faith. What follows gives each fait
CHANGE	eras/age_VI/appendices/B_faiths_orders.md:3	the Library's	->	an Leabharlann's	|	faith. What follows gives each faith and order as the Library's rolls, the royal chronicle an
CHANGE	eras/age_VI/appendices/B_faiths_orders.md:3	the royal chronicle	->	Eachdraidh na Rìoghachd	|	ives each faith and order as the Library's rolls, the royal chronicle and the letters kept in the o
CHANGE	eras/age_VI/appendices/B_faiths_orders.md:7	the Old Faith	->	An Creideamh Sean	|	sixth year it was given a settled doctrine within the Old Faith, built upon the leyline and t
CHANGE	eras/age_VI/appendices/B_faiths_orders.md:7	the coal-touched	->	fuil-ghuail	|	, built upon the leyline and the unbroken line of the coal-touched, and in the same year Dòmhnal
CHANGE	eras/age_VI/appendices/B_faiths_orders.md:7	high custodian	->	Àrd-choimheadaiche	|	 Thormoid was named its first Àrd-choimheadaiche, high custodian, and seated at Seann Skell on
CHANGE	eras/age_VI/appendices/B_faiths_orders.md:7	(appositive)	->	Àrd-choimheadaiche	|	dropped the English gloss beside Àrd-choimheadaiche
CHANGE	eras/age_VI/appendices/B_faiths_orders.md:9	a Stone priest	->	a priest of Òrd na Cloiche	|	hearth-keepers from villages along the coast, and a Stone priest from Inis thais. He kept from
CHANGE	eras/age_VI/appendices/B_faiths_orders.md:9	the Rite	->	Deas-ghnàth a' Ghuail	|	kept from that day a plain ledger of every letter the Rite sent or received, and copied 
CHANGE	eras/age_VI/appendices/B_faiths_orders.md:9	the Stone's	->	Òrd na Cloiche's	|	 sent or received, and copied into its first page the Stone's letter wishing the Rite well.
CHANGE	eras/age_VI/appendices/B_faiths_orders.md:9	the Rite	->	Deas-ghnàth a' Ghuail	|	ed into its first page the Stone's letter wishing the Rite well. Copies of the order wen
CHANGE	eras/age_VI/appendices/B_faiths_orders.md:9	the Old Faith	->	An Creideamh Sean	|	 well. Copies of the order went to every house of the Old Faith that still stood, the Hawk ho
CHANGE	eras/age_VI/appendices/B_faiths_orders.md:9	the Hawk houses	->	Òrd an t-Seabhaig	|	to every house of the Old Faith that still stood, the Hawk houses included, to the Stone with t
CHANGE	eras/age_VI/appendices/B_faiths_orders.md:9	the Stone	->	Òrd na Cloiche	|	th that still stood, the Hawk houses included, to the Stone with thanks, and to Òrd Mhach
CHANGE	eras/age_VI/appendices/B_faiths_orders.md:11	The Rite	->	Deas-ghnàth a' Ghuail	|	The Rite blesses the shafts of the vei
CHANGE	eras/age_VI/appendices/B_faiths_orders.md:11	the coal-touched	->	fuil-ghuail	|	etters. Each census of the age carries a line for the coal-touched that gives a number and nothi
CHANGE	eras/age_VI/appendices/B_faiths_orders.md:11	the Rite's	->	Deas-ghnàth a' Ghuail's	|	uched that gives a number and nothing more, which the Rite's doctrine calls a settled matt
CHANGE	eras/age_VI/appendices/B_faiths_orders.md:15	the Hawk	->	Òrd an t-Seabhaig	|	The houses of the Hawk about Cnoc bheag kept the old
CHANGE	eras/age_VI/appendices/B_faiths_orders.md:15	the Rite	->	Deas-ghnàth a' Ghuail	|	of the Hawk about Cnoc bheag kept the old form of the Rite, the local altar answering to
CHANGE	eras/age_VI/appendices/B_faiths_orders.md:15	the Hawk	->	Òrd an t-Seabhaig	|	 were not compelled, and here the long quarrel of the Hawk and the Rite began.
CHANGE	eras/age_VI/appendices/B_faiths_orders.md:15	the Rite	->	Deas-ghnàth a' Ghuail	|	pelled, and here the long quarrel of the Hawk and the Rite began.
CHANGE	eras/age_VI/appendices/B_faiths_orders.md:17	the Hawk's	->	Òrd an t-Seabhaig's	|	way. The house at Muileann naomh, southernmost of the Hawk's houses and farthest from Cnoc
CHANGE	eras/age_VI/appendices/B_faiths_orders.md:17	the Rite's	->	Deas-ghnàth a' Ghuail's	|	he first bell any hawk-house had hung, to ring at the Rite's measured burnings. It is coun
CHANGE	eras/age_VI/appendices/B_faiths_orders.md:19	The Hawk's	->	Òrd an t-Seabhaig's	|	The Hawk's country grew rich on grain. T
CHANGE	eras/age_VI/appendices/B_faiths_orders.md:19	the Hawk's	->	Òrd an t-Seabhaig's	|	s dues, which the clerks of that town call simply the Hawk's. The Hawk house at Inis bhàn 
CHANGE	eras/age_VI/appendices/B_faiths_orders.md:19	The Hawk	->	Òrd an t-Seabhaig	|	h the clerks of that town call simply the Hawk's. The Hawk house at Inis bhàn sheltered 
CHANGE	eras/age_VI/appendices/B_faiths_orders.md:19	its Hawk	->	Òrd an t-Seabhaig	|	noc bheag passed Cathair mhòr in its numbers, and its Hawk house was the richest of any 
CHANGE	eras/age_VI/appendices/B_faiths_orders.md:21	the high custodian's	->	Àrd-choimheadaiche's	|	s house. Seann Skell answered in three lines that the high custodian's order knew no office called t
CHANGE	eras/age_VI/appendices/B_faiths_orders.md:21	the Hawk houses	->	Òrd an t-Seabhaig	|	an's order knew no office called the custodian of the Hawk houses and could not own one. The ho
CHANGE	eras/age_VI/appendices/B_faiths_orders.md:21	the Hawk's	->	Òrd an t-Seabhaig's	|	y unanswered and went on as before. Raonaid wrote the Hawk's spoken order into a farm acco
CHANGE	eras/age_VI/appendices/B_faiths_orders.md:21	the roll of arms	->	Clàr nan Suaicheantas	|	 among twelve crescents, the first change made to the roll of arms at the asking of an order.
CHANGE	eras/age_VI/appendices/B_faiths_orders.md:23	the Rite	->	Deas-ghnàth a' Ghuail	|	In the forty-seventh year a council of the Rite at Seann Skell read the Hawk 
CHANGE	eras/age_VI/appendices/B_faiths_orders.md:23	the Hawk houses	->	Òrd an t-Seabhaig	|	th year a council of the Rite at Seann Skell read the Hawk houses a place under the high custod
CHANGE	eras/age_VI/appendices/B_faiths_orders.md:23	the high custodian	->	Àrd-choimheadaiche	|	at Seann Skell read the Hawk houses a place under the high custodian with their own order of worsh
CHANGE	eras/age_VI/appendices/B_faiths_orders.md:23	the Hawk houses	->	Òrd an t-Seabhaig	|	 quieter. It did not end. In the sixty-fifth year the Hawk houses of Siorrachd Ros gheal sent t
CHANGE	eras/age_VI/appendices/B_faiths_orders.md:23	the Library	->	an Leabharlann	|	 of Siorrachd Ros gheal sent their birth-rolls to the Library for the first time, on the co
CHANGE	eras/age_VI/appendices/B_faiths_orders.md:27	The houses of the Stone	->	Òrd na Cloiche	|	The houses of the Stone in the south-west, whose Clac
CHANGE	eras/age_VI/appendices/B_faiths_orders.md:27	the Rite	->	Deas-ghnàth a' Ghuail	|	seventh year to send witnesses to the settling of the Rite and sent none, only a letter 
CHANGE	eras/age_VI/appendices/B_faiths_orders.md:27	the Rite's	->	Deas-ghnàth a' Ghuail's	|	 promising nothing further. They stood aside from the Rite's order as from the Crown's, an
CHANGE	eras/age_VI/appendices/B_faiths_orders.md:27	the Crown's	->	An Crùn's	|	r. They stood aside from the Rite's order as from the Crown's, and dealt with both on their
CHANGE	eras/age_VI/appendices/B_faiths_orders.md:27	the Stone's	->	Òrd na Cloiche's	|	merchants traded in chits written on the house of the Stone's paper until the new coin came
CHANGE	eras/age_VI/appendices/B_faiths_orders.md:27	the Severance	->	An Dealachadh	|	e town's own dues, the first harbour raised since the Severance without a coin of the Crown's
CHANGE	eras/age_VI/appendices/B_faiths_orders.md:27	the Crown's	->	An Crùn's	|	bour raised since the Severance without a coin of the Crown's in it, and the mole was built
CHANGE	eras/age_VI/appendices/B_faiths_orders.md:27	the Stone's	->	Òrd na Cloiche's	|	n of the Crown's in it, and the mole was built to the Stone's measure. In the sixty-fifth y
CHANGE	eras/age_VI/appendices/B_faiths_orders.md:27	the houses of the Stone	->	Òrd na Cloiche	|	t to the Stone's measure. In the sixty-fifth year the houses of the Stone published their own count of 
CHANGE	eras/age_VI/appendices/B_faiths_orders.md:31	the Rite's	->	Deas-ghnàth a' Ghuail's	|	h it had kept before the humans came, and refused the Rite's high custodian a share in it.
CHANGE	eras/age_VI/appendices/B_faiths_orders.md:31	high custodian	->	Àrd-choimheadaiche	|	pt before the humans came, and refused the Rite's high custodian a share in it. Its bells at C
CHANGE	eras/age_VI/appendices/B_faiths_orders.md:31	The Rite	->	Deas-ghnàth a' Ghuail	|	ight for Niall's death in the twenty-second year. The Rite sent it a copy of the order o
CHANGE	eras/age_VI/appendices/B_faiths_orders.md:31	the Rite's	->	Deas-ghnàth a' Ghuail's	|	y of the order of worship; it made no answer that the Rite's ledger records.
CHANGE	eras/age_VI/appendices/B_faiths_orders.md:35	Manannan's order	->	Òrd Mhanannain	|	Manannan's order keeps the harbours of the wes
CHANGE	eras/age_VI/appendices/B_faiths_orders.md:35	the roll of arms	->	Clàr nan Suaicheantas	|	west the house asked the council for its badge on the roll of arms, the yellow scorpion of Manan
CHANGE	eras/age_VI/appendices/B_faiths_orders.md:39	The Old Spirits	->	Na Seann Spioradan	|	The Old Spirits keep no order and no written 
CHANGE	eras/age_VI/appendices/B_faiths_orders.md:39	the Library	->	an Leabharlann	|	ancestors aloud; from the next year the hall sent the Library a copy of its naming, a littl
CHANGE	eras/age_VI/appendices/B_faiths_orders.md:39	the Old Spirits	->	Na Seann Spioradan	|	onger every year. At Inis bheag in the north-east the Old Spirits house keeps a parish roll old
CHANGE	eras/age_VI/appendices/B_faiths_orders.md:39	the Library	->	an Leabharlann	|	 the district asked in the thirty-first year that the Library measure the ruin rather than 
CHANGE	eras/age_VI/appendices/B_faiths_orders.md:41	The Old Spirits	->	Na Seann Spioradan	|	The Old Spirits keep also the fear of certain
CHANGE	eras/age_VI/appendices/B_faiths_orders.md:45	The druid schools	->	Scoiltean nan Draoidhean	|	The druid schools of Flidais, silent since the 
CHANGE	eras/age_VI/appendices/B_faiths_orders.md:45	the coal-touched	->	fuil-ghuail	|	ean, where its students copied the census line on the coal-touched and disputed it openly; the G
CHANGE	eras/age_VI/appendices/B_faiths_orders.md:45	the Guild of Hewers	->	Comann nan Gualadairean	|	 line on the coal-touched and disputed it openly; the Guild of Hewers gave the school its hall at M
CHANGE	eras/age_VI/appendices/B_faiths_orders.md:45	the pillar near Cnoc chiar	->	Colbh Cnoc chiar	|	y-ninth year the school's students laid copies of the pillar near Cnoc chiar, the obelisk at Cnoc bheag an
CHANGE	eras/age_VI/appendices/B_faiths_orders.md:45	the obelisk at Cnoc bheag	->	Carragh Cnoc bheag	|	udents laid copies of the pillar near Cnoc chiar, the obelisk at Cnoc bheag and the column at Cnoc ghorm 
CHANGE	eras/age_VI/appendices/B_faiths_orders.md:45	the column at Cnoc ghorm	->	Calbh Cnoc ghorm	|	ar near Cnoc chiar, the obelisk at Cnoc bheag and the column at Cnoc ghorm side by side and found signs 
CHANGE	eras/age_VI/appendices/B_faiths_orders.md:45	the Old Ones	->	Seann-Dhaoine	|	 in common and no meaning, and Seonaid wrote that the Old Ones were here and said so, and th
CHANGE	eras/age_VI/appendices/B_faiths_orders.md:45	the Mine Board	->	Comhairle nam Mèinnean	|	can hear it. In the fifty-first year she wrote to the Mine Board that the search for a second 
CHANGE	eras/age_VI/appendices/B_faiths_orders.md:45	the search for a second vein	->	Sireadh na Dàrna Fèithe	|	fifty-first year she wrote to the Mine Board that the search for a second vein asked the wrong question, tha
CHANGE	eras/age_VI/appendices/B_faiths_orders.md:49	the Church	->	An Eaglais	|	Most Tuathaich towns keep the Church their forebears brought at th
CHANGE	eras/age_VI/appendices/B_faiths_orders.md:49	the Crossing	->	An t-Aiseag	|	 towns keep the Church their forebears brought at the Crossing, answering to bishops of thei
CHANGE	eras/age_VI/appendices/B_faiths_orders.md:49	the Moot	->	Tional nan Tuathach	|	nce the crossing closed, of stone hauled on carts the Moot paid for by subscription, and
CHANGE	eras/age_VI/appendices/B_faiths_orders.md:49	the Bible	->	am Bìoball	|	Skell, teaching in the humans' tongue and reading the Bible in the Dia-thìris text the pr
CHANGE	eras/age_VI/appendices/B_faiths_orders.md:49	the First Canoe	->	A' Chiad Churach	|	e only. The Tuathaich kept quietly the telling of the First Canoe, the voyage of Naomh Breandan
CHANGE	eras/age_VI/appendices/B_faiths_orders.md:49	the Isle of the Blessed	->	Inis nam Beannaichte	|	 the First Canoe, the voyage of Naomh Breandan to the Isle of the Blessed, which the Dia-thìrich priest
CHANGE	eras/age_VI/appendices/B_faiths_orders.md:51	the Moot's	->	Tional nan Tuathach's	|	in harbour water, and David Hale counted them for the Moot's day-book. The north has kept 
CHANGE	eras/age_VI/appendices/B_faiths_orders.md:51	The Church's	->	An Eaglais's	|	generation it was greater than the western feast. The Church's registers, like the Moot's bo
CHANGE	eras/age_VI/appendices/B_faiths_orders.md:51	the Moot's	->	Tional nan Tuathach's	|	n the western feast. The Church's registers, like the Moot's books, stayed in the north wh
CHANGE	eras/age_VI/appendices/B_faiths_orders.md:55	The Mystery of the Grey Night	->	Rùn-dìomhair na h-Oidhche Glaise	|	The Mystery of the Grey Night is an office within the Churc
CHANGE	eras/age_VI/appendices/B_faiths_orders.md:55	the Church	->	An Eaglais	|	The Mystery of the Grey Night is an office within the Church and not quite of it, older th
CHANGE	eras/age_VI/appendices/B_faiths_orders.md:55	the Peaceful Goose	->	an Gèadh Sìtheil	|	hold one night of silence in the year under Sìne, the Peaceful Goose, the sect's name for the wild
CHANGE	eras/age_VI/appendices/B_faiths_orders.md:55	the wild goose of the Holy Spirit	->	an Gèadh Fiadhaich	|	der Sìne, the Peaceful Goose, the sect's name for the wild goose of the Holy Spirit, and outsiders are not told w
CHANGE	eras/age_VI/appendices/B_faiths_orders.md:55	the Severance	->	An Dealachadh	|	ld light at Baile chrom, for the first time since the Severance; the bishops called it irregu
CHANGE	eras/age_VI/appendices/B_faiths_orders.md:55	the Moot	->	Tional nan Tuathach	|	 gatherings as disorderly and fined Hannah Crane; the Moot paid the balance of her fine,
CHANGE	eras/age_VI/appendices/C_shires_dues_arms.md:3	the Age of the Kingdom	->	An Aois Rìoghachd	|	The kingdom governed its land in the Age of the Kingdom through shires, *siorrachdan*
CHANGE	eras/age_VI/appendices/C_shires_dues_arms.md:3	the Crown's	->	An Crùn's	|	d for its seat and each under a maor who gathered the Crown's dues and kept its peace. The 
CHANGE	eras/age_VI/appendices/C_shires_dues_arms.md:3	the roll of arms	->	Clàr nan Suaicheantas	|	its, the two dues and how they were gathered, and the roll of arms, as the council's minute-book
CHANGE	eras/age_VI/appendices/C_shires_dues_arms.md:3	the Library's	->	an Leabharlann's	|	e roll of arms, as the council's minute-books and the Library's copy of the roll give them.
CHANGE	eras/age_VI/appendices/C_shires_dues_arms.md:9	the Peace of the Threshold	->	Sìth an Stairsnich	|	e shire bounds, follow the old boundary stones of the Peace of the Threshold, which the humans' chainmen t
CHANGE	eras/age_VI/appendices/C_shires_dues_arms.md:13	The windy coast	->	An Oirthir Ghaothach	|	**The windy coast.** The shire lines stop where
CHANGE	eras/age_VI/appendices/C_shires_dues_arms.md:13	The windy coast	->	An Oirthir Ghaothach	|	dge of his map in the same flat hand as the rest. The windy coast pays neither due and the roll
CHANGE	eras/age_VI/appendices/C_shires_dues_arms.md:15	the humans' Administration	->	Riaghaltas nan Coigreach	|	.** Two rocks that each kept a customs station of the humans' Administration, Eilean dhìreach off the Tuat
CHANGE	eras/age_VI/appendices/C_shires_dues_arms.md:23	The Moot at Caol mhòr	->	Tional nan Tuathach	|	 country begins; they are the bounds of no shire. The Moot at Caol mhòr has no shire and claims none,
CHANGE	eras/age_VI/appendices/C_shires_dues_arms.md:29	the Crown's	->	An Crùn's	|	 set over each shire in the fourth year to gather the Crown's dues, keep its peace, and sea
CHANGE	eras/age_VI/appendices/C_shires_dues_arms.md:35	the Leòid ruling	->	Breith Leòid	|	aor of the shire about Seann Bhral in the west at the Leòid ruling.
CHANGE	eras/age_VI/appendices/C_shires_dues_arms.md:41	the Leòid ruling	->	Breith Leòid	|	ann Bhral in the west in the eighth year she gave the Leòid ruling, cited in nearly every land c
CHANGE	eras/age_VI/appendices/C_shires_dues_arms.md:41	the Crown	->	An Crùn	|	nteen suits on human titles and found fifteen for the Crown. Her rulings were bound after
CHANGE	eras/age_VI/appendices/C_shires_dues_arms.md:41	the Rail Board	->	Comhairle na Slighe-iarainn	|	ral in the west in the fifty-ninth year and ruled the Rail Board a carrier of the Crown. The c
CHANGE	eras/age_VI/appendices/C_shires_dues_arms.md:41	the Crown	->	An Crùn	|	-ninth year and ruled the Rail Board a carrier of the Crown. The circuit court found for 
CHANGE	eras/age_VI/appendices/C_shires_dues_arms.md:41	the search for a second vein	->	Sireadh na Dàrna Fèithe	|	n. The circuit court found for Dùn dhearg against the search for a second vein in the fifty-second year.
CHANGE	eras/age_VI/appendices/C_shires_dues_arms.md:47	The Treasury	->	An t-Ionmhas	|	he harbour dues; it has stood at that rate since. The Treasury reckons in purses, *sporain*.
CHANGE	eras/age_VI/appendices/C_shires_dues_arms.md:47	the Moot	->	Tional nan Tuathach	|	ll on the count the clerks made and not the count the Moot kept, and the two differed by
CHANGE	eras/age_VI/appendices/C_shires_dues_arms.md:51	the realm-coin	->	Bonn na Rìoghachd	|	's office. Cathair gheal was fined four purses of the realm-coin in the twentieth year for bea
CHANGE	eras/age_VI/appendices/C_shires_dues_arms.md:51	the Crown	->	An Crùn	|	by coin at the maor's door. Tolls are taken where the Crown or a town sets a gate: the to
CHANGE	eras/age_VI/appendices/C_shires_dues_arms.md:51	The fair at Muileann òg	->	Fèill Muileann òg	|	town its southern wall in the twenty-second year. The fair at Muileann òg takes a stall-fee in coin; th
CHANGE	eras/age_VI/appendices/C_shires_dues_arms.md:53	the Treasury	->	An t-Ionmhas	|	adh mhin under salt in the fourth year, came from the Treasury without a due asked, and the 
CHANGE	eras/age_VI/appendices/C_shires_dues_arms.md:53	the Crown	->	An Crùn	|	, came from the Treasury without a due asked, and the Crown paid a third of Cuan dhearg's
CHANGE	eras/age_VI/appendices/C_shires_dues_arms.md:57	the roll of arms	->	Clàr nan Suaicheantas	|	 the council's clerks made Clàr nan Suaicheantas, the roll of arms. The kingdom's arms were cut 
CHANGE	eras/age_VI/appendices/C_shires_dues_arms.md:57	the Residency	->	Taigh an Àrd-mhaoir	|	e charges were copied from a book of arms left at the Residency, as the shire lines were draw
CHANGE	eras/age_VI/appendices/C_shires_dues_arms.md:57	(appositive)	->	Clàr nan Suaicheantas	|	dropped the English gloss beside Clàr nan Suaicheantas
CHANGE	eras/age_VI/appendices/C_shires_dues_arms.md:59	the house of Mac Ùisdein	->	Taigh Mhic Ùisdein	|	rs of Muileann mhin a flame struck over a hammer; the house of Mac Ùisdein cut a stylised wave on every 
CHANGE	eras/age_VI/appendices/C_shires_dues_arms.md:61	the Hawk houses	->	Òrd an t-Seabhaig	|	sking. In the thirty-sixth year five witnesses of the Hawk houses, Raonaid nic Iain among them,
CHANGE	eras/age_VI/appendices/C_shires_dues_arms.md:63	The realm-coin	->	Bonn na Rìoghachd	|	**The coin.** The realm-coin struck at Cathair dhearg from
CHANGE	eras/age_VI/appendices/D_reckoning_record.md:3	the Library at Muileann chaol	->	Leabharlann Muileann chaol	|	s age, and made the offices that keep its record: the Library at Muileann chaol in the sixteenth year, the ro
CHANGE	eras/age_VI/appendices/D_reckoning_record.md:3	the royal chronicle	->	Eachdraidh na Rìoghachd	|	 Library at Muileann chaol in the sixteenth year, the royal chronicle in the eighteenth. It counted
CHANGE	eras/age_VI/appendices/D_reckoning_record.md:3	the table of the ages	->	Clàr nan Aoisean	|	count of years as the council's warrant fixed it, the table of the ages as it stands at the close of 
CHANGE	eras/age_VI/appendices/D_reckoning_record.md:3	the Library's	->	an Leabharlann's	|	close of the age, the calendar the kingdom keeps, the Library's books, the royal chronicle an
CHANGE	eras/age_VI/appendices/D_reckoning_record.md:3	the royal chronicle	->	Eachdraidh na Rìoghachd	|	 calendar the kingdom keeps, the Library's books, the royal chronicle and its foot-notes, the three
CHANGE	eras/age_VI/appendices/D_reckoning_record.md:3	the Moot's	->	Tional nan Tuathach's	|	censuses, the calling-in of the shire chests, and the Moot's own records, all as they stan
CHANGE	eras/age_VI/appendices/D_reckoning_record.md:7	the Age of Strangers	->	An Aois Choigreach	|	sland dated its public writings as it had through the Age of Strangers, by the civil day and month t
CHANGE	eras/age_VI/appendices/D_reckoning_record.md:7	the Diosal	->	An Diosal	|	y and month the humans brought and by the year of the Diosal, the count that runs from the
CHANGE	eras/age_VI/appendices/D_reckoning_record.md:7	the sunwise turn	->	An Diosal	|	 the year of the Diosal, the count that runs from the sunwise turn of the Sundering fleet in the
CHANGE	eras/age_VI/appendices/D_reckoning_record.md:7	the Sundering	->	a' Scaradh	|	sal, the count that runs from the sunwise turn of the Sundering fleet in the river pool below
CHANGE	eras/age_VI/appendices/D_reckoning_record.md:7	the Library	->	an Leabharlann	|	est. The keeper's proclamation at the founding of the Library in the sixteenth year was dat
CHANGE	eras/age_VI/appendices/D_reckoning_record.md:7	the Diosal	->	An Diosal	|	 year one thousand nine hundred and forty-five of the Diosal, and it is among the last pub
CHANGE	eras/age_VI/appendices/D_reckoning_record.md:9	the Library	->	an Leabharlann	|	nt had served the scribes of the rolls. It served the Library ill. Everything older than th
CHANGE	eras/age_VI/appendices/D_reckoning_record.md:9	the sunwise turn	->	An Diosal	|	 It served the Library ill. Everything older than the sunwise turn had to be counted backwards i
CHANGE	eras/age_VI/appendices/D_reckoning_record.md:9	the Binding	->	An Ceangal	|	d backwards in years that ran into the thousands, the Binding nearly three thousand years b
CHANGE	eras/age_VI/appendices/D_reckoning_record.md:9	the Diosal	->	An Diosal	|	s, the Binding nearly three thousand years before the Diosal and the mason's fire nearly t
CHANGE	eras/age_VI/appendices/D_reckoning_record.md:9	the mason's fire	->	Teine a' Chlachair	|	nearly three thousand years before the Diosal and the mason's fire nearly thirteen thousand, num
CHANGE	eras/age_VI/appendices/D_reckoning_record.md:11	the Diosal	->	An Diosal	|	m's records should count their years no longer by the Diosal but by the ages of the Librar
CHANGE	eras/age_VI/appendices/D_reckoning_record.md:11	the Library's	->	an Leabharlann's	|	 years no longer by the Diosal but by the ages of the Library's table, each age from its own 
CHANGE	eras/age_VI/appendices/D_reckoning_record.md:11	the Severance Era	->	Linn an Dealachaidh	|	ler's first year was entered as the eighteenth of the Severance Era, the first year so written in
CHANGE	eras/age_VI/appendices/D_reckoning_record.md:11	the Diosal	->	An Diosal	|	her than borrowed from an older count. Thereafter the Diosal was kept only in old books. I
CHANGE	eras/age_VI/appendices/D_reckoning_record.md:11	the day of the empty-harbour rite	->	Là an Diosail	|	 was kept only in old books. Its name lives on in the day of the empty-harbour rite, Là an Diosail, and in the qu
CHANGE	eras/age_VI/appendices/D_reckoning_record.md:11	(appositive)	->	Là an Diosail	|	dropped the English gloss beside Là an Diosail
CHANGE	eras/age_VI/appendices/D_reckoning_record.md:15	the Library	->	an Leabharlann	|	s of the cellar had cut the past into ages before the Library had a keeper, out of the cust
CHANGE	eras/age_VI/appendices/D_reckoning_record.md:15	the king-lists	->	Clàr nan Rìghrean	|	ustomary tellings of Clann na Ceiste laid against the king-lists the custodians' rolls preserv
CHANGE	eras/age_VI/appendices/D_reckoning_record.md:15	the Library	->	an Leabharlann	|	ounted an age of its own. It was the first change the Library made to any reckoning it had 
CHANGE	eras/age_VI/appendices/D_reckoning_record.md:19	the Ancient Age	->	An Aois Àrsaidh	|	| I | An Aois Àrsaidh, the Ancient Age | Linn na Fèithe, the Vein Er
CHANGE	eras/age_VI/appendices/D_reckoning_record.md:19	the Vein Era	->	Linn na Fèithe	|	n Aois Àrsaidh, the Ancient Age | Linn na Fèithe, the Vein Era (VE) | VE 1 – 5,324 |
CHANGE	eras/age_VI/appendices/D_reckoning_record.md:19	(appositive)	->	An Aois Àrsaidh	|	dropped the English gloss beside An Aois Àrsaidh
CHANGE	eras/age_VI/appendices/D_reckoning_record.md:19	(appositive)	->	Linn na Fèithe	|	dropped the English gloss beside Linn na Fèithe
CHANGE	eras/age_VI/appendices/D_reckoning_record.md:20	the Age of Ailean	->	An Aois Ailein	|	| II | An Aois Ailein, the Age of Ailean | Linn na Doire, the Grove Er
CHANGE	eras/age_VI/appendices/D_reckoning_record.md:20	the Grove Era	->	Linn na Doire	|	n Aois Ailein, the Age of Ailean | Linn na Doire, the Grove Era (GE) | GE 1 – 4,603 |
CHANGE	eras/age_VI/appendices/D_reckoning_record.md:20	(appositive)	->	An Aois Ailein	|	dropped the English gloss beside An Aois Ailein
CHANGE	eras/age_VI/appendices/D_reckoning_record.md:20	(appositive)	->	Linn na Doire	|	dropped the English gloss beside Linn na Doire
CHANGE	eras/age_VI/appendices/D_reckoning_record.md:21	the Holy Age	->	An Aois Naomh	|	| III | An Aois Naomh, the Holy Age | Linn an Teine, the Flame Er
CHANGE	eras/age_VI/appendices/D_reckoning_record.md:21	the Flame Era	->	Linn an Teine	|	II | An Aois Naomh, the Holy Age | Linn an Teine, the Flame Era (FE) | FE 1 – 2,960 |
CHANGE	eras/age_VI/appendices/D_reckoning_record.md:21	(appositive)	->	Linn an Teine	|	dropped the English gloss beside Linn an Teine
CHANGE	eras/age_VI/appendices/D_reckoning_record.md:21	(appositive)	->	An Aois Naomh	|	dropped the English gloss beside An Aois Naomh
CHANGE	eras/age_VI/appendices/D_reckoning_record.md:22	the Age of Sundering	->	An Aois Scaraidh	|	| IV | An Aois Scaraidh, the Age of Sundering | Linn na Tìre, the Landfall 
CHANGE	eras/age_VI/appendices/D_reckoning_record.md:22	the Landfall Era	->	Linn na Tìre	|	is Scaraidh, the Age of Sundering | Linn na Tìre, the Landfall Era (LE) | LE 1 – 1,819 |
CHANGE	eras/age_VI/appendices/D_reckoning_record.md:22	(appositive)	->	An Aois Scaraidh	|	dropped the English gloss beside An Aois Scaraidh
CHANGE	eras/age_VI/appendices/D_reckoning_record.md:22	(appositive)	->	Linn na Tìre	|	dropped the English gloss beside Linn na Tìre
CHANGE	eras/age_VI/appendices/D_reckoning_record.md:23	the Age of Strangers	->	An Aois Choigreach	|	| V | An Aois Choigreach, the Age of Strangers | Linn an Acair, the Anchor E
CHANGE	eras/age_VI/appendices/D_reckoning_record.md:23	the Anchor Era	->	Linn an Acair	|	Choigreach, the Age of Strangers | Linn an Acair, the Anchor Era (AE) | AE 1 – 151 |
CHANGE	eras/age_VI/appendices/D_reckoning_record.md:23	(appositive)	->	An Aois Choigreach	|	dropped the English gloss beside An Aois Choigreach
CHANGE	eras/age_VI/appendices/D_reckoning_record.md:23	(appositive)	->	Linn an Acair	|	dropped the English gloss beside Linn an Acair
CHANGE	eras/age_VI/appendices/D_reckoning_record.md:24	the Age of the Kingdom	->	An Aois Rìoghachd	|	| VI | An Aois Rìoghachd, the Age of the Kingdom | Linn an Dealachaidh, the Se
CHANGE	eras/age_VI/appendices/D_reckoning_record.md:24	the Severance Era	->	Linn an Dealachaidh	|	hd, the Age of the Kingdom | Linn an Dealachaidh, the Severance Era (SE) | from SE 1 |
CHANGE	eras/age_VI/appendices/D_reckoning_record.md:24	(appositive)	->	Linn an Dealachaidh	|	dropped the English gloss beside Linn an Dealachaidh
CHANGE	eras/age_VI/appendices/D_reckoning_record.md:24	(appositive)	->	An Aois Rìoghachd	|	dropped the English gloss beside An Aois Rìoghachd
CHANGE	eras/age_VI/appendices/D_reckoning_record.md:26	The Age of Strangers	->	An Aois Choigreach	|	The Age of Strangers closes with the Severance on 
CHANGE	eras/age_VI/appendices/D_reckoning_record.md:26	the Severance	->	An Dealachadh	|	The Age of Strangers closes with the Severance on the first day of its hundr
CHANGE	eras/age_VI/appendices/D_reckoning_record.md:26	the Age of the Kingdom	->	An Aois Rìoghachd	|	red and fifty-first year, and the first events of the Age of the Kingdom follow within that same year,
CHANGE	eras/age_VI/appendices/D_reckoning_record.md:26	the Severance Era	->	Linn an Dealachaidh	|	t same year, which is therefore also the first of the Severance Era. The Severance Era is counted
CHANGE	eras/age_VI/appendices/D_reckoning_record.md:26	The Severance Era	->	Linn an Dealachaidh	|	is therefore also the first of the Severance Era. The Severance Era is counted from the fixing of
CHANGE	eras/age_VI/appendices/D_reckoning_record.md:26	the Tuathaich homeland	->	Tìr-dhùthchais nan Tuathach	|	. The Severance Era is counted from the fixing of the Tuathaich homeland, read at Caol mhòr on the twe
CHANGE	eras/age_VI/appendices/D_reckoning_record.md:26	The Holy Age	->	An Aois Naomh	|	ead at Caol mhòr on the twenty-second of am Màrt. The Holy Age is counted from the fall of A
CHANGE	eras/age_VI/appendices/D_reckoning_record.md:26	the Binding	->	An Ceangal	|	 of Ailean Mòr at Àth na Fala, three weeks before the Binding, so that no age should outlas
CHANGE	eras/age_VI/appendices/D_reckoning_record.md:26	the chronicle	->	Eachdraidh na Rìoghachd	|	utlast the man it was named for. In running prose the chronicle is content to write "the fort
CHANGE	eras/age_VI/appendices/D_reckoning_record.md:26	the Severance Era	->	Linn an Dealachaidh	|	ronicle is content to write "the fortieth year of the Severance Era", or, among the chronicle's o
CHANGE	eras/age_VI/appendices/D_reckoning_record.md:26	the chronicle's	->	Eachdraidh na Rìoghachd's	|	he fortieth year of the Severance Era", or, among the chronicle's own clerks, simply "the forti
CHANGE	eras/age_VI/appendices/D_reckoning_record.md:30	The Old Faith	->	An Creideamh Sean	|	-eight with a twenty-ninth day every fourth year. The Old Faith keeps the reckoning of the mo
CHANGE	eras/age_VI/appendices/D_reckoning_record.md:30	The Moot	->	Tional nan Tuathach	|	l and Samhain fall on the firsts of their months. The Moot and the Tuathaich parish book
CHANGE	eras/age_VI/appendices/D_reckoning_record.md:30	the Library	->	an Leabharlann	|	gdom's era; what count they keep among themselves the Library cannot say.
CHANGE	eras/age_VI/appendices/D_reckoning_record.md:34	The Library at Muileann chaol	->	Leabharlann Muileann chaol	|	The Library at Muileann chaol was founded in the sixteenth 
CHANGE	eras/age_VI/appendices/D_reckoning_record.md:34	the Severance	->	An Dealachadh	|	stood on planks above standing water since before the Severance, the lowest tier gone soft as
CHANGE	eras/age_VI/appendices/D_reckoning_record.md:34	The Library's	->	An Leabharlann's	|	receive, order and keep whatever was sent to him. The Library's books of this age are these.
CHANGE	eras/age_VI/appendices/D_reckoning_record.md:36	the book of lines	->	Leabhar nan Sloinnidhean	|	**Leabhar nan Sloinnidhean**, the book of lines, begun in the seventeenth yea
CHANGE	eras/age_VI/appendices/D_reckoning_record.md:36	the Line of the Mason	->	Sloinneadh a' Chlachair	|	eventeenth year for nothing but lines of descent: the Line of the Mason, found wedged behind a shifte
CHANGE	eras/age_VI/appendices/D_reckoning_record.md:36	the Line of Aisling	->	Sloinneadh Aisling	|	ifted course of brick in the cellar, and after it the Line of Aisling, Cailean mac Eachainn's line 
CHANGE	eras/age_VI/appendices/D_reckoning_record.md:38	the book of tellings	->	Leabhar nan Aithrisean	|	**Leabhar nan Aithrisean**, the book of tellings, begun the same year for the 
CHANGE	eras/age_VI/appendices/D_reckoning_record.md:38	the Hollow Man	->	Marbh-bheò	|	o kept, set down by firelight rather than by day: the Hollow Man, the white stag, a captain's 
CHANGE	eras/age_VI/appendices/D_reckoning_record.md:38	The long years	->	Na Bliadhnachan Fada	|	 captain's boast of a wolf and a door held alone. The long years of Ailean Mòr and his childre
CHANGE	eras/age_VI/appendices/D_reckoning_record.md:40	the Library	->	an Leabharlann	|	 four days in the seventeenth year and asked that the Library keep a copy of his copy too.
CHANGE	eras/age_VI/appendices/D_reckoning_record.md:42	the Library's	->	an Leabharlann's	|	**The register of finds**, which enters the Library's own diggings: the wall at Làr
CHANGE	eras/age_VI/appendices/D_reckoning_record.md:42	the Old Ones	->	Seann-Dhaoine	|	h an Dùin of the thirty-first year, entered as of the Old Ones, purpose unknown; Làrach an T
CHANGE	eras/age_VI/appendices/D_reckoning_record.md:42	the obelisk at Cnoc bheag	->	Carragh Cnoc bheag	|	wn; Làrach an Teampaill, measured and let be; and the obelisk at Cnoc bheag, copied stroke by stroke by U
CHANGE	eras/age_VI/appendices/D_reckoning_record.md:46	The Library	->	An Leabharlann	|	The Library keeps as well the lists the o
CHANGE	eras/age_VI/appendices/D_reckoning_record.md:46	the Guild of Hewers	->	Comann nan Gualadairean	|	ming of the dead each year from the twenty-third; the Guild of Hewers' sick-roll of four hundred me
CHANGE	eras/age_VI/appendices/D_reckoning_record.md:46	the warm springs	->	Fuarain Theth Muileann ruadh	|	r hundred men sent unasked from the bath-house at the warm springs; the Hawk houses' birth-rolls
CHANGE	eras/age_VI/appendices/D_reckoning_record.md:46	the Hawk houses	->	Òrd an t-Seabhaig	|	 unasked from the bath-house at the warm springs; the Hawk houses' birth-rolls of Siorrachd Ros
CHANGE	eras/age_VI/appendices/D_reckoning_record.md:46	the Library	->	an Leabharlann	|	hrase *a chur san Leabharlann*, to put a thing in the Library, was first said at Muileann c
CHANGE	eras/age_VI/appendices/D_reckoning_record.md:48	The Library's	->	An Leabharlann's	|	The Library's paper, and nearly every page 
CHANGE	eras/age_VI/appendices/D_reckoning_record.md:48	the royal chronicle	->	Eachdraidh na Rìoghachd	|	The Library's paper, and nearly every page of the royal chronicle in this age, came from the mi
CHANGE	eras/age_VI/appendices/D_reckoning_record.md:52	the Library	->	an Leabharlann	|	he would keep the record at Muileann chaol beside the Library and not at the capital, a rec
CHANGE	eras/age_VI/appendices/D_reckoning_record.md:52	the chronicle	->	Eachdraidh na Rìoghachd	|	n the forty-second year, was a plain list of what the chronicle under her hand had never held
CHANGE	eras/age_VI/appendices/D_reckoning_record.md:56	the Moot's	->	Tional nan Tuathach's	|	 first year, that the census clerks had relied on the Moot's own figures; in the sixty-eig
CHANGE	eras/age_VI/appendices/D_reckoning_record.md:56	the Library's	->	an Leabharlann's	|	the Moot's own figures; in the sixty-eighth, that the Library's fourth floor stands ready and
CHANGE	eras/age_VI/appendices/D_reckoning_record.md:60	the coal-touched	->	fuil-ghuail	|	. Its roll noted, and said no more of it, how few the coal-touched are. In Siorrachd Doire ghlas
CHANGE	eras/age_VI/appendices/D_reckoning_record.md:60	the Moot	->	Tional nan Tuathach	|	owns from the road and entered few of the houses; the Moot kept its own tally that year,
CHANGE	eras/age_VI/appendices/D_reckoning_record.md:64	the Moot	->	Tional nan Tuathach	|	de to Caol mhòr, the first southern office to ask the Moot for its own count, and Daniel
CHANGE	eras/age_VI/appendices/D_reckoning_record.md:64	the Moot's	->	Tional nan Tuathach's	|	ot for its own count, and Daniel Frayne gave them the Moot's figures, kept every third yea
CHANGE	eras/age_VI/appendices/D_reckoning_record.md:64	the Moot	->	Tional nan Tuathach	|	l registers. The published figures, read aloud at the Moot in the sixty-fifth year, show
CHANGE	eras/age_VI/appendices/D_reckoning_record.md:64	The Moot's	->	Tional nan Tuathach's	|	measure in every column the clerks chose to take. The Moot's minute says only: *Now writte
CHANGE	eras/age_VI/appendices/D_reckoning_record.md:64	the coal-touched	->	fuil-ghuail	|	tten.* The census, like the first, has a line for the coal-touched that gives a number and nothi
CHANGE	eras/age_VI/appendices/D_reckoning_record.md:64	the Stone	->	Lia Fàil	|	 Pinn copied it without comment. In the shires of the Stone the houses published their ow
CHANGE	eras/age_VI/appendices/D_reckoning_record.md:68	the Library	->	an Leabharlann	|	oat; its record is the only one of the calling-in the Library never read. The Library doubl
CHANGE	eras/age_VI/appendices/D_reckoning_record.md:68	The Library	->	An Leabharlann	|	nly one of the calling-in the Library never read. The Library doubled its holdings and took
CHANGE	eras/age_VI/appendices/D_reckoning_record.md:70	the Sloc Mòr	->	An Sloc Mòr	|	 Muileann chaol, built of the grey spoil-stone of the Sloc Mòr, was finished in the sixty-ei
CHANGE	eras/age_VI/appendices/D_reckoning_record.md:74	The Moot's	->	Tional nan Tuathach's	|	No Tuathaich record was called in. The Moot's day-books and minute-books, k
CHANGE	eras/age_VI/appendices/D_reckoning_record.md:74	the Moot's	->	Tional nan Tuathach's	|	ale's small upright hand, David Hale's after him; the Moot's counts of its people every th
CHANGE	eras/age_VI/appendices/D_reckoning_record.md:74	the Moot	->	Tional nan Tuathach	|	th year, Daniel Frayne put it to the room whether the Moot should offer its books south.
CHANGE	eras/age_VI/appendices/D_reckoning_record.md:74	the Library	->	an Leabharlann	|	s register of its pits. Of what these books hold, the Library knows only what their keepers
CHANGE	eras/age_VI/appendices/E_vein_boards_trade.md:3	the humans' Administration	->	Riaghaltas nan Coigreach	|	The kingdom lived in this age on the vein, as the humans' Administration had before it: on the Sloc Mò
CHANGE	eras/age_VI/appendices/E_vein_boards_trade.md:3	the Sloc Mòr	->	An Sloc Mòr	|	, as the humans' Administration had before it: on the Sloc Mòr and its daughter workings, on
CHANGE	eras/age_VI/appendices/E_vein_boards_trade.md:3	the coal line	->	Slighe a' Ghuail	|	it: on the Sloc Mòr and its daughter workings, on the coal line that carried their yield to t
CHANGE	eras/age_VI/appendices/E_vein_boards_trade.md:3	the Crown	->	An Crùn	|	arried their yield to the ports, and on the fifth the Crown took of every ton. It restore
CHANGE	eras/age_VI/appendices/E_vein_boards_trade.md:3	the Holy Age	->	An Aois Naomh	|	rown took of every ton. It restored the guilds of the Holy Age in a changed form, gave its t
CHANGE	eras/age_VI/appendices/E_vein_boards_trade.md:3	the fair at Muileann òg	->	Fèill Muileann òg	|	 and marks, and gathered its trade once a year at the fair at Muileann òg. Through the second half of t
CHANGE	eras/age_VI/appendices/E_vein_boards_trade.md:3	the Depletion	->	An Traoghadh	|	 the coin, the lesser trades, and the measures of the Depletion, as they stand in the seventy
CHANGE	eras/age_VI/appendices/E_vein_boards_trade.md:7	the Crown	->	An Crùn	|	 kingdom took it over whole. In the eleventh year the Crown granted the working of it to 
CHANGE	eras/age_VI/appendices/E_vein_boards_trade.md:7	the Crown	->	An Crùn	|	ed: the house to work the vein and sell its coal, the Crown to take a fifth of the yield.
CHANGE	eras/age_VI/appendices/E_vein_boards_trade.md:7	the Rite	->	Deas-ghnàth a' Ghuail	|	in was given no season of rest; the custodians of the Rite entered a protest, and then b
CHANGE	eras/age_VI/appendices/E_vein_boards_trade.md:9	the Rail Board's	->	Comhairle na Slighe-iarainn's	|	g under the house's quarry-mark, a stylised wave; the Rail Board's office, the house's hall at C
CHANGE	eras/age_VI/appendices/E_vein_boards_trade.md:9	the Library's	->	an Leabharlann's	|	rd's office, the house's hall at Cathair mhòr and the Library's new wing are all of it.
CHANGE	eras/age_VI/appendices/E_vein_boards_trade.md:11	The house of Mac Ùisdein	->	Taigh Mhic Ùisdein	|	The house of Mac Ùisdein held the concession three gen
CHANGE	eras/age_VI/appendices/E_vein_boards_trade.md:11	the search for a second vein	->	Sireadh na Dàrna Fèithe	|	ein borrowed against the house's share to pay for the search for a second vein; after the search failed the 
CHANGE	eras/age_VI/appendices/E_vein_boards_trade.md:11	the Crown	->	An Crùn	|	arch failed the house sold half its share back to the Crown in the fifty-second year and 
CHANGE	eras/age_VI/appendices/E_vein_boards_trade.md:11	the Mine Board	->	Comhairle nam Mèinnean	|	rown in the fifty-second year and let its hall to the Mine Board. In the sixtieth year the Cro
CHANGE	eras/age_VI/appendices/E_vein_boards_trade.md:11	the Crown	->	An Crùn	|	 its hall to the Mine Board. In the sixtieth year the Crown bought the house's last worki
CHANGE	eras/age_VI/appendices/E_vein_boards_trade.md:11	the Crown's	->	An Crùn's	|	uarry, and from then the Board worked the vein in the Crown's name alone.
CHANGE	eras/age_VI/appendices/E_vein_boards_trade.md:15	The Mine Board	->	Comhairle nam Mèinnean	|	**The Mine Board** was set over the vein at th
CHANGE	eras/age_VI/appendices/E_vein_boards_trade.md:15	the Library	->	an Leabharlann	|	' work is kept in its own presses and not sent to the Library as every other office's repor
CHANGE	eras/age_VI/appendices/E_vein_boards_trade.md:17	The Rail Board	->	Comhairle na Slighe-iarainn	|	**The Rail Board** was made in the eighth year
CHANGE	eras/age_VI/appendices/E_vein_boards_trade.md:17	the Moot's	->	Tional nan Tuathach's	|	 and houses them in rows by the lines. It refused the Moot's goods from the fortieth year 
CHANGE	eras/age_VI/appendices/E_vein_boards_trade.md:17	the Crown	->	An Crùn	|	l in the fifty-ninth year that it is a carrier of the Crown and must carry for any who pa
CHANGE	eras/age_VI/appendices/E_vein_boards_trade.md:19	The Lighthouse Board	->	Comhairle nan Taighean-solais	|	**The Lighthouse Board** keeps the five lights the h
CHANGE	eras/age_VI/appendices/E_vein_boards_trade.md:23	the Severance war	->	Cogadh nam Beann	|	tains to the sea lay broken in three places after the Severance war. In the eighth year the counc
CHANGE	eras/age_VI/appendices/E_vein_boards_trade.md:23	the Sloc Mòr	->	An Sloc Mòr	|	chadh dhomhain, and the first coal train ran from the Sloc Mòr to Cathair dhearg in the king
CHANGE	eras/age_VI/appendices/E_vein_boards_trade.md:23	the Sloc Mòr	->	An Sloc Mòr	|	ew sidings at Muileann chrom, where the line from the Sloc Mòr meets the older line down to 
CHANGE	eras/age_VI/appendices/E_vein_boards_trade.md:23	Sloc Mòr	->	An Sloc Mòr	|	 quays were rebuilt for coal-ships. The line runs Sloc Mòr, Muileann chrom, Cathair dhea
CHANGE	eras/age_VI/appendices/E_vein_boards_trade.md:25	the Moot's	->	Tional nan Tuathach's	|	 lived on stored coal, and Mary Coyle, a month in the Moot's chair, had every northern har
CHANGE	eras/age_VI/appendices/E_vein_boards_trade.md:25	the Rail Board	->	Comhairle na Slighe-iarainn	|	til the line was mended. In the sixty-eighth year the Rail Board shut the Àth leathan spur for
CHANGE	eras/age_VI/appendices/E_vein_boards_trade.md:29	the Holy Age	->	An Aois Naomh	|	 year the old custom of binding apprentices, from the Holy Age, was taken up again in a chan
CHANGE	eras/age_VI/appendices/E_vein_boards_trade.md:31	The Guild of Hewers	->	Comann nan Gualadairean	|	**The Guild of Hewers**, the first chartered under 
CHANGE	eras/age_VI/appendices/E_vein_boards_trade.md:31	the hot springs	->	Fuarain Theth Muileann ruadh	|	to Dia-thìrich only. It built the bath-house over the hot springs below Muileann ruadh for mine
CHANGE	eras/age_VI/appendices/E_vein_boards_trade.md:35	the Crown's	->	An Crùn's	|	he fourteenth year with the sole right to fit out the Crown's patrol boats.
CHANGE	eras/age_VI/appendices/E_vein_boards_trade.md:41	The silver guild	->	Comann an Airgid	|	**The silver guild of Muileann chiar**, whose se
CHANGE	eras/age_VI/appendices/E_vein_boards_trade.md:41	the Crown's	->	An Crùn's	|	 was found richer at depth, its captains bound to the Crown's tithe on every bar struck.
CHANGE	eras/age_VI/appendices/E_vein_boards_trade.md:45	the white thread	->	An Snàthainn Geal	|	urned from grain to bark in the fifty-third year; the white thread of the Doire ghlas weavers; t
CHANGE	eras/age_VI/appendices/E_vein_boards_trade.md:49	The fair at Muileann òg	->	Fèill Muileann òg	|	The fair at Muileann òg was first held in an Dàmhair 
CHANGE	eras/age_VI/appendices/E_vein_boards_trade.md:49	The court of the fair's	->	Cùirt na Fèille's	|	ules are read aloud at the opening of every fair. The court of the fair's first case was a barrel of sa
CHANGE	eras/age_VI/appendices/E_vein_boards_trade.md:49	the Moot's	->	Tional nan Tuathach's	|	 than it would have fetched at a northern market; the Moot's letter against the factor rul
CHANGE	eras/age_VI/appendices/E_vein_boards_trade.md:51	the Carters' Road	->	Rathad nan Cairtearan	|	the north's wool came south by cart, five days by the Carters' Road. In the fifty-fifth year the 
CHANGE	eras/age_VI/appendices/E_vein_boards_trade.md:51	the white thread	->	An Snàthainn Geal	|	Tuathaich name written on anything sold there was the white thread of Doire ghlas. By the fifty-
CHANGE	eras/age_VI/appendices/E_vein_boards_trade.md:55	the realm-coin	->	Bonn na Rìoghachd	|	ouse at Cathair dhearg under Fearchar Bonn struck the realm-coin in its place, the seal of eac
CHANGE	eras/age_VI/appendices/E_vein_boards_trade.md:55	The Treasury	->	An t-Ionmhas	|	that a clipped coin shows the colour at its edge. The Treasury reckons in purses. In the nor
CHANGE	eras/age_VI/appendices/E_vein_boards_trade.md:55	the Moot's	->	Tional nan Tuathach's	|	ss two hundred households at Caol mhòr alone, and the Moot's letter asking an exchange mar
CHANGE	eras/age_VI/appendices/E_vein_boards_trade.md:55	the Stone's	->	Lia Fàil's	|	l. At Inis thais the merchants traded in chits on the Stone's paper until the coin came. In
CHANGE	eras/age_VI/appendices/E_vein_boards_trade.md:55	the Crown	->	An Crùn	|	om Muileann chiar than the mint could refine, and the Crown gave the villages of the east
CHANGE	eras/age_VI/appendices/E_vein_boards_trade.md:55	the realm-coin	->	Bonn na Rìoghachd	|	 the stream below Baile dhìreach, into blanks for the realm-coin, paid by weight; the mint str
CHANGE	eras/age_VI/appendices/E_vein_boards_trade.md:59	the Crown	->	An Crùn	|	rty-fourth year and raised again within the year, the Crown paying a third. **Scent**, fr
CHANGE	eras/age_VI/appendices/E_vein_boards_trade.md:59	the Moot's	->	Tional nan Tuathach's	|	hiar's looms and, from the fifty-ninth year, from the Moot's mills at Doire ghlas, whose f
CHANGE	eras/age_VI/appendices/E_vein_boards_trade.md:59	the Hawk country	->	Oirthir an t-Seabhaig	|	 thread at the selvedge. **Grain**, by water from the Hawk country through the dock at Ros gheal
CHANGE	eras/age_VI/appendices/E_vein_boards_trade.md:59	the Crown's	->	An Crùn's	|	 than Cathair mhòr's granaries showed for a year; the Crown's store at Cathair fhada held a
CHANGE	eras/age_VI/appendices/E_vein_boards_trade.md:59	the Sloc Mòr	->	An Sloc Mòr	|	haich in the sixtieth year with men laid off from the Sloc Mòr, which pays wages and is not 
CHANGE	eras/age_VI/appendices/E_vein_boards_trade.md:63	the Sloc Mòr	->	An Sloc Mòr	|	** In the twenty-sixth year the survey reports of the Sloc Mòr began to note, without remark
CHANGE	eras/age_VI/appendices/E_vein_boards_trade.md:65	the Rending	->	Scàineadh Cill ghlas	|	d, and thirty-one hewers died. It is small beside the Rending of the Age of Strangers, and 
CHANGE	eras/age_VI/appendices/E_vein_boards_trade.md:65	the Age of Strangers	->	An Aois Choigreach	|	ne hewers died. It is small beside the Rending of the Age of Strangers, and it is the same fault. Th
CHANGE	eras/age_VI/appendices/E_vein_boards_trade.md:65	the Moot	->	Tional nan Tuathach	|	dhomhain for the ports. From the forty-first year the Moot kept Clàr nan Leòn, its regis
CHANGE	eras/age_VI/appendices/E_vein_boards_trade.md:67	The search for a second vein	->	Sireadh na Dàrna Fèithe	|	**The search for a second vein.** In the fiftieth year the B
CHANGE	eras/age_VI/appendices/E_vein_boards_trade.md:67	the coloured coal	->	an gual dathach	|	lasdair mac Ùisdein's search for a second seam of the coloured coal elsewhere on the island, and 
CHANGE	eras/age_VI/appendices/E_vein_boards_trade.md:67	the Crown	->	An Crùn	|	of the coloured coal elsewhere on the island, and the Crown lent its name. Forty-one shaf
CHANGE	eras/age_VI/appendices/E_vein_boards_trade.md:67	the Library	->	an Leabharlann	|	ic Coinnich found afterward in a Holy Age list at the Library the same hills named as searc
CHANGE	eras/age_VI/appendices/E_vein_boards_trade.md:69	the sheet of the vein	->	Duilleag na Fèithe	|	 unworked onto a single leaf, Duilleag na Fèithe, the sheet of the vein, and hung it on the wall of t
CHANGE	eras/age_VI/appendices/E_vein_boards_trade.md:69	the Library	->	an Leabharlann	|	 thinning thirty years before, and sent a copy to the Library with a note of when the Board
CHANGE	eras/age_VI/appendices/E_vein_boards_trade.md:69	(appositive)	->	Duilleag na Fèithe	|	dropped the English gloss beside Duilleag na Fèithe
CHANGE	eras/age_VI/appendices/E_vein_boards_trade.md:71	the Sloc Mòr	->	An Sloc Mòr	|	. In the sixty-first year the lowest galleries of the Sloc Mòr were let flood, the pumps cos
CHANGE	eras/age_VI/appendices/E_vein_boards_trade.md:71	the Crown's	->	An Crùn's	|	here went on under their own pit captains, paying the Crown's fifth under the Leòid ruling;
CHANGE	eras/age_VI/appendices/E_vein_boards_trade.md:71	the Leòid ruling	->	Breith Leòid	|	 own pit captains, paying the Crown's fifth under the Leòid ruling; the Board enters the payment
LEFT	eras/age_VI/annals/age_VI_01.json:EVI-1005.body	the war-companies	(no "the" before it)	|	orders that the rolls of the stood-down war-companies be kept and boxed rather than burned wi
LEFT	eras/age_VI/annals/age_VI_01.json:EVI-1029.body	the Mission	(no "the" before it)	|	read, and says nothing of the letters a Mission reader taught him as a boy, for a clerk
LEFT	eras/age_VI/annals/age_VI_02.json:EVI-1508.title	the Moot	(no "the" before it)	|	A councillor asks what a Moot is
LEFT	eras/age_VI/annals/age_VI_02.json:EVI-1508.body	the Moot	(no "the" before it)	|	ailean mac Sheumais asks plainly what a Moot is; no one in the chamber can answer wi
LEFT	eras/age_VI/annals/age_VI_02.json:EVI-1509.title	the Moot	(no "the" before it)	|	g of northern households takes the name Moot
LEFT	eras/age_VI/annals/age_VI_02.json:EVI-1525.body	the roll of arms	(no "the" before it)	|	 Clàr nan Suaicheantas, the newly drawn roll of arms, for a maor of the south-west to press 
LEFT	eras/age_VI/annals/age_VI_02.json:EVI-1531.body	the roll of arms	(no "the" before it)	|	 that a kingdom that finds silver for a roll of arms can find grain for its own dead.
LEFT	eras/age_VI/annals/age_VI_04.json:EVI-2516.body	the Old Spirits	(after "a")	|	he old road east with her mother, of an Old Spirits house, to drink at the holy well and ad
LEFT	eras/age_VI/annals/age_VI_05.json:EVI-3029.title	the Crown	(no "the" before it)	|	The Moot's minute-books credited by a Crown bench
LEFT	eras/age_VI/annals/age_VI_05.json:EVI-3029.body	the circuit justice	(no "the" before it)	|	own paper is taken as evidence before a circuit justice.
LEFT	eras/age_VI/annals/age_VI_05.json:EVI-3035.body	the circuit justice	(no "the" before it)	|	 herself, Leabhar nam Breith, and every circuit justice after her is given a copy to carry.
LEFT	eras/age_VI/annals/age_VI_05.json:EVI-3036.body	the circuit justice	(no "the" before it)	|	Uilleam mac Leòid is named circuit justice of the north in his aunt's place, and r
LEFT	eras/age_VI/annals/age_VI_06.json:EVI-3500.title	the keeper of the Library	(no "the" before it)	|	Ailean mac Iain named first keeper of the Library
LEFT	eras/age_VI/annals/age_VI_06.json:EVI-3502.body	the Mission	(no "the" before it)	|	nd carry, and within the year to read a Mission hand that few south of the guard-line c
LEFT	eras/age_VI/annals/age_VI_06.json:EVI-3504.body	the Library	(no "the" before it)	|	r errand, on the plain reasoning that a Library nobody can reach is no better kept than
LEFT	eras/age_VI/annals/age_VI_06.json:EVI-3505.body	the count of the Diosal	(no "the" before it)	|	r the humans brought, disliking the old count of the Diosal, which runs backward into the thousands
LEFT	eras/age_VI/annals/age_VI_06.json:EVI-3520.title	the royal chronicler	(no "the" before it)	|	The office of royal chronicler set at Muileann chaol, not the capital
LEFT	eras/age_VI/annals/age_VI_06.json:EVI-3521.title	the royal chronicler	(no "the" before it)	|	Gormshuil sworn royal chronicler
LEFT	eras/age_VI/annals/age_VI_06.json:EVI-3521.body	the royal chronicler	(no "the" before it)	|	Gormshuil nic Dhùghaill is sworn royal chronicler in a small room at Cathair dhearg on th
LEFT	eras/age_VI/annals/age_VI_06.json:EVI-3523.title	the chronicle	(no "the" before it)	|	Tormod mac Sheumais joins the first chronicle circuit
LEFT	eras/age_VI/annals/age_VI_06.json:EVI-3528.body	the chronicle	(no "the" before it)	|	In the spring the first chronicle circuit's clerks ride out in three pair
LEFT	eras/age_VI/annals/age_VI_07.json:EVI-4004.body	the court of the fair	(no "the" before it)	|	 own plain hand: a stall-fee in coin, a court of the fair to sit each day of the gathering, and T
LEFT	eras/age_VI/annals/age_VI_07.json:EVI-4007.body	the Sloc Mòr	(after "a")	|	A Cathair mhòr coal-carter brings a Sloc Mòr merchant's load of spoil-stone dressed 
LEFT	eras/age_VI/annals/age_VI_07.json:EVI-4009.body	the fair at Muileann òg	(no "the" before it)	|	The first fair at Muileann òg runs a fortnight, with wool from the we
LEFT	eras/age_VI/annals/age_VI_07.json:EVI-4028.title	the Còmhrag	(no "the" before it)	|	The rules of the first Còmhrag
LEFT	eras/age_VI/annals/age_VI_07.json:EVI-4028.body	the Còmhrag	(no "the" before it)	|	The first Còmhrag at Ceann leathan is fought under rules 
LEFT	eras/age_VI/annals/age_VI_07.json:EVI-4029.title	the Còmhrag	(no "the" before it)	|	The dead of the first Còmhrag buried
LEFT	eras/age_VI/annals/age_VI_07.json:EVI-4029.body	the Còmhrag	(no "the" before it)	|	 not walk out of the ropes at the first Còmhrag are buried at Ceann leathan within the 
LEFT	eras/age_VI/annals/age_VI_07.json:EVI-4030.body	the Còmhrag	(no "the" before it)	|	r of Muileann chrom, who wins the first Còmhrag by refusing to stay down.
LEFT	eras/age_VI/annals/age_VI_07.json:EVI-4033.body	the Còmhrag	(no "the" before it)	|	before dawn the morning after the first Còmhrag with the purse in his coat and the shir
LEFT	eras/age_VI/annals/age_VI_08.json:EVI-4545.body	the Library	(no "the" before it)	|	at has taught him one keeper alone is a Library one bad season from having nobody who c
LEFT	eras/age_VI/annals/age_VI_08.json:EVI-4546.body	the Crown	(no "the" before it)	|	 of a poor season the keeper of the new Crown grain-store walks out to the road and t
LEFT	eras/age_VI/annals/age_VI_09.json:EVI-5000.body	the Hawk	(no "the" before it)	|	Witnesses of every Hawk house in Siorrachd Cnoc bheag crowd the
LEFT	eras/age_VI/annals/age_VI_09.json:EVI-5003.body	the Hawk	(no "the" before it)	|	n order of worship knows no office of a Hawk custodian and so cannot own her.
LEFT	eras/age_VI/annals/age_VI_09.json:EVI-5009.title	the Còmhrag	(no "the" before it)	|	Six die at that year's Còmhrag
LEFT	eras/age_VI/annals/age_VI_09.json:EVI-5009.body	the Còmhrag	(no "the" before it)	|	und at Ceann leathan before that year's Còmhrag is called, one of them a boy of Baile g
LEFT	eras/age_VI/annals/age_VI_09.json:EVI-5010.body	the Rite	(no "the" before it)	|	The custodians of the southern Rite petition the fair-wardens of Ceann leat
LEFT	eras/age_VI/annals/age_VI_09.json:EVI-5018.body	the Administration	(no "the" before it)	|	ored custom the charter the humans' own Administration had let stand and then let lapse, bindi
LEFT	eras/age_VI/annals/age_VI_10.json:EVI-5506.body	the Shipwrights	(no "the" before it)	|	Shipwrights turned out of the southern guild yards 
LEFT	eras/age_VI/annals/age_VI_10.json:EVI-5509.body	the royal chronicler	(no "the" before it)	|	ting, Gormshuil lays down the office of royal chronicler after four and twenty years, her final 
LEFT	eras/age_VI/annals/age_VI_10.json:EVI-5510.body	the royal chronicler	(no "the" before it)	|	peed of his hand, succeeds Gormshuil as royal chronicler and opens his own first book by copying
LEFT	eras/age_VI/annals/age_VI_11.json:EVI-6007.body	the Holy Age	(after "a")	|	 lower room, Mòrag nic Coinnich finds a Holy Age survey naming the same hills above Dùn 
LEFT	eras/age_VI/annals/age_VI_11.json:EVI-6033.body	the white thread	(no "the" before it)	|	ith the shire's own bark, with a single white thread at the selvedge.
LEFT	eras/age_VI/annals/age_VI_11.json:EVI-6034.body	the white thread	(no "the" before it)	|	inding her mother's stall sews a second white thread into an unsold bolt after the buyers ha
LEFT	eras/age_VI/annals/age_VI_11.json:EVI-6048.body	the melee	(no "the" before it)	|	ch off the coal trade as off the yearly melee, raise the gate-price of the Còmhrag to
LEFT	eras/age_VI/annals/age_VI_12.json:EVI-6505.body	the white thread	(no "the" before it)	|	n their first bolt, a grey twill with a white thread at the selvedge, and the overseer write
LEFT	eras/age_VI/annals/age_VI_12.json:EVI-6521.body	the Library	(no "the" before it)	|	od Pinn sets the maor's letter beside a Library list from the days of An Aois Naomh nam
LEFT	eras/age_VI/annals/age_VI_12.json:EVI-6534.body	the hungry year	(no "the" before it)	|	s a line through his own entry naming a hungry year to follow the panthers' crossing, leavi
LEFT	eras/age_VI/annals/age_VI_12.json:EVI-6534.body	the chronicle	(no "the" before it)	|	 proved thick rather than thin, since a chronicle owes its readers its wrong guesses as p
LEFT	eras/age_VI/annals/age_VI_12.json:EVI-6548.title	the chronicle	(no "the" before it)	|	Cathair naomh's chronicle carried south by its own keeper
LEFT	eras/age_VI/annals/age_VI_12.json:EVI-6548.body	the chronicle	(no "the" before it)	|	mily that has kept Cathair naomh's town chronicle four generations rides the two carts so
LEFT	eras/age_VI/book/01_of_the_winter_of_the_severance.md:178	the empty floor	(no "the" before it)	|	one green, its door standing open on an empty floor swept
LEFT	eras/age_VI/book/04_of_the_moot_and_the_council_of_twelve.md:46	the hungry year	(no "the" before it)	|	om full of householders who had spent a hungry year learning exactly how much a neighbour's
LEFT	eras/age_VI/book/04_of_the_moot_and_the_council_of_twelve.md:72	the custody-book	(no "the" before it)	|	offices, with his hand on the same worn custody-book the custodians used for oaths of less c
LEFT	eras/age_VI/book/04_of_the_moot_and_the_council_of_twelve.md:82	the Moot	(no "the" before it)	|	ilence that followed the reading, "is a Moot?"
LEFT	eras/age_VI/book/05_of_the_grey_water_and_the_crowning.md:16	the Mission	(no "the" before it)	|	le of the humans' hand as a boy, from a Mission reader in the hills who taught letters 
LEFT	eras/age_VI/book/06_of_the_great_wave.md:38	the roll of arms	(no "the" before it)	|	more foolish: a roll of arms for the new shires, so that a maor migh
LEFT	eras/age_VI/book/06_of_the_great_wave.md:93	the roll of arms	(no "the" before it)	|	 in am Màrt, eleven letters answered, a roll of arms delivered, a maor
LEFT	eras/age_VI/book/06_of_the_great_wave.md:185	the roll of arms	(no "the" before it)	|	could find silver for a roll of arms with a scorpion on it could find grain 
LEFT	eras/age_VI/book/07_of_the_coin_with_the_coal_in_its_seal.md:3	the Rite	(no "the" before it)	|	*Part Two: Of Coin, Rite and Mountain*
LEFT	eras/age_VI/book/08_of_the_order_of_worship.md:37	the coal-touched	(no "the" before it)	|	g that she had never seen one, comet or coal-touched, and a keeper should not write what he 
LEFT	eras/age_VI/book/09_of_the_justices_circuit.md:23	the vein-house	(no "the" before it)	|	er had kept the custody-book of the old vein-house on the hill above the harbour. It was n
LEFT	eras/age_VI/book/09_of_the_justices_circuit.md:23	the Company	(no "the" before it)	|	alleries in the mountain to the humans' Company three generations back, and the custody
LEFT	eras/age_VI/book/09_of_the_justices_circuit.md:25	the custody-book	(no "the" before it)	|	ther died and the vein-house closed its custody-book for good, first as a copyist for the ha
LEFT	eras/age_VI/book/09_of_the_justices_circuit.md:27	the custody-book	(no "the" before it)	|	 asked of her exactly what her father's custody-book had always asked of her without her hav
LEFT	eras/age_VI/book/09_of_the_justices_circuit.md:45	the circuit justice	(no "the" before it)	|	 a cause heard, on the reasoning that a circuit justice who wrote down only what came before he
LEFT	eras/age_VI/book/09_of_the_justices_circuit.md:47	the circuit justice	(no "the" before it)	|	e understood that the greater part of a circuit justice's work was arithmetic of a duller kind, n
LEFT	eras/age_VI/book/09_of_the_justices_circuit.md:47	the custody-book	(no "the" before it)	|	ill not coming right, that her father's custody-book had never asked this particular exactne
LEFT	eras/age_VI/book/09_of_the_justices_circuit.md:47	the vein-house	(no "the" before it)	|	 of her, there having been only the one vein-house to reckon and no road between its rooms
LEFT	eras/age_VI/book/09_of_the_justices_circuit.md:51	the custody-book	(no "the" before it)	|	had asked her to do to the vein-house's custody-book from the time she could hold a pen, whi
LEFT	eras/age_VI/book/09_of_the_justices_circuit.md:61	the Crown	(no "the" before it)	|	t would ever touch him day to day, to a Crown he had never once been asked to swear t
LEFT	eras/age_VI/book/09_of_the_justices_circuit.md:65	the circuit justice	(no "the" before it)	|	 read, to bind any bench but her own; a circuit justice's ruling was her ruling and no other's, a
LEFT	eras/age_VI/book/10_of_the_vigil_in_the_open.md:11	the Rail Board	(after "a")	|	t far and the mountain gave the rest. A Rail Board was made to run it, seated at Cathair d
LEFT	eras/age_VI/book/10_of_the_vigil_in_the_open.md:65	the Rail Board	(after "a")	|	s letter and no line in any timetable a Rail Board ever hung on a wall, and were gone from
LEFT	eras/age_VI/book/11_of_the_wall_that_was_not_built.md:44	the Old Spirits	(after "a")	|	ning of their own. Her mother was of an Old Spirits house, one of the last in that shire to
LEFT	eras/age_VI/book/12_of_the_sloc_mor.md:14	the Company	(no "the" before it)	|	e Sloc Mòr's galleries, for the humans' Company and then for the Board, since before Ia
LEFT	eras/age_VI/book/12_of_the_sloc_mor.md:42	the Rail Board	(after "a")	|	north had been kept, more or less, by a Rail Board that mended what it must and let the re
LEFT	eras/age_VI/book/13_of_the_indentures.md:3	the Law	(no "the" before it)	|	*Part Three: Of Guilds, Law and Library*
LEFT	eras/age_VI/book/13_of_the_indentures.md:3	the Library	(no "the" before it)	|	*Part Three: Of Guilds, Law and Library*
LEFT	eras/age_VI/book/14_of_agnes_pikes_school.md:15	the Mission	(no "the" before it)	|	es, having been taught her letters by a Mission woman old enough to remember the last s
LEFT	eras/age_VI/book/14_of_agnes_pikes_school.md:31	the Moot	(no "the" before it)	|	ice their letters, before there was any Moot to call it a school or refuse to. It be
LEFT	eras/age_VI/book/14_of_agnes_pikes_school.md:61	the Moot	(no "the" before it)	|	 it and children reciting psalms from a Moot's minute-book.
LEFT	eras/age_VI/book/15_of_the_seventeen_suits.md:37	the Crown	(no "the" before it)	|	n's blessing carried any authority over Crown land that a justice's own bench was bou
LEFT	eras/age_VI/book/15_of_the_seventeen_suits.md:47	the Moot	(no "the" before it)	|	hird year and recorded nowhere but in a Moot minute of that year, the Moot having ke
LEFT	eras/age_VI/book/15_of_the_seventeen_suits.md:65	the Crown	(no "the" before it)	|	 came before them. It was made to let a Crown that had just taken an island back from
LEFT	eras/age_VI/book/15_of_the_seventeen_suits.md:67	the circuit justice	(no "the" before it)	|	and that she did not think it beneath a circuit justice to say so to the man who had begun the 
LEFT	eras/age_VI/book/15_of_the_seventeen_suits.md:81	the circuit justice	(no "the" before it)	|	n had been exact enough to serve. Every circuit justice who rode after him carried a copy of th
LEFT	eras/age_VI/book/16_of_the_cellar_at_muileann_chaol.md:23	the Mission	(no "the" before it)	|	rd-line could any longer read without a Mission reader's schooling behind them, which A
LEFT	eras/age_VI/book/16_of_the_cellar_at_muileann_chaol.md:29	the table of the ages	(no "the" before it)	|	 besides into the years of an age, by a table of the ages the copyists themselves were building a
LEFT	eras/age_VI/book/16_of_the_cellar_at_muileann_chaol.md:49	the Library	(no "the" before it)	|	Word that there was a Library to be read at, and not merely a cellar 
LEFT	eras/age_VI/book/16_of_the_cellar_at_muileann_chaol.md:49	the Library	(no "the" before it)	|	eir errand, on the plain grounds that a Library nobody could reach was no better kept t
LEFT	eras/age_VI/book/16_of_the_cellar_at_muileann_chaol.md:65	the Library	(no "the" before it)	|	e grain-store's yard before there was a Library, and it was there, on a morning in an L
LEFT	eras/age_VI/book/16_of_the_cellar_at_muileann_chaol.md:77	the Library	(no "the" before it)	|	 to ask him about," Ailean said, "and a Library that only ever hears what a maor thinks
LEFT	eras/age_VI/book/17_of_the_table_of_the_ages.md:35	the Library	(no "the" before it)	|	 the kingdom's whole record as Ailean's Library had begun to keep the north's, and set 
LEFT	eras/age_VI/book/17_of_the_table_of_the_ages.md:37	the royal chronicler	(no "the" before it)	|	ce he read every warrant in, naming her royal chronicler of the kingdom and bidding her keep, in
LEFT	eras/age_VI/book/17_of_the_table_of_the_ages.md:37	the count of the Diosal	(no "the" before it)	|	n table now held rather than by the old count of the Diosal, six ages as the table then stood, and 
LEFT	eras/age_VI/book/18_of_the_raiders_bay.md:28	the royal chronicler	(no "the" before it)	|	mshuil nic Dhùghaill, the kingdom's own royal chronicler not two years and six-and-forty that se
LEFT	eras/age_VI/book/19_of_the_fair_at_muileann_og.md:3	the Fair	(no "the" before it)	|	*Part Four: Of Fair, Crown and Survey*
LEFT	eras/age_VI/book/19_of_the_fair_at_muileann_og.md:3	the Crown	(no "the" before it)	|	*Part Four: Of Fair, Crown and Survey*
LEFT	eras/age_VI/book/19_of_the_fair_at_muileann_og.md:32	the court of the fair	(no "the" before it)	|	paid at the setting-up and not after; a court of the fair, *Cùirt na Fèille* as she headed the pa
LEFT	eras/age_VI/book/19_of_the_fair_at_muileann_og.md:42	the Sloc Mòr	(after "a")	|	 a Cathair mhòr coal-carter who swore a Sloc Mòr merchant had sold him spoil dressed to 
LEFT	eras/age_VI/book/20_of_the_way_niall_came.md:34	the chronicle	(no "the" before it)	|	meaning to, to write an argument, and a chronicle is not an argument.
LEFT	eras/age_VI/book/20_of_the_way_niall_came.md:48	the chronicle	(no "the" before it)	|	 to it. It is, in the whole span of her chronicle, the only idiom she ever entered.
LEFT	eras/age_VI/book/20_of_the_way_niall_came.md:52	the chronicle	(no "the" before it)	|	 this was rather the point of keeping a chronicle at all. Her mother said it was fair eno
LEFT	eras/age_VI/book/20_of_the_way_niall_came.md:94	the Còmhrag	(no "the" before it)	|	 single sentence: the dead of the first Còmhrag were buried at Ceann leathan within the
LEFT	eras/age_VI/book/20_of_the_way_niall_came.md:96	the Còmhrag	(no "the" before it)	|	The man who won that first Còmhrag was a hewer out of Muileann chrom named
LEFT	eras/age_VI/book/21_of_the_sea-feast_turned_away.md:5	the Moot	(no "the" before it)	|	he Cuan bheag drowning be heard in this Moot on the same footing as any man who has 
LEFT	eras/age_VI/book/21_of_the_sea-feast_turned_away.md:13	the chronicle	(no "the" before it)	|	e, for they had done nothing yet, and a chronicle that ran ahead of a child's life would 
LEFT	eras/age_VI/book/21_of_the_sea-feast_turned_away.md:13	the chronicle	(no "the" before it)	|	 ahead of a child's life would not be a chronicle at all.
LEFT	eras/age_VI/book/21_of_the_sea-feast_turned_away.md:45	the Moot	(no "the" before it)	|	 near as he came, in front of the whole Moot, to admitting that it had not occurred 
LEFT	eras/age_VI/book/23_of_the_bare_entry.md:27	the chronicle	(no "the" before it)	|	 time before striking it too, because a chronicle that gave a queen's death two bare line
LEFT	eras/age_VI/book/23_of_the_bare_entry.md:71	the Hawk	(no "the" before it)	|	ho did not wait to be asked. The town's Hawk house, which had never before opened it
LEFT	eras/age_VI/book/23_of_the_bare_entry.md:71	the Hawk	(no "the" before it)	|	o have taken it without much comment, a Hawk house doing in a hard week what a Hawk 
LEFT	eras/age_VI/book/23_of_the_bare_entry.md:71	the Hawk	(no "the" before it)	|	 Hawk house doing in a hard week what a Hawk house existed to do and nobody troublin
LEFT	eras/age_VI/book/23_of_the_bare_entry.md:73	the chronicle	(no "the" before it)	|	ny office in Cathair dhearg does, and a chronicle that overruled a town's own choice of w
LEFT	eras/age_VI/book/24_of_walls_under_the_ground.md:13	the chronicle	(no "the" before it)	|	builder was exactly the kind of thing a chronicle regretted not having a clerk present fo
LEFT	eras/age_VI/book/24_of_walls_under_the_ground.md:25	the keeper of the Library	(no "the" before it)	|	Leabhar was five-and-fifty that spring, keeper of the Library fifteen years, and he had learned in mo
LEFT	eras/age_VI/book/24_of_walls_under_the_ground.md:73	the Library	(no "the" before it)	|	as anything it had chosen to say, and a Library that kept only the answers and not the 
LEFT	eras/age_VI/book/24_of_walls_under_the_ground.md:79	the Library	(no "the" before it)	|	t him more than the walking, and that a Library with only one person who could speak fo
LEFT	eras/age_VI/book/24_of_walls_under_the_ground.md:79	the Library	(no "the" before it)	|	one person who could speak for it was a Library one bad season from having nobody who c
LEFT	eras/age_VI/book/24_of_walls_under_the_ground.md:85	the Library	(no "the" before it)	|	d to learn it in a lifetime, and that a Library with a deputy who thought that way abou
LEFT	eras/age_VI/book/24_of_walls_under_the_ground.md:85	the Library	(no "the" before it)	|	ught that way about her own title was a Library considerably less likely to need worryi
LEFT	eras/age_VI/book/24_of_walls_under_the_ground.md:87	the keeper of the Library	(no "the" before it)	|	reader troubled to notice it, of what a keeper of the Library had judged worth doing with a question 
LEFT	eras/age_VI/book/25_of_walter_hales_last_winter.md:25	the Moot's minutes	(after "a")	|	further, and his father, who had kept a Moot's minutes long enough to know a half-answer when 
LEFT	eras/age_VI/book/26_of_the_hawks_own_custodian.md:13	the Rite	(no "the" before it)	|	awk's own nights, the ones the southern Rite kept only at its greatest feasts, every
LEFT	eras/age_VI/book/26_of_the_hawks_own_custodian.md:71	the melee	(no "the" before it)	|	 the trampled ground before that year's melee was called at last, more than had ever 
LEFT	eras/age_VI/book/26_of_the_hawks_own_custodian.md:71	the Rite	(no "the" before it)	|	 off it. The custodians of the southern Rite, who had never loved the Còmhrag and ha
LEFT	eras/age_VI/book/26_of_the_hawks_own_custodian.md:73	the Còmhrag	(no "the" before it)	|	g too neat for anyone who had watched a Còmhrag before to call it chance, and the boy o
LEFT	eras/age_VI/book/27_of_the_silver_at_depth.md:15	the silver guild	(no "the" before it)	|	y the better part of a morning. The old silver guild of Muileann chiar had kept its charter 
LEFT	eras/age_VI/book/27_of_the_silver_at_depth.md:15	the Administration	(no "the" before it)	|	he Severance, a charter the humans' own Administration had let stand unaltered through the who
LEFT	eras/age_VI/book/28_of_the_fall_at_muileann_dhearg.md:80	the Library	(no "the" before it)	|	en she was asked, beyond that a thing a Library could not trace back to its own hand wa
LEFT	eras/age_VI/book/29_of_the_carters_road.md:17	the fair at Muileann òg	(no "the" before it)	|	n between the northern towns before any fair at Muileann òg had reason to want either, and that the
LEFT	eras/age_VI/book/29_of_the_carters_road.md:19	the Moot	(no "the" before it)	|	Frayne, who had never in his years at a Moot table learned what it was to sit a hors
LEFT	eras/age_VI/book/29_of_the_carters_road.md:21	the Moot	(no "the" before it)	|	hearing rather than at second hand in a Moot report, how a family that had never own
LEFT	eras/age_VI/book/29_of_the_carters_road.md:35	the Moot	(no "the" before it)	|	 just done the one thing his years at a Moot table had never yet let him do, which w
LEFT	eras/age_VI/book/29_of_the_carters_road.md:45	the chronicle	(no "the" before it)	|	n she was young at the work, and that a chronicle written in a shaking hand was a poorer 
LEFT	eras/age_VI/book/29_of_the_carters_road.md:45	the chronicle	(no "the" before it)	|	orer gift to the years after her than a chronicle handed, in good time, to a younger one.
LEFT	eras/age_VI/book/29_of_the_carters_road.md:47	the chronicle	(no "the" before it)	|	her, the clerk who had ridden the first chronicle circuit and had sat at her elbow at Mui
LEFT	eras/age_VI/book/30_of_the_unlit_ships.md:11	the royal chronicler	(no "the" before it)	|	the front of the first book he wrote as royal chronicler, the list his predecessor had left him 
LEFT	eras/age_VI/book/30_of_the_unlit_ships.md:11	the chronicle	(no "the" before it)	|	his predecessor had left him of what no chronicle yet held, {{date:V-0153}}, the northern
LEFT	eras/age_VI/book/30_of_the_unlit_ships.md:17	the chronicle	(no "the" before it)	|	rest of that dry spring was a line in a chronicle and nothing more, and a fifth stood dry
LEFT	eras/age_VI/book/30_of_the_unlit_ships.md:39	the chronicle	(no "the" before it)	|	t no Board had ever asked of him and no chronicle had ever thought to record, and that th
LEFT	eras/age_VI/book/30_of_the_unlit_ships.md:53	the chronicle	(no "the" before it)	|	ary clerk had carried south for his own chronicle's sake, wrote beneath the copied names th
LEFT	eras/age_VI/book/31_of_the_sacred_wood.md:40	the Rite	(no "the" before it)	|	whichever faith a man's own house kept, Rite or Hawk or the older reverence both tog
LEFT	eras/age_VI/book/31_of_the_sacred_wood.md:40	the Hawk	(no "the" before it)	|	r faith a man's own house kept, Rite or Hawk or the older reverence both together, t
LEFT	eras/age_VI/book/31_of_the_sacred_wood.md:44	the Crown	(no "the" before it)	|	having all the same, against a day some Crown's steward less easy than the last might t
LEFT	eras/age_VI/book/31_of_the_sacred_wood.md:48	the pillar near Cnoc chiar	(no "the" before it)	|	t from the stag's grove to the standing pillar near Cnoc chiar and copied its marks onto three separat
LEFT	eras/age_VI/book/32_of_the_forty-one_shafts.md:29	the search for a second vein	(no "the" before it)	|	The act he meant was a search for a second vein, and the paper he laid on the table was
LEFT	eras/age_VI/book/32_of_the_forty-one_shafts.md:69	the Crown	(no "the" before it)	|	 shire's own cost rather than wait on a Crown that had shown, in the matter of Dùn dh
LEFT	eras/age_VI/book/32_of_the_forty-one_shafts.md:71	the Library	(no "the" before it)	|	ead of her, that a kingdom which kept a Library at all and still had to be told twice, 
LEFT	eras/age_VI/book/32_of_the_forty-one_shafts.md:71	the Library	(no "the" before it)	|	old twice, by its own ground, what that Library already held, was a kingdom that had no
LEFT	eras/age_VI/book/33_of_the_reef_bell.md:58	the Moot	(no "the" before it)	|	ne's hand to sound it truly; and that a Moot which could not yet move a line of rail
LEFT	eras/age_VI/book/34_of_the_one_sheet.md:15	the Còmhrag	(no "the" before it)	|	been at the loom since before the first Còmhrag, why her house troubled to copy a north
LEFT	eras/age_VI/book/34_of_the_one_sheet.md:75	the riddle	(no "the" before it)	|	rch's own failure, to sound less like a riddle and more like the only honest question 
LEFT	eras/age_VI/book/35_of_the_crown_alone.md:11	the Moot	(no "the" before it)	|	ng that fit it well, since it was not a Moot matter and yet seemed to him, turning t
LEFT	eras/age_VI/book/35_of_the_crown_alone.md:27	the white thread	(no "the" before it)	|	eek of an t-Iuchar, a grey twill with a white thread run through the selvedge, the same mark
LEFT	eras/age_VI/book/36_of_the_pumps_and_the_panthers.md:5	the hungry year	(no "the" before it)	|	> A crossing is a crossing, and a hungry year is a hungry year, and neither waits on 
LEFT	eras/age_VI/book/36_of_the_pumps_and_the_panthers.md:5	the hungry year	(no "the" before it)	|	g is a crossing, and a hungry year is a hungry year, and neither waits on the other so exac
LEFT	eras/age_VI/book/36_of_the_pumps_and_the_panthers.md:5	the chronicle	(no "the" before it)	|	when the wheat proved me wrong, since a chronicle that will not own its own bad guesses i
LEFT	eras/age_VI/book/36_of_the_pumps_and_the_panthers.md:13	the chronicle	(no "the" before it)	|	 chronicler who had trained him, that a chronicle owed a speaker her own words and owed a
LEFT	eras/age_VI/book/36_of_the_pumps_and_the_panthers.md:17	the chronicle	(no "the" before it)	|	wrong name mattered enough to trouble a chronicle with four lines when the season had bro
LEFT	eras/age_VI/book/36_of_the_pumps_and_the_panthers.md:17	the chronicle	(no "the" before it)	|	 harder matters. Tormod told her that a chronicle worked as a net rather than a court, ta
LEFT	eras/age_VI/book/36_of_the_pumps_and_the_panthers.md:25	the chronicle	(no "the" before it)	|	ftenest, by a bill of sale and not by a chronicle's own reckoning.
LEFT	eras/age_VI/book/36_of_the_pumps_and_the_panthers.md:45	the chronicle	(no "the" before it)	|	o the Library as a thing more fit for a chronicle than a rent-roll. The maor wrote that a
LEFT	eras/age_VI/book/36_of_the_pumps_and_the_panthers.md:51	the chronicle	(no "the" before it)	|	ason or two, and Tormod told her that a chronicle's business was what a year had actually d
LEFT	eras/age_VI/book/36_of_the_pumps_and_the_panthers.md:65	the chronicle	(no "the" before it)	|	ng it meant to keep settled, and that a chronicle owed its readers the plain fact of both
LEFT	eras/age_VI/book/36_of_the_pumps_and_the_panthers.md:69	the hungry year	(no "the" before it)	|	by then and the old list's warning of a hungry year to follow it a full season overdue with
LEFT	eras/age_VI/book/36_of_the_pumps_and_the_panthers.md:71	the chronicle	(no "the" before it)	|	ractice required of every correction, a chronicle owing its readers its wrong guesses as 
LEFT	eras/age_VI/book/36_of_the_pumps_and_the_panthers.md:73	the chronicle	(no "the" before it)	|	k, the line and the words both, since a chronicle that quietly rewrote its own bad year e
LEFT	eras/age_VI/book/36_of_the_pumps_and_the_panthers.md:73	the Library	(no "the" before it)	|	 that any clerk who came to the desk on Library business might read, before he read any
LEFT	eras/age_VI/book/37_of_now_written.md:67	the keeper of the Library	(no "the" before it)	|	Mòrag nic Coinnich, keeper of the Library these six-and-twenty years, had long he
LEFT	eras/age_VI/book/37_of_now_written.md:71	the chronicle	(no "the" before it)	|	me season, together with the town's own chronicle, kept by a single family through four g
LEFT	eras/age_VI/book/37_of_now_written.md:71	the chronicle	(no "the" before it)	|	 family judged an extravagance no plain chronicle wanted. Mòrag nic Coinnich, going throu
LEFT	eras/age_VI/book/37_of_now_written.md:79	the Library	(no "the" before it)	|	oot's own books, whatever the kingdom's Library now held of every other shire's record,
LEFT	eras/age_VI/book/38_of_the_empty_floor_and_the_banked_fire.md:13	the chronicle	(no "the" before it)	|	r of them into the chronicle, judging a chronicle no place for a joke that would want exp
LEFT	eras/age_VI/book/38_of_the_empty_floor_and_the_banked_fire.md:27	the chronicle	(no "the" before it)	|	ask for it. Beathag told him no, that a chronicle's business was to copy the word the Board
LEFT	eras/age_VI/gazetteer/01_capital_and_north_west.json:365.history	the roll of arms	(no "the" before it)	|	it again when the maoir were named. Its roll of arms and its dues were entered in the fourth
LEFT	eras/age_VI/gazetteer/01_capital_and_north_west.json:5.history	the hungry year	(no "the" before it)	|	 the town's mill on credit in the first hungry year. Marlow's son Harry went from the forge
LEFT	eras/age_VI/gazetteer/01_capital_and_north_west.json:26.history	the vein-house	(no "the" before it)	|	west, where the custody-book of the old vein-house on the hill above the harbour was kept 
LEFT	eras/age_VI/gazetteer/01_capital_and_north_west.json:26.history	the circuit justice	(no "the" before it)	|	t name. In the eighth year she was made circuit justice of the south-west and held her first as
LEFT	eras/age_VI/gazetteer/02_north_coast_and_the_mountain.json:279.history	the Old Spirits	(after "a")	|	ged here a night with her mother, of an Old Spirits house, on their walk to the well in the
LEFT	eras/age_VI/gazetteer/02_north_coast_and_the_mountain.json:491.history	the Còmhrag	(no "the" before it)	|	t sent the largest company to the first Còmhrag. The Cill ghlas district under it, shut
LEFT	eras/age_VI/gazetteer/02_north_coast_and_the_mountain.json:354.history	the Còmhrag	(no "the" before it)	|	adh, a hewer of the town, won the first Còmhrag. In the sixty-third year its yard famil
LEFT	eras/age_VI/gazetteer/02_north_coast_and_the_mountain.json:106.history	the fair at Muileann òg	(no "the" before it)	|	Its pipers played for coin at the first fair at Muileann òg, and its cloth came to that fair from i
LEFT	eras/age_VI/gazetteer/02_north_coast_and_the_mountain.json:44.history	the Còmhrag	(no "the" before it)	|	wn twice in the first hour of the first Còmhrag, and stood over him laughing the second
LEFT	eras/age_VI/gazetteer/02_north_coast_and_the_mountain.json:62.history	the chronicle	(no "the" before it)	|	uth's forty chests gave up to the first chronicle circuit. In the nineteenth year the old
LEFT	eras/age_VI/gazetteer/02_north_coast_and_the_mountain.json:23.history	the sheet of the vein	(no "the" before it)	|	, and Catrìona nic Neacail hung her one sheet of the vein on its chamber wall in the fifty-sixth.
LEFT	eras/age_VI/gazetteer/03_the_fair_country_and_the_coasts.json:255.history	the fair at Muileann òg	(no "the" before it)	|	actor made her toll-mistress of the new fair at Muileann òg; she left her scales to a niece she had
LEFT	eras/age_VI/gazetteer/03_the_fair_country_and_the_coasts.json:371.history	the Hawk	(no "the" before it)	|	s to the river; no one died. The town's Hawk house, which had never taken in househo
LEFT	eras/age_VI/gazetteer/03_the_fair_country_and_the_coasts.json:492.history	the flagless ships	(no "the" before it)	|	 In an Gearran of the forty-fourth year flagless ships came in under cloud and burned its thre
LEFT	eras/age_VI/gazetteer/03_the_fair_country_and_the_coasts.json:297.history	the hungry year	(no "the" before it)	|	d Pinn struck through his own note of a hungry year to come.
LEFT	eras/age_VI/gazetteer/03_the_fair_country_and_the_coasts.json:304.history	the chronicle	(no "the" before it)	|	he northern shires filled for the first chronicle circuit in the nineteenth year, and Gor
LEFT	eras/age_VI/gazetteer/04_the_roads_the_schools_and_the_failing_vein.json:422.history	the Holy Age	(after "a")	|	t its stone hall to meet the damages. A Holy Age survey in the Library had named the sam
LEFT	eras/age_VI/gazetteer/04_the_roads_the_schools_and_the_failing_vein.json:273.history	the Moot	(no "the" before it)	|	r no heading that fit, since it was not Moot business and yet seemed to him to be.
LEFT	eras/age_VI/gazetteer/04_the_roads_the_schools_and_the_failing_vein.json:192.history	the chronicle	(no "the" before it)	|	A town of the north whose chronicle has been kept by one family through fou
LEFT	eras/age_VI/gazetteer/04_the_roads_the_schools_and_the_failing_vein.json:192.history	the chronicle	(no "the" before it)	|	st daughter packed the town's rolls and chronicle into two carts herself and rode them so
LEFT	eras/age_VI/gazetteer/04_the_roads_the_schools_and_the_failing_vein.json:192.known_for	the chronicle	(no "the" before it)	|	the family chronicle of four generations
LEFT	eras/age_VI/appendices/A_rulers_offices.md:32	the Moot	(no "the" before it)	|	when the Moot's letter was read, what a Moot was. He died in the thirtieth year.
LEFT	eras/age_VI/appendices/A_rulers_offices.md:56	the royal chronicler	(no "the" before it)	|	The office of royal chronicler was made with the table of the ages, an
LEFT	eras/age_VI/appendices/A_rulers_offices.md:58	the royal chronicler	(no "the" before it)	|	he Library at four-and-forty, and sworn royal chronicler on the twentieth of an t-Samhain. She r
LEFT	eras/age_VI/appendices/A_rulers_offices.md:58	the chronicle	(no "the" before it)	|	eth of an t-Samhain. She rode the first chronicle circuit's returns into the book, let on
LEFT	eras/age_VI/appendices/A_rulers_offices.md:60	the royal chronicler	(no "the" before it)	|	 the first circuit at three-and-thirty, royal chronicler from the forty-second year at six-and-f
LEFT	eras/age_VI/appendices/A_rulers_offices.md:60	the hungry year	(no "the" before it)	|	, and struck through his own guess of a hungry year when the harvest proved thick. He died 
LEFT	eras/age_VI/appendices/A_rulers_offices.md:62	the royal chronicler	(no "the" before it)	|	aigh**, of the Library's senior clerks, royal chronicler from the sixty-fifth year at three-and-
LEFT	eras/age_VI/appendices/A_rulers_offices.md:70	the circuit justice	(no "the" before it)	|	d** of Cathair dhomhain was named first circuit justice in the seventh year, her circuit eleven
LEFT	eras/age_VI/appendices/A_rulers_offices.md:74	the circuit justice	(no "the" before it)	|	**Ruairidh mac Phàdraig**, circuit justice at Seann Bhral in the west, who ruled i
LEFT	eras/age_VI/appendices/A_rulers_offices.md:80	the coal line	(no "the" before it)	|	Rail Board** was made to run the mended coal line in the eighth year, one clerk and two e
LEFT	eras/age_VI/appendices/C_shires_dues_arms.md:3	the roll of arms	(no "the" before it)	|	irst weeks; their seals were cut from a roll of arms made in the fourth year, much of it cop
LEFT	eras/age_VI/appendices/C_shires_dues_arms.md:41	the circuit justice	(no "the" before it)	|	ar nam Breith and a copy given to every circuit justice. Her brother's son **Uilleam mac Leòid*
LEFT	eras/age_VI/appendices/C_shires_dues_arms.md:41	the circuit justice	(no "the" before it)	|	 year. **Ruairidh mac Phàdraig** sat as circuit justice at Seann Bhral in the west in the fifty
LEFT	eras/age_VI/appendices/C_shires_dues_arms.md:59	the chronicle	(no "the" before it)	|	spring of the nineteenth year the first chronicle circuit's clerks rode out in three pair
LEFT	eras/age_VI/appendices/D_reckoning_record.md:11	the royal chronicler	(no "the" before it)	|	uncil's warrant that made the office of royal chronicler ordered that the kingdom's records shou
LEFT	eras/age_VI/appendices/D_reckoning_record.md:44	the circuit justice	(no "the" before it)	|	xteenth year and given in copy to every circuit justice.
LEFT	eras/age_VI/appendices/D_reckoning_record.md:46	the Holy Age	(after "a")	|	ard's receipt still pinned to it; and a Holy Age survey that named the hills above Dùn d
LEFT	eras/age_VI/appendices/D_reckoning_record.md:52	the royal chronicler	(no "the" before it)	|	The office of royal chronicler was made in the eighteenth year, and it
LEFT	eras/age_VI/appendices/D_reckoning_record.md:52	the chronicle	(no "the" before it)	|	 the nineteenth year she sent the first chronicle circuit out in three pairs of clerks: t
LEFT	eras/age_VI/appendices/D_reckoning_record.md:54	the hungry year	(no "the" before it)	|	en. He struck through his own note of a hungry year to follow the panthers' crossing when t
LEFT	eras/age_VI/appendices/D_reckoning_record.md:54	the chronicle	(no "the" before it)	|	egible beneath the line, holding that a chronicle owes its readers its wrong guesses as p
LEFT	eras/age_VI/appendices/D_reckoning_record.md:68	the chronicle	(no "the" before it)	|	athair naomh sent two carts with a town chronicle kept by one family through four generat
LEFT	eras/age_VI/appendices/E_vein_boards_trade.md:17	the coal line	(no "the" before it)	|	de in the eighth year to run the mended coal line, seated at Cathair dhearg in a low buil
LEFT	eras/age_VI/appendices/E_vein_boards_trade.md:49	the court of the fair	(no "the" before it)	|	in her own hand: a stall-fee in coin; a court of the fair to sit each day of the gathering; and T
LEFT	eras/age_VI/appendices/E_vein_boards_trade.md:59	the white thread	(no "the" before it)	|	hose first bolt was a grey twill with a white thread at the selvedge. **Grain**, by water fr
LEFT	eras/age_VI/appendices/E_vein_boards_trade.md:67	the Holy Age	(after "a")	|	Mòrag nic Coinnich found afterward in a Holy Age list at the Library the same hills name
