# run 2026-09-26 01:37: 778 changes, 29 left
CHANGE	eras/age_II/annals/age_II_01.json:EII-1001.body	The Keeper	->	Coimhdeach na Fine	|	 and finds he cannot cross into the ring of oaks. The Keeper allows him to camp at the tre
CHANGE	eras/age_II/annals/age_II_01.json:EII-1008.title	the high valleys	->	Na Glinn Àrda	|	Ailean passes the high valleys
CHANGE	eras/age_II/annals/age_II_01.json:EII-1008.body	the high valleys	->	Na Glinn Àrda	|	s south past the households of Clann na Ceiste in the high valleys without turning aside to any 
CHANGE	eras/age_II/annals/age_II_01.json:EII-1009.body	the high valleys	->	Na Glinn Àrda	|	Households of Clann na Ceiste near the high valleys leave byre and field to follo
CHANGE	eras/age_II/annals/age_II_01.json:EII-1019.body	the high valleys	->	Na Glinn Àrda	|	 the frost breaks a small company comes down from the high valleys to Dùn ìseal: Muireall, the k
CHANGE	eras/age_II/annals/age_II_01.json:EII-1027.title	the warm springs	->	Fuarain Theth Muileann ruadh	|	The drive to the warm springs
CHANGE	eras/age_II/annals/age_II_01.json:EII-1027.body	the warm springs	->	Fuarain Theth Muileann ruadh	|	e standing herds two days through drifted snow to the warm springs, walking the whole way hersel
CHANGE	eras/age_II/annals/age_II_01.json:EII-1032.title	the Red Hill	->	An Cnoc Ruadh	|	Beathag Ruadh dies on the Red Hill
CHANGE	eras/age_II/annals/age_II_01.json:EII-1032.body	the Red Hill	->	An Cnoc Ruadh	|	Beathag Ruadh, who held the Red Hill by the lake before any of the
CHANGE	eras/age_II/annals/age_II_01.json:EII-1033.body	the Stone Kings	->	Rìghrean na Cloiche	|	oungest of Ailean's children to be reckoned among the Stone Kings in his turn.
CHANGE	eras/age_II/annals/age_II_01.json:EII-1034.title	the Line of the Mason	->	Sloinneadh a' Chlachair	|	Coinneach dies, the Line of the Mason passed whole
CHANGE	eras/age_II/annals/age_II_01.json:EII-1034.body	the Line of the Mason	->	Sloinneadh a' Chlachair	|	ller of the king's deeds, having taught Gormshuil the Line of the Mason word for word as the Keeper g
CHANGE	eras/age_II/annals/age_II_01.json:EII-1034.body	the Keeper	->	Coimhdeach na Fine	|	 Gormshuil the Line of the Mason word for word as the Keeper gave it in the grove. She is,
CHANGE	eras/age_II/annals/age_II_01.json:EII-1037.body	the Stone Kings	->	Rìghrean na Cloiche	|	hty-one, the king's eldest daughter and second of the Stone Kings. He sits by her a night and a
CHANGE	eras/age_II/annals/age_II_01.json:EII-1038.title	the long years	->	na Bliadhnachan Fada	|	The hill understands the long years
CHANGE	eras/age_II/annals/age_II_01.json:EII-1038.body	the long years	->	na Bliadhnachan Fada	|	grandson's age, the hill understands at last that the long years are the grove's alone, and pa
CHANGE	eras/age_II/annals/age_II_02.json:EII-1509.body	the high valleys	->	Na Glinn Àrda	|	herds, only leave to live among the households of the high valleys and be counted a single mouth
CHANGE	eras/age_II/annals/age_II_02.json:EII-1510.body	the high valleys	->	Na Glinn Àrda	|	Visiting his brother in the high valleys, Dòmhnall Clachach is told th
CHANGE	eras/age_II/annals/age_II_02.json:EII-1512.title	the Red Hill	->	An Cnoc Ruadh	|	Uisdean born on the Red Hill
CHANGE	eras/age_II/annals/age_II_02.json:EII-1512.body	the Red Hill's	->	An Cnoc Ruadh's	|	A son is born by the lake shore to a household of the Red Hill's holding line and named Uisdea
CHANGE	eras/age_II/annals/age_II_02.json:EII-1515.title	the Red Hill	->	An Cnoc Ruadh	|	Uisdean Mòr takes the Red Hill
CHANGE	eras/age_II/annals/age_II_02.json:EII-1515.body	the Red Hill	->	An Cnoc Ruadh	|	Uisdean, five-and-twenty, takes up the holding of the Red Hill on the western lake shore aft
CHANGE	eras/age_II/annals/age_II_02.json:EII-1516.title	the Red Hill	->	An Cnoc Ruadh	|	Uilleam Faire born on the Red Hill
CHANGE	eras/age_II/annals/age_II_02.json:EII-1517.body	the Red Hill	->	An Cnoc Ruadh	|	Every household of the Red Hill turns out to cut the ditch ac
CHANGE	eras/age_II/annals/age_II_02.json:EII-1518.body	long years	->	na Bliadhnachan Fada	|	young Uilleam Faire, Uisdean speaks of the king's long years and of the valleys brought in
CHANGE	eras/age_II/annals/age_II_02.json:EII-1518.body	the Red Hill	->	An Cnoc Ruadh	|	n to the south and east, and does not say whether the Red Hill will swear when its turn come
CHANGE	eras/age_II/annals/age_II_02.json:EII-1519.body	the Red Hill's	->	An Cnoc Ruadh's	|	p no word of his business to Uisdean or to any of the Red Hill's households.
CHANGE	eras/age_II/annals/age_II_02.json:EII-1523.title	The king's frost	->	Reothadh an Rìgh	|	The king's frost
CHANGE	eras/age_II/annals/age_II_02.json:EII-1523.body	the king's frost	->	Reothadh an Rìgh	|	e. The hill's old women name it from that morning the king's frost.
CHANGE	eras/age_II/annals/age_II_02.json:EII-1524.body	the king's frost	->	Reothadh an Rìgh	|	On the night of the king's frost the green oak takes in the sa
CHANGE	eras/age_II/annals/age_II_02.json:EII-1528.body	the long years	->	na Bliadhnachan Fada	|	is the first of the king's grandchildren to carry the long years, and grows up hard-handed amo
CHANGE	eras/age_II/annals/age_II_02.json:EII-1529.body	the Red Hill	->	An Cnoc Ruadh	|	any camped below to hurry the choosing of timber, the Red Hill rebuilds its wall a third tim
CHANGE	eras/age_II/annals/age_II_02.json:EII-1530.title	the Red Hill's	->	An Cnoc Ruadh's	|	ùn ìseal's reciters tell the swearing fuller than the Red Hill's own list
CHANGE	eras/age_II/annals/age_II_02.json:EII-1530.body	the Red Hill's	->	An Cnoc Ruadh's	|	ost and the shingle scene kept whole, fuller than the Red Hill's own spare list ever names it.
CHANGE	eras/age_II/annals/age_II_02.json:EII-1530.body	The Red Hill	->	An Cnoc Ruadh	|	than the Red Hill's own spare list ever names it. The Red Hill never quarrels with their tel
CHANGE	eras/age_II/annals/age_II_02.json:EII-1535.title	the Red Hill	->	An Cnoc Ruadh	|	Uisdean Mòr dies on the Red Hill
CHANGE	eras/age_II/annals/age_II_02.json:EII-1544.body	the high valleys	->	Na Glinn Àrda	|	The king summons his son down from the high valleys and rides the coast road east
CHANGE	eras/age_II/annals/age_II_02.json:EII-1545.title	the tally wall	->	Balla nan Stràc	|	Somhairle first sees the tally wall
CHANGE	eras/age_II/annals/age_II_02.json:EII-1547.title	the tally wall	->	Balla nan Stràc	|	Somhairle sets the tally wall in the Line
CHANGE	eras/age_II/annals/age_II_02.json:EII-1547.body	the Line of the Mason	->	Sloinneadh a' Chlachair	|	Somhairle adds his first telling of his own to the Line of the Mason: the wall at Seann Warr, some
CHANGE	eras/age_II/annals/age_II_02.json:EII-1550.body	the tally wall	->	Balla nan Stràc	|	ides to Seann Warr with a small company and walks the tally wall alone, his hand against the n
CHANGE	eras/age_II/annals/age_II_02.json:EII-1552.title	the half-cut stone	->	Clach nan Dà Stràc	|	Somhairle finds the half-cut stone at Seann Chwen
CHANGE	eras/age_II/annals/age_II_02.json:EII-1552.body	the high valleys	->	Na Glinn Àrda	|	Word of an unfinished stone reaches the high valleys, and Somhairle rides two days
CHANGE	eras/age_II/annals/age_II_02.json:EII-1555.body	the half-cut stone	->	Clach nan Dà Stràc	|	test of his four tellings in the Line: that after the half-cut stone no work of the Seann-Dhaoine 
CHANGE	eras/age_II/annals/age_II_02.json:EII-1557.body	the high valleys	->	Na Glinn Àrda	|	Somhairle marries Cairistìona of the high valleys, a shepherding household's da
CHANGE	eras/age_II/annals/age_II_03.json:EII-2016.title	the Red Hill	->	An Cnoc Ruadh	|	Seonag born on the Red Hill
CHANGE	eras/age_II/annals/age_II_03.json:EII-2016.body	the Red Hill	->	An Cnoc Ruadh	|	A daughter is born to the holder of the Red Hill and named Seonag; she learns 
CHANGE	eras/age_II/annals/age_II_03.json:EII-2026.title	the Red Hill	->	An Cnoc Ruadh	|	Mòrag rides west to the Red Hill
CHANGE	eras/age_II/annals/age_II_03.json:EII-2026.body	the Red Hill	->	An Cnoc Ruadh	|	ing takes Mòrag with him on the long ride west to the Red Hill, saying little of his purpose
CHANGE	eras/age_II/annals/age_II_03.json:EII-2027.body	the Red Hill's	->	An Cnoc Ruadh's	|	 bag that holds one pebble for every household of the Red Hill's shore, and the king weighs it
CHANGE	eras/age_II/annals/age_II_03.json:EII-2034.body	the Stone Kings	->	Rìghrean na Cloiche	|	Iain Dubh, sixth of the Stone Kings and eight years holder of the
CHANGE	eras/age_II/annals/age_II_03.json:EII-2034.body	the salt shore	->	Tràigh an t-Salainn	|	nd eight years holder of the hill, rides south to the salt shore as Mòrag Chruaidh had once do
CHANGE	eras/age_II/annals/age_II_03.json:EII-2040.body	the salt shore	->	Tràigh an t-Salainn	|	 and walks the old track through the dunes toward the salt shore, so that it is some while bef
CHANGE	eras/age_II/annals/age_II_03.json:EII-2044.title	The salt shore	->	Tràigh an t-Salainn	|	The salt shore called the king's
CHANGE	eras/age_II/annals/age_II_03.json:EII-2048.title	the Red Hill	->	An Cnoc Ruadh	|	Seonag of the Red Hill dies
CHANGE	eras/age_II/annals/age_II_03.json:EII-2048.body	the Red Hill	->	An Cnoc Ruadh	|	ith a bag of pebbles and not with spears, dies on the Red Hill in her seventy-second year; t
CHANGE	eras/age_II/annals/age_II_04.json:EII-2503.title	the high valleys	->	Na Glinn Àrda	|	The measured handful reaches every hearth of the high valleys
CHANGE	eras/age_II/annals/age_II_04.json:EII-2503.body	the high valleys	->	Na Glinn Àrda	|	ly, spreads within a few years to every hearth of the high valleys, nowhere written and nowhere 
CHANGE	eras/age_II/annals/age_II_04.json:EII-2506.title	the coloured coal	->	an gual dathach	|	Eanraig Ruadh burns a whole basket of the coloured coal
CHANGE	eras/age_II/annals/age_II_04.json:EII-2521.title	the Line of the Mason	->	Sloinneadh a' Chlachair	|	Somhairle gives Beathan the Line of the Mason whole
CHANGE	eras/age_II/annals/age_II_04.json:EII-2521.body	the Line of the Mason	->	Sloinneadh a' Chlachair	|	rs at the temple, Somhairle gives his son Beathan the Line of the Mason entire, twice through by the 
CHANGE	eras/age_II/annals/age_II_04.json:EII-2523.body	the high valleys	->	Na Glinn Àrda	|	The king rides up into the high valleys alone, unasked and unlooked-f
CHANGE	eras/age_II/annals/age_II_04.json:EII-2526.body	the Red Hill's	->	An Cnoc Ruadh's	|	t time in earnest of the salt running to waste in the Red Hill's pans while his own hill wears
CHANGE	eras/age_II/annals/age_II_04.json:EII-2527.body	the Red Hill	->	An Cnoc Ruadh	|	Raghnall asks the king to settle salt with the Red Hill on his behalf. The king answe
CHANGE	eras/age_II/annals/age_II_04.json:EII-2528.body	the Red Hill's	->	An Cnoc Ruadh's	|	, the first of the hill's blood to travel so near the Red Hill's country since Uisdean knelt t
CHANGE	eras/age_II/annals/age_II_04.json:EII-2530.title	The Red Hill	->	An Cnoc Ruadh	|	The Red Hill refuses a poor clip
CHANGE	eras/age_II/annals/age_II_04.json:EII-2530.body	the Red Hill's	->	An Cnoc Ruadh's	|	season the wool comes down thin and unwashed, and the Red Hill's people will not weigh full sa
CHANGE	eras/age_II/annals/age_II_04.json:EII-2532.body	the Red Hill's	->	An Cnoc Ruadh's	|	A young man of the hill and a young woman of the Red Hill's people, remarked on for three
CHANGE	eras/age_II/annals/age_II_04.json:EII-2533.body	the Red Hill's	->	An Cnoc Ruadh's	|	A son is born to a kinsman's household of the Red Hill's old line and named Murchadh; 
CHANGE	eras/age_II/annals/age_II_04.json:EII-2534.title	the Red Hill	->	An Cnoc Ruadh	|	The unnamed holder of the Red Hill dies
CHANGE	eras/age_II/annals/age_II_04.json:EII-2534.body	The Red Hill's	->	An Cnoc Ruadh's	|	The Red Hill's holder who first waded to mee
CHANGE	eras/age_II/annals/age_II_04.json:EII-2535.title	the Red Hill	->	An Cnoc Ruadh	|	Murchadh Gearr comes to the Red Hill
CHANGE	eras/age_II/annals/age_II_04.json:EII-2535.body	the Red Hill	->	An Cnoc Ruadh	|	arr, a kinsman of the old holder's line, comes to the Red Hill after a grandson's short hold
CHANGE	eras/age_II/annals/age_II_04.json:EII-2536.title	the salt road	->	Rathad an t-Salainn	|	Murchadh Gearr walks the salt road to be seen
CHANGE	eras/age_II/annals/age_II_04.json:EII-2536.body	the Red Hill's	->	An Cnoc Ruadh's	|	e ghorm and the ford grows up without having seen the Red Hill's holder pass in the flesh.
CHANGE	eras/age_II/annals/age_II_04.json:EII-2537.body	the Red Hill's	->	An Cnoc Ruadh's	|	tinction between the hill's side of the water and the Red Hill's, the meeting by then older th
CHANGE	eras/age_II/annals/age_II_05.json:EII-3000.title	the Hawk bay	->	Bàgh an t-Seabhaig	|	Three households settle the Hawk bay
CHANGE	eras/age_II/annals/age_II_05.json:EII-3001.body	the Hawk bay	->	Bàgh an t-Seabhaig	|	hag, eldest of the three households that cross to the Hawk bay, walks the nine days on her o
CHANGE	eras/age_II/annals/age_II_05.json:EII-3002.body	the salt road	->	Rathad an t-Salainn	|	Murchadh Gearr, who walked the salt road every autumn so that no child
CHANGE	eras/age_II/annals/age_II_05.json:EII-3002.body	the Red Hill's	->	An Cnoc Ruadh's	|	umn so that no child on it grew up without seeing the Red Hill's holder, dies in his sixty-six
CHANGE	eras/age_II/annals/age_II_05.json:EII-3003.title	the Hawk bay	->	Bàgh an t-Seabhaig	|	Flòraidh born at the Hawk bay
CHANGE	eras/age_II/annals/age_II_05.json:EII-3003.body	the Hawk bay	->	Bàgh an t-Seabhaig	|	Flòraidh is born at the Hawk bay in a winter hard enough to fr
CHANGE	eras/age_II/annals/age_II_05.json:EII-3006.body	the flint road	->	Rathad na Spor	|	Traders on the flint road come to ask the Hawk bay hous
CHANGE	eras/age_II/annals/age_II_05.json:EII-3006.body	the Hawk bay	->	Bàgh an t-Seabhaig	|	Traders on the flint road come to ask the Hawk bay households for Flòraidh by na
CHANGE	eras/age_II/annals/age_II_05.json:EII-3007.body	the Hawk bay	->	Bàgh an t-Seabhaig	|	A gale that takes the roofs off two houses at the Hawk bay leaves half a mile of strand 
CHANGE	eras/age_II/annals/age_II_05.json:EII-3009.body	the ford gathering	->	Cruinneachadh an Àtha	|	At the ford gathering Flòraidh watches the king mov
CHANGE	eras/age_II/annals/age_II_05.json:EII-3012.title	the Red Hill	->	An Cnoc Ruadh	|	The round-house harbour begins paying salt to the Red Hill
CHANGE	eras/age_II/annals/age_II_05.json:EII-3012.body	the harbour of the round houses	->	Cala nan Taighean Cruinne	|	The households at the harbour of the round houses, where the king's blood first
CHANGE	eras/age_II/annals/age_II_05.json:EII-3012.body	the Red Hill	->	An Cnoc Ruadh	|	 came down to the sea, begin paying their salt to the Red Hill rather than keeping it among 
CHANGE	eras/age_II/annals/age_II_05.json:EII-3014.body	the flint road	->	Rathad na Spor	|	Small herds driven up the flint road by stages over three summers 
CHANGE	eras/age_II/annals/age_II_05.json:EII-3015.body	the flint road's	->	Rathad na Spor's	|	d above the firth at Cathair gheal, timbered from the flint road's own hills and roofed with tur
CHANGE	eras/age_II/annals/age_II_05.json:EII-3026.title	the Hollow Man's	->	Marbh-bheò's	|	A fire lit in the Hollow Man's hills
CHANGE	eras/age_II/annals/age_II_05.json:EII-3026.body	the Hollow Man's	->	Marbh-bheò's	|	A herding family new to the Hollow Man's hills lights an open fire aga
CHANGE	eras/age_II/annals/age_II_05.json:EII-3037.body	the ford gathering	->	Cruinneachadh an Àtha	|	At the ford gathering the king stops before a bolt 
CHANGE	eras/age_II/annals/age_II_05.json:EII-3039.title	The grey winter	->	An Geamhradh Liath	|	The grey winter
CHANGE	eras/age_II/annals/age_II_06.json:EII-3502.title	the flint road	->	Rathad na Spor	|	Murchadh meets Ailig Spor on the flint road
CHANGE	eras/age_II/annals/age_II_06.json:EII-3502.body	the ford gathering	->	Cruinneachadh an Àtha	|	On the road between Cnoc àrsaidh and the ford gathering, Murchadh comes to know Ailig
CHANGE	eras/age_II/annals/age_II_06.json:EII-3503.body	the flint road	->	Rathad na Spor	|	s a woman of a household by the river-crossing on the flint road and raises two sons and a dau
CHANGE	eras/age_II/annals/age_II_06.json:EII-3504.title	The flint road	->	Rathad na Spor	|	The flint road worn a yard deep
CHANGE	eras/age_II/annals/age_II_06.json:EII-3506.body	the flint road	->	Rathad na Spor	|	It does not escape the households of the flint road, decade upon decade, that Mur
CHANGE	eras/age_II/annals/age_II_06.json:EII-3512.body	the flint road	->	Rathad na Spor	|	nd asks his father for the whole northern country the flint road runs through, which he has wa
CHANGE	eras/age_II/annals/age_II_06.json:EII-3528.body	the ford gathering	->	Cruinneachadh an Àtha	|	At the ford gathering Sìleas Bhàn asks Ailean Mòr w
CHANGE	eras/age_II/annals/age_II_06.json:EII-3533.title	The eight winds	->	Na h-Ochd Gaothan	|	The eight winds are named
CHANGE	eras/age_II/annals/age_II_06.json:EII-3533.body	The eight winds	->	Na h-Ochd Gaothan	|	The eight winds of the year, known before onl
CHANGE	eras/age_II/annals/age_II_06.json:EII-3536.title	the wind-stones	->	Clachan nan Gaoth	|	Three brothers raise the wind-stones at Ceann leathan
CHANGE	eras/age_II/annals/age_II_06.json:EII-3537.body	the wind-stones	->	Clachan nan Gaoth	|	One bad winter after the wind-stones are first raised at Ceann lea
CHANGE	eras/age_II/annals/age_II_06.json:EII-3562.body	the seven coals	->	na Seachd Guail	|	alone of its kind and chose its one place the way the seven coals are said to have chosen their
CHANGE	eras/age_II/annals/age_II_07.json:EII-4003.title	the Red Hill	->	An Cnoc Ruadh	|	Lachlann born on the Red Hill
CHANGE	eras/age_II/annals/age_II_07.json:EII-4003.body	the Red Hill's	->	An Cnoc Ruadh's	|	A son is born in the Red Hill's hall and named Lachlann, red-
CHANGE	eras/age_II/annals/age_II_07.json:EII-4004.body	the Stone Kings	->	Rìghrean na Cloiche	|	ar slopes above Tobar dhìreach with no kinship to the Stone Kings, and named Oighrig; she grows
CHANGE	eras/age_II/annals/age_II_07.json:EII-4012.title	the Red Hill	->	An Cnoc Ruadh	|	Peigi born on the Red Hill
CHANGE	eras/age_II/annals/age_II_07.json:EII-4020.title	the Red Hill	->	An Cnoc Ruadh	|	Word sent west to the Red Hill
CHANGE	eras/age_II/annals/age_II_07.json:EII-4020.body	the Red Hill	->	An Cnoc Ruadh	|	idh Ghlas sends word to Lachlann Ruadh, holder of the Red Hill, asking that he take her youn
CHANGE	eras/age_II/annals/age_II_07.json:EII-4021.body	the Red Hill	->	An Cnoc Ruadh	|	On the morning his brother leaves for the Red Hill, Calum Ciar stands long at th
CHANGE	eras/age_II/annals/age_II_07.json:EII-4022.body	the Red Hill	->	An Cnoc Ruadh	|	ing him he is not sent for any wrong of his, that the Red Hill will be as much home to him a
CHANGE	eras/age_II/annals/age_II_07.json:EII-4023.title	the salt road	->	Rathad an t-Salainn	|	A mound left untouched on the salt road
CHANGE	eras/age_II/annals/age_II_07.json:EII-4024.body	the salt road	->	Rathad an t-Salainn	|	Turning off the salt road for her own kin at Àth shean,
CHANGE	eras/age_II/annals/age_II_07.json:EII-4025.title	the Red Hill	->	An Cnoc Ruadh	|	The fosterling comes to the Red Hill
CHANGE	eras/age_II/annals/age_II_07.json:EII-4028.body	the Red Hill	->	An Cnoc Ruadh	|	m in a boat for the first time, and comes back to the Red Hill wet through and pleased with 
CHANGE	eras/age_II/annals/age_II_07.json:EII-4028.body	the salt road	->	Rathad an t-Salainn	|	eased with himself, word of it carried east along the salt road to Dùn ìseal by the carriers 
CHANGE	eras/age_II/annals/age_II_07.json:EII-4029.title	the Red Hill	->	An Cnoc Ruadh	|	Eilidh Ghlas visits the Red Hill
CHANGE	eras/age_II/annals/age_II_07.json:EII-4029.body	the Red Hill	->	An Cnoc Ruadh	|	Eilidh Ghlas comes to the Red Hill as Lachlann Ruadh's guest and
CHANGE	eras/age_II/annals/age_II_07.json:EII-4031.title	The Red Hill	->	An Cnoc Ruadh	|	The Red Hill list begins to call Lachlann 
CHANGE	eras/age_II/annals/age_II_07.json:EII-4031.body	the Red Hill's	->	An Cnoc Ruadh's	|	In these years the Red Hill's reciters take up the habit of
CHANGE	eras/age_II/annals/age_II_07.json:EII-4035.body	the Stone Kings	->	Rìghrean na Cloiche	|	l, a herder of the near slopes with no kinship to the Stone Kings, tells her she will spend the
CHANGE	eras/age_II/annals/age_II_07.json:EII-4036.title	The keepers' house	->	Taigh na Lice	|	The keepers' house raised at Tobar dhìreach
CHANGE	eras/age_II/annals/age_II_07.json:EII-4044.title	The meeting of the cups	->	Coinneachadh nan Cupan	|	The meeting of the cups on the moor
CHANGE	eras/age_II/annals/age_II_07.json:EII-4044.body	the meeting of the cups	->	Coinneachadh nan Cupan	|	n all four; the place is called from that morning the meeting of the cups.
CHANGE	eras/age_II/annals/age_II_07.json:EII-4045.body	the meeting of the cups	->	Coinneachadh nan Cupan	|	From the year of the meeting of the cups, the households from the slop
CHANGE	eras/age_II/annals/age_II_07.json:EII-4046.body	the keepers' house	->	Taigh na Lice	|	an anyone at the clearing looked for: she dies in the keepers' house in the winter after the meeti
CHANGE	eras/age_II/annals/age_II_07.json:EII-4046.body	the meeting of the cups	->	Coinneachadh nan Cupan	|	he dies in the keepers' house in the winter after the meeting of the cups, and the families ask that a 
CHANGE	eras/age_II/annals/age_II_07.json:EII-4053.title	the keepers' house	->	Taigh na Lice	|	The basket set inside the keepers' house
CHANGE	eras/age_II/annals/age_II_07.json:EII-4053.body	the keepers' house	->	Taigh na Lice	|	inswoman who found the coal carries the basket to the keepers' house at Tobar dhìreach and sets it
CHANGE	eras/age_II/annals/age_II_07.json:EII-4054.body	the keepers' house	->	Taigh na Lice	|	d on it and says she will keep it, and moves into the keepers' house before the month is out.
CHANGE	eras/age_II/annals/age_II_08.json:EII-4500.title	The Black Wind	->	A' Ghaoth Dhubh	|	The Black Wind strips the east coast
CHANGE	eras/age_II/annals/age_II_08.json:EII-4502.title	the Black Wind	->	A' Ghaoth Dhubh	|	The coast names the storm the Black Wind
CHANGE	eras/age_II/annals/age_II_08.json:EII-4532.body	the Red Hill	->	An Cnoc Ruadh	|	arrange. Her father agrees, and the households of the Red Hill give a season's labour to the
CHANGE	eras/age_II/annals/age_II_08.json:EII-4533.body	the Red Hill's	->	An Cnoc Ruadh's	|	ithout a hand needed to haul it clear of the mud: the Red Hill's first way onto open water tha
CHANGE	eras/age_II/annals/age_II_08.json:EII-4534.body	the Red Hill	->	An Cnoc Ruadh	|	he spring. He is five-and-sixty years old, an age the Red Hill reckons past complaint for a 
CHANGE	eras/age_II/annals/age_II_08.json:EII-4536.body	the Red Hill	->	An Cnoc Ruadh	|	edside than the years they gave the hill. He held the Red Hill one-and-sixty years.
CHANGE	eras/age_II/annals/age_II_08.json:EII-4537.title	the Red Hill	->	An Cnoc Ruadh	|	Peigi Dhubh holds the Red Hill at forty
CHANGE	eras/age_II/annals/age_II_08.json:EII-4537.body	The Red Hill's	->	An Cnoc Ruadh's	|	or the tallies before she asks for anything else. The Red Hill's own steward says afterward th
CHANGE	eras/age_II/annals/age_II_09.json:EII-5001.body	the panther road	->	Imrich nam Pantar	|	Watchers along the panther road see three great cats, on thre
CHANGE	eras/age_II/annals/age_II_09.json:EII-5003.title	the panther road	->	Imrich nam Pantar	|	Iain drives cattle onto the panther road
CHANGE	eras/age_II/annals/age_II_09.json:EII-5004.body	the salt road	->	Rathad an t-Salainn	|	He walks the salt road east with a train of laden pa
CHANGE	eras/age_II/annals/age_II_09.json:EII-5004.body	the Red Hill's	->	An Cnoc Ruadh's	|	st with a train of laden pack-beasts and three of the Red Hill's household, and comes in sight
CHANGE	eras/age_II/annals/age_II_09.json:EII-5004.body	the Stone Kings	->	Rìghrean na Cloiche	|	ll's household, and comes in sight of the hill of the Stone Kings on the seventh evening, four-
CHANGE	eras/age_II/annals/age_II_09.json:EII-5005.body	the Red Hill's	->	An Cnoc Ruadh's	|	Meeting the Red Hill's train at the gate in his moth
CHANGE	eras/age_II/annals/age_II_09.json:EII-5007.body	the Red Hill's	->	An Cnoc Ruadh's	|	thing, the four-line refrain sung at the crust on the Red Hill's own lake shore. An old raker 
CHANGE	eras/age_II/annals/age_II_09.json:EII-5007.body	the Red Hill	->	An Cnoc Ruadh	|	 runs on afterward at the sea-shore pans in words the Red Hill itself can no longer wholly c
CHANGE	eras/age_II/annals/age_II_09.json:EII-5008.title	The Stone Kings	->	Rìghrean na Cloiche	|	The Stone Kings' list keeps him no name
CHANGE	eras/age_II/annals/age_II_09.json:EII-5008.body	the Red Hill	->	An Cnoc Ruadh	|	s every holder before him; of the one who went to the Red Hill and came home grown, no year,
CHANGE	eras/age_II/annals/age_II_09.json:EII-5013.body	the eight winds	->	Na h-Ochd Gaothan	|	A cutter of that household sets one of the eight winds' names beside the Old Ones' o
CHANGE	eras/age_II/annals/age_II_09.json:EII-5013.body	the Old Ones	->	Seann-Dhaoine	|	usehold sets one of the eight winds' names beside the Old Ones' own marks on the great bould
CHANGE	eras/age_II/annals/age_II_09.json:EII-5015.body	the Old Ones	->	Seann-Dhaoine	|	grave lined close with cut slabs in the manner of the Old Ones; they close it as carefully a
CHANGE	eras/age_II/annals/age_II_09.json:EII-5017.title	the stag's grove	->	Coille Naomh Muileann chiar	|	Pilgrims begin sitting at the stag's grove
CHANGE	eras/age_II/annals/age_II_09.json:EII-5017.body	the stag's grove	->	Coille Naomh Muileann chiar	|	and in pairs to sit a single night at the edge of the stag's grove, keeping a small fire that bu
CHANGE	eras/age_II/annals/age_II_09.json:EII-5018.title	the Red Hill	->	An Cnoc Ruadh	|	Settlers from the Red Hill raise the first house at Cnoc
CHANGE	eras/age_II/annals/age_II_09.json:EII-5018.body	the Red Hill	->	An Cnoc Ruadh	|	Households come down from the Red Hill to build at the edge of the s
CHANGE	eras/age_II/annals/age_II_09.json:EII-5018.body	the sacred forest at Cnoc bheag	->	Coille Naomh Cnoc bheag	|	me down from the Red Hill to build at the edge of the sacred forest at Cnoc bheag, taking timber only from the 
CHANGE	eras/age_II/annals/age_II_09.json:EII-5019.body	the sacred forest's	->	Coille Naomh Cnoc bheag's	|	yet seven goes missing near the line of stones at the sacred forest's edge; the settlement and its 
CHANGE	eras/age_II/annals/age_II_09.json:EII-5021.title	the warm springs	->	Fuarain Theth Muileann ruadh	|	Iain goes to the warm springs
CHANGE	eras/age_II/annals/age_II_09.json:EII-5023.title	the Hollow Man	->	Marbh-bheò	|	Two herders see the Hollow Man on the ridge
CHANGE	eras/age_II/annals/age_II_09.json:EII-5023.body	the Hollow Man's	->	Marbh-bheò's	|	Caught by dark on the way home, two herders near the Hollow Man's hills see a shape walk the ri
CHANGE	eras/age_II/annals/age_II_09.json:EII-5024.title	the Red Hill	->	An Cnoc Ruadh	|	Peigi Dhubh dies on the Red Hill
CHANGE	eras/age_II/annals/age_II_09.json:EII-5024.body	the Red Hill	->	An Cnoc Ruadh	|	t the tallies straighter than her father, dies on the Red Hill in her seventy-sixth year, ha
CHANGE	eras/age_II/annals/age_II_09.json:EII-5025.body	the Hollow Man's	->	Marbh-bheò's	|	The pit-dug, stone-lidded hearth spreads from the Hollow Man's hills toward the settlements 
CHANGE	eras/age_II/annals/age_II_09.json:EII-5025.body	the stag's grove	->	Coille Naomh Muileann chiar	|	 Hollow Man's hills toward the settlements nearer the stag's grove, and it hardens there into a 
CHANGE	eras/age_II/annals/age_II_09.json:EII-5026.body	the Old Ones	->	Seann-Dhaoine	|	Households raising walls from the Old Ones' shell midden at Caol mhòr wi
CHANGE	eras/age_II/annals/age_II_09.json:EII-5028.title	the salt road	->	Rathad an t-Salainn	|	The last thicket on the salt road is cut through
CHANGE	eras/age_II/annals/age_II_09.json:EII-5028.body	the salt road	->	Rathad an t-Salainn	|	ugh the last unbroken stand of thorn and birch on the salt road to the north-west, so that Mu
CHANGE	eras/age_II/annals/age_II_09.json:EII-5040.body	the Red Hill	->	An Cnoc Ruadh	|	 stands eighty houses, the largest place north of the Red Hill.
CHANGE	eras/age_II/annals/age_II_09.json:EII-5041.body	the ford gathering	->	Cruinneachadh an Àtha	|	and send their wool south along the coast road to the ford gathering rather than north to Murchadh
CHANGE	eras/age_II/annals/age_II_09.json:EII-5043.body	the Old Ones	->	Seann-Dhaoine	|	end it, out of the caution settlers keep wherever the Old Ones' work still stands.
CHANGE	eras/age_II/annals/age_II_09.json:EII-5051.title	the outpost	->	Làrach an Dùin-fhaire	|	Eithne's households name the ground below the outpost Cathair mhòr
CHANGE	eras/age_II/annals/age_II_09.json:EII-5054.body	the Red Hill's	->	An Cnoc Ruadh's	|	he northern plain and gives them to a grandson of the Red Hill's line, saying only that the gr
CHANGE	eras/age_II/annals/age_II_09.json:EII-5056.body	the Line of the Mason	->	Sloinneadh a' Chlachair	|	wn line back before she can tie a shoe, and carry the Line of the Mason after Somhairle.
CHANGE	eras/age_II/annals/age_II_09.json:EII-5059.title	the great gathering	->	An Cruinneachadh Mòr	|	The summons to the great gathering reaches the north
CHANGE	eras/age_II/annals/age_II_09.json:EII-5060.title	The Red Hill's	->	An Cnoc Ruadh's	|	The Red Hill's salt-traders walk to the grea
CHANGE	eras/age_II/annals/age_II_09.json:EII-5060.title	the great gathering	->	An Cruinneachadh Mòr	|	The Red Hill's salt-traders walk to the great gathering
CHANGE	eras/age_II/annals/age_II_09.json:EII-5060.body	the ford gathering	->	Cruinneachadh an Àtha	|	Word goes out along every road that the ford gathering in the three thousandth year 
CHANGE	eras/age_II/annals/age_II_09.json:EII-5060.body	the Red Hill's	->	An Cnoc Ruadh's	|	be kept greater than any before it. Households of the Red Hill's lake shore, among them the Re
CHANGE	eras/age_II/annals/age_II_09.json:EII-5060.body	the Red Hill	->	An Cnoc Ruadh	|	useholds of the Red Hill's lake shore, among them the Red Hill girl and her mother, walk the
CHANGE	eras/age_II/annals/age_II_10.json:EII-5501.body	the great gathering	->	An Cruinneachadh Mòr	|	 carriers of eastern flint trade the first day of the great gathering through, while households fro
CHANGE	eras/age_II/annals/age_II_10.json:EII-5504.title	The Red Hill's	->	An Cnoc Ruadh's	|	The Red Hill's new holder is still called by
CHANGE	eras/age_II/annals/age_II_10.json:EII-5504.body	the Red Hill's	->	An Cnoc Ruadh's	|	o wade out to put their hands between the king's, the Red Hill's own holder is so newly come t
CHANGE	eras/age_II/annals/age_II_10.json:EII-5507.body	the Red Hill	->	An Cnoc Ruadh	|	r rings of the king's blood, named to the girl of the Red Hill by a woman of the ford who kn
CHANGE	eras/age_II/annals/age_II_10.json:EII-5509.body	the Red Hill	->	An Cnoc Ruadh	|	A boy of a western household, standing beside the Red Hill girl at the bank while the na
CHANGE	eras/age_II/annals/age_II_10.json:EII-5510.body	the Red Hill	->	An Cnoc Ruadh	|	Women of the Red Hill note at the fire that no hous
CHANGE	eras/age_II/annals/age_II_10.json:EII-5511.title	The Red Hill	->	An Cnoc Ruadh	|	The Red Hill girl trails her hand in the w
CHANGE	eras/age_II/annals/age_II_10.json:EII-5511.body	the Red Hill	->	An Cnoc Ruadh	|	stands alone a while in the emptied ford at dusk, the Red Hill girl, nearest the water of an
CHANGE	eras/age_II/annals/age_II_10.json:EII-5515.title	the Line of the Mason	->	Sloinneadh a' Chlachair	|	Somhairle gives Diorbhail the Line of the Mason whole
CHANGE	eras/age_II/annals/age_II_10.json:EII-5515.body	Line of the Mason	->	Sloinneadh a' Chlachair	|	ng the turn beside them, Somhairle says the whole Line of the Mason through twice without a name 
CHANGE	eras/age_II/annals/age_II_10.json:EII-5524.body	the fortress	->	Làrach an Dùin	|	The households settled in sight of the fortress ruin on the headland build th
CHANGE	eras/age_II/annals/age_II_10.json:EII-5533.title	the temple ruin	->	Làrach an Teampaill	|	 shepherd's flock will not cross the worn path at the temple ruin
CHANGE	eras/age_II/annals/age_II_10.json:EII-5533.body	the temple ruin	->	Làrach an Teampaill	|	ck standing stock still along the path worn round the temple ruin, none grazing, none straying 
CHANGE	eras/age_II/annals/age_II_10.json:EII-5536.body	the wind-stones	->	Clachan nan Gaoth	|	At the yearly contests below the wind-stones of Ceann leathan, a young her
CHANGE	eras/age_II/annals/age_II_10.json:EII-5536.body	the lifting-stone	->	Clach a' Neirt	|	to do it, and is given by custom the first try at the lifting-stone that has never once been rais
CHANGE	eras/age_II/annals/age_II_10.json:EII-5537.body	the lifting-stone	->	Clach a' Neirt	|	 steps from the watching crowd, sets his hands to the lifting-stone and raises it to his knees, t
CHANGE	eras/age_II/annals/age_II_11.json:EII-6009.title	the Black Wind	->	A' Ghaoth Dhubh	|	Ceann chiar cuts two-and-twenty marks for the Black Wind
CHANGE	eras/age_II/annals/age_II_11.json:EII-6009.body	the Black Wind	->	A' Ghaoth Dhubh	|	Rebuilding after the Black Wind that scattered their roofs a 
CHANGE	eras/age_II/annals/age_II_11.json:EII-6010.body	the warm springs	->	Fuarain Theth Muileann ruadh	|	Dùn ìseal and Muileann bhàn drive their cattle to the warm springs to drink; the surplus each ho
CHANGE	eras/age_II/annals/age_II_11.json:EII-6019.title	the warm springs	->	Fuarain Theth Muileann ruadh	|	Achadh mhòr's wide field is cleared under the warm springs
CHANGE	eras/age_II/annals/age_II_11.json:EII-6019.body	the warm springs	->	Fuarain Theth Muileann ruadh	|	A household near the warm springs clears and banks the widest s
CHANGE	eras/age_II/annals/age_II_11.json:EII-6020.title	The Red Hill's	->	An Cnoc Ruadh's	|	The Red Hill's boats come to be kept at Bail
CHANGE	eras/age_II/annals/age_II_11.json:EII-6020.body	the Red Hill's	->	An Cnoc Ruadh's	|	ome, within a generation, to put out oftener than the Red Hill's own strand, so that the harbo
CHANGE	eras/age_II/annals/age_II_11.json:EII-6028.title	the high valleys	->	Na Glinn Àrda	|	Gille-Brìde's father born in the high valleys
CHANGE	eras/age_II/annals/age_II_11.json:EII-6028.body	the high valleys	->	Na Glinn Àrda	|	A son is born in the high valleys to a household of Somhairle's
CHANGE	eras/age_II/annals/age_II_11.json:EII-6028.body	the Line of the Mason	->	Sloinneadh a' Chlachair	|	s to a household of Somhairle's line, which keeps the Line of the Mason and takes no share; he will l
CHANGE	eras/age_II/annals/age_II_11.json:EII-6031.title	the Red Hill	->	An Cnoc Ruadh	|	Seumas born on the Red Hill
CHANGE	eras/age_II/annals/age_II_11.json:EII-6031.body	the Red Hill's	->	An Cnoc Ruadh's	|	A son is born in the Red Hill's hall and named Seumas; the re
CHANGE	eras/age_II/annals/age_II_11.json:EII-6032.body	the ford gathering	->	Cruinneachadh an Àtha	|	ore of seal-skins the length of the island toward the ford gathering, meaning to trade them for sa
CHANGE	eras/age_II/annals/age_II_11.json:EII-6033.body	the great gathering	->	An Cruinneachadh Mòr	|	ndfather claims a telling, four hands removed, of the great gathering held in the three-thousandth 
CHANGE	eras/age_II/annals/age_II_11.json:EII-6039.body	the Red Hill's	->	An Cnoc Ruadh's	|	People out of the Red Hill's country find an old river lan
CHANGE	eras/age_II/annals/age_II_11.json:EII-6041.body	the Stone Kings	->	Rìghrean na Cloiche	|	s Dùn ìseal formally as the twelfth to hold it of the Stone Kings' line, known already for a me
CHANGE	eras/age_II/annals/age_II_11.json:EII-6042.title	the Red Hill	->	An Cnoc Ruadh	|	Seumas Òg takes the Red Hill
CHANGE	eras/age_II/annals/age_II_11.json:EII-6042.body	the Red Hill	->	An Cnoc Ruadh	|	n-and-twenty named Seumas takes up the holding of the Red Hill his own line has kept since t
CHANGE	eras/age_II/annals/age_II_11.json:EII-6042.body	the Red Hill's	->	An Cnoc Ruadh's	|	trìona takes Dùn ìseal; his name will be the last the Red Hill's own spoken roll carries.
CHANGE	eras/age_II/annals/age_II_11.json:EII-6043.body	the Stone Kings	->	Rìghrean na Cloiche	|	Eòin gives the whole roll of the Stone Kings from Ailean Mòr to Catrìona's
CHANGE	eras/age_II/annals/age_II_11.json:EII-6043.body	the Red Hill	->	An Cnoc Ruadh	|	rìona's own name, and Ùna gives the whole roll of the Red Hill from Beathag Ruadh to Seumas 
CHANGE	eras/age_II/annals/age_II_11.json:EII-6045.title	the column at Cnoc ghorm	->	Calbh Cnoc ghorm	|	A nameless hand recuts the column at Cnoc ghorm
CHANGE	eras/age_II/annals/age_II_11.json:EII-6046.title	The keepers of the slab	->	Luchd-faire na Lice	|	The keepers of the slab settle at nine
CHANGE	eras/age_II/annals/age_II_11.json:EII-6047.body	the night of the handful	->	Oidhche na Glaice	|	re lighting its own; the night comes to be called the night of the handful.
CHANGE	eras/age_II/annals/age_II_11.json:EII-6055.body	the Stone Kings	->	Rìghrean na Cloiche	|	Eòin, whose voice carried the whole roll of the Stone Kings across one night at the ford,
CHANGE	eras/age_II/annals/age_II_11.json:EII-6055.body	the Red Hill	->	An Cnoc Ruadh	|	year, and Ùna, who answered him roll for roll for the Red Hill, follows him within two years
CHANGE	eras/age_II/annals/age_II_11.json:EII-6057.title	the Red Hill	->	An Cnoc Ruadh	|	Seumas Òg dies on the Red Hill
CHANGE	eras/age_II/annals/age_II_11.json:EII-6057.body	the Red Hill's	->	An Cnoc Ruadh's	|	Seumas Òg, the last name the Red Hill's spoken roll carries, dies in 
CHANGE	eras/age_II/annals/age_II_12.json:EII-6513.title	the high valleys	->	Na Glinn Àrda	|	Ceallach is born in the high valleys
CHANGE	eras/age_II/annals/age_II_12.json:EII-6513.body	the high valleys	->	Na Glinn Àrda	|	son is born to Gille-Brìde of Somhairle's line in the high valleys and is called Ceallach; he is
CHANGE	eras/age_II/annals/age_II_12.json:EII-6524.title	The host of the east	->	Sluagh an Ear	|	The host of the east begins to gather at Dùn dhear
CHANGE	eras/age_II/annals/age_II_12.json:EII-6524.body	the host of the east	->	Sluagh an Ear	|	In the spring the host of the east begins gathering at Dùn dhear
CHANGE	eras/age_II/annals/age_II_12.json:EII-6525.body	the high valleys	->	Na Glinn Àrda	|	Gille-Brìde walks down out of the high valleys with Ceallach, now grown but 
CHANGE	eras/age_II/annals/age_II_12.json:EII-6540.body	the host of the east	->	Sluagh an Ear	|	, comes down the western track to stand with him; the host of the east has the river to itself the w
CHANGE	eras/age_II/book/01_the_seven_nights.md:40	the Line of the Mason	->	Sloinneadh a' Chlachair	|	*The vigil within the ring belongs to the Line of the Mason to tell, for Coinneach was ne
CHANGE	eras/age_II/book/01_the_seven_nights.md:42	the Keeper	->	Coimhdeach na Fine	|	re, had taken light at dusk when the shape called the Keeper stooped over it, and burned a
CHANGE	eras/age_II/book/01_the_seven_nights.md:42	the Keeper	->	Coimhdeach na Fine	|	 being every colour, and none of them still), and the Keeper stood over him and told him h
CHANGE	eras/age_II/book/01_the_seven_nights.md:52	The Keeper	->	Coimhdeach na Fine	|	The Keeper was a long while answering. T
CHANGE	eras/age_II/book/01_the_seven_nights.md:60	the Keeper	->	Coimhdeach na Fine	|	Then the Keeper went from him, or ceased to b
CHANGE	eras/age_II/book/01_the_seven_nights.md:60	the Line of the Mason	->	Sloinneadh a' Chlachair	|	Keeper went from him, or ceased to be seen, which the Line of the Mason does not tell apart, and Aile
CHANGE	eras/age_II/book/01_the_seven_nights.md:76	the Line of the Mason	->	Sloinneadh a' Chlachair	|	 All seven together. He came to himself, or woke, the Line of the Mason will not say which, and found
CHANGE	eras/age_II/book/01_the_seven_nights.md:80	the Telling	->	Aithris a' Chruthachaidh	|	fe, though others named them for him later out of the Telling, and he would not say they we
CHANGE	eras/age_II/book/01_the_seven_nights.md:106	the high valleys	->	Na Glinn Àrda	|	He did not stop at the high valleys, where the households of Clan
CHANGE	eras/age_II/book/01_the_seven_nights.md:112	the high valleys	->	Na Glinn Àrda	|	g little; and behind the two of them, by the time the high valleys were a day's walk gone, eleve
CHANGE	eras/age_II/book/02_knappers_son.md:97	the high valleys	->	Na Glinn Àrda	|	frost broke that a small company came down out of the high valleys to the north, where no one on
CHANGE	eras/age_II/book/02_knappers_son.md:97	the high valleys	->	Na Glinn Àrda	|	ging-in of further valleys, and stayed a month in the high valleys with his own, and come back a
CHANGE	eras/age_II/book/03_gormshuil_at_the_gate.md:27	the warm springs	->	Fuarain Theth Muileann ruadh	|	 of the hill and along the frozen valley floor to the warm springs, where the earth steams the y
CHANGE	eras/age_II/book/03_gormshuil_at_the_gate.md:39	the Line of the Mason	->	Sloinneadh a' Chlachair	|	 brother did not, teaching whoever would learn it the Line of the Mason as the Keeper had given it to
CHANGE	eras/age_II/book/03_gormshuil_at_the_gate.md:39	the Keeper	->	Coimhdeach na Fine	|	g whoever would learn it the Line of the Mason as the Keeper had given it to Ailean in the
CHANGE	eras/age_II/book/03_gormshuil_at_the_gate.md:45	the Line of the Mason	->	Sloinneadh a' Chlachair	|	from the near side of it; and Gormshuil, who took the Line of the Mason from him whole in his last wi
CHANGE	eras/age_II/book/03_gormshuil_at_the_gate.md:67	the long years	->	na Bliadhnachan Fada	|	d done for no one since Muireall and would do, in the long years that followed, for very few o
CHANGE	eras/age_II/book/03_gormshuil_at_the_gate.md:69	the long years	->	na Bliadhnachan Fada	|	 careful, or too frightened, to say plainly: that the long years the king carried were the gro
CHANGE	eras/age_II/book/03_gormshuil_at_the_gate.md:77	the Stone Kings	->	Rìghrean na Cloiche	|	e eldest of the spoken lists, called him third of the Stone Kings and left the gap between his 
CHANGE	eras/age_II/book/04_stones_in_the_valley.md:23	the long years	->	na Bliadhnachan Fada	|	it was true the moment he said it, for a man with the long years does not forget where he put 
CHANGE	eras/age_II/book/04_stones_in_the_valley.md:29	The kingdom of the godkin	->	Rìoghachd Chlann nan Dè	|	r was, in those years, seldom on the hill at all. The kingdom of the godkin that had begun as forty house
CHANGE	eras/age_II/book/04_stones_in_the_valley.md:29	the wars of the valleys	->	Cogaidhean nan Gleann	|	 reciters afterward called Cogaidhean nan Gleann, the wars of the valleys, though it was nothing any te
CHANGE	eras/age_II/book/04_stones_in_the_valley.md:29	(appositive)	->	Cogaidhean nan Gleann	|	dropped the English gloss beside Cogaidhean nan Gleann
CHANGE	eras/age_II/book/04_stones_in_the_valley.md:31	the wars of the valleys	->	Cogaidhean nan Gleann	|	s it had fallen to Gormshuil before him. He heard the wars of the valleys the way the hill heard them, 
CHANGE	eras/age_II/book/04_stones_in_the_valley.md:39	the long years	->	na Bliadhnachan Fada	|	, when he can do what he did for you and me both, the long years and all the rest of it, and m
CHANGE	eras/age_II/book/04_stones_in_the_valley.md:69	the high valleys	->	Na Glinn Àrda	|	only leave to go and live among the households of the high valleys, Na Glinn Àrda, where Clann n
CHANGE	eras/age_II/book/04_stones_in_the_valley.md:69	(appositive)	->	Na Glinn Àrda	|	dropped the English gloss beside Na Glinn Àrda
CHANGE	eras/age_II/book/04_stones_in_the_valley.md:71	the high valleys	->	Na Glinn Àrda	|	ollowing autumn, to see his brother settled among the high valleys, and found him living in a he
CHANGE	eras/age_II/book/05_palisade_burned_twice.md:5	the Red Hill	->	An Cnoc Ruadh	|	*On the Red Hill they still tell this against 
CHANGE	eras/age_II/book/05_palisade_burned_twice.md:9	the Red Hill	->	An Cnoc Ruadh	|	Uilleam Faire was born on the Red Hill in the twelfth year of Uisdea
CHANGE	eras/age_II/book/05_palisade_burned_twice.md:11	the Red Hill's	->	An Cnoc Ruadh's	|	and longer to cool, and he was the second name on the Red Hill's own list, which the hill kept
CHANGE	eras/age_II/book/05_palisade_burned_twice.md:15	the Red Hill	->	An Cnoc Ruadh	|	rs already know and have stopped explaining: that the Red Hill answered to no one, and that 
CHANGE	eras/age_II/book/05_palisade_burned_twice.md:19	the Red Hill	->	An Cnoc Ruadh	|	never tired of saying so, the two things a man of the Red Hill was born owing: a debt to the
CHANGE	eras/age_II/book/05_palisade_burned_twice.md:23	the Red Hill	->	An Cnoc Ruadh	|	rd it from Uisdean's own mouth, for the holder of the Red Hill still walked the wall himself
CHANGE	eras/age_II/book/05_palisade_burned_twice.md:63	the Red Hill	->	An Cnoc Ruadh	|	ping sap along every joint, and the households of the Red Hill had begun, cautiously, to spe
CHANGE	eras/age_II/book/05_palisade_burned_twice.md:65	the king's frost	->	Reothadh an Rìgh	|	's own old women called it, from that morning on, the king's frost, and kept the name whether or
CHANGE	eras/age_II/book/05_palisade_burned_twice.md:69	the first fire	->	Teine a' Chlachair	|	It went the way the first fire had gone and worse, the whole
CHANGE	eras/age_II/book/05_palisade_burned_twice.md:75	the Red Hill	->	An Cnoc Ruadh	|	In the morning Uisdean Mòr came down from the Red Hill alone.
CHANGE	eras/age_II/book/05_palisade_burned_twice.md:81	the Red Hill	->	An Cnoc Ruadh	|	one troubling to explain it to him, that whatever the Red Hill had been before that morning,
CHANGE	eras/age_II/book/05_palisade_burned_twice.md:85	the Red Hill	->	An Cnoc Ruadh	|	n as few words as he ever used for anything, that the Red Hill had sworn to the king, and th
CHANGE	eras/age_II/book/05_palisade_burned_twice.md:85	the Red Hill	->	An Cnoc Ruadh	|	Uilleam noticed the absence of it even then, that the Red Hill had sworn to Dùn ìseal, or to
CHANGE	eras/age_II/book/05_palisade_burned_twice.md:85	the Stone Kings	->	Rìghrean na Cloiche	|	ed Hill had sworn to Dùn ìseal, or to the hill of the Stone Kings, or to any name but the king'
CHANGE	eras/age_II/book/05_palisade_burned_twice.md:87	the Red Hill's	->	An Cnoc Ruadh's	|	burned again in Uilleam's lifetime nor, so far as the Red Hill's own list has ever had cause t
CHANGE	eras/age_II/book/05_palisade_burned_twice.md:89	The Red Hill	->	An Cnoc Ruadh	|	The Red Hill kept its own list after that,
CHANGE	eras/age_II/book/05_palisade_burned_twice.md:89	the Red Hill	->	An Cnoc Ruadh	|	hed them, told the tale fuller, and stranger, and the Red Hill never once quarrelled with th
CHANGE	eras/age_II/book/05_palisade_burned_twice.md:91	the Red Hill	->	An Cnoc Ruadh	|	Uisdean held the Red Hill two-and-twenty years after th
CHANGE	eras/age_II/book/07_tally_wall_half_cut_stone.md:9	the high valleys	->	Na Glinn Àrda	|	enteen when his father told him to come down from the high valleys and walk the coast road with 
CHANGE	eras/age_II/book/07_tally_wall_half_cut_stone.md:11	the Line of the Mason	->	Sloinneadh a' Chlachair	|	thing, and set exact by exact into a boy's memory the Line of the Mason from the seven nights forward
CHANGE	eras/age_II/book/07_tally_wall_half_cut_stone.md:27	the high valleys	->	Na Glinn Àrda	|	r the last rise. His father had told him once, in the high valleys, that the Seann-Dhaoine were 
CHANGE	eras/age_II/book/07_tally_wall_half_cut_stone.md:33	the high valleys	->	Na Glinn Àrda	|	at the edges of the kingdom where the reciters of the high valleys seldom rode.
CHANGE	eras/age_II/book/07_tally_wall_half_cut_stone.md:69	the high valleys	->	Na Glinn Àrda	|	e went then only because a carrier's tale reached the high valleys of a stone left unfinished, a
CHANGE	eras/age_II/book/07_tally_wall_half_cut_stone.md:85	the high valleys	->	Na Glinn Àrda	|	e, now grown old on the same road, who came up to the high valleys that autumn with a tale of fi
CHANGE	eras/age_II/book/07_tally_wall_half_cut_stone.md:93	the half-cut stone	->	Clach nan Dà Stràc	|	 it was the shortest of his four tellings: *after the half-cut stone no work of the Seann-Dhaoine 
CHANGE	eras/age_II/book/07_tally_wall_half_cut_stone.md:99	the high valleys	->	Na Glinn Àrda	|	She was Cairistìona, of a household in the high valleys that had kept sheep on the sa
CHANGE	eras/age_II/book/07_tally_wall_half_cut_stone.md:103	the high valleys	->	Na Glinn Àrda	|	They were married at the turn of the year, in the high valleys, before the fires of both the
CHANGE	eras/age_II/book/09_morag_the_hard.md:51	the Red Hill	->	An Cnoc Ruadh	|	They came at last to the lake shore where the Red Hill stood, an old holding of its 
CHANGE	eras/age_II/book/09_morag_the_hard.md:53	the Red Hill	->	An Cnoc Ruadh	|	an cared to ask her, how many hearths answered to the Red Hill, only the weight of a bag she
CHANGE	eras/age_II/book/09_morag_the_hard.md:55	the Red Hill's	->	An Cnoc Ruadh's	|	as Mòrag could see in the short days she spent at the Red Hill's gate, by knowing exactly what
CHANGE	eras/age_II/book/10_shingle_at_baile_ghorm.md:27	the salt shore	->	Tràigh an t-Salainn	|	ad found its mark this second time, and no one on the salt shore died that day at all, which s
CHANGE	eras/age_II/book/10_shingle_at_baile_ghorm.md:33	the salt shore	->	Tràigh an t-Salainn	|	ouths a tale had passed through before it reached the salt shore. It was told that they raised
CHANGE	eras/age_II/book/10_shingle_at_baile_ghorm.md:37	the salt shore	->	Tràigh an t-Salainn	|	s settling some quarrel of grazing that no one on the salt shore ever troubled to learn the pa
CHANGE	eras/age_II/book/10_shingle_at_baile_ghorm.md:39	the salt shore	->	Tràigh an t-Salainn	|	ion he had gone, that he was walking south toward the salt shore.
CHANGE	eras/age_II/book/10_shingle_at_baile_ghorm.md:71	the salt shore	->	Tràigh an t-Salainn	|	st time any of his father's blood had set foot on the salt shore since the killing, and stood 
CHANGE	eras/age_II/book/10_shingle_at_baile_ghorm.md:71	the salt shore's	->	Tràigh an t-Salainn's	|	his father had never troubled to be, but he swore the salt shore's peace would hold from his own
CHANGE	eras/age_II/book/10_shingle_at_baile_ghorm.md:71	the salt shore	->	Tràigh an t-Salainn	|	 again within the day, and it was the last any of the salt shore saw of him for a great many y
CHANGE	eras/age_II/book/12_of_the_unlit_hearth_and_the_basket.md:11	the coloured coal	->	an gual dathach	|	ff with age, a single sliver of the gual dathach, the coloured coal, no bigger than a child's thu
CHANGE	eras/age_II/book/12_of_the_unlit_hearth_and_the_basket.md:21	the high valleys	->	Na Glinn Àrda	|	d begun, only that it had reached every hearth in the high valleys within the space of a very fe
CHANGE	eras/age_II/book/12_of_the_unlit_hearth_and_the_basket.md:23	the coloured coal	->	an gual dathach	|	or themselves what a fire fed too generously with the coloured coal would do. Nothing came of the
CHANGE	eras/age_II/book/12_of_the_unlit_hearth_and_the_basket.md:25	the high valleys	->	Na Glinn Àrda	|	at a stranger travelling from the ford country to the high valleys and back again would have fou
CHANGE	eras/age_II/book/13_watchers_of_the_slab.md:5	the high valleys	->	Na Glinn Àrda	|	*In the high valleys the keepers still say the fir
CHANGE	eras/age_II/book/13_watchers_of_the_slab.md:9	the Line of the Mason	->	Sloinneadh a' Chlachair	|	 on the island troubled to keep at all, which was the Line of the Mason entire, every name of it, sai
CHANGE	eras/age_II/book/13_watchers_of_the_slab.md:11	the seven coals	->	na Seachd Guail	|	obar dhìreach and the lightning had fired it; how the seven coals had been lit one by one down 
CHANGE	eras/age_II/book/13_watchers_of_the_slab.md:11	the coloured coal	->	an gual dathach	|	 the generations, each by its own spirit; and how the coloured coal that ran through the rock und
CHANGE	eras/age_II/book/13_watchers_of_the_slab.md:13	the mason's fire	->	Teine a' Chlachair	|	wn children after, that the stain was the mark of the mason's fire, which had burned in the vein
CHANGE	eras/age_II/book/13_watchers_of_the_slab.md:17	the high valleys	->	Na Glinn Àrda	|	The handful had come up into the high valleys the same road the tale of it 
CHANGE	eras/age_II/book/13_watchers_of_the_slab.md:41	the Line of the Mason	->	Sloinneadh a' Chlachair	|	h winter of the watch that Somhairle gave Beathan the Line of the Mason whole, the same season his ow
CHANGE	eras/age_II/book/13_watchers_of_the_slab.md:63	the high valleys	->	Na Glinn Àrda	|	The king came up into the high valleys once in those years, in the e
CHANGE	eras/age_II/book/13_watchers_of_the_slab.md:65	the Line of the Mason	->	Sloinneadh a' Chlachair	|	It is the only night the Line of the Mason keeps of the king sitting a w
CHANGE	eras/age_II/book/14_of_salt_for_wool.md:15	The Red Hill	->	An Cnoc Ruadh	|	o put things to him, which was without wrapping. "The Red Hill has salt it doesn't want and 
CHANGE	eras/age_II/book/14_of_salt_for_wool.md:21	the Red Hill	->	An Cnoc Ruadh	|	g would send word ahead of him, a name or a token the Red Hill would know for the king's own
CHANGE	eras/age_II/book/14_of_salt_for_wool.md:21	the Red Hill	->	An Cnoc Ruadh	|	ry it himself. The hill was fifty-five miles from the Red Hill by the straightest road a hor
CHANGE	eras/age_II/book/14_of_salt_for_wool.md:25	the Red Hill's	->	An Cnoc Ruadh's	|	 ahead of him by a faster rider all the same, for the Red Hill's own herders had eyes, and by 
CHANGE	eras/age_II/book/14_of_salt_for_wool.md:31	the Red Hill's	->	An Cnoc Ruadh's	|	m ought at least to be cold about it himself; but the Red Hill's holder was already moving bef
CHANGE	eras/age_II/book/14_of_salt_for_wool.md:33	The Red Hill's	->	An Cnoc Ruadh's	|	, since he had said as much himself and meant it. The Red Hill's holder put this last part to 
CHANGE	eras/age_II/book/14_of_salt_for_wool.md:41	the salt shore	->	Tràigh an t-Salainn	|	lint from the eastern diggings and dried fish off the salt shore and pots thrown by potters ne
CHANGE	eras/age_II/book/14_of_salt_for_wool.md:41	the Red Hill's	->	An Cnoc Ruadh's	|	thing to allow was not a thing either Raghnall or the Red Hill's holder, nor after him his own
CHANGE	eras/age_II/book/14_of_salt_for_wool.md:43	the Red Hill's	->	An Cnoc Ruadh's	|	 to, a young man of the hill and a young woman of the Red Hill's people, who had between them 
CHANGE	eras/age_II/book/14_of_salt_for_wool.md:45	the Red Hill's	->	An Cnoc Ruadh's	|	shed, a bad clip after a wet shearing season, and the Red Hill's people, who had weighed fair 
CHANGE	eras/age_II/book/14_of_salt_for_wool.md:45	the Red Hill	->	An Cnoc Ruadh	|	, which was whether the wool truly was as poor as the Red Hill said. His son allowed that it
CHANGE	eras/age_II/book/14_of_salt_for_wool.md:45	the Red Hill	->	An Cnoc Ruadh	|	 nothing in it that wanted a king's settling; and the Red Hill, for its part, never afterwar
CHANGE	eras/age_II/book/14_of_salt_for_wool.md:49	The Red Hill's	->	An Cnoc Ruadh's	|	The Red Hill's holder who had waded out that
CHANGE	eras/age_II/book/14_of_salt_for_wool.md:51	the salt road	->	Rathad an t-Salainn	|	gth of what the traders by then had begun to call the salt road without any of them quite rem
CHANGE	eras/age_II/book/14_of_salt_for_wool.md:51	the Red Hill's	->	An Cnoc Ruadh's	|	child on the road who could not say they had seen the Red Hill's holder pass, on foot, in the 
CHANGE	eras/age_II/book/14_of_salt_for_wool.md:57	the Red Hill's	->	An Cnoc Ruadh's	|	y longer between the hill's side of the water and the Red Hill's, and somewhere among the crow
CHANGE	eras/age_II/book/15_of_the_western_shore_and_the_amber_bead.md:15	the flint road	->	Rathad na Spor	|	children carried the last of it. They had gone by the flint road as far as it ran west, then o
CHANGE	eras/age_II/book/15_of_the_western_shore_and_the_amber_bead.md:27	the flint road	->	Rathad na Spor	|	ht anything worth the walk. Traders who came down the flint road with baskets of pots and stri
CHANGE	eras/age_II/book/15_of_the_western_shore_and_the_amber_bead.md:37	the flint road	->	Rathad na Spor	|	d been talk on the bay for some years, carried up the flint road and back down again by trader
CHANGE	eras/age_II/book/15_of_the_western_shore_and_the_amber_bead.md:37	the Red Hill	->	An Cnoc Ruadh	|	d the holders of a red rise of ground called only the Red Hill, where salt from the southern
CHANGE	eras/age_II/book/15_of_the_western_shore_and_the_amber_bead.md:41	the flint road's	->	Rathad na Spor's	|	n all that waiting gone further from the bay than the flint road's first bend. She went with a t
CHANGE	eras/age_II/book/15_of_the_western_shore_and_the_amber_bead.md:45	Red Hill	->	An Cnoc Ruadh	|	r travellers bound the same way, once a family of Red Hill kin driving cattle down for t
CHANGE	eras/age_II/book/15_of_the_western_shore_and_the_amber_bead.md:79	the harbour of the round houses	->	Cala nan Taighean Cruinne	|	The households at the harbour of the round houses, near enough the Red Hill to 
CHANGE	eras/age_II/book/15_of_the_western_shore_and_the_amber_bead.md:79	the Red Hill	->	An Cnoc Ruadh	|	s at the harbour of the round houses, near enough the Red Hill to pay it salt, had begun in 
CHANGE	eras/age_II/book/15_of_the_western_shore_and_the_amber_bead.md:79	the Red Hill's	->	An Cnoc Ruadh's	|	wn middle years to pay it and to be counted among the Red Hill's households, as every househol
CHANGE	eras/age_II/book/15_of_the_western_shore_and_the_amber_bead.md:81	the flint road	->	Rathad na Spor	|	Cattle were walked up the flint road itself, the length of it, int
CHANGE	eras/age_II/book/15_of_the_western_shore_and_the_amber_bead.md:83	the flint road's	->	Rathad na Spor's	|	 yet put up, timbered with wood carried down from the flint road's own hills and roofed with tur
CHANGE	eras/age_II/book/15_of_the_western_shore_and_the_amber_bead.md:83	the flint road	->	Rathad na Spor	|	its own wet weight. Word of its raising travelled the flint road and down the coast within the
CHANGE	eras/age_II/book/16_of_the_ropes_end.md:11	the flint road	->	Rathad na Spor	|	 whether a man standing on it could see as far as the flint road.
CHANGE	eras/age_II/book/16_of_the_ropes_end.md:55	the Hollow Man	->	Marbh-bheò	|	ng family new to the hills where the shape called the Hollow Man was oldest told of lit an ope
CHANGE	eras/age_II/book/17_of_beitris_and_the_grey_winter.md:25	The ford gathering	->	Cruinneachadh an Àtha	|	The ford gathering in those years drew household
CHANGE	eras/age_II/book/18_of_the_flint_road.md:25	the ford gathering	->	Cruinneachadh an Àtha	|	e road the carriers wore between Cnoc àrsaidh and the ford gathering ran the length of the island'
CHANGE	eras/age_II/book/18_of_the_flint_road.md:25	the flint road's	->	Rathad na Spor's	|	orn at a household by a shallow river-crossing in the flint road's northern flats and grown to a
CHANGE	eras/age_II/book/18_of_the_flint_road.md:79	the flint road	->	Rathad na Spor	|	 to hold as his own: the whole stretch of country the flint road ran through and beyond it, fr
CHANGE	eras/age_II/book/19_of_the_hungry_years.md:11	the ford gathering	->	Cruinneachadh an Àtha	|	thers had judged them before her, a turn taken at the ford gathering each summer, no law made and 
CHANGE	eras/age_II/book/19_of_the_hungry_years.md:61	the ford gathering	->	Cruinneachadh an Àtha	|	s behind her, that Sìleas Bhàn asked the king, at the ford gathering of that summer, for a thing n
CHANGE	eras/age_II/book/19_of_the_hungry_years.md:65	the salt shore	->	Tràigh an t-Salainn	|	ade twice and built it a third time. Mòrag raided the salt shore and kept the names of her dea
CHANGE	eras/age_II/book/19_of_the_hungry_years.md:65	the Red Hill	->	An Cnoc Ruadh	|	r it. Raghnall waded the ford and made peace with the Red Hill that has held ever since. Eve
CHANGE	eras/age_II/book/19_of_the_hungry_years.md:69	Dòmhnall's stones	->	Clachan Dhòmhnaill	|	you held," he said. "That is not nothing, Sìleas. Dòmhnall's stones only moved the quarrels they 
CHANGE	eras/age_II/book/19_of_the_hungry_years.md:69	Dòmhnall's stones	->	Clachan Dhòmhnaill	|	s own ground once gave. That is the deed, Sìleas. Dòmhnall's stones and Mòrag's raid were each on
CHANGE	eras/age_II/book/20_of_the_eight_winds_and_tormod_the_grey.md:17	The eight winds	->	Na h-Ochd Gaothan	|	uld stop, being a thing of speech and not of law. The eight winds of the year, that every sailo
CHANGE	eras/age_II/book/20_of_the_eight_winds_and_tormod_the_grey.md:17	the Hawk bay	->	Bàgh an t-Seabhaig	|	e eight winds of the year, that every sailor from the Hawk bay to the eastern cape had alway
CHANGE	eras/age_II/book/20_of_the_eight_winds_and_tormod_the_grey.md:19	the salt shore	->	Tràigh an t-Salainn	|	is not agreed between the coasts that tell it. At the salt shore they say it was an old woman 
CHANGE	eras/age_II/book/20_of_the_eight_winds_and_tormod_the_grey.md:19	the eight winds	->	Na h-Ochd Gaothan	|	Tormod himself, asked once by a trader who wanted the eight winds' names written on a hide to c
CHANGE	eras/age_II/book/20_of_the_eight_winds_and_tormod_the_grey.md:21	the eight winds	->	Na h-Ochd Gaothan	|	at can be said plainly is this: before that year, the eight winds went unnamed on every coast o
CHANGE	eras/age_II/book/20_of_the_eight_winds_and_tormod_the_grey.md:39	the long years	->	na Bliadhnachan Fada	|	a man of eleven hundred years worn out at last by the long years that had carried him further 
CHANGE	eras/age_II/book/20_of_the_eight_winds_and_tormod_the_grey.md:71	the high valleys	->	Na Glinn Àrda	|	Dè belonged by then to a handful of families near the high valleys who traced their blood straig
CHANGE	eras/age_II/book/20_of_the_eight_winds_and_tormod_the_grey.md:73	the Red Hill	->	An Cnoc Ruadh	|	t all rather than carried there already made from the Red Hill or the ford or some hearth fu
CHANGE	eras/age_II/book/20_of_the_eight_winds_and_tormod_the_grey.md:75	the Stone Kings	->	Rìghrean na Cloiche	|	hill preserves, is the whole of what the ninth of the Stone Kings ever said, for or against, on
CHANGE	eras/age_II/book/21_of_the_forbidden_marriage_and_the_trench.md:9	the coloured coal	->	an gual dathach	|	wo households over, the son of a man who gathered the coloured coal where it showed in the peat-b
CHANGE	eras/age_II/book/21_of_the_forbidden_marriage_and_the_trench.md:61	the Mason's	->	An Clachair's	|	 lines aloud, seven names back, the same distance the Mason's own line was said to keep, th
CHANGE	eras/age_II/book/21_of_the_forbidden_marriage_and_the_trench.md:87	the seven coals	->	na Seachd Guail	|	elf had chosen its one place in the world the way the seven coals of the old tellings were said
CHANGE	eras/age_II/book/21_of_the_forbidden_marriage_and_the_trench.md:93	the hill of the trench	->	Cnoc na Claise	|	ll to those who lived near it, or Cnoc na Claise, the hill of the trench, which is the name the househ
CHANGE	eras/age_II/book/21_of_the_forbidden_marriage_and_the_trench.md:93	(appositive)	->	Cnoc na Claise	|	dropped the English gloss beside Cnoc na Claise
CHANGE	eras/age_II/book/22_sharing_before_storms.md:28	the salt road	->	Rathad an t-Salainn	|	Àth shean stood where the salt road forded the shallow river belo
CHANGE	eras/age_II/book/23_eilidh_grey_boy_who_went.md:7	the Red Hill's	->	An Cnoc Ruadh's	|	> — the Red Hill's own telling, of a fosterling 
CHANGE	eras/age_II/book/23_eilidh_grey_boy_who_went.md:13	the Red Hill's	->	An Cnoc Ruadh's	|	he household that raised him, which is the way of the Red Hill's own list when it comes to spe
CHANGE	eras/age_II/book/23_eilidh_grey_boy_who_went.md:21	the Red Hill	->	An Cnoc Ruadh	|	ent, in the spring of the following year, word to the Red Hill.
CHANGE	eras/age_II/book/23_eilidh_grey_boy_who_went.md:23	the Red Hill's	->	An Cnoc Ruadh's	|	not waiting for an inheritance to be idle in, and the Red Hill's salt and its boats and its fa
CHANGE	eras/age_II/book/23_eilidh_grey_boy_who_went.md:27	the Red Hill	->	An Cnoc Ruadh	|	t he was not sent away for any wrong of his, that the Red Hill would be as much his home as 
CHANGE	eras/age_II/book/23_eilidh_grey_boy_who_went.md:31	the salt road	->	Rathad an t-Salainn	|	 household, a man called Donnchadh who had walked the salt road before and a woman called Rìo
CHANGE	eras/age_II/book/23_eilidh_grey_boy_who_went.md:31	the Red Hill	->	An Cnoc Ruadh	|	legs that would carry him the rest of his life at the Red Hill and not on a horse he would h
CHANGE	eras/age_II/book/23_eilidh_grey_boy_who_went.md:31	the Red Hill	->	An Cnoc Ruadh	|	in. It was fifty miles and more from Dùn ìseal to the Red Hill by the salt road, west by sou
CHANGE	eras/age_II/book/23_eilidh_grey_boy_who_went.md:31	the salt road	->	Rathad an t-Salainn	|	 miles and more from Dùn ìseal to the Red Hill by the salt road, west by south along the shou
CHANGE	eras/age_II/book/23_eilidh_grey_boy_who_went.md:31	the salt road	->	Rathad an t-Salainn	|	 under whatever roof or bank offered shelter, for the salt road in those years had shelters b
CHANGE	eras/age_II/book/23_eilidh_grey_boy_who_went.md:33	the Old Ones	->	Seann-Dhaoine	|	he said only that there were places on the island the Old Ones had left, and that a wise tra
CHANGE	eras/age_II/book/23_eilidh_grey_boy_who_went.md:39	the Red Hill	->	An Cnoc Ruadh	|	 where the road first showed it and said that was the Red Hill, and that its line had held t
CHANGE	eras/age_II/book/23_eilidh_grey_boy_who_went.md:43	the Red Hill	->	An Cnoc Ruadh	|	Lachlann Ruadh held the Red Hill in those years, a broad, red-
CHANGE	eras/age_II/book/23_eilidh_grey_boy_who_went.md:49	Red Hill	->	An Cnoc Ruadh	|	ouble to soften in the telling: she corrected his Red Hill speech when it slipped into t
CHANGE	eras/age_II/book/23_eilidh_grey_boy_who_went.md:51	the Red Hill's	->	An Cnoc Ruadh's	|	he place he lived; and it is told, though only by the Red Hill's own reciters and in a single 
CHANGE	eras/age_II/book/23_eilidh_grey_boy_who_went.md:53	the salt road	->	Rathad an t-Salainn	|	ween the two hills that season and the next along the salt road itself, carried in the mouths
CHANGE	eras/age_II/book/23_eilidh_grey_boy_who_went.md:53	The Red Hill's	->	An Cnoc Ruadh's	|	ith himself. Neither brother sent more than that. The Red Hill's telling is careful to say thi
CHANGE	eras/age_II/book/23_eilidh_grey_boy_who_went.md:55	the Red Hill	->	An Cnoc Ruadh	|	had promised at the ford, and stayed four days at the Red Hill as Lachlann's guest rather th
CHANGE	eras/age_II/book/23_eilidh_grey_boy_who_went.md:55	the Red Hill's	->	An Cnoc Ruadh's	|	mother's coming would never quite finish becoming the Red Hill's own; and he understood her, t
CHANGE	eras/age_II/book/23_eilidh_grey_boy_who_went.md:55	the Red Hill	->	An Cnoc Ruadh	|	tch the road after that, or not so that anyone at the Red Hill ever caught him at it.
CHANGE	eras/age_II/book/23_eilidh_grey_boy_who_went.md:59	the Red Hill	->	An Cnoc Ruadh	|	The salt of the Red Hill did not come, as the boy had 
CHANGE	eras/age_II/book/23_eilidh_grey_boy_who_went.md:59	the Red Hill	->	An Cnoc Ruadh	|	 the tidal pans, and the raking of it was a skill the Red Hill kept jealously among its own 
CHANGE	eras/age_II/book/23_eilidh_grey_boy_who_went.md:61	the Red Hill's	->	An Cnoc Ruadh's	|	 said had come down in his own family longer than the Red Hill's own list could count, mother'
CHANGE	eras/age_II/book/23_eilidh_grey_boy_who_went.md:63	the Red Hill	->	An Cnoc Ruadh	|	 ìseal has ever thought it worth the keeping; but the Red Hill kept it, in its own way, the 
CHANGE	eras/age_II/book/23_eilidh_grey_boy_who_went.md:63	the Red Hill	->	An Cnoc Ruadh	|	but the Red Hill kept it, in its own way, the way the Red Hill kept most things that mattere
CHANGE	eras/age_II/book/23_eilidh_grey_boy_who_went.md:63	the Stone Kings	->	Rìghrean na Cloiche	|	st things that mattered to it and let the hill of the Stone Kings keep the rest. The peace of t
CHANGE	eras/age_II/book/23_eilidh_grey_boy_who_went.md:63	the salt road	->	Rathad an t-Salainn	|	 years, without a word said of it at either hall; the salt road ran as it had always run; and
CHANGE	eras/age_II/book/23_eilidh_grey_boy_who_went.md:65	The Red Hill's	->	An Cnoc Ruadh's	|	The Red Hill's own list, in those years, beg
CHANGE	eras/age_II/book/23_eilidh_grey_boy_who_went.md:65	the Red Hill	->	An Cnoc Ruadh	|	ere it might once have given the other. No one at the Red Hill could afterward have said the
CHANGE	eras/age_II/book/23_eilidh_grey_boy_who_went.md:67	the Stone Kings	->	Rìghrean na Cloiche	|	e years, the hill's own telling, both the hill of the Stone Kings and the Red Hill after it, ke
CHANGE	eras/age_II/book/23_eilidh_grey_boy_who_went.md:67	the Red Hill	->	An Cnoc Ruadh	|	own telling, both the hill of the Stone Kings and the Red Hill after it, keeps nothing at al
CHANGE	eras/age_II/book/23_eilidh_grey_boy_who_went.md:67	the Red Hill	->	An Cnoc Ruadh	|	nd the two of them, ever troubled to set it down, the Red Hill because he was not yet its ow
CHANGE	eras/age_II/book/24_oighrigs_lot_and_the_stone_cup.md:18	the high valleys	->	Na Glinn Àrda	|	 men leaning on staffs and a wind coming down off the high valleys that smelled already of the w
CHANGE	eras/age_II/book/24_oighrigs_lot_and_the_stone_cup.md:36	the salt road	->	Rathad an t-Salainn	|	 looked, either, to be asked by every stranger on the salt road for the next forty years whet
CHANGE	eras/age_II/book/24_oighrigs_lot_and_the_stone_cup.md:36	the Stone Kings	->	Rìghrean na Cloiche	|	nd thought at once of Dòmhnall Clachach, third of the Stone Kings, who held the north those ver
CHANGE	eras/age_II/book/24_oighrigs_lot_and_the_stone_cup.md:42	the high valleys	->	Na Glinn Àrda	|	one with the slab and whatever wind came down off the high valleys, and no list to check the nex
CHANGE	eras/age_II/book/24_oighrigs_lot_and_the_stone_cup.md:46	coloured coal	->	an gual dathach	|	in its own custom, the small ration of the vein's coloured coal that a family measured for it
CHANGE	eras/age_II/book/24_oighrigs_lot_and_the_stone_cup.md:64	the salt road	->	Rathad an t-Salainn	|	it: a woman at Àth gharbh, where the ford crossed the salt road and half the near valley's fl
CHANGE	eras/age_II/book/24_oighrigs_lot_and_the_stone_cup.md:78	the meeting of the cups	->	Coinneachadh nan Cupan	|	 place the hill has called, from that morning on, the meeting of the cups, though nothing marks it beyo
CHANGE	eras/age_II/book/25_the_coal_that_went_home.md:12	the meeting of the cups	->	Coinneachadh nan Cupan	|	t the clearing had looked for. She came back from the meeting of the cups on the moor in the dark of th
CHANGE	eras/age_II/book/25_the_coal_that_went_home.md:12	the keepers' house	->	Taigh na Lice	|	them; and before the turn of the year she died in the keepers' house with the door open on the sla
CHANGE	eras/age_II/book/25_the_coal_that_went_home.md:18	the coloured coal	->	an gual dathach	|	h thinking it food, and found instead a basket of the coloured coal, broken small, more than any 
CHANGE	eras/age_II/book/25_the_coal_that_went_home.md:44	the keepers' house	->	Taigh na Lice	|	e cloth from it, set down just inside the door of the keepers' house the way a thing is set down t
CHANGE	eras/age_II/book/25_the_coal_that_went_home.md:48	the keepers' house	->	Taigh na Lice	|	She moved into the keepers' house at Tobar dhìreach before the 
CHANGE	eras/age_II/book/25_the_coal_that_went_home.md:62	the salt road	->	Rathad an t-Salainn	|	 keeper had done with the basket after, travelled the salt road and the flint road both befor
CHANGE	eras/age_II/book/25_the_coal_that_went_home.md:62	the flint road	->	Rathad na Spor	|	ith the basket after, travelled the salt road and the flint road both before that year was out
CHANGE	eras/age_II/book/25_the_coal_that_went_home.md:62	the Stone Kings	->	Rìghrean na Cloiche	|	urpose, for the crack had never asked the hill of the Stone Kings for leave to judge its own. I
CHANGE	eras/age_II/book/26_black_wind_and_five_fires.md:18	the Black Wind	->	A' Ghaoth Dhubh	|	r names and no name for this, who first called it the Black Wind, for the sky it left behind w
CHANGE	eras/age_II/book/26_black_wind_and_five_fires.md:18	the Black Wind	->	A' Ghaoth Dhubh	|	ast never asked for a straighter one. It has been the Black Wind on every tongue that has spok
CHANGE	eras/age_II/book/26_black_wind_and_five_fires.md:20	the Black Wind	->	A' Ghaoth Dhubh	|	e coast came to reckon as the harder half of what the Black Wind cost it.
CHANGE	eras/age_II/book/26_black_wind_and_five_fires.md:26	the Black Wind	->	A' Ghaoth Dhubh	|	By the year of the Black Wind it had reached, by whatever c
CHANGE	eras/age_II/book/26_black_wind_and_five_fires.md:34	the Black Wind	->	A' Ghaoth Dhubh	|	aken by a line under strain, on the second day of the Black Wind. She had grown up on that coa
CHANGE	eras/age_II/book/26_black_wind_and_five_fires.md:54	the Black Wind	->	A' Ghaoth Dhubh	|	d have carried it, and by the second winter after the Black Wind, three other coasts had heard
CHANGE	eras/age_II/book/26_black_wind_and_five_fires.md:56	first fire	->	Teine a' Chlachair	|	er ages; theirs burned steadier than Cuan ruadh's first fire had, for they had Lìleas's ow
CHANGE	eras/age_II/book/26_black_wind_and_five_fires.md:64	the Black Wind	->	A' Ghaoth Dhubh	|	eeping, on a night that gave no more warning than the Black Wind had given, that the fire did 
CHANGE	eras/age_II/book/26_black_wind_and_five_fires.md:70	the Black Wind	->	A' Ghaoth Dhubh	|	 had fed most of that coast through the winter of the Black Wind and had lit, out of that same
CHANGE	eras/age_II/book/27_anndra_breac.md:8	the column at Cnoc ghorm	->	Calbh Cnoc ghorm	|	> — cut on the column at Cnoc ghorm, and spoken at the ford from 
CHANGE	eras/age_II/book/27_anndra_breac.md:12	the Old Ones	->	Seann-Dhaoine	|	tumn since the hill-folk first put a roof back on the Old Ones' old watch-stones and set a h
CHANGE	eras/age_II/book/27_anndra_breac.md:34	Old Ones	->	Seann-Dhaoine	|	 wrecks, its half-forgotten burial mounds and its Old Ones' ruins better than most men b
CHANGE	eras/age_II/book/27_anndra_breac.md:48	the Red Hill's	->	An Cnoc Ruadh's	|	ring at the ford, where the hill's own holder and the Red Hill's met each year to settle what 
CHANGE	eras/age_II/book/27_anndra_breac.md:50	the Red Hill	->	An Cnoc Ruadh	|	e king's own fire that men of the hill and men of the Red Hill both stood within easy hearin
CHANGE	eras/age_II/book/27_anndra_breac.md:52	the column at Cnoc ghorm	->	Calbh Cnoc ghorm	|	 for they had not come, they had always been, and the column at Cnoc ghorm said so in words cut there be
CHANGE	eras/age_II/book/27_anndra_breac.md:66	the column at Cnoc ghorm	->	Calbh Cnoc ghorm	|	 marriage was so much as raised: the words cut on the column at Cnoc ghorm, which the people of that hil
CHANGE	eras/age_II/book/28_the_fosterlings_return.md:11	the Red Hill	->	An Cnoc Ruadh	|	*This is told at the river-mouth below the Red Hill, where the rock still stands 
CHANGE	eras/age_II/book/28_the_fosterlings_return.md:13	the Red Hill	->	An Cnoc Ruadh	|	toward the last four years he would spend calling the Red Hill his only home. Seònaid was hi
CHANGE	eras/age_II/book/28_the_fosterlings_return.md:17	the Red Hill's	->	An Cnoc Ruadh's	|	 was born, and yet it was the kind of change that the Red Hill's own people, unlike the hill o
CHANGE	eras/age_II/book/28_the_fosterlings_return.md:17	the Stone Kings	->	Rìghrean na Cloiche	|	hat the Red Hill's own people, unlike the hill of the Stone Kings fifty miles east, seemed to m
CHANGE	eras/age_II/book/28_the_fosterlings_return.md:23	the Red Hill	->	An Cnoc Ruadh	|	which was, she said, the whole of how anything at the Red Hill or anywhere else on the islan
CHANGE	eras/age_II/book/28_the_fosterlings_return.md:27	The Red Hill's	->	An Cnoc Ruadh's	|	that same year, more than the tide-rock ever had. The Red Hill's boats had put out from an ope
CHANGE	eras/age_II/book/28_the_fosterlings_return.md:29	the Red Hill's	->	An Cnoc Ruadh's	|	pan, that he came to think of himself as a man of the Red Hill's own building rather than a bo
CHANGE	eras/age_II/book/28_the_fosterlings_return.md:31	the Red Hill	->	An Cnoc Ruadh	|	, along every road the salt-carriers walked: that the Red Hill now had a landing of laid sto
CHANGE	eras/age_II/book/28_the_fosterlings_return.md:35	the Red Hill	->	An Cnoc Ruadh	|	Lachlann Ruadh had held the Red Hill only a little while when the 
CHANGE	eras/age_II/book/28_the_fosterlings_return.md:37	the Red Hill's	->	An Cnoc Ruadh's	|	Lachlann said little, in his last days, that the Red Hill's own reciters ever troubled to
CHANGE	eras/age_II/book/28_the_fosterlings_return.md:41	the Red Hill	->	An Cnoc Ruadh	|	before she asked for anything else, and no one at the Red Hill ever thought to ask her to do
CHANGE	eras/age_II/book/28_the_fosterlings_return.md:43	the Red Hill	->	An Cnoc Ruadh	|	ft and not as trade, so that Dùn ìseal would know the Red Hill sent him back with honour and
CHANGE	eras/age_II/book/28_the_fosterlings_return.md:43	the Red Hill	->	An Cnoc Ruadh	|	the hill had grown used to him in a way no one at the Red Hill had troubled to put into word
CHANGE	eras/age_II/book/28_the_fosterlings_return.md:51	the Red Hill	->	An Cnoc Ruadh	|	s weighed true and the beasts were sound and that the Red Hill would hear, by whatever road 
CHANGE	eras/age_II/book/28_the_fosterlings_return.md:55	the Red Hill's	->	An Cnoc Ruadh's	|	He went with three of the Red Hill's own household and a train of 
CHANGE	eras/age_II/book/28_the_fosterlings_return.md:57	the Red Hill's	->	An Cnoc Ruadh's	|	w, that he had grown up thinking belonged only to the Red Hill's own shore until he saw, walki
CHANGE	eras/age_II/book/28_the_fosterlings_return.md:57	the Red Hill	->	An Cnoc Ruadh	|	 he had been told, twenty-four years before, that the Red Hill would stand against its own w
CHANGE	eras/age_II/book/28_the_fosterlings_return.md:61	the Red Hill	->	An Cnoc Ruadh	|	g, and it fell to her elder son to greet whatever the Red Hill sent east. He looked the fost
CHANGE	eras/age_II/book/28_the_fosterlings_return.md:63	the Red Hill's	->	An Cnoc Ruadh's	|	 came to the hall door when word reached her that the Red Hill's train was in, and she looked 
CHANGE	eras/age_II/book/28_the_fosterlings_return.md:67	the Red Hill's	->	An Cnoc Ruadh's	|	thout meaning to teach anything at all: a refrain the Red Hill's own rakers sang at the crust,
CHANGE	eras/age_II/book/28_the_fosterlings_return.md:67	the Red Hill's	->	An Cnoc Ruadh's	|	at the crust, four short lines whose meaning even the Red Hill's own eldest could no longer wh
CHANGE	eras/age_II/book/28_the_fosterlings_return.md:67	the Red Hill	->	An Cnoc Ruadh	|	horm could sing it without knowing she sang words the Red Hill itself could no longer wholly
CHANGE	eras/age_II/book/28_the_fosterlings_return.md:74	the Red Hill's	->	An Cnoc Ruadh's	|	What could be made of it, the Red Hill's own eldest said when he asked
CHANGE	eras/age_II/book/28_the_fosterlings_return.md:76	the Red Hill's	->	An Cnoc Ruadh's	|	come home at thirty grown, by every account, more the Red Hill's than his own mother's hill ha
CHANGE	eras/age_II/book/28_the_fosterlings_return.md:76	The Stone Kings	->	Rìghrean na Cloiche	|	d to make him in the six years it held him first. The Stone Kings' own list, when the reciters 
CHANGE	eras/age_II/book/28_the_fosterlings_return.md:76	the Red Hill	->	An Cnoc Ruadh	|	ery holder before him; of the one who had gone to the Red Hill and come back with salt in hi
CHANGE	eras/age_II/book/28_the_fosterlings_return.md:76	the Red Hill's	->	An Cnoc Ruadh's	|	idh Ghlas had borne more than the one son. It was the Red Hill's own telling, not the hill of 
CHANGE	eras/age_II/book/28_the_fosterlings_return.md:76	the Stone Kings	->	Rìghrean na Cloiche	|	t was the Red Hill's own telling, not the hill of the Stone Kings, that kept what little of him
CHANGE	eras/age_II/book/29_of_the_panther_road_and_the_edge_of_the_woods.md:13	the flint road	->	Rathad na Spor	|	At the southern skirt of Cnoc àrsaidh, where the flint road ran down off the high ground 
CHANGE	eras/age_II/book/29_of_the_panther_road_and_the_edge_of_the_woods.md:15	the panther road	->	Imrich nam Pantar	|	 àrsaidh that the great cats were turning back on the panther road before ever they reached the 
CHANGE	eras/age_II/book/29_of_the_panther_road_and_the_edge_of_the_woods.md:15	the panther road	->	Imrich nam Pantar	|	crowded is another matter, and no household along the panther road needed telling twice why the 
CHANGE	eras/age_II/book/29_of_the_panther_road_and_the_edge_of_the_woods.md:17	the panther road	->	Imrich nam Pantar	|	for its own eyes to be sure. The households along the panther road that year laid in double: dou
CHANGE	eras/age_II/book/29_of_the_panther_road_and_the_edge_of_the_woods.md:17	the panther road	->	Imrich nam Pantar	|	 counted it exactly, that not one household along the panther road that had laid in double again
CHANGE	eras/age_II/book/29_of_the_panther_road_and_the_edge_of_the_woods.md:21	the panther road	->	Imrich nam Pantar	|	Not every household along the panther road heeded the cats that year, an
CHANGE	eras/age_II/book/29_of_the_panther_road_and_the_edge_of_the_woods.md:31	the panther road	->	Imrich nam Pantar	|	, to be kept in a new way that no household along the panther road had thought to keep it before
CHANGE	eras/age_II/book/29_of_the_panther_road_and_the_edge_of_the_woods.md:37	the panther road	->	Imrich nam Pantar	|	wen, midway along the same stretch of high ground the panther road crossed, there stood, older t
CHANGE	eras/age_II/book/29_of_the_panther_road_and_the_edge_of_the_woods.md:37	the Old Ones	->	Seann-Dhaoine	|	ead whole, the same close, careful, patient marks the Old Ones had left on stones the length
CHANGE	eras/age_II/book/29_of_the_panther_road_and_the_edge_of_the_woods.md:37	the eight winds	->	Na h-Ochd Gaothan	|	 that a cutter of that household first set one of the eight winds' names beside the older marks
CHANGE	eras/age_II/book/29_of_the_panther_road_and_the_edge_of_the_woods.md:37	the Old Ones	->	Seann-Dhaoine	|	that raised their own signs commonly chose ground the Old Ones had left bare, out of a warin
CHANGE	eras/age_II/book/29_of_the_panther_road_and_the_edge_of_the_woods.md:39	the Old Ones	->	Seann-Dhaoine	|	ce, without needing to be told, for the manner of the Old Ones. They closed what they had op
CHANGE	eras/age_II/book/29_of_the_panther_road_and_the_edge_of_the_woods.md:45	the Red Hill	->	An Cnoc Ruadh	|	 at the first, that settlers newly come down from the Red Hill raised the earliest house of 
CHANGE	eras/age_II/book/29_of_the_panther_road_and_the_edge_of_the_woods.md:57	the warm springs	->	Fuarain Theth Muileann ruadh	|	hat country kept as the whole of what happened at the warm springs that year, a herder who came 
CHANGE	eras/age_II/book/29_of_the_panther_road_and_the_edge_of_the_woods.md:61	the Hollow Man	->	Marbh-bheò	|	, two herders of a household near the hills where the Hollow Man was oldest told of, driving c
CHANGE	eras/age_II/book/29_of_the_panther_road_and_the_edge_of_the_woods.md:61	the Hollow Man	->	Marbh-bheò	|	 a fire lit on those slopes after dark was a fire the Hollow Man came to, sooner or later, and
CHANGE	eras/age_II/book/29_of_the_panther_road_and_the_edge_of_the_woods.md:65	the long years	->	na Bliadhnachan Fada	|	e evenly than any household there had thought, in the long years of his lameness, he would eve
CHANGE	eras/age_II/book/29_of_the_panther_road_and_the_edge_of_the_woods.md:65	the panther road	->	Imrich nam Pantar	|	ain, and it was said of him along that stretch of the panther road, for as long as any household
CHANGE	eras/age_II/book/30_the_rings_under_the_oaks.md:15	the Old Ones	->	Seann-Dhaoine	|	ame first to Caol mhòr, on the narrow water where the Old Ones had once heaped their middens
CHANGE	eras/age_II/book/30_the_rings_under_the_oaks.md:15	the Old Ones	->	Seann-Dhaoine	|	iness standing long; and Somhairle, who had heard the Old Ones' silence answered a hundred w
CHANGE	eras/age_II/book/30_the_rings_under_the_oaks.md:21	The salt road	->	Rathad an t-Salainn	|	The salt road that ran from the pans at Bai
CHANGE	eras/age_II/book/30_the_rings_under_the_oaks.md:23	the Stone Kings	->	Rìghrean na Cloiche	|	 ditch and setting the spoil up behind it the way the Stone Kings' own hill had long since taug
CHANGE	eras/age_II/book/30_the_rings_under_the_oaks.md:25	the Black Wind	->	A' Ghaoth Dhubh	|	in a generation. Cuan ruadh, on the eastern coast the Black Wind had stripped bare not many ye
CHANGE	eras/age_II/book/30_the_rings_under_the_oaks.md:25	the Black Wind	->	A' Ghaoth Dhubh	|	, so that a siege of weather, if it came again as the Black Wind had come, need not send the w
CHANGE	eras/age_II/book/30_the_rings_under_the_oaks.md:25	the Red Hill's	->	An Cnoc Ruadh's	|	g that spread from one strait to the next the way the Red Hill's paired tide-marks had spread,
CHANGE	eras/age_II/book/30_the_rings_under_the_oaks.md:35	the high valleys	->	Na Glinn Àrda	|	is turn at the slab as he always did, but he left the high valleys within the week, alone, on fo
CHANGE	eras/age_II/book/30_the_rings_under_the_oaks.md:35	the Stone Kings	->	Rìghrean na Cloiche	|	t taken. It was sixty-five miles from the hill of the Stone Kings to the grove, a walk of four 
CHANGE	eras/age_II/book/30_the_rings_under_the_oaks.md:59	the high valleys	->	Na Glinn Àrda	|	 oaks, and it was there, more than at any slab in the high valleys or any bank raised against a 
CHANGE	eras/age_II/book/30_the_rings_under_the_oaks.md:63	the high valleys	->	Na Glinn Àrda	|	He was walking south again, back toward the high valleys, in his two thousand four hun
CHANGE	eras/age_II/book/30_the_rings_under_the_oaks.md:65	the high valleys	->	Na Glinn Àrda	|	n, who still sat out his own turns by the slab in the high valleys and had not, so far as Somhai
CHANGE	eras/age_II/book/30_the_rings_under_the_oaks.md:67	the high valleys	->	Na Glinn Àrda	|	to say most things. "I have watched every face in the high valleys change, mother among them, an
CHANGE	eras/age_II/book/31_of_murchadh_in_the_north.md:15	the Red Hill	->	An Cnoc Ruadh	|	 place built in that generation anywhere north of the Red Hill, and the households of the pl
CHANGE	eras/age_II/book/31_of_murchadh_in_the_north.md:23	the ford gathering	->	Cruinneachadh an Àtha	|	 sending their wool south along the coast road to the ford gathering every year rather than north 
CHANGE	eras/age_II/book/31_of_murchadh_in_the_north.md:25	the Old Ones	->	Seann-Dhaoine	|	ommon enough among the island's settlers wherever the Old Ones' work still stood, that a thi
CHANGE	eras/age_II/book/31_of_murchadh_in_the_north.md:35	the Old Ones	->	Seann-Dhaoine	|	round below the old outpost, a broken watch-tower the Old Ones had raised and long since let
CHANGE	eras/age_II/book/31_of_murchadh_in_the_north.md:39	the Red Hill	->	An Cnoc Ruadh	|	 ran, on rising ground that looked one way toward the Red Hill and the other toward the pass
CHANGE	eras/age_II/book/31_of_murchadh_in_the_north.md:49	the high valleys	->	Na Glinn Àrda	|	mong the king's kin, and word of it went out from the high valleys the way a stone dropped in st
CHANGE	eras/age_II/book/31_of_murchadh_in_the_north.md:49	the high valleys	->	Na Glinn Àrda	|	by a certain slowness of speech the households of the high valleys shared and the plain's own qu
CHANGE	eras/age_II/book/31_of_murchadh_in_the_north.md:63	the Red Hill's	->	An Cnoc Ruadh's	|	s, and giving them instead to a young grandson of the Red Hill's own line, a man Murchadh had 
CHANGE	eras/age_II/book/31_of_murchadh_in_the_north.md:67	the Red Hill's	->	An Cnoc Ruadh's	|	at the king in the end did. The valleys passed to the Red Hill's grandson before the season tu
CHANGE	eras/age_II/book/32_the_great_gathering_at_the_ford.md:5	the Red Hill	->	An Cnoc Ruadh	|	*At the Red Hill this is kept as the old woman
CHANGE	eras/age_II/book/32_the_great_gathering_at_the_ford.md:9	the Red Hill	->	An Cnoc Ruadh	|	 that summer, and she had never gone further from the Red Hill than Ros dhomhain across the 
CHANGE	eras/age_II/book/32_the_great_gathering_at_the_ford.md:9	the great gathering	->	An Cruinneachadh Mòr	|	r mother told her they would walk to the ford for the great gathering, and sell salt there for the 
CHANGE	eras/age_II/book/32_the_great_gathering_at_the_ford.md:11	the Red Hill	->	An Cnoc Ruadh	|	t loosen a cord. The road ran fourteen miles from the Red Hill to the ford, easy walking for
CHANGE	eras/age_II/book/32_the_great_gathering_at_the_ford.md:13	the Red Hill	->	An Cnoc Ruadh	|	t one road than she had seen in her whole life at the Red Hill, and she gave up counting aft
CHANGE	eras/age_II/book/32_the_great_gathering_at_the_ford.md:21	the salt shore	->	Tràigh an t-Salainn	|	e noon, and somewhere among the fires a family of the salt shore sang the old four-line refrai
CHANGE	eras/age_II/book/32_the_great_gathering_at_the_ford.md:41	the Stone Kings	->	Rìghrean na Cloiche	|	The holder of the hill of the Stone Kings came out to him first, wading
CHANGE	eras/age_II/book/32_the_great_gathering_at_the_ford.md:43	the Red Hill	->	An Cnoc Ruadh	|	After the hill's holder came the holder of the Red Hill, a young man the girl's own m
CHANGE	eras/age_II/book/32_the_great_gathering_at_the_ford.md:45	the salt shore	->	Tràigh an t-Salainn	|	Then came the holder of the salt shore, an older woman with grey pla
CHANGE	eras/age_II/book/32_the_great_gathering_at_the_ford.md:49	the Red Hill's	->	An Cnoc Ruadh's	|	keep no separate count of once his turn was done; the Red Hill's young holder, new enough to h
CHANGE	eras/age_II/book/32_the_great_gathering_at_the_ford.md:49	the salt shore	->	Tràigh an t-Salainn	|	r's name before catching themselves; the woman of the salt shore, whom the girl's mother trade
CHANGE	eras/age_II/book/32_the_great_gathering_at_the_ford.md:61	the high valleys	->	Na Glinn Àrda	|	irle, keeper of the lines among his own people in the high valleys, two thousand nine hundred an
CHANGE	eras/age_II/book/32_the_great_gathering_at_the_ford.md:79	the Red Hill	->	An Cnoc Ruadh	|	irl heard her grandmother say to another woman of the Red Hill, in the flat voice people use
CHANGE	eras/age_II/book/32_the_great_gathering_at_the_ford.md:83	the Red Hill	->	An Cnoc Ruadh	|	 same gathering to her own daughter's daughter at the Red Hill, that she found herself dwell
CHANGE	eras/age_II/book/33_somhairles_grave.md:9	the great gathering	->	An Cruinneachadh Mòr	|	 was born at Tobar dhìreach some ten years before the great gathering, in a house two hundred paces
CHANGE	eras/age_II/book/33_somhairles_grave.md:11	the long years	->	na Bliadhnachan Fada	|	, as he had let a hundred smaller oddities lie in the long years he had gone round those fires
CHANGE	eras/age_II/book/33_somhairles_grave.md:15	the seven coals	->	na Seachd Guail	|	d the Line the way bark rings a tree, the tale of the seven coals and how each was lit, the tal
CHANGE	eras/age_II/book/33_somhairles_grave.md:51	the Line of the Mason's	->	Sloinneadh a' Chlachair's	|	 thousand nine hundred and eighty-seven years, by the Line of the Mason's own counting, and died before
CHANGE	eras/age_II/book/33_somhairles_grave.md:67	the Line of the Mason	->	Sloinneadh a' Chlachair	|	 years after, asking whether the old man who kept the Line of the Mason might be found at the slab, D
CHANGE	eras/age_II/book/34_the_stone_at_ceann_leathan.md:11	the Old Ones	->	Seann-Dhaoine	|	ast the south had its own old harbour, unnamed by the Old Ones who first laid its stones and
CHANGE	eras/age_II/book/34_the_stone_at_ceann_leathan.md:17	the temple ruin	->	Làrach an Teampaill	|	nd from all of these, on the eastern hills, stood the temple ruin that no one built and no one 
CHANGE	eras/age_II/book/34_the_stone_at_ceann_leathan.md:19	the wars of the valleys	->	Cogaidhean nan Gleann	|	eal for the king long before and had gone lame in the wars of the valleys so long before that no one li
CHANGE	eras/age_II/book/34_the_stone_at_ceann_leathan.md:25	the temple ruin	->	Làrach an Teampaill	|	At the temple ruin on the eastern hills a shephe
CHANGE	eras/age_II/book/34_the_stone_at_ceann_leathan.md:35	the wind-stones	->	Clachan nan Gaoth	|	It was the wind-stones that first gave him somewhere
CHANGE	eras/age_II/book/34_the_stone_at_ceann_leathan.md:35	the eight winds	->	Na h-Ochd Gaothan	|	eathered and grey, said by the old people to mark the eight winds and set there before anyone n
CHANGE	eras/age_II/book/34_the_stone_at_ceann_leathan.md:37	the wind-stones	->	Clachan nan Gaoth	|	 was his father, in the end, who walked him up to the wind-stones one autumn and stood him at t
CHANGE	eras/age_II/book/34_the_stone_at_ceann_leathan.md:43	the lifting-stone	->	Clach a' Neirt	|	nd the light had begun to go out of the day: with the lifting-stone. It lay at the point where th
CHANGE	eras/age_II/book/34_the_stone_at_ceann_leathan.md:73	the lifting-stone	->	Clach a' Neirt	|	les worn between enough fires wear smooth the way the lifting-stone itself was smooth, and within
CHANGE	eras/age_II/book/34_the_stone_at_ceann_leathan.md:83	the ford gathering	->	Cruinneachadh an Àtha	|	lasdair Làidir walked north from Ceann leathan to the ford gathering for what he told his wife wou
CHANGE	eras/age_II/book/35_of_the_green_axes_and_the_moor.md:41	the Black Wind	->	A' Ghaoth Dhubh	|	, at Ceann chiar, the households rebuilding after the Black Wind that had scattered their roof
CHANGE	eras/age_II/book/35_of_the_green_axes_and_the_moor.md:43	the warm springs	->	Fuarain Theth Muileann ruadh	|	Dùn ìseal and Muileann bhàn drove their cattle to the warm springs to drink rather than lose the
CHANGE	eras/age_II/book/36_of_dun_dhearg.md:9	the warm springs	->	Fuarain Theth Muileann ruadh	|	d to trace to their source. At Achadh mhòr, under the warm springs, a household cleared and bank
CHANGE	eras/age_II/book/36_of_dun_dhearg.md:9	the Red Hill's	->	An Cnoc Ruadh's	|	re had been land for none. Down at the lake shore the Red Hill's own people drew their boats u
CHANGE	eras/age_II/book/36_of_dun_dhearg.md:9	the Red Hill	->	An Cnoc Ruadh	|	 eldest of that first crew were dead, the harbour the Red Hill fished from oftener than its 
CHANGE	eras/age_II/book/36_of_dun_dhearg.md:13	the godkin	->	Clann nan Dè	|	t rather than a sight. They were of Clann nan Dè, the godkin, as every household on the is
CHANGE	eras/age_II/book/36_of_dun_dhearg.md:13	(appositive)	->	Clann nan Dè	|	dropped the English gloss beside Clann nan Dè
CHANGE	eras/age_II/book/36_of_dun_dhearg.md:15	the high valleys	->	Na Glinn Àrda	|	o settle it and no keeper nearer than the slab in the high valleys, three days' walk and more, t
CHANGE	eras/age_II/book/36_of_dun_dhearg.md:19	The Stone Kings	->	Rìghrean na Cloiche	|	nother to take before he had won anything at all. The Stone Kings' own list, recited at the for
CHANGE	eras/age_II/book/36_of_dun_dhearg.md:53	the great gathering	->	An Cruinneachadh Mòr	|	r remembered, or said he remembered, a telling of the great gathering held in the three-thousandth 
CHANGE	eras/age_II/book/36_of_dun_dhearg.md:77	the Stone Kings	->	Rìghrean na Cloiche	|	without law, and without any name of a holder for the Stone Kings' own list to keep.
CHANGE	eras/age_II/book/37_of_the_two_lists_and_the_keepers_asking.md:5	the Stone Kings	->	Rìghrean na Cloiche	|	uth before he died, as the telling of the last of the Stone Kings.*
CHANGE	eras/age_II/book/37_of_the_two_lists_and_the_keepers_asking.md:9	the Red Hill's	->	An Cnoc Ruadh's	|	e wild kind. On the Abhainn fhionn, people out of the Red Hill's own country found an old land
CHANGE	eras/age_II/book/37_of_the_two_lists_and_the_keepers_asking.md:13	The Stone Kings	->	Rìghrean na Cloiche	|	None of this made a chapter in any list. The Stone Kings' own roll, which named every 
CHANGE	eras/age_II/book/37_of_the_two_lists_and_the_keepers_asking.md:17	the long years	->	na Bliadhnachan Fada	|	 know of her standing. She grew up on the hill in the long years the list does not trouble to 
CHANGE	eras/age_II/book/37_of_the_two_lists_and_the_keepers_asking.md:21	the Stone Kings	->	Rìghrean na Cloiche	|	and forty-seventh year, the twelfth to hold it of the Stone Kings' line and, though none of the
CHANGE	eras/age_II/book/37_of_the_two_lists_and_the_keepers_asking.md:23	the Red Hill	->	An Cnoc Ruadh	|	That same season, at the Red Hill, a young man named Seumas too
CHANGE	eras/age_II/book/37_of_the_two_lists_and_the_keepers_asking.md:23	the Red Hill's	->	An Cnoc Ruadh's	|	ire's day; he was seven-and-twenty, the last name the Red Hill's own spoken roll would carry, 
CHANGE	eras/age_II/book/37_of_the_two_lists_and_the_keepers_asking.md:27	the ford gathering	->	Cruinneachadh an Àtha	|	It had never before been done, in all the years the ford gathering had drawn the hill people and
CHANGE	eras/age_II/book/37_of_the_two_lists_and_the_keepers_asking.md:27	the Stone Kings	->	Rìghrean na Cloiche	|	the flint people together, that the whole roll of the Stone Kings and the whole roll of the Red
CHANGE	eras/age_II/book/37_of_the_two_lists_and_the_keepers_asking.md:27	the Red Hill	->	An Cnoc Ruadh	|	ole roll of the Stone Kings and the whole roll of the Red Hill should be spoken out in the o
CHANGE	eras/age_II/book/37_of_the_two_lists_and_the_keepers_asking.md:31	the Red Hill	->	An Cnoc Ruadh	|	Then a woman called Ùna stood for the Red Hill, and gave that roll in its tu
CHANGE	eras/age_II/book/37_of_the_two_lists_and_the_keepers_asking.md:39	the keepers of the slab	->	Luchd-faire na Lice	|	In the same years the keepers of the slab, who for generations past had
CHANGE	eras/age_II/book/37_of_the_two_lists_and_the_keepers_asking.md:39	the high valleys	->	Na Glinn Àrda	|	n by lot from the households nearest the crack in the high valleys, began to be drawn instead fr
CHANGE	eras/age_II/book/37_of_the_two_lists_and_the_keepers_asking.md:41	the keepers' house	->	Taigh na Lice	|	Tobar dhìreach, where the keepers' house stood over Somhairle's own gr
CHANGE	eras/age_II/book/37_of_the_two_lists_and_the_keepers_asking.md:45	the coloured coal	->	an gual dathach	|	The measured handful of the coloured coal, kept since Anna nic Coinnich
CHANGE	eras/age_II/book/37_of_the_two_lists_and_the_keepers_asking.md:45	the night of the handful	->	Oidhche na Glaice	|	f its own among the hill-folk, Oidhche na Glaice, the night of the handful, and it fell at Samhain, whic
CHANGE	eras/age_II/book/37_of_the_two_lists_and_the_keepers_asking.md:45	the night of the handful	->	Oidhche na Glaice	|	e handful, and it fell at Samhain, which has been the night of the handful ever since.
CHANGE	eras/age_II/book/37_of_the_two_lists_and_the_keepers_asking.md:45	(appositive)	->	Oidhche na Glaice	|	dropped the English gloss beside Oidhche na Glaice
CHANGE	eras/age_II/book/37_of_the_two_lists_and_the_keepers_asking.md:79	the Stone Kings	->	Rìghrean na Cloiche	|	. Eòin, whose voice had carried the whole roll of the Stone Kings across one long night at the 
CHANGE	eras/age_II/book/37_of_the_two_lists_and_the_keepers_asking.md:79	the Red Hill's	->	An Cnoc Ruadh's	|	nd Ùna, who had answered him roll for roll out of the Red Hill's own line, followed him within
CHANGE	eras/age_II/book/38_of_the_shares_counted.md:9	the list of the Stone Kings	->	Rìghrean na Cloiche	|	seal in her two hundred and ninety-first year and the list of the Stone Kings ended with her.
CHANGE	eras/age_II/book/38_of_the_shares_counted.md:13	the salt shore's	->	Tràigh an t-Salainn's	|	hing even if nothing else about her did. A man of the salt shore's own cousinage, three lines re
CHANGE	eras/age_II/book/38_of_the_shares_counted.md:43	the high valleys	->	Na Glinn Àrda	|	 Gormshuil at the gate and once with Somhairle in the high valleys. What passed between them in 
CHANGE	eras/age_II/book/39_of_the_tents_in_the_valley.md:5	the high valleys	->	Na Glinn Àrda	|	*This is kept in the high valleys among Clann na Ceiste, who ha
CHANGE	eras/age_II/book/39_of_the_tents_in_the_valley.md:9	the warm springs	->	Fuarain Theth Muileann ruadh	|	s kept at every hearth from the northern capes to the warm springs, each burning its own small m
CHANGE	eras/age_II/book/39_of_the_tents_in_the_valley.md:9	The keepers of the slab	->	Luchd-faire na Lice	|	troubling another with the manner of the burning. The keepers of the slab were nine, as they had been n
CHANGE	eras/age_II/book/39_of_the_tents_in_the_valley.md:9	the column at Cnoc ghorm	->	Calbh Cnoc ghorm	|	 share it from, and the saying cut long before on the column at Cnoc ghorm was spoken aloud, plainly and
CHANGE	eras/age_II/book/39_of_the_tents_in_the_valley.md:9	the Stone Kings	->	Rìghrean na Cloiche	|	d it since Catrìona Mhòr's death took the last of the Stone Kings' list out of the world, and h
CHANGE	eras/age_II/book/39_of_the_tents_in_the_valley.md:11	the high valleys	->	Na Glinn Àrda	|	e hundred and forty-three, that a son was born in the high valleys to Gille-Brìde of Somhairle's
CHANGE	eras/age_II/book/39_of_the_tents_in_the_valley.md:11	the high valleys	->	Na Glinn Àrda	|	into, that this had been the first sign anyone in the high valleys troubled to remark on: that t
CHANGE	eras/age_II/book/39_of_the_tents_in_the_valley.md:13	the high valleys	->	Na Glinn Àrda	|	red years of his own, a big quiet man who kept to the high valleys among Clann na Ceiste and wen
CHANGE	eras/age_II/book/39_of_the_tents_in_the_valley.md:19	the high valleys	->	Na Glinn Àrda	|	Clann na Ceiste, who kept the high valleys about the slab and had kept t
CHANGE	eras/age_II/book/39_of_the_tents_in_the_valley.md:25	the high valleys	->	Na Glinn Àrda	|	f the generations further back still, whose names the high valleys kept only as a list recited a
CHANGE	eras/age_II/book/39_of_the_tents_in_the_valley.md:33	the high valleys	->	Na Glinn Àrda	|	But he thought of it walking back up into the high valleys with the boy's small hand sti
CHANGE	eras/age_II/book/39_of_the_tents_in_the_valley.md:35	the high valleys	->	Na Glinn Àrda	|	season, though the news of it was slower reaching the high valleys than most news of the king's 
CHANGE	eras/age_II/book/39_of_the_tents_in_the_valley.md:43	the cord of the hearths	->	Sreang nan Teallach	|	t-keeper, claiming no ground of her own, carrying the cord of the hearths that had counted every soul u
CHANGE	eras/age_II/book/39_of_the_tents_in_the_valley.md:49	the high valleys	->	Na Glinn Àrda	|	e, and wanted none. He walked the two days out of the high valleys with Ceallach beside him, a y
CHANGE	eras/age_II/book/39_of_the_tents_in_the_valley.md:61	the salt road	->	Rathad an t-Salainn	|	omeone else's fire, as ever, telling some tale of the salt road to a ring of younger cousins 
CHANGE	eras/age_II/book/39_of_the_tents_in_the_valley.md:67	the high valleys	->	Na Glinn Àrda	|	omhairle's line," she said. "The one who keeps to the high valleys."
CHANGE	eras/age_II/book/39_of_the_tents_in_the_valley.md:77	the host of the east	->	Sluagh an Ear	|	er than any steward could carry it formally, that the host of the east had begun to move. It had bee
CHANGE	eras/age_II/book/39_of_the_tents_in_the_valley.md:77	the host of the east	->	Sluagh an Ear	|	hirty years before, that he was waiting for. What the host of the east meant to do once it had gathe
CHANGE	eras/age_II/book/39_of_the_tents_in_the_valley.md:89	the high valleys	->	Na Glinn Àrda	|	"I am what is left of that line that still walks the high valleys," Gille-Brìde said, "and asks
CHANGE	eras/age_II/book/39_of_the_tents_in_the_valley.md:99	the high valleys	->	Na Glinn Àrda	|	s and its smoke lying low along the grass, toward the high valleys where no ground was claimed a
CHANGE	eras/age_II/gazetteer/01_the_grove_and_the_hill.json:315.history	the Stone Kings	->	Rìghrean na Cloiche	|	 scrapers; Gormshuil kept its gate, and after her the Stone Kings held it for the king, twelve 
CHANGE	eras/age_II/gazetteer/01_the_grove_and_the_hill.json:209.history	the seven coals	->	na Seachd Guail	|	The grey oak grove where the six pots of the seven coals were set under the oldest tre
CHANGE	eras/age_II/gazetteer/01_the_grove_and_the_hill.json:209.history	the Keeper	->	Coimhdeach na Fine	|	 and Ailean kept his seven nights, fasting, until the Keeper named him king. Coinneach, hi
CHANGE	eras/age_II/gazetteer/01_the_grove_and_the_hill.json:209.history	the Keeper's	->	Coimhdeach na Fine's	|	 built there, the grove being held the king's and the Keeper's and no one's else. In the two
CHANGE	eras/age_II/gazetteer/01_the_grove_and_the_hill.json:61.history	the long years	->	na Bliadhnachan Fada	|	ove and keeping its old ways through the whole of the long years. The king's word reached it l
CHANGE	eras/age_II/gazetteer/01_the_grove_and_the_hill.json:61.history	the Old Ones	->	Seann-Dhaoine	|	s never asked for spears. Its barley went down to the Old Ones' harbour at Seann Tarr while 
CHANGE	eras/age_II/gazetteer/01_the_grove_and_the_hill.json:61.history	Old Ones	->	Seann-Dhaoine	|	 Old Ones' harbour at Seann Tarr while there were Old Ones there to take it, and to the 
CHANGE	eras/age_II/gazetteer/01_the_grove_and_the_hill.json:61.history	the ford gathering	->	Cruinneachadh an Àtha	|	ttled Seann Tarr after them. It sent its young to the ford gathering from the time the gathering b
CHANGE	eras/age_II/gazetteer/01_the_grove_and_the_hill.json:454.history	the high valleys	->	Na Glinn Àrda	|	The oldest hearths of the high valleys stand at Achadh dhìreach. In 
CHANGE	eras/age_II/gazetteer/01_the_grove_and_the_hill.json:454.history	the coloured coal	->	an gual dathach	|	aig Ruadh, old and cold, burned a whole basket of the coloured coal in one night, and his house w
CHANGE	eras/age_II/gazetteer/01_the_grove_and_the_hill.json:277.history	the high valleys	->	Na Glinn Àrda	|	A rough ford on the drovers' road through the high valleys, where the beasts were rested
CHANGE	eras/age_II/gazetteer/01_the_grove_and_the_hill.json:277.history	the coloured coal	->	an gual dathach	|	red. In a hearth of peat ash here the valleys say the coloured coal was first burned by a househo
CHANGE	eras/age_II/gazetteer/01_the_grove_and_the_hill.json:277.history	the Mason's line	->	Clann a' Chlachair	|	ured coal was first burned by a household outside the Mason's line, one sliver at a time. The cu
CHANGE	eras/age_II/gazetteer/01_the_grove_and_the_hill.json:277.history	the high valleys	->	Na Glinn Àrda	|	ously, and from here it spread to every hearth of the high valleys within a few years. In Oighri
CHANGE	eras/age_II/gazetteer/01_the_grove_and_the_hill.json:277.history	The meeting of the cups	->	Coinneachadh nan Cupan	|	ghout, and she finished it quickest of the three. The meeting of the cups was held at a nameless spring
CHANGE	eras/age_II/gazetteer/01_the_grove_and_the_hill.json:277.history	the high valleys	->	Na Glinn Àrda	|	ll hand and the tidings of the cups the length of the high valleys, and the ford's own household
CHANGE	eras/age_II/gazetteer/02_the_red_hill_and_the_old_harbours.json:19.history	The Red Hill	->	An Cnoc Ruadh	|	The Red Hill stood above the western end o
CHANGE	eras/age_II/gazetteer/02_the_red_hill_and_the_old_harbours.json:19.history	the salt road	->	Rathad an t-Salainn	|	the king with a pebble bag; Murchadh Gearr walked the salt road every autumn; Lachlann Ruadh 
CHANGE	eras/age_II/gazetteer/02_the_red_hill_and_the_old_harbours.json:16.history	the Old Ones	->	Seann-Dhaoine	|	an any telling. The hill-folk who came there kept the Old Ones' name for it and a watch in t
CHANGE	eras/age_II/gazetteer/02_the_red_hill_and_the_old_harbours.json:431.history	the Old Ones	->	Seann-Dhaoine	|	A harbour of the Old Ones on the southern coast, empty 
CHANGE	eras/age_II/gazetteer/02_the_red_hill_and_the_old_harbours.json:18.history	the Old Ones	->	Seann-Dhaoine	|	, on footings no hill-folk laid. Its middens were the Old Ones' own, and its tally stones, e
CHANGE	eras/age_II/gazetteer/02_the_red_hill_and_the_old_harbours.json:18.history	the Old Ones	->	Seann-Dhaoine	|	 rather than break them; a year later the last of the Old Ones' middens here was disturbed, 
CHANGE	eras/age_II/gazetteer/02_the_red_hill_and_the_old_harbours.json:297.history	the great gathering	->	An Cruinneachadh Mòr	|	ast and north to the ford, and sent its people to the great gathering in the three thousandth year.
CHANGE	eras/age_II/gazetteer/02_the_red_hill_and_the_old_harbours.json:363.history	the wind-stones	->	Clachan nan Gaoth	|	r hands keeps its own quarrel. The contests below the wind-stones at Ceann leathan drew its you
CHANGE	eras/age_II/gazetteer/03_the_salt_shore_and_the_crack.json:489.history	The Old Ones	->	Seann-Dhaoine	|	The Old Ones' river harbour on the Abhainn
CHANGE	eras/age_II/gazetteer/03_the_salt_shore_and_the_crack.json:489.history	the Old Ones	->	Seann-Dhaoine	|	ground, and forbade the tower; the household used the Old Ones' mole as it found it, and whe
CHANGE	eras/age_II/gazetteer/03_the_salt_shore_and_the_crack.json:489.history	the Old Ones	->	Seann-Dhaoine	|	n the first hide boats the harbour had held since the Old Ones, and chose how a household ne
CHANGE	eras/age_II/gazetteer/03_the_salt_shore_and_the_crack.json:170.history	The salt shore	->	Tràigh an t-Salainn	|	The salt shore of the south, where the salt-
CHANGE	eras/age_II/gazetteer/03_the_salt_shore_and_the_crack.json:170.history	the Red Hill's	->	An Cnoc Ruadh's	|	h seven stones in it, and in the fosterling's day the Red Hill's own salt refrain was sung at 
CHANGE	eras/age_II/gazetteer/03_the_salt_shore_and_the_crack.json:170.history	the Red Hill	->	An Cnoc Ruadh	|	 own salt refrain was sung at their pans in words the Red Hill itself could no longer constr
CHANGE	eras/age_II/gazetteer/03_the_salt_shore_and_the_crack.json:15.history	the Black Wind's	->	A' Ghaoth Dhubh's	|	 before the storms along the whole strait, and in the Black Wind's winter sent dried fish north 
CHANGE	eras/age_II/gazetteer/04_the_slab_and_the_ford.json:276.history	the high valleys	->	Na Glinn Àrda	|	The well village of the high valleys that keeps the slab laid over
CHANGE	eras/age_II/gazetteer/04_the_slab_and_the_ford.json:276.history	the keepers' house	->	Taigh na Lice	|	art of the hills, the keepers were made nine, and the keepers' house became a place walked to for 
CHANGE	eras/age_II/gazetteer/04_the_slab_and_the_ford.json:276.known_for	the keepers' house	->	Taigh na Lice	|	the slab, the lot and the keepers' house
CHANGE	eras/age_II/gazetteer/04_the_slab_and_the_ford.json:2001.history	the Red Hill	->	An Cnoc Ruadh	|	 of the river mouth below Loch chrom, near enough the Red Hill to pay it salt. The first hou
CHANGE	eras/age_II/gazetteer/04_the_slab_and_the_ford.json:2001.history	the Red Hill	->	An Cnoc Ruadh	|	a season the households were paying their salt to the Red Hill rather than keeping it among 
CHANGE	eras/age_II/gazetteer/04_the_slab_and_the_ford.json:2001.history	The Red Hill's	->	An Cnoc Ruadh's	|	es, with no word sent from Dùn ìseal to start it. The Red Hill's list counts them among its ho
CHANGE	eras/age_II/gazetteer/04_the_slab_and_the_ford.json:2001.known_for	the Red Hill	->	An Cnoc Ruadh	|	the round houses that paid the Red Hill salt
CHANGE	eras/age_II/gazetteer/04_the_slab_and_the_ford.json:45.history	the Red Hill	->	An Cnoc Ruadh	|	A harbour along the lake shore from the Red Hill, where the hill's households 
CHANGE	eras/age_II/gazetteer/04_the_slab_and_the_ford.json:45.history	the Red Hill's	->	An Cnoc Ruadh's	|	ds the boats kept there put out oftener than from the Red Hill's own strand, and in the four t
CHANGE	eras/age_II/gazetteer/04_the_slab_and_the_ford.json:45.history	the Red Hill's	->	An Cnoc Ruadh's	|	n the four thousand and forty-seventh year it was the Red Hill's fishing harbour in all but th
CHANGE	eras/age_II/gazetteer/04_the_slab_and_the_ford.json:45.known_for	the Red Hill's	->	An Cnoc Ruadh's	|	the Red Hill's boat-sheds
CHANGE	eras/age_II/gazetteer/04_the_slab_and_the_ford.json:88.history	the Red Hill's	->	An Cnoc Ruadh's	|	point on the Abhainn fhionn where households from the Red Hill's country found an old river la
CHANGE	eras/age_II/gazetteer/04_the_slab_and_the_ford.json:88.history	the Old Ones	->	Seann-Dhaoine	|	 it rather than mend it, as settlers did wherever the Old Ones' work still stood. The househ
CHANGE	eras/age_II/gazetteer/04_the_slab_and_the_ford.json:88.history	the Old Ones	->	Seann-Dhaoine	|	boats at every state of the river as it had taken the Old Ones' boats. They kept the Red Hil
CHANGE	eras/age_II/gazetteer/04_the_slab_and_the_ford.json:88.history	the Red Hill's	->	An Cnoc Ruadh's	|	er as it had taken the Old Ones' boats. They kept the Red Hill's roll at their fires as their 
CHANGE	eras/age_II/gazetteer/04_the_slab_and_the_ford.json:504.history	the sacred forest	->	Coille Naomh Cnoc bheag	|	A settlement at the edge of the sacred forest, raised by households come do
CHANGE	eras/age_II/gazetteer/04_the_slab_and_the_ford.json:504.history	the Red Hill	->	An Cnoc Ruadh	|	acred forest, raised by households come down from the Red Hill in the middle of the age. The
CHANGE	eras/age_II/gazetteer/04_the_slab_and_the_ford.json:232.history	the Old Ones	->	Seann-Dhaoine	|	med white. The lime was burned from the shells of the Old Ones' middens along the coast, whi
CHANGE	eras/age_II/gazetteer/05_the_western_shore_and_the_looms.json:142.history	the flint road	->	Rathad na Spor	|	nd seventy-ninth year, when small herds driven up the flint road by stages over three summers 
CHANGE	eras/age_II/gazetteer/05_the_western_shore_and_the_looms.json:142.history	the flint road	->	Rathad na Spor	|	wn of the north-west, and its hides went south by the flint road.
CHANGE	eras/age_II/gazetteer/05_the_western_shore_and_the_looms.json:476.history	the flint road's	->	Rathad na Spor's	|	nd four hundred and sixteenth year, timbered from the flint road's own hills and roofed with tur
CHANGE	eras/age_II/gazetteer/05_the_western_shore_and_the_looms.json:191.history	the ford gathering	->	Cruinneachadh an Àtha	|	gh the rest of the age. Its smoked salmon went to the ford gathering and along the coast road.
CHANGE	eras/age_II/gazetteer/05_the_western_shore_and_the_looms.json:27.history	the Red Hill's	->	An Cnoc Ruadh's	|	h year some sixty houses stood round the rock and the Red Hill's stone landing, the greatest s
CHANGE	eras/age_II/gazetteer/06_the_flint_road_and_the_winds.json:2005.history	the ford gathering	->	Cruinneachadh an Àtha	|	rack ran from the pit-mouth south and east toward the ford gathering, and by the thousand eight hu
CHANGE	eras/age_II/gazetteer/06_the_flint_road_and_the_winds.json:436.history	the flint road	->	Rathad na Spor	|	t ford of the north on the far eastern circuit of the flint road. In the thousand eight hundre
CHANGE	eras/age_II/gazetteer/06_the_flint_road_and_the_winds.json:22.history	the wind-stones	->	Clachan nan Gaoth	|	. The yearly contests of strength were held below the wind-stones, and it was here that Alasdai
CHANGE	eras/age_II/gazetteer/06_the_flint_road_and_the_winds.json:22.known_for	the wind-stones	->	Clachan nan Gaoth	|	the wind-stones and the lifted boulder
CHANGE	eras/age_II/gazetteer/07_the_sharing_and_the_lot.json:415.history	the meeting of the cups	->	Coinneachadh nan Cupan	|	wheel when their levels would not match, until at the meeting of the cups the water stood level in all 
CHANGE	eras/age_II/gazetteer/07_the_sharing_and_the_lot.json:502.history	the warm springs	->	Fuarain Theth Muileann ruadh	|	 hip. Twenty-seven years later he walked south to the warm springs on his stick, sat in the pool
CHANGE	eras/age_II/gazetteer/07_the_sharing_and_the_lot.json:502.history	the warm springs	->	Fuarain Theth Muileann ruadh	|	 all summer, its households drove their cattle to the warm springs to drink, and the shared surp
CHANGE	eras/age_II/gazetteer/07_the_sharing_and_the_lot.json:387.history	the long years	->	na Bliadhnachan Fada	|	 the eastern Seann Dunn, settled in the middle of the long years by households who called the 
CHANGE	eras/age_II/gazetteer/07_the_sharing_and_the_lot.json:387.history	the Old Ones	->	Seann-Dhaoine	|	ds who called the ground around them empty though the Old Ones' middens lay a morning's walk
CHANGE	eras/age_II/gazetteer/08_the_black_wind_and_the_fires.json:457.history	the Black Wind	->	A' Ghaoth Dhubh	|	he eastern coast at the southern end of the shore the Black Wind stripped. It fed the people o
CHANGE	eras/age_II/gazetteer/08_the_black_wind_and_the_fires.json:457.history	the Black Wind	->	A' Ghaoth Dhubh	|	have died of hunger that season. Rebuilding after the Black Wind, the households set a stone i
CHANGE	eras/age_II/gazetteer/08_the_black_wind_and_the_fires.json:119.history	the Black Wind	->	A' Ghaoth Dhubh	|	 the rocks below the headland; the coast named it the Black Wind for the ash-dark sky it left 
CHANGE	eras/age_II/gazetteer/08_the_black_wind_and_the_fires.json:119.known_for	the Black Wind	->	A' Ghaoth Dhubh	|	the Black Wind, and Lìleas's fire
CHANGE	eras/age_II/gazetteer/08_the_black_wind_and_the_fires.json:433.history	the panther road	->	Imrich nam Pantar	|	A southern settlement near the panther road, where Gilleonan bored four h
CHANGE	eras/age_II/gazetteer/09_the_settling_of_the_island.json:95.history	the Old Ones	->	Seann-Dhaoine	|	The great strait in the north-west, where the Old Ones once hunted seal and heaped t
CHANGE	eras/age_II/gazetteer/09_the_settling_of_the_island.json:244.history	the salt road	->	Rathad an t-Salainn	|	ay round cut through the last unbroken thicket on the salt road and brought the place a full 
CHANGE	eras/age_II/gazetteer/09_the_settling_of_the_island.json:244.history	the ford gathering	->	Cruinneachadh an Àtha	|	om the south, carried the length of the island by the ford gathering; at the stream the salt cost 
CHANGE	eras/age_II/gazetteer/09_the_settling_of_the_island.json:244.known_for	the salt road	->	Rathad an t-Salainn	|	the far end of the salt road
CHANGE	eras/age_II/gazetteer/09_the_settling_of_the_island.json:77.history	the Red Hill	->	An Cnoc Ruadh	|	ed place of the hill-folk away from Dùn ìseal and the Red Hill. Somhairle stood on the bank 
CHANGE	eras/age_II/gazetteer/09_the_settling_of_the_island.json:365.history	the Red Hill	->	An Cnoc Ruadh	|	ld some eighty houses, the largest place north of the Red Hill. Murchadh's eleven sons, born
CHANGE	eras/age_II/gazetteer/09_the_settling_of_the_island.json:365.history	the great gathering	->	An Cruinneachadh Mòr	|	to hold under their father. The king's summons to the great gathering reached it in the two thousan
CHANGE	eras/age_II/gazetteer/09_the_settling_of_the_island.json:131.history	the ford gathering	->	Cruinneachadh an Àtha	|	hey sent their wool south along the coast road to the ford gathering rather than north to Murchadh
CHANGE	eras/age_II/gazetteer/10_the_great_gathering.json:134.history	the Red Hill's	->	An Cnoc Ruadh's	|	before the storms by bringing boar meat salted in the Red Hill's salt, and it was said at the 
CHANGE	eras/age_II/gazetteer/10_the_great_gathering.json:282.history	the Old Ones	->	Seann-Dhaoine	|	end it, out of the caution settlers kept wherever the Old Ones' work still stood; the harbou
CHANGE	eras/age_II/gazetteer/10_the_great_gathering.json:255.history	the Red Hill	->	An Cnoc Ruadh	|	ked hill-fort in the midst of the island, between the Red Hill and the hills of the vein. He
CHANGE	eras/age_II/gazetteer/10_the_great_gathering.json:23.history	the Old Ones	->	Seann-Dhaoine	|	ttled on the ground below a broken watch-tower of the Old Ones in the two thousand eight hun
CHANGE	eras/age_II/gazetteer/10_the_great_gathering.json:318.history	the great gathering	->	An Cruinneachadh Mòr	|	t, and lit no fire within sight of the source. In the great gathering of the three thousandth year 
CHANGE	eras/age_II/gazetteer/10_the_great_gathering.json:326.history	the beacon at Tobar dhearg	->	Taigh-solais Tobar dhearg	|	A settlement near the south coast between the beacon at Tobar dhearg and the old Seann Skell, whos
CHANGE	eras/age_II/gazetteer/11_the_east_and_the_last_stone_king.json:395.history	the warm springs	->	Fuarain Theth Muileann ruadh	|	A field country near the warm springs in the east, where in the fou
CHANGE	eras/age_II/appendices/A_rulers.md:3	The Age of Ailean	->	An Aois Ailein	|	The Age of Ailean had one king and many holders
CHANGE	eras/age_II/appendices/A_rulers.md:3	the Stone Kings	->	Rìghrean na Cloiche	|	 a line of his own blood that the reciters called the Stone Kings, and the Red Hill by the lake
CHANGE	eras/age_II/appendices/A_rulers.md:3	the Red Hill	->	An Cnoc Ruadh	|	ood that the reciters called the Stone Kings, and the Red Hill by the lake was held by a lin
CHANGE	eras/age_II/appendices/A_rulers.md:3	The two lists	->	An Dà Chlàr	|	ood at all and swore to him and not to Dùn ìseal. The two lists were spoken, never written, i
CHANGE	eras/age_II/appendices/A_rulers.md:7	king of the godkin	->	Rìgh Chlann nan Dè	|	**Ailean Mòr mac Shuibhne**, Rìgh Chlann nan Dè, king of the godkin. He was twenty-four when he k
CHANGE	eras/age_II/appendices/A_rulers.md:7	the salt shore	->	Tràigh an t-Salainn	|	north to Dòmhnall Clachach, walked south alone to the salt shore after Iain Dubh was killed th
CHANGE	eras/age_II/appendices/A_rulers.md:7	(appositive)	->	Rìgh Chlann nan Dè	|	dropped the English gloss beside Rìgh Chlann nan Dè
CHANGE	eras/age_II/appendices/A_rulers.md:11	The list of the Stone Kings	->	Rìghrean na Cloiche	|	The list of the Stone Kings, Rìghrean na Cloiche, counts 
CHANGE	eras/age_II/appendices/A_rulers.md:11	(appositive)	->	Rìghrean na Cloiche	|	dropped the English gloss beside Rìghrean na Cloiche
CHANGE	eras/age_II/appendices/A_rulers.md:30	the long years	->	na Bliadhnachan Fada	|	ireall, was born before the grove and had none of the long years. She kept the gate of the hil
CHANGE	eras/age_II/appendices/A_rulers.md:30	the long years	->	na Bliadhnachan Fada	|	age. It was at her grave that the hill understood the long years were the grove's alone.
CHANGE	eras/age_II/appendices/A_rulers.md:34	the wars of the valleys	->	Cogaidhean nan Gleann	|	**Fearchar Bacach**, lamed in the wars of the valleys, took the hill at two hundred
CHANGE	eras/age_II/appendices/A_rulers.md:36	the long years	->	na Bliadhnachan Fada	|	r, the first of the king's grandchildren to carry the long years, raided the salt shore at Bai
CHANGE	eras/age_II/appendices/A_rulers.md:36	the salt shore	->	Tràigh an t-Salainn	|	g's grandchildren to carry the long years, raided the salt shore at Baile ghorm in her three h
CHANGE	eras/age_II/appendices/A_rulers.md:36	the Red Hill	->	An Cnoc Ruadh	|	hose names the hill kept at its fire. She rode to the Red Hill, weighed Seonag's pebble bag 
CHANGE	eras/age_II/appendices/A_rulers.md:40	the Red Hill	->	An Cnoc Ruadh	|	ear and waded into the ford to meet the holder of the Red Hill, and the two hills agreed sal
CHANGE	eras/age_II/appendices/A_rulers.md:46	the Red Hill	->	An Cnoc Ruadh	|	forty. She sent her younger son to be fostered at the Red Hill, the first fostering in eithe
CHANGE	eras/age_II/appendices/A_rulers.md:54	The Red Hill	->	An Cnoc Ruadh	|	The Red Hill kept its own holders and its 
CHANGE	eras/age_II/appendices/A_rulers.md:54	the long years	->	na Bliadhnachan Fada	|	r and never to Dùn ìseal. None of its holders had the long years. The list sets every holder o
CHANGE	eras/age_II/appendices/A_rulers.md:66	the salt road	->	Rathad an t-Salainn	|	h Gearr** took the hill at twenty-five and walked the salt road every autumn to be seen upon 
CHANGE	eras/age_II/appendices/A_rulers.md:66	the Red Hill's	->	An Cnoc Ruadh's	|	y-seven and died at seventy; his is the last name the Red Hill's spoken roll carries. Between 
CHANGE	eras/age_II/appendices/A_rulers.md:66	the great gathering	->	An Cruinneachadh Mòr	|	ionn and the new holder who stood in the river at the great gathering of the three thousandth year.
CHANGE	eras/age_II/appendices/A_rulers.md:70	the long years	->	na Bliadhnachan Fada	|	The king's children born after the grove had the long years; each generation after them h
CHANGE	eras/age_II/appendices/A_rulers.md:90	the Stone Kings	->	Rìghrean na Cloiche	|	m Ciar, Catrìona Mhòr | of the king's blood | see the Stone Kings | | Dùn ìseal |
CHANGE	eras/age_II/appendices/A_rulers.md:92	the great gathering	->	An Cruinneachadh Mòr	|	he king's blood reckoned standing in the river at the great gathering are not named one by one in a
CHANGE	eras/age_II/appendices/A_rulers.md:96	The Line of the Mason	->	Sloinneadh a' Chlachair	|	The Line of the Mason, Sloinneadh a' Chlachair, run
CHANGE	eras/age_II/appendices/A_rulers.md:96	the high valleys	->	Na Glinn Àrda	|	hairle carried it after, among Clann na Ceiste in the high valleys, and gave it whole to his son
CHANGE	eras/age_II/appendices/A_rulers.md:96	(appositive)	->	Sloinneadh a' Chlachair	|	dropped the English gloss beside Sloinneadh a' Chlachair
CHANGE	eras/age_II/appendices/A_rulers.md:100	the meeting of the cups	->	Coinneachadh nan Cupan	|	 kept the slab until she died in the winter after the meeting of the cups. **Gilleasbuig Beag**, a roof
CHANGE	eras/age_II/appendices/A_rulers.md:104	The Stone Kings	->	Rìghrean na Cloiche	|	The Stone Kings' list does not name the holde
CHANGE	eras/age_II/appendices/A_rulers.md:104	the host of the east	->	Sluagh an Ear	|	no more ceremony than his father had used and led the host of the east down to the ford below the fo
CHANGE	eras/age_II/appendices/B_reverence.md:3	The Age of Ailean	->	An Aois Ailein	|	The Age of Ailean had no priests, no temple and
CHANGE	eras/age_II/appendices/B_reverence.md:3	the Telling	->	Aithris a' Chruthachaidh	|	athers them as the tellings of the age give them: the Telling kept among Clann na Ceiste; t
CHANGE	eras/age_II/appendices/B_reverence.md:3	the night of the handful	->	Oidhche na Glaice	|	 watched it; the handful, the basket, the cup and the night of the handful; the sharing before the storm
CHANGE	eras/age_II/appendices/B_reverence.md:7	The Keeper	->	Coimhdeach na Fine	|	he hearth and named no one who lived in the fire. The Keeper, Coimhdeach na Fine, belonged
CHANGE	eras/age_II/appendices/B_reverence.md:7	the Line of the Mason	->	Sloinneadh a' Chlachair	|	 Coimhdeach na Fine, belonged to the grove and to the Line of the Mason, and the tellings put him in 
CHANGE	eras/age_II/appendices/B_reverence.md:7	(appositive)	->	Coimhdeach na Fine	|	dropped the English gloss beside Coimhdeach na Fine
CHANGE	eras/age_II/appendices/B_reverence.md:11	the great gathering	->	An Cruinneachadh Mòr	|	 the water of the ford ran warm round his legs at the great gathering and smoked downstream of him 
CHANGE	eras/age_II/appendices/B_reverence.md:11	the Red Hill	->	An Cnoc Ruadh	|	ning with colour and it greyed under his palm. At the Red Hill, in the summer Uisdean knelt,
CHANGE	eras/age_II/appendices/B_reverence.md:11	the king's frost	->	Reothadh an Rìgh	|	 along the whole lake shore; the tellings call it the king's frost, and Uisdean's people could n
CHANGE	eras/age_II/appendices/B_reverence.md:15	the high valleys	->	Na Glinn Àrda	|	The households of the high valleys, Clann na Ceiste, kept the Li
CHANGE	eras/age_II/appendices/B_reverence.md:15	the Line of the Mason	->	Sloinneadh a' Chlachair	|	eholds of the high valleys, Clann na Ceiste, kept the Line of the Mason and the tellings that ring it
CHANGE	eras/age_II/appendices/B_reverence.md:15	the high valleys	->	Na Glinn Àrda	|	single mouth at a single hearth, carried it among the high valleys for near three thousand years
CHANGE	eras/age_II/appendices/B_reverence.md:15	the Old Ones	->	Seann-Dhaoine	|	 and set in it what he saw on the three shores of the Old Ones. The keepers of the Line took
CHANGE	eras/age_II/appendices/B_reverence.md:19	the first fire	->	Teine a' Chlachair	|	 a slab lay over the mason's crack, stained where the first fire was said to have come up out 
CHANGE	eras/age_II/appendices/B_reverence.md:21	the keepers' house	->	Taigh na Lice	|	n chrom without a boat; the basket was set inside the keepers' house under its cloth and was neith
CHANGE	eras/age_II/appendices/B_reverence.md:25	The coloured coal	->	An gual dathach	|	The coloured coal of the vein was burned by the
CHANGE	eras/age_II/appendices/B_reverence.md:25	the meeting of the cups	->	Coinneachadh nan Cupan	|	t; its copies were tried against it with water at the meeting of the cups, and from then the hills meas
CHANGE	eras/age_II/appendices/B_reverence.md:29	the Black Wind	->	A' Ghaoth Dhubh	|	r; it was put out with what it could carry. After the Black Wind the valleys sent grain to the
CHANGE	eras/age_II/appendices/B_reverence.md:33	the column at Cnoc ghorm	->	Calbh Cnoc ghorm	|	come to Dia-thìr from anywhere. The saying cut on the column at Cnoc ghorm, we did not come, we were her
CHANGE	eras/age_II/appendices/B_reverence.md:37	the coloured coal	->	an gual dathach	|	h dhìreach a hearth was laid true, with a slip of the coloured coal beside it, and never lit; the
CHANGE	eras/age_II/appendices/B_reverence.md:37	the Hollow Man	->	Marbh-bheò	|	hed round the strip it lay in. In the hills where the Hollow Man was told of, no open fire was
CHANGE	eras/age_II/appendices/B_reverence.md:37	the Hollow Man	->	Marbh-bheò	|	was never found; two herders who had lit none saw the Hollow Man walk the ridge with no breath
CHANGE	eras/age_II/appendices/B_reverence.md:37	the stag's grove	->	Coille Naomh Muileann chiar	|	ad from those hills toward the settlements nearer the stag's grove, and hardened there into a ru
CHANGE	eras/age_II/appendices/B_reverence.md:41	the stag's grove	->	Coille Naomh Muileann chiar	|	nd the telling did not blame them. At the edge of the stag's grove people came singly and in pai
CHANGE	eras/age_II/appendices/B_reverence.md:41	The Old Ones	->	Seann-Dhaoine	|	 holiness together without asking more of either. The Old Ones' work was let stand wherever 
CHANGE	eras/age_II/appendices/B_reverence.md:41	the fortress	->	Làrach an Dùin	|	tand wherever it stood: the tower at Seann Skell, the fortress ruin above Ceann mhin, the te
CHANGE	eras/age_II/appendices/B_reverence.md:41	the temple ruin	->	Làrach an Teampaill	|	 Seann Skell, the fortress ruin above Ceann mhin, the temple ruin in the eastern hills with a p
CHANGE	eras/age_II/appendices/B_reverence.md:45	the Old Ones	->	Seann-Dhaoine	|	when diggers broke into an older grave lined with the Old Ones' slabs they closed it and mov
CHANGE	eras/age_II/appendices/B_reverence.md:45	the Old Ones	->	Seann-Dhaoine	|	dead out to Eilean ìseal, after the old manner of the Old Ones or of themselves; the telling
CHANGE	eras/age_II/appendices/C_reckoning.md:3	The Age of Ailean	->	An Aois Ailein	|	The Age of Ailean counted its years from the gr
CHANGE	eras/age_II/appendices/C_reckoning.md:9	the Black Wind	->	A' Ghaoth Dhubh	|	y holders, by storms and by marriages: the winter the Black Wind came, the year the second ban
CHANGE	eras/age_II/appendices/C_reckoning.md:13	The list of the Stone Kings	->	Rìghrean na Cloiche	|	the age are orders of names, not counts of years. The list of the Stone Kings gives twelve names from Ailea
CHANGE	eras/age_II/appendices/C_reckoning.md:13	the Red Hill	->	An Cnoc Ruadh	|	e names from Ailean to Catrìona Mhòr; the list of the Red Hill gives its own holders from Be
CHANGE	eras/age_II/appendices/C_reckoning.md:13	the two lists	->	An Dà Chlàr	|	is the business of those who lived under it. When the two lists were spoken one after the oth
CHANGE	eras/age_II/appendices/C_reckoning.md:19	the long years	->	na Bliadhnachan Fada	|	e after the grove. His children born after it had the long years, and every generation after t
CHANGE	eras/age_II/appendices/C_reckoning.md:19	the Red Hill	->	An Cnoc Ruadh	|	ose not of the king's blood, like every holder of the Red Hill, had ordinary lives. The long
CHANGE	eras/age_II/appendices/C_reckoning.md:47	the coloured coal	->	an gual dathach	|	ht on which every household burned its handful of the coloured coal together, watching for the fi
CHANGE	eras/age_II/appendices/C_reckoning.md:47	the ford gathering	->	Cruinneachadh an Àtha	|	rings of the valleys were held at the feasts, and the ford gathering in the autumn after the shear
CHANGE	eras/age_II/appendices/C_reckoning.md:53	the eight winds	->	Na h-Ochd Gaothan	|	In the two thousand and forty-seventh year the eight winds of the year were given names 
CHANGE	eras/age_II/appendices/C_reckoning.md:53	the Old Ones	->	Seann-Dhaoine	|	cutter of Seann Chwen set one of the names beside the Old Ones' own marks on the great bould
CHANGE	eras/age_II/appendices/C_reckoning.md:61	The Old Ones	->	Seann-Dhaoine	|	The age counted things more than it counted time. The Old Ones cut single strokes on flat st
CHANGE	eras/age_II/appendices/C_reckoning.md:61	the Red Hill	->	An Cnoc Ruadh	|	d together on three coasts and stopped. Seonag of the Red Hill counted her people by pebbles
CHANGE	eras/age_II/appendices/D_peoples.md:3	the Age of Ailean	->	An Aois Ailein	|	Three peoples, or four, shared Dia-thìr in the Age of Ailean, and only one of them lasted 
CHANGE	eras/age_II/appendices/D_peoples.md:3	The Old Ones	->	Seann-Dhaoine	|	e of Ailean, and only one of them lasted the age. The Old Ones, whom the hill-folk called th
CHANGE	eras/age_II/appendices/D_peoples.md:3	the Red Hill	->	An Cnoc Ruadh	|	m the salt-folk of the south and the lake-folk of the Red Hill kept ways of their own long a
CHANGE	eras/age_II/appendices/D_peoples.md:7	The Old Ones	->	Seann-Dhaoine	|	The Old Ones built harbours, towers, moles
CHANGE	eras/age_II/appendices/D_peoples.md:9	the Old Ones	->	Seann-Dhaoine	|	In the three hundred and eighth year the Old Ones began to cut single strokes o
CHANGE	eras/age_II/appendices/D_peoples.md:9	the Old Ones	->	Seann-Dhaoine	|	marks stopping in mid-groove. After it no work of the Old Ones can be dated. Their middens s
CHANGE	eras/age_II/appendices/D_peoples.md:11	the Old Ones	->	Seann-Dhaoine	|	The hill-folk kept the Old Ones' place-names and set before t
CHANGE	eras/age_II/appendices/D_peoples.md:11	the Old Ones	->	Seann-Dhaoine	|	ames were not understood. For the rest of the age the Old Ones' work was let stand: the hill
CHANGE	eras/age_II/appendices/D_peoples.md:17	the high valleys	->	Na Glinn Àrda	|	Clann na Ceiste, the households of the high valleys, kept the Line of the Mason a
CHANGE	eras/age_II/appendices/D_peoples.md:17	the Line of the Mason	->	Sloinneadh a' Chlachair	|	 Ceiste, the households of the high valleys, kept the Line of the Mason and the slab, took no share o
CHANGE	eras/age_II/appendices/D_peoples.md:21	the ford gathering	->	Cruinneachadh an Àtha	|	ig for a second vein. Twenty-four years later, at the ford gathering, households began to give the
CHANGE	eras/age_II/appendices/D_peoples.md:21	the Line of the Mason	->	Sloinneadh a' Chlachair	|	 first genealogies of the common households. Only the Line of the Mason is older. Of the king's own k
CHANGE	eras/age_II/appendices/D_peoples.md:25	the great gathering	->	An Cruinneachadh Mòr	|	e people. It was reckoned at some four hundred at the great gathering of the three thousandth year,
CHANGE	eras/age_II/appendices/D_peoples.md:29	the Red Hill's	->	An Cnoc Ruadh's	|	ne refrain the fosterling later brought them from the Red Hill's lake shore, the oldest song o
CHANGE	eras/age_II/appendices/D_peoples.md:33	The Red Hill's	->	An Cnoc Ruadh's	|	The Red Hill's people lived by salt and fish
CHANGE	eras/age_II/appendices/D_peoples.md:33	the long years	->	na Bliadhnachan Fada	|	l. They were not the king's blood and had none of the long years. They swore to the king in th
CHANGE	eras/age_II/appendices/D_peoples.md:33	the harbour of the round houses	->	Cala nan Taighean Cruinne	|	ter at the ford within a generation. They settled the harbour of the round houses, the landing of laid stone be
CHANGE	eras/age_II/appendices/D_peoples.md:37	the Old Ones	->	Seann-Dhaoine	|	The households who took up the empty coasts after the Old Ones became peoples of their own b
CHANGE	eras/age_II/appendices/D_peoples.md:37	the Black Wind	->	A' Ghaoth Dhubh	|	he wrack. The east-coast households lived through the Black Wind on the sharing of the valleys
CHANGE	eras/age_II/appendices/E_land_and_trade.md:3	the Age of Ailean	->	An Aois Ailein	|	Dia-thìr in the Age of Ailean was an island of households, 
CHANGE	eras/age_II/appendices/E_land_and_trade.md:3	the Old Ones	->	Seann-Dhaoine	|	ith a bank, one hill with a palisade by the lake, the Old Ones' empty harbours on every coas
CHANGE	eras/age_II/appendices/E_land_and_trade.md:3	the high valleys	->	Na Glinn Àrda	|	 empty harbours on every coast and the hearths of the high valleys; by the close of the age ther
CHANGE	eras/age_II/appendices/E_land_and_trade.md:7	the Red Hill	->	An Cnoc Ruadh	|	The ford lies fourteen miles below the Red Hill, where the lake-folk's salt a
CHANGE	eras/age_II/appendices/E_land_and_trade.md:7	the Red Hill	->	An Cnoc Ruadh	|	id, and waded into the ford to meet the holder of the Red Hill in the water. They agreed sal
CHANGE	eras/age_II/appendices/E_land_and_trade.md:7	the Red Hill	->	An Cnoc Ruadh	|	ch side's wish to be trusted the year after: when the Red Hill refused a thin, unwashed clip
CHANGE	eras/age_II/appendices/E_land_and_trade.md:9	the Red Hill's	->	An Cnoc Ruadh's	|	tinction between the hill's side of the water and the Red Hill's.
CHANGE	eras/age_II/appendices/E_land_and_trade.md:11	the two lists	->	An Dà Chlàr	|	 the saying was first spoken at the opening, that the two lists were heard whole in one night
CHANGE	eras/age_II/appendices/E_land_and_trade.md:13	the Red Hill	->	An Cnoc Ruadh	|	 alone in the emptied ford at dusk, and a girl of the Red Hill found the water warm as bath-
CHANGE	eras/age_II/appendices/E_land_and_trade.md:17	The salt road	->	Rathad an t-Salainn	|	**The salt road** ran from the pans of Baile 
CHANGE	eras/age_II/appendices/E_land_and_trade.md:17	the Red Hill	->	An Cnoc Ruadh	|	* ran from the pans of Baile ghorm by the ford to the Red Hill and on to the north-west. Mur
CHANGE	eras/age_II/appendices/E_land_and_trade.md:17	the Red Hill's	->	An Cnoc Ruadh's	|	 seen upon it, and every household on it had seen the Red Hill's holder pass in the flesh. In 
CHANGE	eras/age_II/appendices/E_land_and_trade.md:17	the Red Hill	->	An Cnoc Ruadh	|	years old, fifty miles and more from Dùn ìseal to the Red Hill, past a low green mound his g
CHANGE	eras/age_II/appendices/E_land_and_trade.md:19	The flint road	->	Rathad na Spor	|	**The flint road** ran from the pit at Cnoc àr
CHANGE	eras/age_II/appendices/E_land_and_trade.md:19	the ford gathering	->	Cruinneachadh an Àtha	|	c àrsaidh in the north-west south and east toward the ford gathering, worn by generations of carri
CHANGE	eras/age_II/appendices/E_land_and_trade.md:21	the high valleys	->	Na Glinn Àrda	|	**The drovers' roads** of the high valleys ran by fords like Àth gharbh,
CHANGE	eras/age_II/appendices/E_land_and_trade.md:21	the Black Wind	->	A' Ghaoth Dhubh	|	 and south, and carried grain to Cuan ruadh after the Black Wind.
CHANGE	eras/age_II/appendices/E_land_and_trade.md:25	the Red Hill's	->	An Cnoc Ruadh's	|	**Salt** from the Red Hill's pans on the lake shore and fr
CHANGE	eras/age_II/appendices/E_land_and_trade.md:29	the Red Hill	->	An Cnoc Ruadh	|	m. Peigi Dhubh laid a landing of laid stone below the Red Hill so a boat could come alongsid
CHANGE	eras/age_II/appendices/E_land_and_trade.md:33	the Black Wind	->	A' Ghaoth Dhubh	|	After the Black Wind a young woman of Cuan ruadh, 
CHANGE	eras/age_II/appendices/E_land_and_trade.md:37	the Old Ones	->	Seann-Dhaoine	|	remains. It stripped Dùn ìseal's thatch and broke the Old Ones' shell causeway at Seann Warr
CHANGE	eras/age_II/appendices/E_land_and_trade.md:37	The Black Wind	->	A' Ghaoth Dhubh	|	es' shell causeway at Seann Warr in three places. The Black Wind of the two thousand four hund
CHANGE	eras/age_II/appendices/E_land_and_trade.md:43	the warm springs	->	Fuarain Theth Muileann ruadh	|	tle of Dùn ìseal and Muileann bhàn were driven to the warm springs to drink. Each time the store
LEFT	eras/age_II/annals/age_II_03.json:EII-2030.body	the Telling	(no "the" before it)	|	Telling of the oak dug-out sunk and left at the
LEFT	eras/age_II/annals/age_II_04.json:EII-2536.body	the salt road	(no "the" before it)	|	Murchadh Gearr walks the whole salt road on his own feet in the weeks before eve
LEFT	eras/age_II/annals/age_II_10.json:EII-5539.body	the ford gathering	(no "the" before it)	|	At the crowded ford gathering, an old man past his wrestling years te
LEFT	eras/age_II/annals/age_II_11.json:EII-6045.body	the column at Cnoc ghorm	(no "the" before it)	|	ìona's own hill goes out to the ancient column at Cnoc ghorm and recuts its worn grooves along their
LEFT	eras/age_II/annals/age_II_11.json:EII-6047.body	the coloured coal	(no "the" before it)	|	r comes to burn its measured handful of coloured coal on the same dark night, each watching f
LEFT	eras/age_II/annals/age_II_11.json:EII-6053.body	the keepers of the slab	(no "the" before it)	|	The nine keepers of the slab come up together at the ford and ask Ca
LEFT	eras/age_II/annals/age_II_12.json:EII-6520.body	the outpost	(no "the" before it)	|	Eithne comes down from the southern outpost with her own household, and her knot-ke
LEFT	eras/age_II/book/01_the_seven_nights.md:110	the Keeper	(no "the" before it)	|	 it himself and needing no fires and no Keeper to tell it by.*
LEFT	eras/age_II/book/04_stones_in_the_valley.md:45	the long years	(no "the" before it)	|	for he had wondered the same of his own long years, whether they were a mending or only a 
LEFT	eras/age_II/book/05_palisade_burned_twice.md:23	the long years	(no "the" before it)	|	ways by asking, and that his blood held long years and did not age as other men's did, and
LEFT	eras/age_II/book/07_tally_wall_half_cut_stone.md:15	the long years	(no "the" before it)	|	ad nothing in it of kings or grooves or long years, and made the company laugh, and Somhai
LEFT	eras/age_II/book/23_eilidh_grey_boy_who_went.md:59	the salt road	(no "the" before it)	|	 finer for it, prized on the ford's own salt road above the coarser grey stuff of the tid
LEFT	eras/age_II/book/27_anndra_breac.md:60	the long years	(no "the" before it)	|	ere his own people came from in his own long years, and had never yet troubled to choose o
LEFT	eras/age_II/book/28_the_fosterlings_return.md:55	the salt road	(no "the" before it)	|	on's store, walking east along the same salt road that had carried him west at six years 
LEFT	eras/age_II/book/28_the_fosterlings_return.md:61	the Red Hill	(after "a")	|	r a face burned dark by lake wind and a Red Hill way of standing had left nothing in him
LEFT	eras/age_II/book/31_of_murchadh_in_the_north.md:17	Stone King	(after "a")	|	id not call himself a king there, nor a Stone King, nor anything the households of the sou
LEFT	eras/age_II/book/31_of_murchadh_in_the_north.md:35	the outpost	(no "the" before it)	|	e rode west to the ground below the old outpost, a broken watch-tower the Old Ones had 
LEFT	eras/age_II/book/31_of_murchadh_in_the_north.md:75	the outpost	(no "the" before it)	|	lace, and south to Eithne below the old outpost, that the king had called a gathering a
LEFT	eras/age_II/book/32_the_great_gathering_at_the_ford.md:9	the great gathering	(no "the" before it)	|	three days, she thought at first that a great gathering must be a kind of market larger than th
LEFT	eras/age_II/book/32_the_great_gathering_at_the_ford.md:63	the outpost	(no "the" before it)	|	 and said she held ground below the old outpost and had a temper her father was said to
LEFT	eras/age_II/book/34_the_stone_at_ceann_leathan.md:9	the fortress	(no "the" before it)	|	n to Ceann mhin within sight of the old fortress ruin on its headland, and built their h
LEFT	eras/age_II/book/34_the_stone_at_ceann_leathan.md:31	the wind-stones	(no "the" before it)	|	e that came down to settle near the old wind-stones at Ceann leathan, there was a man named
LEFT	eras/age_II/book/37_of_the_two_lists_and_the_keepers_asking.md:61	the keepers of the slab	(no "the" before it)	|	three hundred and seventy-six, the nine keepers of the slab came up together across the trodden gro
LEFT	eras/age_II/book/39_of_the_tents_in_the_valley.md:39	the outpost	(no "the" before it)	|	eople came from the plain below the old outpost with less show and no less certainty, h
LEFT	eras/age_II/gazetteer/02_the_red_hill_and_the_old_harbours.json:16.history	the Old Ones	(after "a")	|	An Old Ones' harbour on the far north-west coast, w
LEFT	eras/age_II/gazetteer/02_the_red_hill_and_the_old_harbours.json:18.history	the Old Ones	(after "a")	|	An Old Ones' town on the Abhainn chaol a little abo
LEFT	eras/age_II/gazetteer/02_the_red_hill_and_the_old_harbours.json:363.history	the fortress	(no "the" before it)	|	 the south-eastern shore below a ruined fortress of the old builders, settled by fishing
LEFT	eras/age_II/appendices/A_rulers.md:80	the outpost	(no "the" before it)	|	, near 1,900 | the ground below the old outpost |
LEFT	eras/age_II/appendices/C_reckoning.md:47	the four feasts	(no "the" before it)	|	of the age was a year of two halves and four feasts. The dark half began at Samhain, when t
# run 2026-09-26 02:07: 207 changes, 9 left
CHANGE	eras/age_II/book/12_of_the_unlit_hearth_and_the_basket.md:11	(appositive)	->	an gual dathach	|	dropped the English gloss beside an gual dathach
CHANGE	eras/age_II/events/01.json:$.title	the high valleys	->	Na Glinn Àrda	|	Ailean passes the high valleys
CHANGE	eras/age_II/events/01.json:$.summary	the high valleys	->	Na Glinn Àrda	|	s south past the households of Clann na Ceiste in the high valleys without turning aside to any 
CHANGE	eras/age_II/events/01.json:$.summary	the high valleys	->	Na Glinn Àrda	|	Households of Clann na Ceiste near the high valleys leave byre and field to follo
CHANGE	eras/age_II/events/02.json:$.summary	the high valleys	->	Na Glinn Àrda	|	 the frost breaks a small company comes down from the high valleys to Dùn ìseal: Muireall, the k
CHANGE	eras/age_II/events/03.json:$.title	the warm springs	->	Fuarain Theth Muileann ruadh	|	The drive to the warm springs
CHANGE	eras/age_II/events/03.json:$.summary	the warm springs	->	Fuarain Theth Muileann ruadh	|	e standing herds two days through drifted snow to the warm springs, walking the whole way hersel
CHANGE	eras/age_II/events/03.json:$.summary	the Stone Kings	->	Rìghrean na Cloiche	|	oungest of Ailean's children to be reckoned among the Stone Kings in his turn.
CHANGE	eras/age_II/events/03.json:$.title	the Line of the Mason	->	Sloinneadh a' Chlachair	|	Coinneach dies, the Line of the Mason passed whole
CHANGE	eras/age_II/events/03.json:$.summary	the Line of the Mason	->	Sloinneadh a' Chlachair	|	ller of the king's deeds, having taught Gormshuil the Line of the Mason word for word as the Keeper g
CHANGE	eras/age_II/events/03.json:$.summary	the Keeper	->	Coimhdeach na Fine	|	 Gormshuil the Line of the Mason word for word as the Keeper gave it in the grove. She is,
CHANGE	eras/age_II/events/03.json:$.summary	the Stone Kings	->	Rìghrean na Cloiche	|	hty-one, the king's eldest daughter and second of the Stone Kings. He sits by her a night and a
CHANGE	eras/age_II/events/03.json:$.title	the long years	->	na Bliadhnachan Fada	|	The hill understands the long years
CHANGE	eras/age_II/events/03.json:$.summary	the long years	->	na Bliadhnachan Fada	|	grandson's age, the hill understands at last that the long years are the grove's alone, and pa
CHANGE	eras/age_II/events/04.json:$.summary	the high valleys	->	Na Glinn Àrda	|	herds, only leave to live among the households of the high valleys and be counted a single mouth
CHANGE	eras/age_II/events/04.json:$.summary	the high valleys	->	Na Glinn Àrda	|	Visiting his brother in the high valleys, Dòmhnall Clachach is told th
CHANGE	eras/age_II/events/05.json:$.title	the Red Hill	->	An Cnoc Ruadh	|	Uisdean Mòr takes the Red Hill
CHANGE	eras/age_II/events/05.json:$.summary	the Red Hill	->	An Cnoc Ruadh	|	Uisdean, five-and-twenty, takes up the holding of the Red Hill on the western lake shore aft
CHANGE	eras/age_II/events/05.json:$.title	the Red Hill	->	An Cnoc Ruadh	|	Uilleam Faire born on the Red Hill
CHANGE	eras/age_II/events/05.json:$.summary	the Red Hill	->	An Cnoc Ruadh	|	Every household of the Red Hill turns out to cut the ditch ac
CHANGE	eras/age_II/events/05.json:$.summary	the long years	->	na Bliadhnachan Fada	|	t with the young Uilleam Faire, Uisdean speaks of the long years of the king and of the valley
CHANGE	eras/age_II/events/05.json:$.summary	the Red Hill	->	An Cnoc Ruadh	|	n to the south and east, and does not say whether the Red Hill will swear when its turn come
CHANGE	eras/age_II/events/05.json:$.summary	the Red Hill's	->	An Cnoc Ruadh's	|	p no word of his business to Uisdean or to any of the Red Hill's households.
CHANGE	eras/age_II/events/05.json:$.title	The king's frost	->	Reothadh an Rìgh	|	The king's frost
CHANGE	eras/age_II/events/05.json:$.summary	the king's frost	->	Reothadh an Rìgh	|	e. The hill's old women name it from that morning the king's frost.
CHANGE	eras/age_II/events/05.json:$.summary	the king's frost	->	Reothadh an Rìgh	|	On the night of the king's frost the green oak takes in the sa
CHANGE	eras/age_II/events/05.json:$.summary	the Red Hill	->	An Cnoc Ruadh	|	any camped below to hurry the choosing of timber, the Red Hill rebuilds its wall a third tim
CHANGE	eras/age_II/events/05.json:$.title	the Red Hill's	->	An Cnoc Ruadh's	|	ùn ìseal's reciters tell the swearing fuller than the Red Hill's own list
CHANGE	eras/age_II/events/05.json:$.summary	the Red Hill's	->	An Cnoc Ruadh's	|	ost and the shingle scene kept whole, fuller than the Red Hill's own spare list ever names it.
CHANGE	eras/age_II/events/05.json:$.summary	The Red Hill	->	An Cnoc Ruadh	|	than the Red Hill's own spare list ever names it. The Red Hill never quarrels with their tel
CHANGE	eras/age_II/events/05.json:$.title	the Red Hill	->	An Cnoc Ruadh	|	Uisdean Mòr dies on the Red Hill
CHANGE	eras/age_II/events/07.json:$.summary	the high valleys	->	Na Glinn Àrda	|	The king summons his son down from the high valleys and rides the coast road east
CHANGE	eras/age_II/events/07.json:$.title	the tally wall	->	Balla nan Stràc	|	Somhairle first sees the tally wall
CHANGE	eras/age_II/events/07.json:$.title	the tally wall	->	Balla nan Stràc	|	Somhairle sets the tally wall in the Line
CHANGE	eras/age_II/events/07.json:$.summary	the Line of the Mason	->	Sloinneadh a' Chlachair	|	Somhairle adds his first telling of his own to the Line of the Mason: the wall at Seann Warr, some
CHANGE	eras/age_II/events/07.json:$.summary	the tally wall	->	Balla nan Stràc	|	ides to Seann Warr with a small company and walks the tally wall alone, his hand against the n
CHANGE	eras/age_II/events/07.json:$.title	the half-cut stone	->	Clach nan Dà Stràc	|	Somhairle finds the half-cut stone at Seann Chwen
CHANGE	eras/age_II/events/07.json:$.summary	the high valleys	->	Na Glinn Àrda	|	Word of an unfinished stone reaches the high valleys, and Somhairle rides two days
CHANGE	eras/age_II/events/07.json:$.summary	the half-cut stone	->	Clach nan Dà Stràc	|	test of his four tellings in the Line: that after the half-cut stone no work of the Seann-Dhaoine 
CHANGE	eras/age_II/events/07.json:$.summary	the high valleys	->	Na Glinn Àrda	|	Somhairle marries Cairistìona of the high valleys, a shepherding household's da
CHANGE	eras/age_II/events/09.json:$.title	the Red Hill	->	An Cnoc Ruadh	|	Mòrag rides west to the Red Hill
CHANGE	eras/age_II/events/09.json:$.summary	the Red Hill	->	An Cnoc Ruadh	|	ing takes Mòrag with him on the long ride west to the Red Hill, saying little of his purpose
CHANGE	eras/age_II/events/09.json:$.summary	the Red Hill's	->	An Cnoc Ruadh's	|	 bag that holds one pebble for every household of the Red Hill's shore, and the king weighs it
CHANGE	eras/age_II/events/10.json:$.summary	the Stone Kings	->	Rìghrean na Cloiche	|	Iain Dubh, sixth of the Stone Kings and eight years holder of the
CHANGE	eras/age_II/events/10.json:$.summary	the salt shore	->	Tràigh an t-Salainn	|	nd eight years holder of the hill, rides south to the salt shore as Mòrag Chruaidh had once do
CHANGE	eras/age_II/events/10.json:$.summary	the salt shore	->	Tràigh an t-Salainn	|	 and walks the old track through the dunes toward the salt shore, so that it is some while bef
CHANGE	eras/age_II/events/10.json:$.title	The salt shore	->	Tràigh an t-Salainn	|	The salt shore called the king's
CHANGE	eras/age_II/events/12.json:$.title	the high valleys	->	Na Glinn Àrda	|	The measured handful reaches every hearth of the high valleys
CHANGE	eras/age_II/events/12.json:$.summary	the high valleys	->	Na Glinn Àrda	|	ly, spreads within a few years to every hearth of the high valleys, nowhere written and nowhere 
CHANGE	eras/age_II/events/12.json:$.title	the coloured coal	->	an gual dathach	|	Eanraig Ruadh burns a whole basket of the coloured coal
CHANGE	eras/age_II/events/13.json:$.title	the Line of the Mason	->	Sloinneadh a' Chlachair	|	Somhairle gives Beathan the Line of the Mason whole
CHANGE	eras/age_II/events/13.json:$.summary	the Line of the Mason	->	Sloinneadh a' Chlachair	|	rs at the temple, Somhairle gives his son Beathan the Line of the Mason entire, twice through by the 
CHANGE	eras/age_II/events/13.json:$.summary	the high valleys	->	Na Glinn Àrda	|	The king rides up into the high valleys alone, unasked and unlooked-f
CHANGE	eras/age_II/events/14.json:$.summary	the Red Hill's	->	An Cnoc Ruadh's	|	t time in earnest of the salt running to waste in the Red Hill's pans while his own hill wears
CHANGE	eras/age_II/events/14.json:$.summary	the Red Hill	->	An Cnoc Ruadh	|	Raghnall asks the king to settle salt with the Red Hill on his behalf. The king answe
CHANGE	eras/age_II/events/14.json:$.summary	the Red Hill's	->	An Cnoc Ruadh's	|	, the first of the hill's blood to travel so near the Red Hill's country since Uisdean knelt t
CHANGE	eras/age_II/events/14.json:$.title	The Red Hill	->	An Cnoc Ruadh	|	The Red Hill refuses a poor clip
CHANGE	eras/age_II/events/14.json:$.summary	the Red Hill's	->	An Cnoc Ruadh's	|	season the wool comes down thin and unwashed, and the Red Hill's people will not weigh full sa
CHANGE	eras/age_II/events/14.json:$.summary	the Red Hill's	->	An Cnoc Ruadh's	|	A young man of the hill and a young woman of the Red Hill's people, remarked on for three
CHANGE	eras/age_II/events/14.json:$.title	the Red Hill	->	An Cnoc Ruadh	|	The unnamed holder of the Red Hill dies
CHANGE	eras/age_II/events/14.json:$.summary	The Red Hill's	->	An Cnoc Ruadh's	|	The Red Hill's holder who first waded to mee
CHANGE	eras/age_II/events/14.json:$.title	the Red Hill	->	An Cnoc Ruadh	|	Murchadh Gearr comes to the Red Hill
CHANGE	eras/age_II/events/14.json:$.summary	the Red Hill	->	An Cnoc Ruadh	|	arr, a kinsman of the old holder's line, comes to the Red Hill after a grandson's short hold
CHANGE	eras/age_II/events/14.json:$.title	the salt road	->	Rathad an t-Salainn	|	Murchadh Gearr walks the salt road to be seen
CHANGE	eras/age_II/events/14.json:$.summary	the Red Hill's	->	An Cnoc Ruadh's	|	e ghorm and the ford grows up without having seen the Red Hill's holder pass in the flesh.
CHANGE	eras/age_II/events/14.json:$.summary	the Red Hill's	->	An Cnoc Ruadh's	|	tinction between the hill's side of the water and the Red Hill's, the meeting by then older th
CHANGE	eras/age_II/events/15.json:$.title	the Hawk bay	->	Bàgh an t-Seabhaig	|	Three households settle the Hawk bay
CHANGE	eras/age_II/events/15.json:$.summary	the Hawk bay	->	Bàgh an t-Seabhaig	|	hag, eldest of the three households that cross to the Hawk bay, walks the nine days on her o
CHANGE	eras/age_II/events/15.json:$.title	the Hawk bay	->	Bàgh an t-Seabhaig	|	Flòraidh born at the Hawk bay
CHANGE	eras/age_II/events/15.json:$.summary	the Hawk bay	->	Bàgh an t-Seabhaig	|	Flòraidh is born at the Hawk bay in a winter hard enough to fr
CHANGE	eras/age_II/events/15.json:$.summary	the flint road	->	Rathad na Spor	|	Traders on the flint road come to ask the Hawk bay hous
CHANGE	eras/age_II/events/15.json:$.summary	the Hawk bay	->	Bàgh an t-Seabhaig	|	Traders on the flint road come to ask the Hawk bay households for Flòraidh by na
CHANGE	eras/age_II/events/15.json:$.summary	the Hawk bay	->	Bàgh an t-Seabhaig	|	A gale that takes the roofs off two houses at the Hawk bay leaves half a mile of strand 
CHANGE	eras/age_II/events/15.json:$.summary	the ford gathering	->	Cruinneachadh an Àtha	|	At the ford gathering Flòraidh watches the king mov
CHANGE	eras/age_II/events/15.json:$.title	the Red Hill	->	An Cnoc Ruadh	|	The round-house harbour begins paying salt to the Red Hill
CHANGE	eras/age_II/events/15.json:$.summary	the harbour of the round houses	->	Cala nan Taighean Cruinne	|	The households at the harbour of the round houses, where the king's blood first
CHANGE	eras/age_II/events/15.json:$.summary	the Red Hill	->	An Cnoc Ruadh	|	 came down to the sea, begin paying their salt to the Red Hill rather than keeping it among 
CHANGE	eras/age_II/events/15.json:$.summary	the flint road	->	Rathad na Spor	|	Small herds driven up the flint road by stages over three summers 
CHANGE	eras/age_II/events/15.json:$.summary	the flint road's	->	Rathad na Spor's	|	d above the firth at Cathair gheal, timbered from the flint road's own hills and roofed with tur
CHANGE	eras/age_II/events/16.json:$.title	the Hollow Man's	->	Marbh-bheò's	|	A fire lit in the Hollow Man's hills
CHANGE	eras/age_II/events/16.json:$.summary	the Hollow Man's	->	Marbh-bheò's	|	A herding family new to the Hollow Man's hills lights an open fire aga
CHANGE	eras/age_II/events/17.json:$.summary	the ford gathering	->	Cruinneachadh an Àtha	|	At the ford gathering the king stops before a bolt 
CHANGE	eras/age_II/events/17.json:$.title	The grey winter	->	An Geamhradh Liath	|	The grey winter
CHANGE	eras/age_II/events/18.json:$.title	the flint road	->	Rathad na Spor	|	Murchadh meets Ailig Spor on the flint road
CHANGE	eras/age_II/events/18.json:$.summary	the ford gathering	->	Cruinneachadh an Àtha	|	On the road between Cnoc àrsaidh and the ford gathering, Murchadh comes to know Ailig
CHANGE	eras/age_II/events/18.json:$.title	The flint road	->	Rathad na Spor	|	The flint road worn a yard deep
CHANGE	eras/age_II/events/18.json:$.summary	the flint road	->	Rathad na Spor	|	s a woman of a household by the river-crossing on the flint road and raises two sons and a dau
CHANGE	eras/age_II/events/18.json:$.summary	the flint road	->	Rathad na Spor	|	It does not escape the households of the flint road, decade upon decade, that Mur
CHANGE	eras/age_II/events/18.json:$.summary	the flint road	->	Rathad na Spor	|	nd asks his father for the whole northern country the flint road runs through, which he has wa
CHANGE	eras/age_II/events/19.json:$.summary	the ford gathering	->	Cruinneachadh an Àtha	|	At the ford gathering Sìleas Bhàn asks Ailean Mòr w
CHANGE	eras/age_II/events/20.json:$.title	The eight winds	->	Na h-Ochd Gaothan	|	The eight winds are named
CHANGE	eras/age_II/events/20.json:$.summary	The eight winds	->	Na h-Ochd Gaothan	|	The eight winds of the year, known before onl
CHANGE	eras/age_II/events/20.json:$.title	the wind-stones	->	Clachan nan Gaoth	|	Three brothers raise the wind-stones at Ceann leathan
CHANGE	eras/age_II/events/20.json:$.summary	the wind-stones	->	Clachan nan Gaoth	|	One bad winter after the wind-stones are first raised at Ceann lea
CHANGE	eras/age_II/events/21.json:$.summary	the seven coals	->	na Seachd Guail	|	alone of its kind and chose its one place the way the seven coals are said to have chosen their
CHANGE	eras/age_II/events/23.json:$.title	the Red Hill	->	An Cnoc Ruadh	|	Word sent west to the Red Hill
CHANGE	eras/age_II/events/23.json:$.summary	the Red Hill	->	An Cnoc Ruadh	|	idh Ghlas sends word to Lachlann Ruadh, holder of the Red Hill, asking that he take her youn
CHANGE	eras/age_II/events/23.json:$.summary	the Red Hill	->	An Cnoc Ruadh	|	On the morning his brother leaves for the Red Hill, Calum Ciar stands long at th
CHANGE	eras/age_II/events/23.json:$.summary	the Red Hill	->	An Cnoc Ruadh	|	ing him he is not sent for any wrong of his, that the Red Hill will be as much home to him a
CHANGE	eras/age_II/events/23.json:$.title	the salt road	->	Rathad an t-Salainn	|	A mound left untouched on the salt road
CHANGE	eras/age_II/events/23.json:$.summary	the salt road	->	Rathad an t-Salainn	|	Turning off the salt road for her own kin at Àth shean,
CHANGE	eras/age_II/events/23.json:$.title	the Red Hill	->	An Cnoc Ruadh	|	The fosterling comes to the Red Hill
CHANGE	eras/age_II/events/23.json:$.summary	the Red Hill	->	An Cnoc Ruadh	|	m in a boat for the first time, and comes back to the Red Hill wet through and pleased with 
CHANGE	eras/age_II/events/23.json:$.summary	the salt road	->	Rathad an t-Salainn	|	eased with himself, word of it carried east along the salt road to Dùn ìseal by the carriers 
CHANGE	eras/age_II/events/23.json:$.title	the Red Hill	->	An Cnoc Ruadh	|	Eilidh Ghlas visits the Red Hill
CHANGE	eras/age_II/events/23.json:$.summary	the Red Hill	->	An Cnoc Ruadh	|	Eilidh Ghlas comes to the Red Hill as Lachlann Ruadh's guest and
CHANGE	eras/age_II/events/23.json:$.title	The Red Hill	->	An Cnoc Ruadh	|	The Red Hill list begins to call Lachlann 
CHANGE	eras/age_II/events/23.json:$.summary	the Red Hill's	->	An Cnoc Ruadh's	|	In these years the Red Hill's reciters take up the habit of
CHANGE	eras/age_II/events/24.json:$.summary	the Stone Kings	->	Rìghrean na Cloiche	|	l, a herder of the near slopes with no kinship to the Stone Kings, tells her she will spend the
CHANGE	eras/age_II/events/24.json:$.title	The keepers' house	->	Taigh na Lice	|	The keepers' house raised at Tobar dhìreach
CHANGE	eras/age_II/events/24.json:$.title	The meeting of the cups	->	Coinneachadh nan Cupan	|	The meeting of the cups on the moor
CHANGE	eras/age_II/events/24.json:$.summary	the meeting of the cups	->	Coinneachadh nan Cupan	|	n all four; the place is called from that morning the meeting of the cups.
CHANGE	eras/age_II/events/24.json:$.summary	the meeting of the cups	->	Coinneachadh nan Cupan	|	From the year of the meeting of the cups, the households from the slop
CHANGE	eras/age_II/events/25.json:$.summary	the keepers' house	->	Taigh na Lice	|	an anyone at the clearing looked for: she dies in the keepers' house in the winter after the meeti
CHANGE	eras/age_II/events/25.json:$.summary	the meeting of the cups	->	Coinneachadh nan Cupan	|	he dies in the keepers' house in the winter after the meeting of the cups, and the families ask that a 
CHANGE	eras/age_II/events/25.json:$.title	the keepers' house	->	Taigh na Lice	|	The basket set inside the keepers' house
CHANGE	eras/age_II/events/25.json:$.summary	the keepers' house	->	Taigh na Lice	|	inswoman who found the coal carries the basket to the keepers' house at Tobar dhìreach and sets it
CHANGE	eras/age_II/events/25.json:$.summary	the keepers' house	->	Taigh na Lice	|	d on it and says she will keep it, and moves into the keepers' house before the month is out.
CHANGE	eras/age_II/events/26.json:$.title	The Black Wind	->	A' Ghaoth Dhubh	|	The Black Wind strips the east coast
CHANGE	eras/age_II/events/26.json:$.title	the Black Wind	->	A' Ghaoth Dhubh	|	The coast names the storm the Black Wind
CHANGE	eras/age_II/events/28.json:$.summary	the Red Hill	->	An Cnoc Ruadh	|	arrange. Her father agrees, and the households of the Red Hill give a season's labour to the
CHANGE	eras/age_II/events/28.json:$.summary	the Red Hill's	->	An Cnoc Ruadh's	|	ithout a hand needed to haul it clear of the mud: the Red Hill's first way onto open water tha
CHANGE	eras/age_II/events/28.json:$.summary	the Red Hill	->	An Cnoc Ruadh	|	he spring. He is five-and-sixty years old, an age the Red Hill reckons past complaint for a 
CHANGE	eras/age_II/events/28.json:$.summary	the Red Hill	->	An Cnoc Ruadh	|	edside than the years they gave the hill. He held the Red Hill one-and-sixty years.
CHANGE	eras/age_II/events/28.json:$.title	the Red Hill	->	An Cnoc Ruadh	|	Peigi Dhubh holds the Red Hill at forty
CHANGE	eras/age_II/events/28.json:$.summary	The Red Hill's	->	An Cnoc Ruadh's	|	or the tallies before she asks for anything else. The Red Hill's own steward says afterward th
CHANGE	eras/age_II/events/28.json:$.summary	the salt road	->	Rathad an t-Salainn	|	He walks the salt road east with a train of laden pa
CHANGE	eras/age_II/events/28.json:$.summary	the Red Hill's	->	An Cnoc Ruadh's	|	st with a train of laden pack-beasts and three of the Red Hill's household, and comes in sight
CHANGE	eras/age_II/events/28.json:$.summary	the Stone Kings	->	Rìghrean na Cloiche	|	ll's household, and comes in sight of the hill of the Stone Kings on the seventh evening, four-
CHANGE	eras/age_II/events/28.json:$.summary	the Red Hill's	->	An Cnoc Ruadh's	|	Meeting the Red Hill's train at the gate in his moth
CHANGE	eras/age_II/events/28.json:$.summary	the Red Hill's	->	An Cnoc Ruadh's	|	thing, the four-line refrain sung at the crust on the Red Hill's own lake shore. An old raker 
CHANGE	eras/age_II/events/28.json:$.summary	the Red Hill	->	An Cnoc Ruadh	|	 runs on afterward at the sea-shore pans in words the Red Hill itself can no longer wholly c
CHANGE	eras/age_II/events/28.json:$.title	The Stone Kings	->	Rìghrean na Cloiche	|	The Stone Kings' list keeps him no name
CHANGE	eras/age_II/events/28.json:$.summary	the Red Hill	->	An Cnoc Ruadh	|	s every holder before him; of the one who went to the Red Hill and came home grown, no year,
CHANGE	eras/age_II/events/29.json:$.summary	the panther road	->	Imrich nam Pantar	|	Watchers along the panther road see three great cats, on thre
CHANGE	eras/age_II/events/29.json:$.title	the panther road	->	Imrich nam Pantar	|	Iain drives cattle onto the panther road
CHANGE	eras/age_II/events/29.json:$.summary	the eight winds	->	Na h-Ochd Gaothan	|	A cutter of that household sets one of the eight winds' names beside the Old Ones' o
CHANGE	eras/age_II/events/29.json:$.summary	the Old Ones	->	Seann-Dhaoine	|	usehold sets one of the eight winds' names beside the Old Ones' own marks on the great bould
CHANGE	eras/age_II/events/29.json:$.summary	the Old Ones	->	Seann-Dhaoine	|	grave lined close with cut slabs in the manner of the Old Ones; they close it as carefully a
CHANGE	eras/age_II/events/29.json:$.title	the stag's grove	->	Coille Naomh Muileann chiar	|	Pilgrims begin sitting at the stag's grove
CHANGE	eras/age_II/events/29.json:$.summary	the stag's grove	->	Coille Naomh Muileann chiar	|	and in pairs to sit a single night at the edge of the stag's grove, keeping a small fire that bu
CHANGE	eras/age_II/events/29.json:$.title	the Red Hill	->	An Cnoc Ruadh	|	Settlers from the Red Hill raise the first house at Cnoc
CHANGE	eras/age_II/events/29.json:$.summary	the Red Hill	->	An Cnoc Ruadh	|	Households come down from the Red Hill to build at the edge of the s
CHANGE	eras/age_II/events/29.json:$.summary	the sacred forest at Cnoc bheag	->	Coille Naomh Cnoc bheag	|	me down from the Red Hill to build at the edge of the sacred forest at Cnoc bheag, taking timber only from the 
CHANGE	eras/age_II/events/29.json:$.summary	the sacred forest's	->	Coille Naomh Cnoc bheag's	|	yet seven goes missing near the line of stones at the sacred forest's edge; the settlement and its 
CHANGE	eras/age_II/events/29.json:$.title	the warm springs	->	Fuarain Theth Muileann ruadh	|	Iain goes to the warm springs
CHANGE	eras/age_II/events/29.json:$.title	the Hollow Man	->	Marbh-bheò	|	Two herders see the Hollow Man on the ridge
CHANGE	eras/age_II/events/29.json:$.summary	the Hollow Man's	->	Marbh-bheò's	|	Caught by dark on the way home, two herders near the Hollow Man's hills see a shape walk the ri
CHANGE	eras/age_II/events/29.json:$.summary	the Hollow Man's	->	Marbh-bheò's	|	The pit-dug, stone-lidded hearth spreads from the Hollow Man's hills toward the settlements 
CHANGE	eras/age_II/events/29.json:$.summary	the stag's grove	->	Coille Naomh Muileann chiar	|	 Hollow Man's hills toward the settlements nearer the stag's grove, and it hardens there into a 
CHANGE	eras/age_II/events/30.json:$.summary	the Old Ones	->	Seann-Dhaoine	|	Households raising walls from the Old Ones' shell midden at Caol mhòr wi
CHANGE	eras/age_II/events/30.json:$.title	the salt road	->	Rathad an t-Salainn	|	The last thicket on the salt road is cut through
CHANGE	eras/age_II/events/30.json:$.summary	the salt road	->	Rathad an t-Salainn	|	ugh the last unbroken stand of thorn and birch on the salt road to the north-west, so that Mu
CHANGE	eras/age_II/events/31.json:$.summary	the Red Hill	->	An Cnoc Ruadh	|	 stands eighty houses, the largest place north of the Red Hill.
CHANGE	eras/age_II/events/31.json:$.summary	the ford gathering	->	Cruinneachadh an Àtha	|	and send their wool south along the coast road to the ford gathering rather than north to Murchadh
CHANGE	eras/age_II/events/31.json:$.summary	the Old Ones	->	Seann-Dhaoine	|	end it, out of the caution settlers keep wherever the Old Ones' work still stands.
CHANGE	eras/age_II/events/31.json:$.title	the outpost	->	Làrach an Dùin-fhaire	|	Eithne's households name the ground below the outpost Cathair mhòr
CHANGE	eras/age_II/events/31.json:$.summary	the Red Hill's	->	An Cnoc Ruadh's	|	he northern plain and gives them to a grandson of the Red Hill's line, saying only that the gr
CHANGE	eras/age_II/events/31.json:$.title	the great gathering	->	An Cruinneachadh Mòr	|	The summons to the great gathering reaches the north
CHANGE	eras/age_II/events/32.json:$.title	The Red Hill's	->	An Cnoc Ruadh's	|	The Red Hill's salt-traders walk to the grea
CHANGE	eras/age_II/events/32.json:$.title	the great gathering	->	An Cruinneachadh Mòr	|	The Red Hill's salt-traders walk to the great gathering
CHANGE	eras/age_II/events/32.json:$.summary	the ford gathering	->	Cruinneachadh an Àtha	|	Word goes out along every road that the ford gathering in the three thousandth year 
CHANGE	eras/age_II/events/32.json:$.summary	the Red Hill's	->	An Cnoc Ruadh's	|	be kept greater than any before it. Households of the Red Hill's lake shore, among them the Re
CHANGE	eras/age_II/events/32.json:$.summary	the Red Hill	->	An Cnoc Ruadh	|	useholds of the Red Hill's lake shore, among them the Red Hill girl and her mother, walk the
CHANGE	eras/age_II/events/32.json:$.summary	the great gathering	->	An Cruinneachadh Mòr	|	 carriers of eastern flint trade the first day of the great gathering through, while households fro
CHANGE	eras/age_II/events/32.json:$.title	The Red Hill's	->	An Cnoc Ruadh's	|	The Red Hill's new holder is still called by
CHANGE	eras/age_II/events/32.json:$.summary	the Red Hill's	->	An Cnoc Ruadh's	|	o wade out to put their hands between the king's, the Red Hill's own holder is so newly come t
CHANGE	eras/age_II/events/32.json:$.summary	the Red Hill	->	An Cnoc Ruadh	|	r rings of the king's blood, named to the girl of the Red Hill by a woman of the ford who kn
CHANGE	eras/age_II/events/32.json:$.summary	the Red Hill	->	An Cnoc Ruadh	|	A boy of a western household, standing beside the Red Hill girl at the bank while the na
CHANGE	eras/age_II/events/32.json:$.summary	the Red Hill	->	An Cnoc Ruadh	|	Women of the Red Hill note at the fire that no hous
CHANGE	eras/age_II/events/32.json:$.title	The Red Hill	->	An Cnoc Ruadh	|	The Red Hill girl trails her hand in the w
CHANGE	eras/age_II/events/32.json:$.summary	the Red Hill	->	An Cnoc Ruadh	|	stands alone a while in the emptied ford at dusk, the Red Hill girl, nearest the water of an
CHANGE	eras/age_II/events/33.json:$.title	the Line of the Mason	->	Sloinneadh a' Chlachair	|	Somhairle gives Diorbhail the Line of the Mason whole
CHANGE	eras/age_II/events/33.json:$.summary	Line of the Mason	->	Sloinneadh a' Chlachair	|	ng the turn beside them, Somhairle says the whole Line of the Mason through twice without a name 
CHANGE	eras/age_II/events/34.json:$.summary	the fortress	->	Làrach an Dùin	|	The households settled in sight of the fortress ruin on the headland build th
CHANGE	eras/age_II/events/34.json:$.title	the temple ruin	->	Làrach an Teampaill	|	 shepherd's flock will not cross the worn path at the temple ruin
CHANGE	eras/age_II/events/34.json:$.summary	the temple ruin	->	Làrach an Teampaill	|	ck standing stock still along the path worn round the temple ruin, none grazing, none straying 
CHANGE	eras/age_II/events/34.json:$.summary	the wind-stones	->	Clachan nan Gaoth	|	At the yearly contests below the wind-stones of Ceann leathan, a young her
CHANGE	eras/age_II/events/34.json:$.summary	the lifting-stone	->	Clach a' Neirt	|	to do it, and is given by custom the first try at the lifting-stone that has never once been rais
CHANGE	eras/age_II/events/34.json:$.summary	the lifting-stone	->	Clach a' Neirt	|	 steps from the watching crowd, sets his hands to the lifting-stone and raises it to his knees, t
CHANGE	eras/age_II/events/35.json:$.title	the Black Wind	->	A' Ghaoth Dhubh	|	Ceann chiar cuts two-and-twenty marks for the Black Wind
CHANGE	eras/age_II/events/35.json:$.summary	the Black Wind	->	A' Ghaoth Dhubh	|	Rebuilding after the Black Wind that scattered their roofs a 
CHANGE	eras/age_II/events/35.json:$.summary	the warm springs	->	Fuarain Theth Muileann ruadh	|	Dùn ìseal and Muileann bhàn drive their cattle to the warm springs to drink; the surplus each ho
CHANGE	eras/age_II/events/36.json:$.title	the warm springs	->	Fuarain Theth Muileann ruadh	|	Achadh mhòr's wide field is cleared under the warm springs
CHANGE	eras/age_II/events/36.json:$.summary	the warm springs	->	Fuarain Theth Muileann ruadh	|	A household near the warm springs clears and banks the widest s
CHANGE	eras/age_II/events/36.json:$.title	The Red Hill's	->	An Cnoc Ruadh's	|	The Red Hill's boats come to be kept at Bail
CHANGE	eras/age_II/events/36.json:$.summary	the Red Hill's	->	An Cnoc Ruadh's	|	ome, within a generation, to put out oftener than the Red Hill's own strand, so that the harbo
CHANGE	eras/age_II/events/36.json:$.summary	the ford gathering	->	Cruinneachadh an Àtha	|	ore of seal-skins the length of the island toward the ford gathering, meaning to trade them for sa
CHANGE	eras/age_II/events/36.json:$.summary	the great gathering	->	An Cruinneachadh Mòr	|	ndfather claims a telling, four hands removed, of the great gathering held in the three-thousandth 
CHANGE	eras/age_II/events/37.json:$.summary	the Red Hill's	->	An Cnoc Ruadh's	|	People out of the Red Hill's country find an old river lan
CHANGE	eras/age_II/events/37.json:$.summary	the Stone Kings	->	Rìghrean na Cloiche	|	s Dùn ìseal formally as the twelfth to hold it of the Stone Kings' line, known already for a me
CHANGE	eras/age_II/events/37.json:$.title	the Red Hill	->	An Cnoc Ruadh	|	Seumas Òg takes the Red Hill
CHANGE	eras/age_II/events/37.json:$.summary	the Red Hill	->	An Cnoc Ruadh	|	n-and-twenty named Seumas takes up the holding of the Red Hill his own line has kept since t
CHANGE	eras/age_II/events/37.json:$.summary	the Red Hill's	->	An Cnoc Ruadh's	|	trìona takes Dùn ìseal; his name will be the last the Red Hill's own spoken roll carries.
CHANGE	eras/age_II/events/37.json:$.summary	the Stone Kings	->	Rìghrean na Cloiche	|	Eòin gives the whole roll of the Stone Kings from Ailean Mòr to Catrìona's
CHANGE	eras/age_II/events/37.json:$.summary	the Red Hill	->	An Cnoc Ruadh	|	rìona's own name, and Ùna gives the whole roll of the Red Hill from Beathag Ruadh to Seumas 
CHANGE	eras/age_II/events/37.json:$.title	The keepers of the slab	->	Luchd-faire na Lice	|	The keepers of the slab settle at nine
CHANGE	eras/age_II/events/37.json:$.summary	the night of the handful	->	Oidhche na Glaice	|	re lighting its own; the night comes to be called the night of the handful.
CHANGE	eras/age_II/events/37.json:$.title	the column at Cnoc ghorm	->	Calbh Cnoc ghorm	|	A nameless hand recuts the column at Cnoc ghorm
CHANGE	eras/age_II/events/37.json:$.summary	the Stone Kings	->	Rìghrean na Cloiche	|	Eòin, whose voice carried the whole roll of the Stone Kings across one night at the ford,
CHANGE	eras/age_II/events/37.json:$.summary	the Red Hill	->	An Cnoc Ruadh	|	year, and Ùna, who answered him roll for roll for the Red Hill, follows him within two years
CHANGE	eras/age_II/events/39.json:$.title	the high valleys	->	Na Glinn Àrda	|	Ceallach is born in the high valleys
CHANGE	eras/age_II/events/39.json:$.summary	the high valleys	->	Na Glinn Àrda	|	son is born to Gille-Brìde of Somhairle's line in the high valleys and is called Ceallach; he is
CHANGE	eras/age_II/events/39.json:$.title	The host of the east	->	Sluagh an Ear	|	The host of the east begins to gather at Dùn dhear
CHANGE	eras/age_II/events/39.json:$.summary	the host of the east	->	Sluagh an Ear	|	In the spring the host of the east begins gathering at Dùn dhear
CHANGE	eras/age_II/events/39.json:$.summary	the high valleys	->	Na Glinn Àrda	|	Gille-Brìde walks down out of the high valleys with Ceallach, now grown but 
CHANGE	eras/age_II/events/40.json:$.summary	the host of the east	->	Sluagh an Ear	|	, comes down the western track to stand with him; the host of the east has the river to itself the w
LEFT	eras/age_II/book/32_the_great_gathering_at_the_ford.md:9	the great gathering	(no "the" before it)	|	three days, she thought at first that a great gathering must be a kind of market larger than th
LEFT	eras/age_II/events/01.json:$.summary	the Keeper	(another thing of the same English name)	|	 he cannot cross into the ring of oaks. The Keeper allows him to camp at the tree-line and
LEFT	eras/age_II/events/09.json:$.summary	the Telling	(no "the" before it)	|	Telling of the oak dug-out sunk and left at the
LEFT	eras/age_II/events/14.json:$.summary	the salt road	(no "the" before it)	|	Murchadh Gearr walks the whole salt road on his own feet in the weeks before eve
LEFT	eras/age_II/events/34.json:$.summary	the ford gathering	(no "the" before it)	|	At the crowded ford gathering, an old man past his wrestling years te
LEFT	eras/age_II/events/37.json:$.summary	the coloured coal	(no "the" before it)	|	r comes to burn its measured handful of coloured coal on the same dark night, each watching f
LEFT	eras/age_II/events/37.json:$.summary	the column at Cnoc ghorm	(no "the" before it)	|	ìona's own hill goes out to the ancient column at Cnoc ghorm and recuts its worn grooves along their
LEFT	eras/age_II/events/37.json:$.summary	the keepers of the slab	(no "the" before it)	|	The nine keepers of the slab come up together at the ford and ask Ca
LEFT	eras/age_II/events/39.json:$.summary	the outpost	(no "the" before it)	|	Eithne comes down from the southern outpost with her own household, and her knot-ke
