# run 2026-09-26 01:20: 812 changes, 107 left
CHANGE	eras/age_I/annals/age_I_01.json:EI-1020.title	The first fire	->	Teine a' Chlachair	|	The first fire begged and given
CHANGE	eras/age_I/annals/age_I_01.json:EI-1020.body	the mason's fire	->	Teine a' Chlachair	|	, its own hearth cold, comes asking for a coal of the mason's fire. Neachdan gives it freely and
CHANGE	eras/age_I/annals/age_I_01.json:EI-1027.title	the fire-pot	->	Poit an Teine	|	Ailbhe first sent out with the fire-pot
CHANGE	eras/age_I/annals/age_I_01.json:EI-1028.body	The mason's fire	->	Teine a' Chlachair	|	the moor at the limit of any household's grazing. The mason's fire, walked outward hearth by hea
CHANGE	eras/age_I/annals/age_I_01.json:EI-1030.body	the Mason	->	An Clachair	|	Neachdan, the Mason, dies old by the hearth he li
CHANGE	eras/age_I/annals/age_I_01.json:EI-1033.body	the vein-fire	->	Teine na Fèithe	|	Conall, who first carried the vein-fire home in a water-pot as a boy,
CHANGE	eras/age_I/annals/age_I_01.json:EI-1033.body	the night of the lightning	->	Oidhche an Dealanaich	|	the well-cut still burning as it has burned since the night of the lightning, unchanged through two of the
CHANGE	eras/age_I/annals/age_I_01.json:EI-1036.body	the mason's fire	->	Teine a' Chlachair	|	 at the hearth she was born beside, having walked the mason's fire to more hearths than anyone h
CHANGE	eras/age_I/annals/age_I_01.json:EI-1042.title	The vein-fire	->	Teine na Fèithe	|	The vein-fire burns low
CHANGE	eras/age_I/annals/age_I_01.json:EI-1043.title	the vein-fire	->	Teine na Fèithe	|	Muirne marks the vein-fire sinking
CHANGE	eras/age_I/annals/age_I_01.json:EI-1044.title	The vein-fire	->	Teine na Fèithe	|	The vein-fire marked lower each winter
CHANGE	eras/age_I/annals/age_I_01.json:EI-1045.body	the vein-fire	->	Teine na Fèithe	|	standing water, Muirne sits out the last night of the vein-fire in the rain and watches its p
CHANGE	eras/age_I/annals/age_I_01.json:EI-1045.body	the mason's fire	->	Teine a' Chlachair	|	ow go out, quietly, with no one else there to see the mason's fire die in the ground where it wa
CHANGE	eras/age_I/annals/age_I_01.json:EI-1047.body	the vein-fire	->	Teine na Fèithe	|	The spring that finishes the vein-fire is remembered also for rain t
CHANGE	eras/age_I/annals/age_I_01.json:EI-1048.title	The slab	->	Leac na Fèithe	|	The slab laid over the vein
CHANGE	eras/age_I/annals/age_I_01.json:EI-1051.title	the slab	->	Leac na Fèithe	|	Grandchildren sent out to the slab in Muirne's stead
CHANGE	eras/age_I/annals/age_I_01.json:EI-1051.body	the slab	->	Leac na Fèithe	|	inter walk, Muirne sends her grandchildren out to the slab to see that the turf at its e
CHANGE	eras/age_I/annals/age_I_01.json:EI-1052.body	the slab	->	Leac na Fèithe	|	's fire, whole, back to the stone. The telling of the slab passes to her grandchildren.
CHANGE	eras/age_I/annals/age_I_03.json:EI-2002.title	the fire-pot	->	Poit an Teine	|	The aunt keeps the fire-pot
CHANGE	eras/age_I/annals/age_I_03.json:EI-2002.body	The fire-pot	->	Poit an Teine	|	The fire-pot at Tobar dhìreach is kept in 
CHANGE	eras/age_I/annals/age_I_03.json:EI-2003.body	the fire-pot	->	Poit an Teine	|	Diarmad, seven years old, asks the aunt who keeps the fire-pot why the mason's pieces hold c
CHANGE	eras/age_I/annals/age_I_03.json:EI-2010.title	the fire-pot	->	Poit an Teine	|	Fionnghuala takes the fire-pot
CHANGE	eras/age_I/annals/age_I_03.json:EI-2024.title	The Keeper	->	Coimhdeach na Fine	|	The Keeper names itself to Diarmad
CHANGE	eras/age_I/annals/age_I_03.json:EI-2024.body	the Young God	->	an Dia Òg	|	of the kin, made from the smoke of the first coal the Young God woke, watching the island's p
CHANGE	eras/age_I/annals/age_I_03.json:EI-2025.title	the Telling of the Making	->	Aithris a' Chruthachaidh	|	Diarmad hears the Telling of the Making
CHANGE	eras/age_I/annals/age_I_03.json:EI-2025.body	The Keeper	->	Coimhdeach na Fine	|	The Keeper tells Diarmad the whole Telli
CHANGE	eras/age_I/annals/age_I_03.json:EI-2025.body	Telling of the Making	->	Aithris a' Chruthachaidh	|	The Keeper tells Diarmad the whole Telling of the Making, from Caoran's choosing of co
CHANGE	eras/age_I/annals/age_I_03.json:EI-2026.title	the Young God	->	an Dia Òg	|	Diarmad asks whether the Young God was angry
CHANGE	eras/age_I/annals/age_I_03.json:EI-2026.body	the godfolk	->	an Dia-shluagh	|	Shamed by the telling of how the godfolk once found the coloured stone
CHANGE	eras/age_I/annals/age_I_03.json:EI-2026.body	the Keeper	->	Coimhdeach na Fine	|	 fall back into the heather unknown, Diarmad asks the Keeper whether the Young God was ang
CHANGE	eras/age_I/annals/age_I_03.json:EI-2026.body	the Young God	->	an Dia Òg	|	 heather unknown, Diarmad asks the Keeper whether the Young God was angry at the forgetting; 
CHANGE	eras/age_I/annals/age_I_03.json:EI-2026.body	the Keeper	->	Coimhdeach na Fine	|	hether the Young God was angry at the forgetting; the Keeper answers that he only laughed,
CHANGE	eras/age_I/annals/age_I_03.json:EI-2027.title	The Keeper	->	Coimhdeach na Fine	|	The Keeper gives Diarmad the riddle
CHANGE	eras/age_I/annals/age_I_03.json:EI-2027.title	the riddle	->	Tòimhseachan a' Choimhdich	|	The Keeper gives Diarmad the riddle
CHANGE	eras/age_I/annals/age_I_03.json:EI-2027.body	the mason's fire	->	Teine a' Chlachair	|	Asked why the mason's fire burned the colour out of ever
CHANGE	eras/age_I/annals/age_I_03.json:EI-2027.body	the Keeper	->	Coimhdeach na Fine	|	s fire burned the colour out of every coal alike, the Keeper answers that they are burned 
CHANGE	eras/age_I/annals/age_I_03.json:EI-2027.body	the riddle	->	Tòimhseachan a' Choimhdich	|	n one fire and none in its own, and gives Diarmad the riddle of the sky, the earth and the
CHANGE	eras/age_I/annals/age_I_03.json:EI-2028.title	The Keeper	->	Coimhdeach na Fine	|	The Keeper leaves Diarmad by his dying f
CHANGE	eras/age_I/annals/age_I_03.json:EI-2028.body	the riddle	->	Tòimhseachan a' Choimhdich	|	When Diarmad calls the riddle no answer, the Keeper tells h
CHANGE	eras/age_I/annals/age_I_03.json:EI-2028.body	the Keeper	->	Coimhdeach na Fine	|	When Diarmad calls the riddle no answer, the Keeper tells him it is the one it wa
CHANGE	eras/age_I/annals/age_I_03.json:EI-2029.title	the riddle	->	Tòimhseachan a' Choimhdich	|	Diarmad tries the riddle alone against sky, earth and 
CHANGE	eras/age_I/annals/age_I_03.json:EI-2029.body	the rainbow coal	->	gual bogha-froise	|	o leave the grove, Diarmad spends two days trying the rainbow coal by himself: held up to a gap 
CHANGE	eras/age_I/annals/age_I_03.json:EI-2030.title	the riddle	->	Tòimhseachan a' Choimhdich	|	Diarmad speaks the riddle over the bare coal
CHANGE	eras/age_I/annals/age_I_03.json:EI-2030.body	the riddle's	->	Tòimhseachan a' Choimhdich's	|	On the second morning Diarmad kneels and speaks the riddle's words aloud over the coal lai
CHANGE	eras/age_I/annals/age_I_03.json:EI-2031.body	the riddle	->	Tòimhseachan a' Choimhdich	|	After two days failing to open the riddle alone, Diarmad banks his fire
CHANGE	eras/age_I/annals/age_I_03.json:EI-2031.body	the rainbow coal	->	gual bogha-froise	|	e alone, Diarmad banks his fire under turf, wraps the rainbow coal back against his chest, and s
CHANGE	eras/age_I/annals/age_I_03.json:EI-2032.body	the Telling of the Making	->	Aithris a' Chruthachaidh	|	high valleys on the evening of the third day with the Telling of the Making whole in him and the Keeper's
CHANGE	eras/age_I/annals/age_I_03.json:EI-2032.body	the Keeper's riddle	->	Tòimhseachan a' Choimhdich	|	y with the Telling of the Making whole in him and the Keeper's riddle unopened, not yet sure which 
CHANGE	eras/age_I/annals/age_I_03.json:EI-2033.title	the Keeper	->	Coimhdeach na Fine	|	The dead leaves go round the Keeper
CHANGE	eras/age_I/annals/age_I_03.json:EI-2034.body	the Telling	->	Aithris a' Chruthachaidh	|	In the Telling Diarmad sees a child of the g
CHANGE	eras/age_I/annals/age_I_03.json:EI-2034.body	the godfolk	->	an Dia-shluagh	|	In the Telling Diarmad sees a child of the godfolk carry coloured stones home in
CHANGE	eras/age_I/annals/age_I_03.json:EI-2035.body	the rainbow coal	->	gual bogha-froise	|	n hops along the fallen trunk to within a hand of the rainbow coal, looks at it and at Diarmad, 
CHANGE	eras/age_I/annals/age_I_03.json:EI-2035.body	the riddle	->	Tòimhseachan a' Choimhdich	|	and goes about its business; Diarmad does not try the riddle again that day.
CHANGE	eras/age_I/annals/age_I_03.json:EI-2036.title	the riddle	->	Tòimhseachan a' Choimhdich	|	Diarmad says the riddle over on the road
CHANGE	eras/age_I/annals/age_I_03.json:EI-2036.body	the riddle	->	Tòimhseachan a' Choimhdich	|	All the first day of the walk home Diarmad says the riddle aloud, the strange words and 
CHANGE	eras/age_I/annals/age_I_03.json:EI-2037.title	the Telling	->	Aithris a' Chruthachaidh	|	Diarmad tells the Telling at his own hearth
CHANGE	eras/age_I/annals/age_I_03.json:EI-2037.body	the Keeper	->	Coimhdeach na Fine	|	hìreach and tells the household the bones of what the Keeper gave him: the making of the i
CHANGE	eras/age_I/annals/age_I_03.json:EI-2037.body	the riddle	->	Tòimhseachan a' Choimhdich	|	ops of fire, the gift buried and thrown away, and the riddle of the sky, the earth and the
CHANGE	eras/age_I/annals/age_I_03.json:EI-2038.body	the Telling	->	Aithris a' Chruthachaidh	|	A kinsman of Tadhg's line by marriage laughs the Telling off as three days' talk with 
CHANGE	eras/age_I/annals/age_I_03.json:EI-2039.body	the Telling	->	Aithris a' Chruthachaidh	|	Told the Telling in full, alone, Diarmad's wif
CHANGE	eras/age_I/annals/age_I_03.json:EI-2040.body	the Telling	->	Aithris a' Chruthachaidh	|	Diarmad takes up a second labour beside the Telling, walking hearth to hearth amo
CHANGE	eras/age_I/annals/age_I_03.json:EI-2042.body	the night of the lightning	->	Oidhche an Dealanaich	|	On the night of the lightning Diarmad stands at his own hea
CHANGE	eras/age_I/annals/age_I_03.json:EI-2042.body	the Telling	->	Aithris a' Chruthachaidh	|	amh, unbelieving still, stands after him and says the Telling in full because a house shoul
CHANGE	eras/age_I/annals/age_I_03.json:EI-2043.title	the Telling	->	Aithris a' Chruthachaidh	|	Niamh says the Telling after the Line
CHANGE	eras/age_I/annals/age_I_03.json:EI-2043.body	the Telling of the Making	->	Aithris a' Chruthachaidh	|	 the Line Niamh stands after her husband and says the Telling of the Making, though she does not yet beli
CHANGE	eras/age_I/annals/age_I_03.json:EI-2044.title	the fire-pot	->	Poit an Teine	|	Diarmad takes up the fire-pot
CHANGE	eras/age_I/annals/age_I_03.json:EI-2044.body	the fire-pot	->	Poit an Teine	|	n his mother's death Diarmad takes the keeping of the fire-pot alongside the keeping of the 
CHANGE	eras/age_I/annals/age_I_03.json:EI-2044.body	the riddle	->	Tòimhseachan a' Choimhdich	|	e fire-pot alongside the keeping of the names and the riddle, three weights on one back.
CHANGE	eras/age_I/annals/age_I_03.json:EI-2045.body	the Telling	->	Aithris a' Chruthachaidh	|	tells their daughter that she has come to believe the Telling without ever deciding to, the
CHANGE	eras/age_I/annals/age_I_03.json:EI-2046.title	the fire-pot	->	Poit an Teine	|	Fionnghuala dies keeping the fire-pot
CHANGE	eras/age_I/annals/age_I_03.json:EI-2046.body	the fire-pot	->	Poit an Teine	|	mad's mother Fionnghuala dies in her own bed with the fire-pot within reach of her hand, as 
CHANGE	eras/age_I/annals/age_I_03.json:EI-2046.body	the riddle	->	Tòimhseachan a' Choimhdich	|	eeping of the pot himself alongside the names and the riddle.
CHANGE	eras/age_I/annals/age_I_03.json:EI-2049.body	the riddle's	->	Tòimhseachan a' Choimhdich's	|	Reasoning that the riddle's merging might mean the coals 
CHANGE	eras/age_I/annals/age_I_03.json:EI-2051.title	The Telling	->	Aithris a' Chruthachaidh	|	The Telling carried to the northern moor
CHANGE	eras/age_I/annals/age_I_03.json:EI-2051.body	the Telling	->	Aithris a' Chruthachaidh	|	A fire-bearer who has heard the Telling three times at Tobar dhìreach
CHANGE	eras/age_I/annals/age_I_03.json:EI-2052.title	The Telling	->	Aithris a' Chruthachaidh	|	The Telling reaches the eastern hearths
CHANGE	eras/age_I/annals/age_I_03.json:EI-2052.body	the Telling	->	Aithris a' Chruthachaidh	|	's walk to the grove, traders carry some shape of the Telling to nearly every hearth of the
CHANGE	eras/age_I/annals/age_I_03.json:EI-2054.body	the fire-pot	->	Poit an Teine	|	Diarmad dies at his hearth with the fire-pot near him and the six dark coa
CHANGE	eras/age_I/annals/age_I_03.json:EI-2055.title	the Telling	->	Aithris a' Chruthachaidh	|	Deirbhile fixes the Telling word for word
CHANGE	eras/age_I/annals/age_I_03.json:EI-2055.body	the Telling	->	Aithris a' Chruthachaidh	|	Diarmad's daughter Deirbhile, keeping the Telling more exactly than her father 
CHANGE	eras/age_I/annals/age_I_03.json:EI-2056.title	the Telling	->	Aithris a' Chruthachaidh	|	Deirbhile teaches the Telling a section at a time
CHANGE	eras/age_I/annals/age_I_03.json:EI-2056.body	the Telling	->	Aithris a' Chruthachaidh	|	h of her children down in turn and makes them say the Telling back to her a section at a ti
CHANGE	eras/age_I/annals/age_I_03.json:EI-2057.title	The Telling	->	Aithris a' Chruthachaidh	|	The Telling said at an eastern hearth
CHANGE	eras/age_I/annals/age_I_03.json:EI-2057.body	the Telling	->	Aithris a' Chruthachaidh	|	 no claim on the Line beyond distant kinship says the Telling standing on the darkest night
CHANGE	eras/age_I/annals/age_I_03.json:EI-2057.body	the riddle	->	Tòimhseachan a' Choimhdich	|	he darkest night, and tells a child who asks what the riddle means that it is a question f
CHANGE	eras/age_I/annals/age_I_03.json:EI-2057.body	the Mason's	->	An Clachair's	|	s what the riddle means that it is a question for the Mason's own line to answer.
CHANGE	eras/age_I/annals/age_I_04.json:EI-2502.title	the riddle	->	Tòimhseachan a' Choimhdich	|	The trying of the riddle is let rest at the mason's he
CHANGE	eras/age_I/annals/age_I_04.json:EI-2502.body	the Mason's line	->	Clann a' Chlachair	|	ave come out of every trial the same dull stones, the Mason's line lets the trying rest, the lea
CHANGE	eras/age_I/annals/age_I_04.json:EI-2516.body	the Mason's	->	An Clachair's	|	On the dark-of-the-year night the keeper of the Mason's hearth stands to say the fath
CHANGE	eras/age_I/annals/age_I_04.json:EI-2516.body	the riddle	->	Tòimhseachan a' Choimhdich	|	ithout any household sending word ahead, and says the riddle after as she has said it ever
CHANGE	eras/age_I/annals/age_I_04.json:EI-2539.body	the Mason's line	->	Clann a' Chlachair	|	Aodh is born into the Mason's line at Tobar dhìreach, into a hea
CHANGE	eras/age_I/annals/age_I_04.json:EI-2539.body	the Keeper's riddle	->	Tòimhseachan a' Choimhdich	|	bar dhìreach, into a hearth that has by then said the Keeper's riddle at every recital for near fiv
CHANGE	eras/age_I/annals/age_I_04.json:EI-2539.body	the gold coal	->	gual òir	|	for near five hundred years without once carrying the gold coal to the sea it is said to answ
CHANGE	eras/age_I/annals/age_I_04.json:EI-2542.body	the fire-pot	->	Poit an Teine	|	At twenty Aodh tells Muirgheal, keeper of the fire-pot at Tobar dhìreach, that he me
CHANGE	eras/age_I/annals/age_I_04.json:EI-2542.body	the gold coal	->	gual òir	|	ire-pot at Tobar dhìreach, that he means to carry the gold coal to the sea before another gen
CHANGE	eras/age_I/annals/age_I_04.json:EI-2542.body	the riddle	->	Tòimhseachan a' Choimhdich	|	ld coal to the sea before another generation lets the riddle lie; she does not laugh, and 
CHANGE	eras/age_I/annals/age_I_04.json:EI-2546.title	The gold coal	->	Gual òir	|	The gold coal takes fire on the sea
CHANGE	eras/age_I/annals/age_I_04.json:EI-2546.body	the seven coals	->	na Seachd Guail	|	Aodh throws the seven coals of the vein into the sea one 
CHANGE	eras/age_I/annals/age_I_04.json:EI-2547.body	the Keeper's riddle	->	Tòimhseachan a' Choimhdich	|	five hundred years since the grove, and says that the Keeper's riddle is proved true: each coal ans
CHANGE	eras/age_I/annals/age_I_04.json:EI-2548.body	the gold coal's	->	gual òir's	|	 the recital after the fathers' names, telling of the gold coal's lighting on the northern sea;
CHANGE	eras/age_I/annals/age_I_04.json:EI-2549.title	the gold coal	->	gual òir	|	Word of the gold coal spreads from Tobar dhìreach
CHANGE	eras/age_I/annals/age_I_04.json:EI-2549.body	the gold coal	->	gual òir	|	ìreach send someone to ask whether the telling of the gold coal is true, and for days the fir
CHANGE	eras/age_I/annals/age_I_04.json:EI-2549.body	the fire-pot's	->	Poit an Teine's	|	he telling of the gold coal is true, and for days the fire-pot's door stands open near the who
CHANGE	eras/age_I/annals/age_I_04.json:EI-2551.body	the gold coal	->	gual òir	|	ded after the fathers' names at the recital: that the gold coal was thrown into the northern 
CHANGE	eras/age_I/annals/age_I_04.json:EI-2553.body	the fire-pot	->	Poit an Teine	|	Muirgheal, keeper of the fire-pot, dies an old woman having liv
CHANGE	eras/age_I/annals/age_I_05.json:EI-3045.title	the fire-pot	->	Poit an Teine	|	Gormal takes up the fire-pot
CHANGE	eras/age_I/annals/age_I_05.json:EI-3045.body	the fire-pot	->	Poit an Teine	|	th of the one daughter who lived, Gormal takes up the fire-pot and the leather bag of the li
CHANGE	eras/age_I/annals/age_I_05.json:EI-3045.body	coloured coal	->	an gual dathach	|	up the fire-pot and the leather bag of the line's coloured coal from an aunt with no living d
CHANGE	eras/age_I/annals/age_I_05.json:EI-3047.body	the riddle	->	Tòimhseachan a' Choimhdich	|	Gormal rules that the fathers' names and the riddle after them be said standing e
CHANGE	eras/age_I/annals/age_I_05.json:EI-3048.body	the fire-pot	->	Poit an Teine	|	nds the fathers' names over to the aunt who keeps the fire-pot every evening of a whole wint
CHANGE	eras/age_I/annals/age_I_05.json:EI-3048.body	the riddle	->	Tòimhseachan a' Choimhdich	|	 of its place, and asks, the first time she hears the riddle whole, why no one has tried f
CHANGE	eras/age_I/annals/age_I_05.json:EI-3056.body	the riddle	->	Tòimhseachan a' Choimhdich	|	fixed words, begins saying the fathers' names and the riddle to her own children in gentle
CHANGE	eras/age_I/annals/age_I_05.json:EI-3060.body	the riddle	->	Tòimhseachan a' Choimhdich	|	st dark-of-the-year night of her life Gormal says the riddle standing as she has said it e
CHANGE	eras/age_I/annals/age_I_05.json:EI-3061.body	the fire-pot	->	Poit an Teine	|	Gormal dies that winter in the house she kept the fire-pot in her whole life, her daught
CHANGE	eras/age_I/annals/age_I_06.json:EI-3501.body	the Mason's line	->	Clann a' Chlachair	|	A second son is born to the household of the Mason's line at Tobar dhìreach, three year
CHANGE	eras/age_I/annals/age_I_06.json:EI-3502.body	the Mason's line	->	Clann a' Chlachair	|	Fearghas is born at Tobar dhìreach into the Mason's line, growing up on Gormal's unset
CHANGE	eras/age_I/annals/age_I_06.json:EI-3510.body	the snowflake coal	->	gual sneachda	|	Before the brothers leave the summit where the snowflake coal has just taken fire in the fa
CHANGE	eras/age_I/annals/age_I_06.json:EI-3514.body	the Mason's line	->	Clann a' Chlachair	|	de it, the first stone set there by a hand not of the Mason's line, beginning a custom that outl
CHANGE	eras/age_I/annals/age_I_06.json:EI-3520.body	the slab	->	Leac na Fèithe	|	ight he had proved, and is buried within sight of the slab that covers the mason's vein 
CHANGE	eras/age_I/annals/age_I_06.json:EI-3547.title	The outpost's	->	Làrach an Dùin-fhaire's	|	The outpost's wall dressed on its outer fac
CHANGE	eras/age_I/annals/age_I_06.json:EI-3547.body	the outpost's	->	Làrach an Dùin-fhaire's	|	The mason who sets the outpost's first course dresses its ston
CHANGE	eras/age_I/annals/age_I_06.json:EI-3548.title	the outpost	->	Làrach an Dùin-fhaire	|	The inner face of the outpost left rough
CHANGE	eras/age_I/annals/age_I_06.json:EI-3548.body	the outpost	->	Làrach an Dùin-fhaire	|	The woman who sets the first course of the outpost wall dresses the stones on th
CHANGE	eras/age_I/annals/age_I_06.json:EI-3549.title	The outpost's	->	Làrach an Dùin-fhaire's	|	The outpost's gate hung
CHANGE	eras/age_I/annals/age_I_06.json:EI-3549.body	the outpost	->	Làrach an Dùin-fhaire	|	A heavy oaken gate is hung on a socketed post at the outpost, its single doorway facing in
CHANGE	eras/age_I/annals/age_I_06.json:EI-3552.body	the outpost's	->	Làrach an Dùin-fhaire's	|	A woman who keeps the outpost's first winter watch longer tha
CHANGE	eras/age_I/annals/age_I_06.json:EI-3553.body	the outpost	->	Làrach an Dùin-fhaire	|	A boy of the outpost raises the whole watch at dus
CHANGE	eras/age_I/annals/age_I_06.json:EI-3553.body	the outpost's	->	Làrach an Dùin-fhaire's	|	ly together; nothing is found by first light, and the outpost's watch is never again left to 
CHANGE	eras/age_I/annals/age_I_06.json:EI-3562.body	the outpost	->	Làrach an Dùin-fhaire	|	The track between the outpost and the rings is paved stretc
CHANGE	eras/age_I/annals/age_I_07.json:EI-4002.body	the outpost	->	Làrach an Dùin-fhaire	|	rs of trimmed timber, the same labour that raised the outpost wall and the fortress rings, 
CHANGE	eras/age_I/annals/age_I_07.json:EI-4002.body	the fortress	->	Làrach an Dùin	|	 the same labour that raised the outpost wall and the fortress rings, and set back from the 
CHANGE	eras/age_I/annals/age_I_07.json:EI-4023.body	the Telling	->	Aithris a' Chruthachaidh	|	hing hearth of the north-west shore, kin who keep the Telling as every hill hearth does but
CHANGE	eras/age_I/annals/age_I_07.json:EI-4029.body	the Telling's	->	Aithris a' Chruthachaidh's	|	ther plainly that he means to sail west and prove the Telling's word of a land beyond the sea
CHANGE	eras/age_I/annals/age_I_07.json:EI-4046.body	the Mason's line	->	Clann a' Chlachair	|	Brian, of the Mason's line, becomes known through the hi
CHANGE	eras/age_I/annals/age_I_07.json:EI-4052.title	the mason's fire	->	Teine a' Chlachair	|	The black coal set in the mason's fire
CHANGE	eras/age_I/annals/age_I_07.json:EI-4052.body	the night of the lightning	->	Oidhche an Dealanaich	|	 a' Chlachair holds to have burned unbroken since the night of the lightning. It catches and burns on, and
CHANGE	eras/age_I/annals/age_I_07.json:EI-4055.body	the slab	->	Leac na Fèithe	|	ack coal warm in Brian's hand at the graveside by the slab.
CHANGE	eras/age_I/annals/age_I_07.json:EI-4057.body	the slab	->	Leac na Fèithe	|	 illness the valley can name. He is buried beside the slab at Tobar dhìreach, near the g
CHANGE	eras/age_I/annals/age_I_08.json:EI-4504.body	the Sea-Watcher	->	Uilebheist na Mara	|	creature has a name that will not leave it again: the Sea-Watcher. Not every hearth believes th
CHANGE	eras/age_I/annals/age_I_08.json:EI-4504.body	the Watcher's	->	Uilebheist na Mara's	|	em, but the water off the point is from that year the Watcher's water in every mouth, believe
CHANGE	eras/age_I/annals/age_I_08.json:EI-4505.body	the Watcher	->	Uilebheist na Mara	|	The youngest of the four men who saw the Watcher rise carries the telling word
CHANGE	eras/age_I/annals/age_I_08.json:EI-4508.body	the Watcher	->	Uilebheist na Mara	|	f their own hearth smoke. The loss is not laid to the Watcher, the water being the wrong wa
CHANGE	eras/age_I/annals/age_I_08.json:EI-4510.body	the Watcher's	->	Uilebheist na Mara's	|	n from the headland to boats working too far into the Watcher's water, Criomthann's warning w
CHANGE	eras/age_I/annals/age_I_08.json:EI-4514.body	the Watcher	->	Uilebheist na Mara	|	ving outlived every one of the four who first saw the Watcher rise. At his own asking he is
CHANGE	eras/age_I/annals/age_I_08.json:EI-4519.title	the Watcher	->	Uilebheist na Mara	|	The widows name the Watcher
CHANGE	eras/age_I/annals/age_I_08.json:EI-4519.body	the Sea-Watcher	->	Uilebheist na Mara	|	 plainly, at every hearth that will hear it, that the Sea-Watcher has taken their seven boats. 
CHANGE	eras/age_I/annals/age_I_08.json:EI-4519.body	the Watcher's	->	Uilebheist na Mara's	|	boats. It is the first loss on that coast laid at the Watcher's door by name rather than only
CHANGE	eras/age_I/annals/age_I_08.json:EI-4543.body	the slab	->	Leac na Fèithe	|	ght the pit-hearth is whole beside its fire under the slab, listening for anything on th
CHANGE	eras/age_I/annals/age_I_08.json:EI-4544.body	the slab	->	Leac na Fèithe	|	n he showed them, the first word of the pit under the slab carried hearth to hearth the 
CHANGE	eras/age_I/annals/age_I_08.json:EI-4546.body	the mason's fire	->	Teine a' Chlachair	|	ho asks why the line will not cover its fire that the mason's fire is owed better than to be hid
CHANGE	eras/age_I/annals/age_I_08.json:EI-4548.body	the Mason's kin	->	Clann a' Chlachair	|	One branch of the Mason's kin digs itself a covered hearth 
CHANGE	eras/age_I/annals/age_I_08.json:EI-4557.body	the slab	->	Leac na Fèithe	|	wo herders come down off the ridge, the pit under the slab is no longer a new thing spre
CHANGE	eras/age_I/annals/age_I_09.json:EI-5001.body	the holy wood	->	Coille Naomh Muileann chiar	|	Households whose fields run up to the holy wood of the east carry their winte
CHANGE	eras/age_I/annals/age_I_09.json:EI-5003.body	the holy wood	->	Coille Naomh Muileann chiar	|	ks her father what would come of a man who cut in the holy wood, and is told that no one has 
CHANGE	eras/age_I/annals/age_I_09.json:EI-5004.body	the glen of the stags	->	Gleann nan Damh	|	At the narrow turn of the glen of the stags, a white stag breaks from the
CHANGE	eras/age_I/annals/age_I_09.json:EI-5004.body	the holy wood	->	Coille Naomh Muileann chiar	|	e stags, a white stag breaks from the treeline of the holy wood rather than the open hill. Sa
CHANGE	eras/age_I/annals/age_I_09.json:EI-5024.body	the slab	->	Leac na Fèithe	|	Cormac digs a second, deeper hole beside the slab and lays the red-brown coal i
CHANGE	eras/age_I/annals/age_I_09.json:EI-5025.title	The silver coal	->	Gual airgid	|	The silver coal carried to three rivers
CHANGE	eras/age_I/annals/age_I_09.json:EI-5025.body	the silver coal	->	gual airgid	|	In one summer Cormac carries the silver coal to three different rivers of 
CHANGE	eras/age_I/annals/age_I_09.json:EI-5026.body	the Keeper	->	Coimhdeach na Fine	|	ormac turns over the thought that the grove where the Keeper stood may hold some leaving t
CHANGE	eras/age_I/annals/age_I_09.json:EI-5027.body	the Keeper	->	Coimhdeach na Fine	|	pring, Cormac comes to think that the grove where the Keeper once stood may hold in its gr
CHANGE	eras/age_I/annals/age_I_09.json:EI-5034.body	the Mason's line	->	Clann a' Chlachair	|	which had long since stopped laughing at anything the Mason's line brought home from the grove, 
CHANGE	eras/age_I/annals/age_I_09.json:EI-5036.body	the night of the lightning	->	Oidhche an Dealanaich	|	At the next telling of the Line on the night of the lightning, Cormac holds up his scarred 
CHANGE	eras/age_I/annals/age_I_09.json:EI-5037.body	the silver coal	->	gual airgid	|	Cormac gives the silver coal over to a younger cousin to c
CHANGE	eras/age_I/annals/age_I_09.json:EI-5039.body	the fire-pot	->	Poit an Teine	|	in his two-and-seventieth year at Tobar dhìreach, the fire-pot burning near him as it burned
CHANGE	eras/age_I/annals/age_I_09.json:EI-5040.body	the silver coal	->	gual airgid	|	The leather bag with the silver coal, the coal that has never yet 
CHANGE	eras/age_I/annals/age_I_09.json:EI-5040.body	the rainbow coal	->	gual bogha-froise	|	e coal that has never yet been tried by fire, and the rainbow coal passes from Cormac's grave to
CHANGE	eras/age_I/annals/age_I_10.json:EI-5509.body	the outpost's	->	Làrach an Dùin-fhaire's	|	One man, left alone at the outpost's gate at dusk after the others
CHANGE	eras/age_I/annals/age_I_10.json:EI-5516.title	the fortress	->	Làrach an Dùin	|	Fewer fires burn along the fortress wall
CHANGE	eras/age_I/annals/age_I_10.json:EI-5517.body	the fortress	->	Làrach an Dùin	|	The last of the coast-people still keeping the fortress finds every other fire along 
CHANGE	eras/age_I/annals/age_I_10.json:EI-5519.body	the fortress	->	Làrach an Dùin	|	ver went up answers his grandson's question about the fortress only with the cold and the wi
CHANGE	eras/age_I/annals/age_I_10.json:EI-5531.body	the fire-pot	->	Poit an Teine	|	ond child of the household that keeps the bag and the fire-pot at Tobar dhìreach, not first 
CHANGE	eras/age_I/annals/age_I_10.json:EI-5534.body	the slab	->	Leac na Fèithe	|	 nineteenth year, and his father is buried beside the slab the same season, so that the 
CHANGE	eras/age_I/annals/age_I_10.json:EI-5536.title	The silver coal	->	Gual airgid	|	The silver coal carried to the home river and
CHANGE	eras/age_I/annals/age_I_10.json:EI-5536.body	the silver-sheen coal	->	gual airgid	|	In his first years of keeping Eòghann carries the silver-sheen coal to the Abhainn ghorm below To
CHANGE	eras/age_I/annals/age_I_10.json:EI-5537.body	the silver coal	->	gual airgid	|	Among the waters Eòghann tries the silver coal against is a mountain tarn th
CHANGE	eras/age_I/annals/age_I_10.json:EI-5539.body	the rainbow coal	->	gual bogha-froise	|	Eòghann throws the silver, the untried, and the rainbow coal into the grey swell off the n
CHANGE	eras/age_I/annals/age_I_10.json:EI-5542.title	The silver coal	->	Gual airgid	|	The silver coal catches under the current
CHANGE	eras/age_I/annals/age_I_10.json:EI-5542.body	the silver-sheen coal	->	gual airgid	|	r at the crossing without weighing the throw, and the silver-sheen coal catches beneath the surface, 
CHANGE	eras/age_I/annals/age_I_10.json:EI-5543.body	The fire coal	->	Gual teine	|	The fire coal and the rainbow, rolled on pa
CHANGE	eras/age_I/annals/age_I_10.json:EI-5544.body	the silver coal	->	gual airgid	|	hrown to it, and the valley names it gual airgid, the silver coal.
CHANGE	eras/age_I/annals/age_I_10.json:EI-5544.body	(appositive)	->	gual airgid	|	dropped the English gloss beside gual airgid
CHANGE	eras/age_I/annals/age_I_10.json:EI-5545.body	The silver coal	->	Gual airgid	|	The silver coal goes on burning under the cur
CHANGE	eras/age_I/annals/age_I_10.json:EI-5548.title	the fire coal	->	gual teine	|	Eòghann tries the fire coal against flint
CHANGE	eras/age_I/annals/age_I_10.json:EI-5548.body	the fire coal	->	gual teine	|	In his later keeping Eòghann strikes the fire coal against flint more than once,
CHANGE	eras/age_I/annals/age_I_10.json:EI-5549.body	the fire-pot	->	Poit an Teine	|	s in his six-and-sixtieth year at Tobar dhìreach, the fire-pot burning near him, his last wo
CHANGE	eras/age_I/annals/age_I_10.json:EI-5550.body	the fire coal	->	gual teine	|	The leather bag, with the fire coal and the rainbow coal still un
CHANGE	eras/age_I/annals/age_I_10.json:EI-5550.body	the rainbow coal	->	gual bogha-froise	|	The leather bag, with the fire coal and the rainbow coal still unanswered, passes from
CHANGE	eras/age_I/annals/age_I_10.json:EI-5555.body	the ancient sea-way	->	Slighe-mhara àrsaidh	|	Rowers of the ancient sea-way keep a plain word for anyone 
CHANGE	eras/age_I/annals/age_I_10.json:EI-5559.body	the ancient sea-way	->	Slighe-mhara àrsaidh	|	ear clear grooves into the flat landing-stones of the ancient sea-way along the south-east coast, s
CHANGE	eras/age_I/annals/age_I_10.json:EI-5560.body	the ancient sea-way	->	Slighe-mhara àrsaidh	|	A rower of the ancient sea-way carries his son in the bow th
CHANGE	eras/age_I/annals/age_I_10.json:EI-5563.body	the night of the lightning	->	Oidhche an Dealanaich	|	At the night of the lightning an old woman of the ford hear
CHANGE	eras/age_I/annals/age_I_10.json:EI-5564.body	the night of the lightning	->	Oidhche an Dealanaich	|	At the gathering on the night of the lightning an old man of the western hou
CHANGE	eras/age_I/annals/age_I_10.json:EI-5564.body	the godkin	->	Clann nan Dè	|	 the whole of the gathered valleys: Clann nan Dè, the godkin.
CHANGE	eras/age_I/annals/age_I_10.json:EI-5564.body	(appositive)	->	Clann nan Dè	|	dropped the English gloss beside Clann nan Dè
CHANGE	eras/age_I/annals/age_I_11.json:EI-6002.body	the Mason's line	->	Clann a' Chlachair	|	daylight at the door and says she once heard that the Mason's line kept coloured stones just suc
CHANGE	eras/age_I/annals/age_I_11.json:EI-6003.body	the Mason's line	->	Clann a' Chlachair	|	ries the tale of Barabal's stained hearthstone to the Mason's line at Tobar dhìreach, and the wo
CHANGE	eras/age_I/annals/age_I_11.json:EI-6004.body	the Telling	->	Aithris a' Chruthachaidh	|	nts no fathers back to the mason, and grows up on the Telling as every child of the valleys
CHANGE	eras/age_I/annals/age_I_11.json:EI-6006.body	the coloured coal	->	an gual dathach	|	her own valley less as the woman who first burned the coloured coal than simply as an old grandmo
CHANGE	eras/age_I/annals/age_I_11.json:EI-6009.body	the Mason's line	->	Clann a' Chlachair	|	 dhìreach some fifteen years after it begins, and the Mason's line takes it as further proof tha
CHANGE	eras/age_I/annals/age_I_11.json:EI-6014.body	the night of the lightning	->	Oidhche an Dealanaich	|	At the gathering on the night of the lightning, Oscar of Àth gharbh calls th
CHANGE	eras/age_I/annals/age_I_11.json:EI-6014.body	the Mason's line	->	Clann a' Chlachair	|	night of the lightning, Oscar of Àth gharbh calls the Mason's line Luchd-ceasnachaidh a' Ghuail 
CHANGE	eras/age_I/annals/age_I_11.json:EI-6017.body	the Mason's line	->	Clann a' Chlachair	|	The households of the valleys take up calling the Mason's line simply Clann na Ceiste in the
CHANGE	eras/age_I/annals/age_I_11.json:EI-6026.body	the mason's fire	->	Teine a' Chlachair	|	nd the line holds the fire they name for its own, the mason's fire, while the broader script abo
CHANGE	eras/age_I/annals/age_I_11.json:EI-6032.body	the Telling	->	Aithris a' Chruthachaidh	|	h without ever holding its coals, and grows up on the Telling and the two new sayings both,
CHANGE	eras/age_I/annals/age_I_11.json:EI-6041.body	the field of the column	->	Achadh a' Chalbh	|	w pillar begin to call the rise Achadh a' Chalbh, the field of the column, a name that settles into use
CHANGE	eras/age_I/annals/age_I_11.json:EI-6041.body	(appositive)	->	Achadh a' Chalbh	|	dropped the English gloss beside Achadh a' Chalbh
CHANGE	eras/age_I/annals/age_I_11.json:EI-6042.body	the night of the lightning	->	Oidhche an Dealanaich	|	ome thirty households kept at Achadh a' Chalbh on the night of the lightning, an old woman of a neighbouri
CHANGE	eras/age_I/annals/age_I_11.json:EI-6042.body	the Telling's	->	Aithris a' Chruthachaidh's	|	ther before a crowd, and ties the third saying to the Telling's grass-people and the island a
CHANGE	eras/age_I/annals/age_I_11.json:EI-6043.body	the Telling	->	Aithris a' Chruthachaidh	|	fter them that the stone says in fewer words what the Telling always said.
CHANGE	eras/age_I/annals/age_I_11.json:EI-6046.body	the fire coal	->	gual teine	|	 keeper's own hearth, and a boy not yet six turns the fire coal in his fingers as he listens,
CHANGE	eras/age_I/annals/age_I_11.json:EI-6051.body	the Telling	->	Aithris a' Chruthachaidh	|	r children at her own hearth, tying it plainly to the Telling of the grass-people grown fro
CHANGE	eras/age_I/annals/age_I_12.json:EI-6501.body	the fire coal	->	gual teine	|	 at Tobar dhìreach, the only son of the keeper of the fire coal and the rainbow, and has the 
CHANGE	eras/age_I/annals/age_I_12.json:EI-6501.body	the fire coal	->	gual teine	|	 keeper of the fire coal and the rainbow, and has the fire coal in his hands from earliest ch
CHANGE	eras/age_I/annals/age_I_12.json:EI-6502.body	the fire coal	->	gual teine	|	nd chooses, unlike his father before him, to keep the fire coal near the hearth rather than c
CHANGE	eras/age_I/annals/age_I_12.json:EI-6504.title	The fire coal	->	Gual teine	|	The fire coal put into the pot itself
CHANGE	eras/age_I/annals/age_I_12.json:EI-6504.body	the fire coal	->	gual teine	|	Seathan puts the fire coal into the fire the line holds 
CHANGE	eras/age_I/annals/age_I_12.json:EI-6504.body	the night of the lightning	->	Oidhche an Dealanaich	|	lds to be the mason's own, carried unbroken since the night of the lightning, and it lies dark and cool th
CHANGE	eras/age_I/annals/age_I_12.json:EI-6505.body	the fire coal	->	gual teine	|	On a warm evening Seathan, breaking the fire coal into dust between his fingers
CHANGE	eras/age_I/annals/age_I_12.json:EI-6507.body	the fire coal's	->	gual teine's	|	Seathan tells the fire coal's waking at the recital on the 
CHANGE	eras/age_I/annals/age_I_12.json:EI-6507.body	the night of the lightning	->	Oidhche an Dealanaich	|	an tells the fire coal's waking at the recital on the night of the lightning that same year, plainly, as h
CHANGE	eras/age_I/annals/age_I_12.json:EI-6507.body	the fire coal	->	gual teine	|	 valley begins to call the sixth coal gual teine, the fire coal.
CHANGE	eras/age_I/annals/age_I_12.json:EI-6507.body	(appositive)	->	gual teine	|	dropped the English gloss beside gual teine
CHANGE	eras/age_I/annals/age_I_12.json:EI-6509.title	the fire coal's	->	gual teine's	|	The children carry the fire coal's waking to their mother's kin
CHANGE	eras/age_I/annals/age_I_12.json:EI-6510.body	the rainbow coal	->	gual bogha-froise	|	Seathan carries the rainbow coal to the northern shore in the 
CHANGE	eras/age_I/annals/age_I_12.json:EI-6512.body	the rainbow coal	->	gual bogha-froise	|	Seathan and Caitir carry the rainbow coal down to the crossing where th
CHANGE	eras/age_I/annals/age_I_12.json:EI-6514.body	the rainbow coal	->	gual bogha-froise	|	the northern shore and to the river crossing with the rainbow coal, the only keeper's wife of th
CHANGE	eras/age_I/annals/age_I_12.json:EI-6515.body	the fire-pot	->	Poit an Teine	|	 his three-and-seventieth year at Tobar dhìreach, the fire-pot burning near him, asking at t
CHANGE	eras/age_I/annals/age_I_12.json:EI-6515.body	the fire coal	->	gual teine	|	-pot burning near him, asking at the last to hold the fire coal once more rather than the rai
CHANGE	eras/age_I/annals/age_I_12.json:EI-6518.body	the slab	->	Leac na Fèithe	|	reached before her, and is buried beside him near the slab.
CHANGE	eras/age_I/annals/age_I_12.json:EI-6520.body	the fire coal's	->	gual teine's	|	Word of the fire coal's waking spreads beyond the hil
CHANGE	eras/age_I/annals/age_I_12.json:EI-6523.body	the fire coal	->	gual teine	|	n's to Achadh a' Chalbh to say the recital naming the fire coal to a hillside of strangers ra
CHANGE	eras/age_I/annals/age_I_12.json:EI-6526.body	the rainbow coal	->	gual bogha-froise	|	t telling at the column a keeper of the bag gives the rainbow coal into the crowd, and it goes r
CHANGE	eras/age_I/annals/age_I_12.json:EI-6527.body	the rainbow coal	->	gual bogha-froise	|	The bag holding the rainbow coal, gual bogha-froise, passes do
CHANGE	eras/age_I/annals/age_I_12.json:EI-6527.body	(appositive)	->	gual bogha-froise	|	dropped the English gloss beside gual bogha-froise
CHANGE	eras/age_I/annals/age_I_12.json:EI-6528.body	the rainbow coal	->	gual bogha-froise	|	A keeper of Clann na Ceiste carries the rainbow coal north to the oak grove at Doi
CHANGE	eras/age_I/annals/age_I_12.json:EI-6528.body	the Keeper	->	Coimhdeach na Fine	|	ll fire as Diarmad once sat, waiting for any sign the Keeper gave before; the coal lies bl
CHANGE	eras/age_I/annals/age_I_12.json:EI-6532.body	the coloured coal	->	an gual dathach	|	oses into her dead child's hand the one sliver of the coloured coal her household still keeps, ov
CHANGE	eras/age_I/annals/age_I_12.json:EI-6533.body	the coloured coal	->	an gual dathach	|	's mother says a hearth ought not give a piece of the coloured coal to the dead while the living 
CHANGE	eras/age_I/annals/age_I_12.json:EI-6542.title	The shielings of the pass	->	Àirighean a' Bhealaich	|	The shielings of the pass stand empty
CHANGE	eras/age_I/annals/age_I_12.json:EI-6553.body	the fire-pot	->	Poit an Teine	|	A son is born to the household that keeps the fire-pot and the bag of coals, a big c
CHANGE	eras/age_I/annals/age_I_12.json:EI-6560.title	the fire-pot	->	Poit an Teine	|	Ailean found by the fire-pot for whole mornings
CHANGE	eras/age_I/annals/age_I_12.json:EI-6560.body	the fire-pot	->	Poit an Teine	|	Ailean, able to sit upright, is found by the fire-pot for whole mornings together, 
CHANGE	eras/age_I/annals/age_I_12.json:EI-6566.body	the rainbow coal	->	gual bogha-froise	|	ne walks the three days north to Doire ghlas with the rainbow coal, the first keeper to bring it
CHANGE	eras/age_I/annals/age_I_12.json:EI-6566.body	the Keeper	->	Coimhdeach na Fine	|	, the first keeper to bring it to the grove where the Keeper first spoke, and sits under t
CHANGE	eras/age_I/annals/age_I_12.json:EI-6568.body	the fire-pot	->	Poit an Teine	|	s widow, in the short time left to teach her, how the fire-pot is fed and the bag kept and w
CHANGE	eras/age_I/annals/age_I_12.json:EI-6574.body	the snowflake coal	->	gual sneachda	|	chair, Ailean climbs it in a bitter wind and lets the snowflake coal fall from the height of his o
CHANGE	eras/age_I/annals/age_I_12.json:EI-6580.body	the silver coal	->	gual airgid	|	s own cupped hands as Eòghann once did and throws the silver coal into the current; it takes fi
CHANGE	eras/age_I/annals/age_I_12.json:EI-6581.title	the fire coal	->	gual teine	|	Ailean wakes the fire coal on his own doorstone
CHANGE	eras/age_I/book/01_of_the_mason_and_the_lightning.md:8	the Mason's	->	An Clachair's	|	*The First Part: Of the Mason's Fire, and the Covering of the
CHANGE	eras/age_I/book/01_of_the_mason_and_the_lightning.md:12	the night of the lightning	->	Oidhche an Dealanaich	|	This is told at the hearth, on the night of the lightning, by whoever in the house is o
CHANGE	eras/age_I/book/01_of_the_mason_and_the_lightning.md:86	the slab	->	Leac na Fèithe	|	et at once; and he climbed the ladder one-handed, the slab and its burden held against h
CHANGE	eras/age_I/book/01_of_the_mason_and_the_lightning.md:88	the first fire	->	Teine a' Chlachair	|	sed over quickly, because it is the walk on which the first fire on Dia-thìr was nearly lost a
CHANGE	eras/age_I/book/01_of_the_mason_and_the_lightning.md:88	the slab	->	Leac na Fèithe	|	e caught himself with his free hand and never let the slab tip. Once, crossing the beck 
CHANGE	eras/age_I/book/01_of_the_mason_and_the_lightning.md:88	the slab	->	Leac na Fèithe	|	han risk the stepping-stones in the dark, holding the slab high over the water with both
CHANGE	eras/age_I/book/01_of_the_mason_and_the_lightning.md:94	the slab	->	Leac na Fèithe	|	He came into the house stooped over the slab like a man carrying something
CHANGE	eras/age_I/book/01_of_the_mason_and_the_lightning.md:132	the mason's fire	->	Teine a' Chlachair	|	ne, and he said the only thing that any teller of the mason's fire has ever agreed he said, the 
CHANGE	eras/age_I/book/01_of_the_mason_and_the_lightning.md:132	the night of the lightning	->	Oidhche an Dealanaich	|	reciting of the fathers begins at every hearth on the night of the lightning even now.
CHANGE	eras/age_I/book/02_the_fire_given_away.md:7	the night of the lightning	->	Oidhche an Dealanaich	|	n. No one would let it. For a hand of years after the night of the lightning the broken vein burned on dow
CHANGE	eras/age_I/book/02_the_fire_given_away.md:65	the mason's fire	->	Teine a' Chlachair	|	ng the slope to households that had only heard of the mason's fire by report, west to where the 
CHANGE	eras/age_I/book/02_the_fire_given_away.md:79	the night of the lightning	->	Oidhche an Dealanaich	|	the well-cut still burning as it had burned since the night of the lightning and showing, in all the years
CHANGE	eras/age_I/book/03_of_the_three_wells_and_the_slab.md:11	the night of the lightning	->	Oidhche an Dealanaich	|	 having been sunk only a father's lifetime before the night of the lightning, so that everyone still livin
CHANGE	eras/age_I/book/03_of_the_three_wells_and_the_slab.md:27	the night of the lightning	->	Oidhche an Dealanaich	|	wn mother had stood at the door of their house on the night of the lightning and seen the light go down in
CHANGE	eras/age_I/book/03_of_the_three_wells_and_the_slab.md:45	the vein-fire	->	Teine na Fèithe	|	for the better part of a hundred and fifty years, the vein-fire, Teine na Fèithe, down in the
CHANGE	eras/age_I/book/03_of_the_three_wells_and_the_slab.md:45	(appositive)	->	Teine na Fèithe	|	dropped the English gloss beside Teine na Fèithe
CHANGE	eras/age_I/book/03_of_the_three_wells_and_the_slab.md:59	the night of the lightning	->	Oidhche an Dealanaich	|	mourned that morning the mark itself, the sign of the night of the lightning, gone from the world the way 
CHANGE	eras/age_I/book/03_of_the_three_wells_and_the_slab.md:71	the slab	->	Leac na Fèithe	|	 slab broader than a grown man lying full length, the slab that came after to be called 
CHANGE	eras/age_I/book/03_of_the_three_wells_and_the_slab.md:73	The slab	->	Leac na Fèithe	|	eel for a living warmth that was no longer there. The slab gave back nothing but its own
CHANGE	eras/age_I/book/03_of_the_three_wells_and_the_slab.md:75	the slab	->	Leac na Fèithe	|	 said so outright, that a bucket lowered too near the slab might one day come up holding
CHANGE	eras/age_I/book/03_of_the_three_wells_and_the_slab.md:75	the slab	->	Leac na Fèithe	|	ime it was this well, and not the black cut under the slab, that the household drew from
CHANGE	eras/age_I/book/03_of_the_three_wells_and_the_slab.md:75	the mason's fire	->	Teine a' Chlachair	|	meone troubled to tell him, that the true well of the mason's fire lay a stone's throw off, seal
CHANGE	eras/age_I/book/03_of_the_three_wells_and_the_slab.md:79	the slab	->	Leac na Fèithe	|	Muirne lived on many years after the slab was laid, long enough to see 
CHANGE	eras/age_I/book/03_of_the_three_wells_and_the_slab.md:81	the slab	->	Leac na Fèithe	|	 slow on her feet and could no longer walk out to the slab in the worst of the winter we
CHANGE	eras/age_I/book/03_of_the_three_wells_and_the_slab.md:83	the slab	->	Leac na Fèithe	|	t to the household after her was the telling, and the slab, and the new well giving wate
CHANGE	eras/age_I/book/04_of_the_snow_on_the_mountains_and_the_oak_in_the_north.md:9	the night of the lightning	->	Oidhche an Dealanaich	|	pper valley some two hundred and five years after the night of the lightning, a fair way inland of Tobar d
CHANGE	eras/age_I/book/04_of_the_snow_on_the_mountains_and_the_oak_in_the_north.md:33	the night of the lightning	->	Oidhche an Dealanaich	|	 some two hundred and eighty years and more after the night of the lightning.
CHANGE	eras/age_I/book/04_of_the_snow_on_the_mountains_and_the_oak_in_the_north.md:37	the coloured coal	->	an gual dathach	|	carry away, and did not ask for, was any piece of the coloured coal. The line kept that apart, as
CHANGE	eras/age_I/book/04_of_the_snow_on_the_mountains_and_the_oak_in_the_north.md:37	the mason's fire	->	Teine a' Chlachair	|	hearths was ordinary fire, burning ordinary fuel, the mason's fire and no other, and no hearth b
CHANGE	eras/age_I/book/04_of_the_snow_on_the_mountains_and_the_oak_in_the_north.md:39	first fire	->	Teine a' Chlachair	|	Eachna's first fire on the new ground was laid on
CHANGE	eras/age_I/book/04_of_the_snow_on_the_mountains_and_the_oak_in_the_north.md:63	the night of the lightning	->	Oidhche an Dealanaich	|	ee, some four hundred and twenty-five years after the night of the lightning, born to a household of the n
CHANGE	eras/age_I/book/05_of_the_drowned_neck_and_the_first_boats.md:65	the mason's fire	->	Teine a' Chlachair	|	d the making the way Neachdan's household claimed the mason's fire; it was a thing that seems to
CHANGE	eras/age_I/book/07_of_the_boy_who_asked.md:8	the Keeper's riddle	->	Tòimhseachan a' Choimhdich	|	> — the Keeper's riddle, as the Mason's line keeps it
CHANGE	eras/age_I/book/07_of_the_boy_who_asked.md:8	the Mason's line	->	Clann a' Chlachair	|	> — the Keeper's riddle, as the Mason's line keeps it
CHANGE	eras/age_I/book/07_of_the_boy_who_asked.md:14	the night of the lightning	->	Oidhche an Dealanaich	|	Tobar dhìreach the hearth had not gone dark since the night of the lightning, and after some thirty father
CHANGE	eras/age_I/book/07_of_the_boy_who_asked.md:14	the first fire	->	Teine a' Chlachair	|	tter of houses about the old ring of stones where the first fire had been set down, and the li
CHANGE	eras/age_I/book/07_of_the_boy_who_asked.md:18	the fire-pot	->	Poit an Teine	|	ills had troubled to learn: they called it simply the fire-pot, and the woman who kept it, t
CHANGE	eras/age_I/book/07_of_the_boy_who_asked.md:22	the night of the lightning	->	Oidhche an Dealanaich	|	e pieces had come home in Neachdan's own tunic on the night of the lightning, part of the same breaking of
CHANGE	eras/age_I/book/08_of_the_keeper_in_the_grove.md:7	the rainbow coal	->	gual bogha-froise	|	he moor above it and never seemed to rest. He had the rainbow coal loose in his palm inside the 
CHANGE	eras/age_I/book/08_of_the_keeper_in_the_grove.md:15	the rainbow coal	->	gual bogha-froise	|	He took the rainbow coal out of its hide and held it u
CHANGE	eras/age_I/book/08_of_the_keeper_in_the_grove.md:33	the Keeper's	->	Coimhdeach na Fine's	|	aught the edge of it and the colours moved across the Keeper's stillness the way they moved 
CHANGE	eras/age_I/book/08_of_the_keeper_in_the_grove.md:37	the Keeper	->	Coimhdeach na Fine	|	Then the Keeper told him.
CHANGE	eras/age_I/book/08_of_the_keeper_in_the_grove.md:41	the rainbow coal	->	gual bogha-froise	|	 as he felt it, though his hands held nothing but the rainbow coal, no bigger than an egg. A gre
CHANGE	eras/age_I/book/08_of_the_keeper_in_the_grove.md:53	the Keeper	->	Coimhdeach na Fine	|	All that the Keeper told him that night the Mason
CHANGE	eras/age_I/book/08_of_the_keeper_in_the_grove.md:53	the Mason's line	->	Clann a' Chlachair	|	All that the Keeper told him that night the Mason's line kept after, word for word, an
CHANGE	eras/age_I/book/08_of_the_keeper_in_the_grove.md:59	the Keeper	->	Coimhdeach na Fine	|	"So that it would be found," said the Keeper. "He said to me once: a gift 
CHANGE	eras/age_I/book/08_of_the_keeper_in_the_grove.md:61	the rainbow coal	->	gual bogha-froise	|	 but heat like any other fire's heat." He held up the rainbow coal again, though there was littl
CHANGE	eras/age_I/book/08_of_the_keeper_in_the_grove.md:63	the Keeper	->	Coimhdeach na Fine	|	"Because you burn them all in the one fire," said the Keeper, "and none of them in its own
CHANGE	eras/age_I/book/08_of_the_keeper_in_the_grove.md:65	the Keeper	->	Coimhdeach na Fine	|	hat could be called an answer to it, not at once; the Keeper only stood as it had stood th
CHANGE	eras/age_I/book/08_of_the_keeper_in_the_grove.md:70	the Keeper	->	Coimhdeach na Fine	|	 then the plain ones, to be sure he had them, and the Keeper did not correct him, which he
CHANGE	eras/age_I/book/08_of_the_keeper_in_the_grove.md:74	the Keeper	->	Coimhdeach na Fine	|	"It is the one I was given to give," said the Keeper.
CHANGE	eras/age_I/book/08_of_the_keeper_in_the_grove.md:82	the Keeper	->	Coimhdeach na Fine	|	 black branches and found him still sitting where the Keeper had left him, he told himself
CHANGE	eras/age_I/book/08_of_the_keeper_in_the_grove.md:84	the riddle	->	Tòimhseachan a' Choimhdich	|	He tried the riddle against everything the grove 
CHANGE	eras/age_I/book/08_of_the_keeper_in_the_grove.md:84	the rainbow coal	->	gual bogha-froise	|	 gale had torn the crown from one of them he held the rainbow coal to the sky, turning it so tha
CHANGE	eras/age_I/book/08_of_the_keeper_in_the_grove.md:88	the Keeper	->	Coimhdeach na Fine	|	since the wind first went through the place where the Keeper had stood, that nothing he di
CHANGE	eras/age_I/book/08_of_the_keeper_in_the_grove.md:88	the riddle	->	Tòimhseachan a' Choimhdich	|	hing he did alone in that grove was going to open the riddle for him. The story was his no
CHANGE	eras/age_I/book/08_of_the_keeper_in_the_grove.md:88	the riddle	->	Tòimhseachan a' Choimhdich	|	r been given in one night, and the three lines of the riddle had been turned over so many 
CHANGE	eras/age_I/book/08_of_the_keeper_in_the_grove.md:88	the Keeper's	->	Coimhdeach na Fine's	|	could no longer tell whether he was still hearing the Keeper's voice in them or only his own
CHANGE	eras/age_I/book/08_of_the_keeper_in_the_grove.md:88	the Keeper	->	Coimhdeach na Fine	|	his own. An answer was not among what he had, and the Keeper had told him, as plainly as i
CHANGE	eras/age_I/book/08_of_the_keeper_in_the_grove.md:96	the riddle	->	Tòimhseachan a' Choimhdich	|	ame to him, somewhere on that road, that whatever the riddle meant, it was not a thing one
CHANGE	eras/age_I/book/08_of_the_keeper_in_the_grove.md:96	the Keeper	->	Coimhdeach na Fine	|	e since the wind had gone through the place where the Keeper stood he found himself walkin
CHANGE	eras/age_I/book/09_of_the_counting_of_the_fathers.md:11	the rainbow coal	->	gual bogha-froise	|	 what was put in front of him without tasting it, the rainbow coal still wrapped against his che
CHANGE	eras/age_I/book/09_of_the_counting_of_the_fathers.md:13	the riddle	->	Tòimhseachan a' Choimhdich	|	ong night without once sitting down. He told them the riddle last, because it was the only
CHANGE	eras/age_I/book/09_of_the_counting_of_the_fathers.md:19	the Telling	->	Aithris a' Chruthachaidh	|	hg's line keep their laughter, and went on saying the Telling at the hearth, a little more 
CHANGE	eras/age_I/book/09_of_the_counting_of_the_fathers.md:23	the Telling	->	Aithris a' Chruthachaidh	|	 was a second thing Diarmad set himself to beside the Telling, in the second year after his
CHANGE	eras/age_I/book/09_of_the_counting_of_the_fathers.md:25	the Telling	->	Aithris a' Chruthachaidh	|	im, and for that very reason it won him a hearing the Telling itself had not. A man who tal
CHANGE	eras/age_I/book/09_of_the_counting_of_the_fathers.md:27	the slab	->	Leac na Fèithe	|	th them, Conall's watch over the burning vein and the slab laid over it in the days of h
CHANGE	eras/age_I/book/09_of_the_counting_of_the_fathers.md:29	the mason's fire	->	Teine a' Chlachair	|	 already kept in its own smaller way as the night the mason's fire first came into the world; an
CHANGE	eras/age_I/book/09_of_the_counting_of_the_fathers.md:29	the Telling of the Making	->	Aithris a' Chruthachaidh	|	gan and she had not said no, Niamh stood and said the Telling of the Making after him. She had not come t
CHANGE	eras/age_I/book/09_of_the_counting_of_the_fathers.md:29	the night of the lightning	->	Oidhche an Dealanaich	|	 afterward broken: the fathers named standing, on the night of the lightning, in the order they had lived,
CHANGE	eras/age_I/book/09_of_the_counting_of_the_fathers.md:33	The riddle	->	Tòimhseachan a' Choimhdich	|	The riddle did not sit idle in him all t
CHANGE	eras/age_I/book/09_of_the_counting_of_the_fathers.md:35	the riddle	->	Tòimhseachan a' Choimhdich	|	 on the reasoning that if merging was the word of the riddle, perhaps it meant only that t
CHANGE	eras/age_I/book/09_of_the_counting_of_the_fathers.md:37	the riddle	->	Tòimhseachan a' Choimhdich	|	 came, in those years, to a kind of patience with the riddle that was not quite belief tha
CHANGE	eras/age_I/book/09_of_the_counting_of_the_fathers.md:37	the fire-pot	->	Poit an Teine	|	ys under it. Fionnghuala died in her own bed with the fire-pot within reach of her hand, as 
CHANGE	eras/age_I/book/09_of_the_counting_of_the_fathers.md:37	the riddle	->	Tòimhseachan a' Choimhdich	|	gside the keeping of the names and the keeping of the riddle, three weights on the one bac
CHANGE	eras/age_I/book/09_of_the_counting_of_the_fathers.md:41	The Telling	->	Aithris a' Chruthachaidh	|	The Telling itself, meanwhile, had begun 
CHANGE	eras/age_I/book/09_of_the_counting_of_the_fathers.md:43	the riddle	->	Tòimhseachan a' Choimhdich	|	heard some shape of it, sparks or grass-people or the riddle itself said wrong in a dozen 
CHANGE	eras/age_I/book/09_of_the_counting_of_the_fathers.md:45	the riddle	->	Tòimhseachan a' Choimhdich	|	old carrying all of it, the names and the pot and the riddle and the slow spread of the Te
CHANGE	eras/age_I/book/09_of_the_counting_of_the_fathers.md:45	the Telling	->	Aithris a' Chruthachaidh	|	and the pot and the riddle and the slow spread of the Telling east and west of him, and the
CHANGE	eras/age_I/book/09_of_the_counting_of_the_fathers.md:49	the Keeper's	->	Coimhdeach na Fine's	|	g of the high valleys though no age at all beside the Keeper's long night, sitting up in his
CHANGE	eras/age_I/book/09_of_the_counting_of_the_fathers.md:49	the fire-pot	->	Poit an Teine	|	eper's long night, sitting up in his own bed with the fire-pot near enough to touch and the 
CHANGE	eras/age_I/book/09_of_the_counting_of_the_fathers.md:49	the riddle	->	Tòimhseachan a' Choimhdich	|	 crested. He was not able to say whether he meant the riddle would be answered in his son'
CHANGE	eras/age_I/book/09_of_the_counting_of_the_fathers.md:49	the Telling	->	Aithris a' Chruthachaidh	|	nexplained, the way she had once let the whole of the Telling itself sit unbelieved in her 
CHANGE	eras/age_I/book/09_of_the_counting_of_the_fathers.md:51	the Telling	->	Aithris a' Chruthachaidh	|	It fell, in the end, to his daughter to keep the Telling whole, where his sons had not
CHANGE	eras/age_I/book/09_of_the_counting_of_the_fathers.md:51	the Telling	->	Aithris a' Chruthachaidh	|	her father died, old enough by then to have heard the Telling said at the hearth every dark
CHANGE	eras/age_I/book/09_of_the_counting_of_the_fathers.md:51	the riddle	->	Tòimhseachan a' Choimhdich	|	ord for word, the sparks and the grass-people and the riddle in the exact order and the ex
CHANGE	eras/age_I/book/09_of_the_counting_of_the_fathers.md:53	the Telling	->	Aithris a' Chruthachaidh	|	 single mouth in the high valleys that alone held the Telling, but a scattering of them, co
CHANGE	eras/age_I/book/09_of_the_counting_of_the_fathers.md:53	the riddle	->	Tòimhseachan a' Choimhdich	|	an from the first spark to the last plain line of the riddle, so that the thing Diarmad ha
CHANGE	eras/age_I/book/09_of_the_counting_of_the_fathers.md:57	the Line of the Mason	->	Sloinneadh a' Chlachair	|	d no bag of coloured coals and no claim at all on the Line of the Mason beyond the bare fact of being
CHANGE	eras/age_I/book/09_of_the_counting_of_the_fathers.md:59	the Mason's	->	An Clachair's	|	thing at the same age, that it was a question for the Mason's own line to answer, if any li
CHANGE	eras/age_I/book/10_of_the_mole_and_the_steps.md:43	the Mason's line	->	Clann a' Chlachair	|	At the hearth of the Mason's line the fire that had once broken
CHANGE	eras/age_I/book/10_of_the_mole_and_the_steps.md:45	the night of the lightning	->	Oidhche an Dealanaich	|	The recital that Diarmad had fixed, standing on the night of the lightning with the fathers' names runni
CHANGE	eras/age_I/book/10_of_the_mole_and_the_steps.md:47	The riddle	->	Tòimhseachan a' Choimhdich	|	The riddle that had come with the Tellin
CHANGE	eras/age_I/book/10_of_the_mole_and_the_steps.md:47	the Telling	->	Aithris a' Chruthachaidh	|	The riddle that had come with the Telling, the sky and the earth and th
CHANGE	eras/age_I/book/10_of_the_mole_and_the_steps.md:47	the riddle	->	Tòimhseachan a' Choimhdich	|	brighter and no darker, giving up nothing of what the riddle asked of them. After the thir
CHANGE	eras/age_I/book/10_of_the_mole_and_the_steps.md:47	the Mason's line	->	Clann a' Chlachair	|	eather bag of coloured coal hung at the hearth of the Mason's line much as it had hung for two g
CHANGE	eras/age_I/book/10_of_the_mole_and_the_steps.md:49	the riddle	->	Tòimhseachan a' Choimhdich	|	It was not that the line had given up the riddle, for no keeper of that hearth
CHANGE	eras/age_I/book/10_of_the_mole_and_the_steps.md:49	the riddle	->	Tòimhseachan a' Choimhdich	|	ed outright, would have said so; it was only that the riddle had become, in those years, a
CHANGE	eras/age_I/book/10_of_the_mole_and_the_steps.md:51	the riddle	->	Tòimhseachan a' Choimhdich	|	use a mole of stone has always been added to, and the riddle rode along inside it unanswer
CHANGE	eras/age_I/book/10_of_the_mole_and_the_steps.md:53	the Mason's line	->	Clann a' Chlachair	|	hout a hand out for balance, though the hearth of the Mason's line knew nothing of that crossing
CHANGE	eras/age_I/book/10_of_the_mole_and_the_steps.md:53	the riddle	->	Tòimhseachan a' Choimhdich	|	ering's own silence being asking enough. She said the riddle after, as she said it every y
CHANGE	eras/age_I/book/10_of_the_mole_and_the_steps.md:63	the Old Ones	->	Seann-Dhaoine	|	arer that shore than any hill-folk came to any of the Old Ones' places, ever learned enough 
CHANGE	eras/age_I/book/12_of_aodh_and_the_northern_sea.md:7	the Telling	->	Aithris a' Chruthachaidh	|	good many fathers after Diarmad had first brought the Telling down out of the grove, into a
CHANGE	eras/age_I/book/12_of_aodh_and_the_northern_sea.md:11	the Telling	->	Aithris a' Chruthachaidh	|	d not yet have said what it was. Every recital of the Telling that he had sat through since
CHANGE	eras/age_I/book/12_of_aodh_and_the_northern_sea.md:11	the gold coal	->	gual òir	|	rmad first brought it down out of the grove: that the gold coal held the sea, and had never y
CHANGE	eras/age_I/book/12_of_aodh_and_the_northern_sea.md:17	the night of the lightning	->	Oidhche an Dealanaich	|	ding at every gathering of the fathers' names, at the night of the lightning when the whole kin turned out
CHANGE	eras/age_I/book/12_of_aodh_and_the_northern_sea.md:19	the fire-pot	->	Poit an Teine	|	a hope; but his mother's aunt Muirgheal, who kept the fire-pot at the hearth and had the Tel
CHANGE	eras/age_I/book/12_of_aodh_and_the_northern_sea.md:19	the Telling	->	Aithris a' Chruthachaidh	|	heal, who kept the fire-pot at the hearth and had the Telling word for word as Deirbhile's 
CHANGE	eras/age_I/book/12_of_aodh_and_the_northern_sea.md:19	the count of fathers	->	Cunntas nan Athraichean	|	obar dhìreach, a woman of few words who could say the count of fathers back further than most cared 
CHANGE	eras/age_I/book/12_of_aodh_and_the_northern_sea.md:19	the gold coal	->	gual òir	|	 he was nine, that he meant to walk north and try the gold coal against the sea himself befor
CHANGE	eras/age_I/book/12_of_aodh_and_the_northern_sea.md:29	the coloured coal	->	an gual dathach	|	in the same fold of hide Diarmad had once carried the coloured coal alone. The night before he le
CHANGE	eras/age_I/book/12_of_aodh_and_the_northern_sea.md:29	the Telling	->	Aithris a' Chruthachaidh	|	safe at the hearth, and she had told him no, that the Telling said the seven were cast at t
CHANGE	eras/age_I/book/12_of_aodh_and_the_northern_sea.md:61	The riddle	->	Tòimhseachan a' Choimhdich	|	 she said, "since the grove." And then, to Aodh, "The riddle is true, then. Each answers t
CHANGE	eras/age_I/book/12_of_aodh_and_the_northern_sea.md:63	the fire-pot's	->	Poit an Teine's	|	eone to ask whether it was true, and by the third the fire-pot's own door stood open near the 
CHANGE	eras/age_I/book/12_of_aodh_and_the_northern_sea.md:65	the Telling	->	Aithris a' Chruthachaidh	|	of it themselves, she said only that she had said the Telling word for word since she was a
CHANGE	eras/age_I/book/12_of_aodh_and_the_northern_sea.md:65	the gold coal	->	gual òir	|	ed after them, plain and short: that in that year the gold coal was thrown into the northern 
CHANGE	eras/age_I/book/12_of_aodh_and_the_northern_sea.md:65	the Telling	->	Aithris a' Chruthachaidh	|	 that the piece was first called, at every hearth the Telling reached after, *gual òir*, th
CHANGE	eras/age_I/book/12_of_aodh_and_the_northern_sea.md:65	the gold coal	->	gual òir	|	ery hearth the Telling reached after, *gual òir*, the gold coal, a name it has kept at every 
CHANGE	eras/age_I/book/12_of_aodh_and_the_northern_sea.md:71	the coloured coal	->	an gual dathach	|	n open palm the way Diarmad was said to have held the coloured coal up to the sky in the grove; a
CHANGE	eras/age_I/book/12_of_aodh_and_the_northern_sea.md:81	the coloured coal	->	an gual dathach	|	 of that line had done since Diarmad first turned the coloured coal in his own small hand, and as
CHANGE	eras/age_I/book/13_of_the_kilns_the_ramps_and_the_houses_on_the_water.md:6	the snowflake coal	->	gual sneachda	|	> Fearghas climbed to the top of the island, and the snowflake coal took fire in the air.
CHANGE	eras/age_I/book/13_of_the_kilns_the_ramps_and_the_houses_on_the_water.md:7	the Line of the Mason	->	Sloinneadh a' Chlachair	|	> — from the Line of the Mason
CHANGE	eras/age_I/book/13_of_the_kilns_the_ramps_and_the_houses_on_the_water.md:9	the Old Ones	->	Seann-Dhaoine	|	Of the White Coal on the Height, and the Walls of the Old Ones*
CHANGE	eras/age_I/book/13_of_the_kilns_the_ramps_and_the_houses_on_the_water.md:41	the slab	->	Leac na Fèithe	|	t where the ground below ran soft, and both times the slab was levered up again with pol
CHANGE	eras/age_I/book/13_of_the_kilns_the_ramps_and_the_houses_on_the_water.md:41	the slab	->	Leac na Fèithe	|	maller stone rammed hard by hand and by heel, and the slab let down a second time onto g
CHANGE	eras/age_I/book/15_of_the_lean_years_of_the_line.md:19	the gold coal	->	gual òir	|	tood to his knees in the northern sea and watched the gold coal ride the swell before a break
CHANGE	eras/age_I/book/15_of_the_lean_years_of_the_line.md:21	the riddle	->	Tòimhseachan a' Choimhdich	|	Gormal had grown up on the trying. She had heard the riddle said standing before she coul
CHANGE	eras/age_I/book/15_of_the_lean_years_of_the_line.md:21	the fire-pot	->	Poit an Teine	|	ree lives together. By the time she was keeper of the fire-pot in her own right, past thirty
CHANGE	eras/age_I/book/15_of_the_lean_years_of_the_line.md:23	the fire-pot	->	Poit an Teine	|	 kin's daughters nor the slowest, and had come to the fire-pot only because the aunt who kep
CHANGE	eras/age_I/book/15_of_the_lean_years_of_the_line.md:23	the riddle	->	Tòimhseachan a' Choimhdich	|	not a name came out of its place, and she learned the riddle the same way, and asked, the 
CHANGE	eras/age_I/book/15_of_the_lean_years_of_the_line.md:25	the riddle	->	Tòimhseachan a' Choimhdich	|	t of habit than hope, that the fathers' names and the riddle after them be said standing e
CHANGE	eras/age_I/book/15_of_the_lean_years_of_the_line.md:27	the riddle	->	Tòimhseachan a' Choimhdich	|	that the young of the kin no longer sat still for the riddle the way they had once been ma
CHANGE	eras/age_I/book/15_of_the_lean_years_of_the_line.md:27	the riddle	->	Tòimhseachan a' Choimhdich	|	ers' names were done rather than hold him through the riddle after, when half of them were
CHANGE	eras/age_I/book/15_of_the_lean_years_of_the_line.md:27	the riddle	->	Tòimhseachan a' Choimhdich	|	rough and answered that a child who slept through the riddle at nine would wake to it at n
CHANGE	eras/age_I/book/15_of_the_lean_years_of_the_line.md:45	the fire-pot	->	Poit an Teine	|	She kept the fire-pot and the bag until the year sh
CHANGE	eras/age_I/book/15_of_the_lean_years_of_the_line.md:45	the riddle	->	Tòimhseachan a' Choimhdich	|	ice gone thin but the words unfaltering, she said the riddle as she had said it every year
CHANGE	eras/age_I/book/15_of_the_lean_years_of_the_line.md:45	the fire-pot	->	Poit an Teine	|	g. She died that winter in the house she had kept the fire-pot in her whole life, with Sìomh
CHANGE	eras/age_I/book/15_of_the_lean_years_of_the_line.md:45	the riddle	->	Tòimhseachan a' Choimhdich	|	without speaking. When Sìomha asked if she wanted the riddle said once more, she shook her
CHANGE	eras/age_I/book/16_of_fearghas_on_the_height.md:7	the fire-pot	->	Poit an Teine	|	had always hung, in a niche cut in the wall above the fire-pot at Tobar dhìreach, and the ri
CHANGE	eras/age_I/book/16_of_fearghas_on_the_height.md:7	the riddle	->	Tòimhseachan a' Choimhdich	|	he wall above the fire-pot at Tobar dhìreach, and the riddle was said standing at every da
CHANGE	eras/age_I/book/16_of_fearghas_on_the_height.md:23	the Mason's line	->	Clann a' Chlachair	|	ter his flock without asking why two young men of the Mason's line wanted such ground, for the l
CHANGE	eras/age_I/book/16_of_fearghas_on_the_height.md:33	the first fire	->	Teine a' Chlachair	|	s cloak the way Neachdan was said to have carried the first fire home under his, though no one
CHANGE	eras/age_I/book/16_of_fearghas_on_the_height.md:67	the gold coal	->	gual òir	|	no more business being carried home in a pot than the gold coal, so long before, had had any 
CHANGE	eras/age_I/book/16_of_fearghas_on_the_height.md:75	the Mason's Point	->	Binnean a' Chlachair	|	e first telling of it and by no other name after, the Mason's Point, though no one household coul
CHANGE	eras/age_I/book/16_of_fearghas_on_the_height.md:83	The riddle	->	Tòimhseachan a' Choimhdich	|	The riddle went on being asked at every 
CHANGE	eras/age_I/book/16_of_fearghas_on_the_height.md:83	the seven coals	->	na Seachd Guail	|	n being asked at every recital after, for five of the seven coals still lay dark, the earth and
CHANGE	eras/age_I/book/16_of_fearghas_on_the_height.md:87	the slab	->	Leac na Fèithe	|	He was buried within sight of the slab that covered the mason's own 
CHANGE	eras/age_I/book/17_of_the_cliff_house_and_the_curved_mole.md:63	the slab	->	Leac na Fèithe	|	ug, lined and lidded before the first hard frost, the slab set and the sand banked back 
CHANGE	eras/age_I/book/18_of_the_outpost_and_the_three_rings.md:15	the outpost	->	Làrach an Dùin-fhaire	|	Through that first winter the outpost held no more than a handful o
CHANGE	eras/age_I/book/18_of_the_outpost_and_the_three_rings.md:23	the outpost's	->	Làrach an Dùin-fhaire's	|	It was that same boy, in the second autumn of the outpost's keeping, who first raised the
CHANGE	eras/age_I/book/18_of_the_outpost_and_the_three_rings.md:23	the outpost's	->	Làrach an Dùin-fhaire's	|	held to his first telling of it all his life, and the outpost's watch, from that autumn on, w
CHANGE	eras/age_I/book/18_of_the_outpost_and_the_three_rings.md:45	the outpost's	->	Làrach an Dùin-fhaire's	|	feet, and it was across this ground, in the years the outpost's wall stood finished and the r
CHANGE	eras/age_I/book/18_of_the_outpost_and_the_three_rings.md:59	the outpost	->	Làrach an Dùin-fhaire	|	What passed between the households of the outpost and the households of the thr
CHANGE	eras/age_I/book/19_of_the_altar_and_the_shafts.md:8	the Watcher	->	Uilebheist na Mara	|	The Fourth Part: Of the Black Coal in the Ground, the Watcher and the Hollow Man*
CHANGE	eras/age_I/book/19_of_the_altar_and_the_shafts.md:8	the Hollow Man	->	Marbh-bheò	|	 Of the Black Coal in the Ground, the Watcher and the Hollow Man*
CHANGE	eras/age_I/book/19_of_the_altar_and_the_shafts.md:12	the outpost	->	Làrach an Dùin-fhaire	|	k had lain a bare season before the households of the outpost and the fortress began, witho
CHANGE	eras/age_I/book/19_of_the_altar_and_the_shafts.md:12	the fortress	->	Làrach an Dùin	|	e season before the households of the outpost and the fortress began, without any telling sa
CHANGE	eras/age_I/book/19_of_the_altar_and_the_shafts.md:14	the outpost's	->	Làrach an Dùin-fhaire's	|	f trimmed timber, the same labour that had raised the outpost's wall and the fortress's three
CHANGE	eras/age_I/book/19_of_the_altar_and_the_shafts.md:14	the fortress's	->	Làrach an Dùin's	|	ame labour that had raised the outpost's wall and the fortress's three rings, and a household 
CHANGE	eras/age_I/book/19_of_the_altar_and_the_shafts.md:14	the Old Ones	->	Seann-Dhaoine	|	 set the altar block apart from every other stone the Old Ones had ever cut and laid, in the
CHANGE	eras/age_I/book/19_of_the_altar_and_the_shafts.md:14	the fortress's	->	Làrach an Dùin's	|	s not its size, for stones as large had gone into the fortress's walls, but the line its face 
CHANGE	eras/age_I/book/19_of_the_altar_and_the_shafts.md:14	the Old Ones	->	Seann-Dhaoine	|	ole, every ramp, every kiln and every round house the Old Ones had ever raised faced the wat
CHANGE	eras/age_I/book/19_of_the_altar_and_the_shafts.md:64	the Old Ones	->	Seann-Dhaoine	|	t is remembered to have walked between all three, the Old Ones stopped building only along t
CHANGE	eras/age_I/book/20_of_the_steersman.md:7	the Telling	->	Aithris a' Chruthachaidh	|	thorn and the wind never quite stopped, they kept the Telling the same as the high valleys 
CHANGE	eras/age_I/book/20_of_the_steersman.md:7	the Telling	->	Aithris a' Chruthachaidh	|	the shore hearths listened hardest to the part of the Telling that spoke of what lay past i
CHANGE	eras/age_I/book/20_of_the_steersman.md:9	the Keeper's	->	Coimhdeach na Fine's	|	That part did not come from the Keeper's own mouth, or none said so. I
CHANGE	eras/age_I/book/20_of_the_steersman.md:9	the godfolk's	->	an Dia-shluagh's	|	omen said, from further back than the mason, from the godfolk's own children before there was
CHANGE	eras/age_I/book/20_of_the_steersman.md:9	the Telling	->	Aithris a' Chruthachaidh	|	ore there was fire at all, and it had ridden into the Telling the way a stray dog rides in 
CHANGE	eras/age_I/book/20_of_the_steersman.md:9	the land of the young	->	Tìr nan Òg	|	n land that had no equal on Dia-thìr: Tìr nan Òg, the land of the young, and Magh Meall beside it, th
CHANGE	eras/age_I/book/20_of_the_steersman.md:9	the plain of delight	->	Magh Meall	|	 the land of the young, and Magh Meall beside it, the plain of delight, where nothing grew old and n
CHANGE	eras/age_I/book/20_of_the_steersman.md:9	(appositive)	->	Tìr nan Òg	|	dropped the English gloss beside Tìr nan Òg
CHANGE	eras/age_I/book/20_of_the_steersman.md:15	the Telling	->	Aithris a' Chruthachaidh	|	orld alone. Bran listened instead. He listened to the Telling every time it was said, the s
CHANGE	eras/age_I/book/20_of_the_steersman.md:29	the Telling	->	Aithris a' Chruthachaidh	|	"I mean to go and see if the Telling is true."
CHANGE	eras/age_I/book/20_of_the_steersman.md:31	the Telling	->	Aithris a' Chruthachaidh	|	arms folded against the wind, was only this: that the Telling never once said a living man 
CHANGE	eras/age_I/book/21_of_brian_and_the_buried_five.md:7	the night of the lightning	->	Oidhche an Dealanaich	|	Tobar dhìreach the recital was said every year on the night of the lightning with two colours answered and
CHANGE	eras/age_I/book/21_of_brian_and_the_buried_five.md:7	the Mason's	->	An Clachair's	|	e line and had no cause to be kind about it, that the Mason's people would go on asking the
CHANGE	eras/age_I/book/21_of_brian_and_the_buried_five.md:17	the Keeper	->	Coimhdeach na Fine	|	on the telling of the mason and the lightning and the Keeper in the grove, said at his own
CHANGE	eras/age_I/book/21_of_brian_and_the_buried_five.md:17	the riddle	->	Tòimhseachan a' Choimhdich	|	strangers had finished sitting down. He had heard the riddle a thousand times before he un
CHANGE	eras/age_I/book/21_of_brian_and_the_buried_five.md:22	the gold coal	->	gual òir	|	er, and further back than that: the sea had taken the gold coal on the swell of the northern 
CHANGE	eras/age_I/book/21_of_brian_and_the_buried_five.md:48	the slab	->	Leac na Fèithe	|	He chose the ground beside the slab. It was the plainest choice i
CHANGE	eras/age_I/book/21_of_brian_and_the_buried_five.md:48	the slab	->	Leac na Fèithe	|	d, afterward, why anyone should think it strange; the slab at Tobar dhìreach was the one
CHANGE	eras/age_I/book/21_of_brian_and_the_buried_five.md:48	the slab	->	Leac na Fèithe	|	could hold such a thing. No one drew water beside the slab, and no house was built near 
CHANGE	eras/age_I/book/21_of_brian_and_the_buried_five.md:50	the slab	->	Leac na Fèithe	|	e whole while, sitting on an old quern-stone near the slab with her knees drawn up, watc
CHANGE	eras/age_I/book/21_of_brian_and_the_buried_five.md:92	the fire-pot	->	Poit an Teine	|	rm, to Tobar dhìreach itself, to the hearth where the fire-pot was kept, and there before th
CHANGE	eras/age_I/book/21_of_brian_and_the_buried_five.md:92	the night of the lightning	->	Oidhche an Dealanaich	|	to have burned, hearth to hearth, unbroken, since the night of the lightning; and it caught there the way 
CHANGE	eras/age_I/book/21_of_brian_and_the_buried_five.md:96	the slab	->	Leac na Fèithe	|	 was not burning somewhere within a day's walk of the slab.
CHANGE	eras/age_I/book/21_of_brian_and_the_buried_five.md:98	the riddle	->	Tòimhseachan a' Choimhdich	|	, he was asked whether he thought he had answered the riddle, whether the black coal's bur
CHANGE	eras/age_I/book/21_of_brian_and_the_buried_five.md:98	the Keeper	->	Coimhdeach na Fine	|	and that whether the answer was the whole of what the Keeper meant, or only a part of it, 
CHANGE	eras/age_I/book/21_of_brian_and_the_buried_five.md:104	the slab	->	Leac na Fèithe	|	They buried him beside the slab, near the ground he had first
CHANGE	eras/age_I/book/22_of_the_stakes_in_the_mud_and_the_watcher_in_the_sea.md:15	the Watcher	->	Uilebheist na Mara	|	ing nothing and answering nothing, until the year the Watcher was first seen from that same
CHANGE	eras/age_I/book/22_of_the_stakes_in_the_mud_and_the_watcher_in_the_sea.md:25	the Sea-Watcher	->	Uilebheist na Mara	|	 who saw it first ever claimed to have coined it: the Sea-Watcher, *Uilebheist na Mara*, as tho
CHANGE	eras/age_I/book/22_of_the_stakes_in_the_mud_and_the_watcher_in_the_sea.md:27	the Watcher's	->	Uilebheist na Mara's	|	ar forward, by a name it had never needed before: the Watcher's water.
CHANGE	eras/age_I/book/22_of_the_stakes_in_the_mud_and_the_watcher_in_the_sea.md:35	the Watcher	->	Uilebheist na Mara	|	 shore, though it did not yet come from the water the Watcher had been seen in. A boat work
CHANGE	eras/age_I/book/22_of_the_stakes_in_the_mud_and_the_watcher_in_the_sea.md:35	the Watcher	->	Uilebheist na Mara	|	his companions had gone under. It was not laid to the Watcher, not by anyone, for the water
CHANGE	eras/age_I/book/22_of_the_stakes_in_the_mud_and_the_watcher_in_the_sea.md:35	the Watcher's	->	Uilebheist na Mara's	|	elling ever began; but it happened in a year when the Watcher's telling was still young enoug
CHANGE	eras/age_I/book/22_of_the_stakes_in_the_mud_and_the_watcher_in_the_sea.md:43	the Watcher	->	Uilebheist na Mara	|	nted trusting. He never once claimed to have seen the Watcher himself, in all the years the
CHANGE	eras/age_I/book/22_of_the_stakes_in_the_mud_and_the_watcher_in_the_sea.md:45	the Telling	->	Aithris a' Chruthachaidh	|	t coast came in time to know as well as they knew the Telling itself:
CHANGE	eras/age_I/book/22_of_the_stakes_in_the_mud_and_the_watcher_in_the_sea.md:50	the Watcher's	->	Uilebheist na Mara's	|	nd to any boat he judged had strayed too far into the Watcher's water, in a voice pitched to 
CHANGE	eras/age_I/book/22_of_the_stakes_in_the_mud_and_the_watcher_in_the_sea.md:54	the Watcher	->	Uilebheist na Mara	|	was always kept, fed by hands that had never seen the Watcher and never once doubted that t
CHANGE	eras/age_I/book/22_of_the_stakes_in_the_mud_and_the_watcher_in_the_sea.md:66	the Watcher	->	Uilebheist na Mara	|	 had until then only thought and not spoken: that the Watcher had taken them. It was not th
CHANGE	eras/age_I/book/22_of_the_stakes_in_the_mud_and_the_watcher_in_the_sea.md:68	the Watcher's	->	Uilebheist na Mara's	|	 on that whole coast that a loss had been laid at the Watcher's door by name rather than only
CHANGE	eras/age_I/book/23_of_the_lee_of_the_headlands_and_the_writing_in_the_hills.md:7	the Watcher	->	Uilebheist na Mara	|	 the right, the way their fathers had gone before the Watcher had a name to be feared by. I
CHANGE	eras/age_I/book/23_of_the_lee_of_the_headlands_and_the_writing_in_the_hills.md:17	the Mason's line	->	Clann a' Chlachair	|	ore, and harder again than the broad valley where the Mason's line kept its fire and its recital
CHANGE	eras/age_I/book/23_of_the_lee_of_the_headlands_and_the_writing_in_the_hills.md:33	the Mason's line	->	Clann a' Chlachair	|	ld in that country marked its boundary posts, and the Mason's line itself, she had been told, ke
CHANGE	eras/age_I/book/24_of_the_covered_hearths_and_the_nine.md:21	the slab	->	Leac na Fèithe	|	the fire's small light moving on the underside of the slab above him, close enough to to
CHANGE	eras/age_I/book/24_of_the_covered_hearths_and_the_nine.md:29	the Telling	->	Aithris a' Chruthachaidh	|	n all the generations since Diarmad first carried the Telling home from the grove, been put
CHANGE	eras/age_I/book/24_of_the_covered_hearths_and_the_nine.md:29	first fire	->	Teine a' Chlachair	|	ay pot that held what the line called the mason's first fire set always within an arm's re
CHANGE	eras/age_I/book/24_of_the_covered_hearths_and_the_nine.md:29	the Mason's line	->	Clann a' Chlachair	|	darken hung on its peg above, and no household of the Mason's line, in all the years the covered
CHANGE	eras/age_I/book/24_of_the_covered_hearths_and_the_nine.md:35	the mason's fire	->	Teine a' Chlachair	|	wn fears; and the line held, rightly or not, that the mason's fire was owed better than to be tr
CHANGE	eras/age_I/book/24_of_the_covered_hearths_and_the_nine.md:41	the slab	->	Leac na Fèithe	|	and young enough in the custom that the pit under the slab had not yet been dug there, a
CHANGE	eras/age_I/book/25_of_the_uncut_woods.md:28	the glen of the stags	->	Gleann nan Damh	|	It happened at the gully the hunters called the glen of the stags, a deer-drive run down along 
CHANGE	eras/age_I/book/25_of_the_uncut_woods.md:46	the holy wood	->	Coille Naomh Muileann chiar	|	It was older in its bearing than the holy wood of the stag, or seemed so to 
CHANGE	eras/age_I/book/25_of_the_uncut_woods.md:76	the holy wood	->	Coille Naomh Muileann chiar	|	up knowing to carry their fuel the long way round the holy wood far to the east, two customs 
CHANGE	eras/age_I/book/26_of_cormac_of_the_misstrike.md:7	the slab	->	Leac na Fèithe	|	hundred years since Brian had dug his hole beside the slab and found the black coal warm
CHANGE	eras/age_I/book/26_of_cormac_of_the_misstrike.md:9	the fire-pot	->	Poit an Teine	|	urth son of a household that had held the bag and the fire-pot and the recital, father to fa
CHANGE	eras/age_I/book/26_of_cormac_of_the_misstrike.md:9	the night of the lightning	->	Oidhche an Dealanaich	|	older brother stand for the line at the hearth on the night of the lightning; but his two elder brothers d
CHANGE	eras/age_I/book/26_of_cormac_of_the_misstrike.md:13	the night of the lightning	->	Oidhche an Dealanaich	|	d of the line did, said standing at the hearth on the night of the lightning, the fathers named back to Ne
CHANGE	eras/age_I/book/26_of_cormac_of_the_misstrike.md:13	the slab	->	Leac na Fèithe	|	ad taken the white-flecked coal, the grave beside the slab that had taken the black one 
CHANGE	eras/age_I/book/26_of_cormac_of_the_misstrike.md:17	the riddle	->	Tòimhseachan a' Choimhdich	|	d talked and come back with the whole Telling and the riddle both; that the Keeper had sto
CHANGE	eras/age_I/book/26_of_cormac_of_the_misstrike.md:17	the Keeper	->	Coimhdeach na Fine	|	 with the whole Telling and the riddle both; that the Keeper had stood there once, in the 
CHANGE	eras/age_I/book/26_of_cormac_of_the_misstrike.md:17	the Keeper's	->	Coimhdeach na Fine's	|	e lambs were born, that a place with that much of the Keeper's business behind it might hold
CHANGE	eras/age_I/book/26_of_cormac_of_the_misstrike.md:19	the fire-pot	->	Poit an Teine	|	r go once the hay was in, and that she would keep the fire-pot fed and the bag's thong tied 
CHANGE	eras/age_I/book/26_of_cormac_of_the_misstrike.md:25	the Keeper	->	Coimhdeach na Fine	|	t of habit than hope, for he did not truly expect the Keeper to come for the asking.
CHANGE	eras/age_I/book/26_of_cormac_of_the_misstrike.md:29	the Keeper	->	Coimhdeach na Fine	|	 them. Thinking the ground here, so near whatever the Keeper had been, might succeed where
CHANGE	eras/age_I/book/26_of_cormac_of_the_misstrike.md:71	the fire-pot	->	Poit an Teine	|	 two-and-seventieth year, at his own hearth, with the fire-pot burning near him as it had bu
CHANGE	eras/age_I/book/26_of_cormac_of_the_misstrike.md:73	the slab	->	Leac na Fèithe	|	They buried him near the slab, as Brian had been buried, an
CHANGE	eras/age_I/book/27_of_the_dogs_the_geese_and_the_farthest_reach.md:7	The glen of the stags	->	Gleann nan Damh	|	 since he was old enough to hold a stake upright. The glen of the stags lay east of the households, a
CHANGE	eras/age_I/book/27_of_the_dogs_the_geese_and_the_farthest_reach.md:25	the first fire	->	Teine a' Chlachair	|	ong before any teller now living had a telling of the first fire itself. "A thing that shares 
CHANGE	eras/age_I/book/27_of_the_dogs_the_geese_and_the_farthest_reach.md:33	the count of fathers	->	Cunntas nan Athraichean	|	 storm and left it with the last, and that in all the count of fathers no one had ever gone out to t
CHANGE	eras/age_I/book/28_of_the_warm_springs_and_the_walled_gate.md:7	the warm springs	->	Fuarain Theth Muileann ruadh	|	s never let go out. Fuarain Theth Muileann ruadh, the warm springs, are called so still.
CHANGE	eras/age_I/book/28_of_the_warm_springs_and_the_walled_gate.md:7	(appositive)	->	Fuarain Theth Muileann ruadh	|	dropped the English gloss beside Fuarain Theth Muileann ruadh
CHANGE	eras/age_I/book/28_of_the_warm_springs_and_the_walled_gate.md:61	the outpost	->	Làrach an Dùin-fhaire	|	On the spur above the southern lowland, where the outpost had stood with its one gate f
CHANGE	eras/age_I/book/28_of_the_warm_springs_and_the_walled_gate.md:75	The outpost	->	Làrach an Dùin-fhaire	|	The outpost stood empty after that. No sm
CHANGE	eras/age_I/book/28_of_the_warm_springs_and_the_walled_gate.md:81	the outpost	->	Làrach an Dùin-fhaire	|	from it one morning, in a year a long while after the outpost fell silent, went early, befo
CHANGE	eras/age_I/book/28_of_the_warm_springs_and_the_walled_gate.md:89	the outpost's	->	Làrach an Dùin-fhaire's	|	 gone wrong in the high places, in the years when the outpost's gate was closed and the ciste
CHANGE	eras/age_I/book/28_of_the_warm_springs_and_the_walled_gate.md:89	the warm springs	->	Fuarain Theth Muileann ruadh	|	 still smoked and their boats still went out, and the warm springs under the mountain still ran,
CHANGE	eras/age_I/book/29_of_the_empty_rings_and_the_stripped_altar.md:49	the outpost's	->	Làrach an Dùin-fhaire's	|	nded some years after the rings had gone dark and the outpost's gate had been closed, by fewe
CHANGE	eras/age_I/book/29_of_the_empty_rings_and_the_stripped_altar.md:75	the warm springs	->	Fuarain Theth Muileann ruadh	|	d open as it had always stood. Under the mountain the warm springs ran on, and the sick were sti
CHANGE	eras/age_I/book/29_of_the_empty_rings_and_the_stripped_altar.md:75	The outpost	->	Làrach an Dùin-fhaire	|	n the heights were full, and the way up was long. The outpost and the rings stood empty, an
CHANGE	eras/age_I/book/30_of_eoghann_at_the_river.md:9	the fire-pot	->	Poit an Teine	|	the hearth strange; the bag hung on its peg above the fire-pot from his earliest memory, and
CHANGE	eras/age_I/book/30_of_eoghann_at_the_river.md:11	the slab	->	Leac na Fèithe	|	ng his father was carried out to be buried beside the slab, and he said afterward, when 
CHANGE	eras/age_I/book/30_of_eoghann_at_the_river.md:17	the silver coal	->	gual airgid	|	ought their failures worth passing on. He carried the silver coal to the Abhainn ghorm below To
CHANGE	eras/age_I/book/30_of_eoghann_at_the_river.md:23	the fire-pot	->	Poit an Teine	|	k inside the week and that she was not to trouble the fire-pot on his account, for it burned
CHANGE	eras/age_I/book/30_of_eoghann_at_the_river.md:27	the silver coal	->	gual airgid	|	 last of the light with the bag open on his palm, the silver coal and the untried one and the r
CHANGE	eras/age_I/book/30_of_eoghann_at_the_river.md:47	The silver-sheen coal	->	Gual airgid	|	The silver-sheen coal took the current a hand's bre
CHANGE	eras/age_I/book/30_of_eoghann_at_the_river.md:55	the fire-pot	->	Poit an Teine	|	 had left him, and found Dearbhail still awake by the fire-pot, who took one look at him sta
CHANGE	eras/age_I/book/30_of_eoghann_at_the_river.md:57	the night of the lightning	->	Oidhche an Dealanaich	|	At the next telling of the Line, on the night of the lightning, Eòghann stood at the hearth 
CHANGE	eras/age_I/book/30_of_eoghann_at_the_river.md:57	the gold-sheen coal	->	gual òir	|	efore the gathered valley: that the sea had taken the gold-sheen coal, and the height the white-fle
CHANGE	eras/age_I/book/30_of_eoghann_at_the_river.md:57	the silver coal	->	gual airgid	|	ted. The valley took to calling it *gual airgid*, the silver coal, and some among them, turning
CHANGE	eras/age_I/book/30_of_eoghann_at_the_river.md:61	The fire coal	->	Gual teine	|	different from water anywhere else on the island. The fire coal and the rainbow lay in the ba
CHANGE	eras/age_I/book/30_of_eoghann_at_the_river.md:61	the fire coal	->	gual teine	|	and in that long stretch of his own keeping tried the fire coal against flint more than once,
CHANGE	eras/age_I/book/30_of_eoghann_at_the_river.md:63	the fire-pot	->	Poit an Teine	|	his six-and-sixtieth year at his own hearth, with the fire-pot burning near him as it had bu
CHANGE	eras/age_I/book/31_of_the_shore_the_sea_way_and_the_godkin.md:17	the fortress	->	Làrach an Dùin	|	-people back from the high places in those years, the fortress abandoned to its choked ciste
CHANGE	eras/age_I/book/31_of_the_shore_the_sea_way_and_the_godkin.md:17	the outpost's	->	Làrach an Dùin-fhaire's	|	 the fortress abandoned to its choked cistern and the outpost's one gate blocked from within 
CHANGE	eras/age_I/book/31_of_the_shore_the_sea_way_and_the_godkin.md:33	the slab	->	Leac na Fèithe	|	sìth's roofs and not to be broken, and never near the slab at Tobar dhìreach, where no o
CHANGE	eras/age_I/book/31_of_the_shore_the_sea_way_and_the_godkin.md:37	The Telling	->	Aithris a' Chruthachaidh	|	e in the ground because they had grown out of it. The Telling said so, and the ground agree
CHANGE	eras/age_I/book/31_of_the_shore_the_sea_way_and_the_godkin.md:41	the Mason's	->	An Clachair's	|	Rathnait was not of the Mason's own line, nor of any house th
CHANGE	eras/age_I/book/31_of_the_shore_the_sea_way_and_the_godkin.md:41	the Telling	->	Aithris a' Chruthachaidh	|	s east of Tobar dhìreach, and she grew up hearing the Telling the way every child of those 
CHANGE	eras/age_I/book/31_of_the_shore_the_sea_way_and_the_godkin.md:43	the night of the lightning	->	Oidhche an Dealanaich	|	darkest of the year, the night the recital called the night of the lightning, when every household that co
CHANGE	eras/age_I/book/31_of_the_shore_the_sea_way_and_the_godkin.md:43	the Telling	->	Aithris a' Chruthachaidh	|	 the eastern ridge or that house of the ford, and the Telling, when it named the people it 
CHANGE	eras/age_I/book/31_of_the_shore_the_sea_way_and_the_godkin.md:45	the night of the lightning	->	Oidhche an Dealanaich	|	sides its own, so that the crowd that came in for the night of the lightning was thicker that year than Ra
CHANGE	eras/age_I/book/31_of_the_shore_the_sea_way_and_the_godkin.md:47	the riddle	->	Tòimhseachan a' Choimhdich	|	tir after the fathers' names were said and before the riddle was taken up, the crowd loose
CHANGE	eras/age_I/book/31_of_the_shore_the_sea_way_and_the_godkin.md:47	the godkin	->	Clann nan Dè	|	 the whole of them before. Clann nan Dè, he said, the godkin, and said it plainly, the way
CHANGE	eras/age_I/book/31_of_the_shore_the_sea_way_and_the_godkin.md:47	the mason's fire	->	Teine a' Chlachair	|	neither ridge nor ford but the fathers' names and the mason's fire and the riddle that had come 
CHANGE	eras/age_I/book/31_of_the_shore_the_sea_way_and_the_godkin.md:47	the riddle	->	Tòimhseachan a' Choimhdich	|	d but the fathers' names and the mason's fire and the riddle that had come down with them,
CHANGE	eras/age_I/book/31_of_the_shore_the_sea_way_and_the_godkin.md:49	the mason's fire	->	Teine a' Chlachair	|	ere the households said they had come from before the mason's fire was given them, whether from 
CHANGE	eras/age_I/book/31_of_the_shore_the_sea_way_and_the_godkin.md:49	the Telling	->	Aithris a' Chruthachaidh	|	their own ridge or ford, the children of the gods the Telling spoke of, and let whoever ask
CHANGE	eras/age_I/book/31_of_the_shore_the_sea_way_and_the_godkin.md:51	the riddle	->	Tòimhseachan a' Choimhdich	|	en, as the night wore toward its coldest hour and the riddle was taken up in its turn, sai
CHANGE	eras/age_I/book/32_of_the_sliver_at_ath_gharbh_and_the_name_of_the_line.md:8	the Children of the Question	->	Clann na Ceiste	|	*The Sixth Part: Of the Children of the Question, and the Seventh Coal*
CHANGE	eras/age_I/book/32_of_the_sliver_at_ath_gharbh_and_the_name_of_the_line.md:16	the Telling	->	Aithris a' Chruthachaidh	|	She knew only the Telling, which every hearth of the va
CHANGE	eras/age_I/book/32_of_the_sliver_at_ath_gharbh_and_the_name_of_the_line.md:16	the Mason's line	->	Clann a' Chlachair	|	ore it was told anything else worth telling, that the Mason's line kept a whole bag of such piec
CHANGE	eras/age_I/book/32_of_the_sliver_at_ath_gharbh_and_the_name_of_the_line.md:16	the night of the lightning	->	Oidhche an Dealanaich	|	 turned them over every so often at the hearth on the night of the lightning, trying this shore and that h
CHANGE	eras/age_I/book/32_of_the_sliver_at_ath_gharbh_and_the_name_of_the_line.md:16	the Telling	->	Aithris a' Chruthachaidh	|	 well-turned spindle-whorl, and if she thought of the Telling at all when she took it out t
CHANGE	eras/age_I/book/32_of_the_sliver_at_ath_gharbh_and_the_name_of_the_line.md:20	the Telling	->	Aithris a' Chruthachaidh	|	e flare of colour or some voice out of it such as the Telling gave to the mason's own findi
CHANGE	eras/age_I/book/32_of_the_sliver_at_ath_gharbh_and_the_name_of_the_line.md:22	the Mason's line	->	Clann a' Chlachair	|	 teller who had it from a teller before her, that the Mason's line kept coloured stones just suc
CHANGE	eras/age_I/book/32_of_the_sliver_at_ath_gharbh_and_the_name_of_the_line.md:24	the coloured coal	->	an gual dathach	|	h gharbh or the households near it had a piece of the coloured coal to try, nor any notion of whe
CHANGE	eras/age_I/book/32_of_the_sliver_at_ath_gharbh_and_the_name_of_the_line.md:30	the Telling	->	Aithris a' Chruthachaidh	|	w up, as every child of those hearths grew up, on the Telling and on the plainer, harder bu
CHANGE	eras/age_I/book/32_of_the_sliver_at_ath_gharbh_and_the_name_of_the_line.md:56	the coloured coal	->	an gual dathach	|	veryone knew rather than kept as any marvel, that the coloured coal did not belong to the Mason's
CHANGE	eras/age_I/book/32_of_the_sliver_at_ath_gharbh_and_the_name_of_the_line.md:56	the Mason's line	->	Clann a' Chlachair	|	 marvel, that the coloured coal did not belong to the Mason's line alone; that a stone had been 
CHANGE	eras/age_I/book/32_of_the_sliver_at_ath_gharbh_and_the_name_of_the_line.md:56	the fire coal	->	gual teine	|	that had never yet answered any trial given them, the fire coal and the last, the coal of eve
CHANGE	eras/age_I/book/32_of_the_sliver_at_ath_gharbh_and_the_name_of_the_line.md:58	the riddle	->	Tòimhseachan a' Choimhdich	|	It was this, more than the riddle itself, that a wit of Àth gha
CHANGE	eras/age_I/book/32_of_the_sliver_at_ath_gharbh_and_the_name_of_the_line.md:60	The riddle	->	Tòimhseachan a' Choimhdich	|	rn at the reciting better than they yet knew his. The riddle had been taken up after, as i
CHANGE	eras/age_I/book/32_of_the_sliver_at_ath_gharbh_and_the_name_of_the_line.md:68	the godkin	->	Clann nan Dè	|	id that same night alongside the line's new name, the godkin and the children of the quest
CHANGE	eras/age_I/book/33_of_fire_in_the_stone.md:25	the mason's fire	->	Teine a' Chlachair	|	was held by Clann na Ceiste to be their own fire, the mason's fire, though who had cut the words
CHANGE	eras/age_I/book/33_of_fire_in_the_stone.md:37	the mason's fire	->	Teine a' Chlachair	|	s were the line's own saying and the fire in them the mason's fire, and that the broad line abov
CHANGE	eras/age_I/book/33_of_fire_in_the_stone.md:39	the mason's fire	->	Teine a' Chlachair	|	 and it is told still, that this was fitting, for the mason's fire had come to the island by two
CHANGE	eras/age_I/book/33_of_fire_in_the_stone.md:57	the Telling	->	Aithris a' Chruthachaidh	|	ever holding the coals themselves. She grew up on the Telling as every child of the valleys
CHANGE	eras/age_I/book/33_of_fire_in_the_stone.md:67	the riddle	->	Tòimhseachan a' Choimhdich	|	asked whether she meant the fire as some trial of the riddle, that the stone had asked onl
CHANGE	eras/age_I/book/34_of_the_column.md:29	the field of the column	->	Achadh a' Chalbh	|	households that gathered there, Achadh a' Chalbh, the field of the column, and within five it had a wor
CHANGE	eras/age_I/book/34_of_the_column.md:29	(appositive)	->	Achadh a' Chalbh	|	dropped the English gloss beside Achadh a' Chalbh
CHANGE	eras/age_I/book/34_of_the_column.md:31	the night of the lightning	->	Oidhche an Dealanaich	|	ds come together at the dark of that year to keep the night of the lightning together on ground none of th
CHANGE	eras/age_I/book/34_of_the_column.md:31	the riddle	->	Tòimhseachan a' Choimhdich	|	ren, who rose when the fathers had been named and the riddle laid down again unanswered, a
CHANGE	eras/age_I/book/34_of_the_column.md:33	the Telling	->	Aithris a' Chruthachaidh	|	s that were her own rather than any stone's, that the Telling every hearth in the hill coun
CHANGE	eras/age_I/book/34_of_the_column.md:33	the Telling	->	Aithris a' Chruthachaidh	|	and that the stone said only, in fewer words than the Telling used, what the Telling had al
CHANGE	eras/age_I/book/34_of_the_column.md:33	the Telling	->	Aithris a' Chruthachaidh	|	 only, in fewer words than the Telling used, what the Telling had always said.
CHANGE	eras/age_I/book/34_of_the_column.md:43	the fire coal	->	gual teine	|	of them; and that child, a boy named Seathan, had the fire coal in his own hands, by every ac
CHANGE	eras/age_I/book/34_of_the_column.md:45	the fire coal	->	gual teine	|	 evening at the edge of the household's fire with the fire coal turned in his fingers, as he 
CHANGE	eras/age_I/book/34_of_the_column.md:47	the slab	->	Leac na Fèithe	|	the coal had come from the mason's own vein under the slab, and the stone's saying from 
CHANGE	eras/age_I/book/34_of_the_column.md:61	the Telling	->	Aithris a' Chruthachaidh	|	to her when she herself was four and thirty: that the Telling every child of the valleys al
CHANGE	eras/age_I/book/34_of_the_column.md:65	the mason's fire	->	Teine a' Chlachair	|	to it in order to go on being true, any more than the mason's fire had needed the mason himself 
CHANGE	eras/age_I/book/34_of_the_column.md:69	the fire coal	->	gual teine	|	e no better read; and the boy who had once turned the fire coal in his fingers by a fire far 
CHANGE	eras/age_I/book/35_of_seathans_snap.md:7	the night of the lightning	->	Oidhche an Dealanaich	|	t named them had grown so familiar at the fire on the night of the lightning that children said the father
CHANGE	eras/age_I/book/35_of_seathans_snap.md:7	the fire coal	->	gual teine	|	w what a father was. What was left in the bag was the fire coal, *gual teine*, and the coal t
CHANGE	eras/age_I/book/35_of_seathans_snap.md:7	the fire coal	->	gual teine	|	 *gual bogha-froise*, the rainbow; and of the two the fire coal was reckoned, by most who tro
CHANGE	eras/age_I/book/35_of_seathans_snap.md:9	the fire coal	->	gual teine	|	y keep back between Colla and himself; and he had the fire coal in his own two hands, by his 
CHANGE	eras/age_I/book/35_of_seathans_snap.md:11	the fire coal	->	gual teine	|	at had happened, once, to answer. So Seathan kept the fire coal near him rather than carrying
CHANGE	eras/age_I/book/35_of_seathans_snap.md:13	the night of the lightning	->	Oidhche an Dealanaich	|	own, carried unbroken from hearth to hearth since the night of the lightning; and it had lain in that fire
CHANGE	eras/age_I/book/35_of_seathans_snap.md:15	the fire-pot	->	Poit an Teine	|	only a husband, and that the bag on its peg above the fire-pot was a third presence in the h
CHANGE	eras/age_I/book/35_of_seathans_snap.md:17	the Telling	->	Aithris a' Chruthachaidh	|	f whom lived past their weaning, and Seathan told the Telling to each in turn as it had bee
CHANGE	eras/age_I/book/35_of_seathans_snap.md:17	the Keeper	->	Coimhdeach na Fine	|	lling to each in turn as it had been told to him, the Keeper in the grove and the smoke th
CHANGE	eras/age_I/book/35_of_seathans_snap.md:17	the riddle	->	Tòimhseachan a' Choimhdich	|	rove and the smoke that stood still in a gale and the riddle of the three spirits, and wat
CHANGE	eras/age_I/book/35_of_seathans_snap.md:17	the fire coal	->	gual teine	|	of every child of that house before them, take up the fire coal from its bag on some idle eve
CHANGE	eras/age_I/book/35_of_seathans_snap.md:17	the fire coal	->	gual teine	|	rs went by him in that house in much this manner, the fire coal in its bag or in his hand or 
CHANGE	eras/age_I/book/35_of_seathans_snap.md:17	the night of the lightning	->	Oidhche an Dealanaich	|	could not touch it, the recital said each year on the night of the lightning with his own name given now a
CHANGE	eras/age_I/book/35_of_seathans_snap.md:21	The fire coal	->	Gual teine	|	 an evening, and the inside of the house did not. The fire coal was out of its bag, as it oft
CHANGE	eras/age_I/book/35_of_seathans_snap.md:23	the fire coal	->	gual teine	|	He was not, that evening, thinking of the fire coal at all, whatever the recital 
CHANGE	eras/age_I/book/35_of_seathans_snap.md:23	the mason's fire	->	Teine a' Chlachair	|	me to him now, as it had come to him before, that the mason's fire had needed nothing carried to
CHANGE	eras/age_I/book/35_of_seathans_snap.md:33	the fire coal	->	gual teine	|	s when it first catches, and it was the colour of the fire coal itself, a clear red-gold, bri
CHANGE	eras/age_I/book/35_of_seathans_snap.md:45	the night of the lightning	->	Oidhche an Dealanaich	|	told it himself at the recital that same year, on the night of the lightning, standing at the hearth of To
CHANGE	eras/age_I/book/35_of_seathans_snap.md:47	the slab	->	Leac na Fèithe	|	 remaining coals no more likely ever to wake than the slab was likely to lift on its own
CHANGE	eras/age_I/book/35_of_seathans_snap.md:47	the fire coal	->	gual teine	|	 that same winter, to call the coal *gual teine*, the fire coal, in the telling that had befo
CHANGE	eras/age_I/book/35_of_seathans_snap.md:47	the fire coal	->	gual teine	|	an snapping his fingers a-purpose, meaning to try the fire coal that way as a fisherman tries
CHANGE	eras/age_I/book/35_of_seathans_snap.md:49	the fire coal's	->	gual teine's	|	e, to none of them; and it was this coal, and not the fire coal's own waking, that the househol
CHANGE	eras/age_I/book/35_of_seathans_snap.md:51	the fire coal's	->	gual teine's	|	 meant to answer, he threw it in as he had thrown the fire coal's dust into nothing, and fished
CHANGE	eras/age_I/book/35_of_seathans_snap.md:51	the fire-pot	->	Poit an Teine	|	ine remembered to have gone rather than stayed by the fire-pot at home, and it was she, by h
CHANGE	eras/age_I/book/35_of_seathans_snap.md:55	the fire coal	->	gual teine	|	r's death to his own, and in that whole span only the fire coal answered him, and it answered
CHANGE	eras/age_I/book/35_of_seathans_snap.md:55	the Telling	->	Aithris a' Chruthachaidh	|	ds and wives back to sit at his fire, and he told the Telling to each new face that came in
CHANGE	eras/age_I/book/35_of_seathans_snap.md:55	the riddle	->	Tòimhseachan a' Choimhdich	|	o him, the smoke that stood still in the gale and the riddle of the three spirits and the 
CHANGE	eras/age_I/book/35_of_seathans_snap.md:57	the fire-pot	->	Poit an Teine	|	hree-and-seventieth year, at his own hearth, with the fire-pot burning near him as it had bu
CHANGE	eras/age_I/book/35_of_seathans_snap.md:57	the fire coal	->	gual teine	|	en every keeper before him, and asked instead for the fire coal, that she bring it to him fro
CHANGE	eras/age_I/book/35_of_seathans_snap.md:59	the fire-pot	->	Poit an Teine	|	at Tobar dhìreach some six years further, keeping the fire-pot fed as she had kept it fed th
CHANGE	eras/age_I/book/35_of_seathans_snap.md:61	the slab	->	Leac na Fèithe	|	eached before her, and was buried beside him near the slab, and the bag by then held onl
CHANGE	eras/age_I/book/35_of_seathans_snap.md:61	the fire coal	->	gual teine	|	r own fires in the winters that followed, said of the fire coal what they had not troubled to
CHANGE	eras/age_I/book/36_of_the_gatherings_and_the_rows_of_the_dead.md:7	the fire coal's	->	gual teine's	|	inters over, that had stopped being true. Word of the fire coal's waking in Seathan's hand had 
CHANGE	eras/age_I/book/36_of_the_gatherings_and_the_rows_of_the_dead.md:11	the fire coal	->	gual teine	|	at he stood on the rise at the telling that named the fire coal among the six already lit and
CHANGE	eras/age_I/book/36_of_the_gatherings_and_the_rows_of_the_dead.md:19	the riddle	->	Tòimhseachan a' Choimhdich	|	rs had been named and the six lightings told, and the riddle said, he untied the thong of 
CHANGE	eras/age_I/book/36_of_the_gatherings_and_the_rows_of_the_dead.md:19	the rainbow coal	->	gual bogha-froise	|	said, he untied the thong of the bag and took out the rainbow coal and gave it into the hand of 
CHANGE	eras/age_I/book/36_of_the_gatherings_and_the_rows_of_the_dead.md:43	the coloured coal	->	an gual dathach	|	uch her own grandmother had left her, a sliver of the coloured coal no larger than a fingernail, 
CHANGE	eras/age_I/book/36_of_the_gatherings_and_the_rows_of_the_dead.md:45	the coloured coal	->	an gual dathach	|	, that a hearth ought not to give away a piece of the coloured coal to the dead when the living s
CHANGE	eras/age_I/book/36_of_the_gatherings_and_the_rows_of_the_dead.md:47	the coloured coal	->	An gual dathach	|	ve rather than want of the grief to give it with; the coloured coal had by then gone thin in its 
CHANGE	eras/age_I/book/36_of_the_gatherings_and_the_rows_of_the_dead.md:59	the Keeper	->	Coimhdeach na Fine	|	Doire ghlas, meaning to try it in the grove where the Keeper had first given Diarmad the r
CHANGE	eras/age_I/book/36_of_the_gatherings_and_the_rows_of_the_dead.md:59	the riddle	->	Tòimhseachan a' Choimhdich	|	he grove where the Keeper had first given Diarmad the riddle and where no keeper of the li
CHANGE	eras/age_I/book/36_of_the_gatherings_and_the_rows_of_the_dead.md:59	the rainbow coal	->	gual bogha-froise	|	ch as Diarmad was said to have done, and sat with the rainbow coal turning in his hand through t
CHANGE	eras/age_I/book/36_of_the_gatherings_and_the_rows_of_the_dead.md:61	the Keeper	->	Coimhdeach na Fine	|	begun to hope, on hearing where he had gone, that the Keeper might speak again as it had s
CHANGE	eras/age_I/book/37_of_the_panther_roads.md:49	the fire-pot	->	Poit an Teine	|	ìreach, a son was born to the household that kept the fire-pot and the bag of coals, a big c
CHANGE	eras/age_I/book/37_of_the_panther_roads.md:49	the fire-pot's	->	Poit an Teine's	|	gh to be sent with the herds and old enough, when the fire-pot's keeping fell to him in his ow
CHANGE	eras/age_I/book/38_of_ailean_son_of_suibhne.md:11	the fire-pot	->	Poit an Teine	|	yone could afterward call to mind, an interest in the fire-pot that went beyond a child's or
CHANGE	eras/age_I/book/38_of_ailean_son_of_suibhne.md:13	the Line of the Mason	->	Sloinneadh a' Chlachair	|	t to need remark, and the reciters who taught him the Line of the Mason found him no slower a pupil f
CHANGE	eras/age_I/book/38_of_ailean_son_of_suibhne.md:21	the fire coal	->	gual teine	|	or good cause. The small idle way that had served the fire coal he never once thought to try,
CHANGE	eras/age_I/book/38_of_ailean_son_of_suibhne.md:23	the Keeper	->	Coimhdeach na Fine	|	him though by a longer road, that the place where the Keeper had first spoken might hold s
CHANGE	eras/age_I/book/38_of_ailean_son_of_suibhne.md:25	the fire-pot	->	Poit an Teine	|	t Ailean, then sixteen years old and sitting near the fire-pot as he had sat by it since inf
CHANGE	eras/age_I/book/38_of_ailean_son_of_suibhne.md:29	the fire-pot	->	Poit an Teine	|	lf within the year keeping house at the hearth of the fire-pot, learning from Suibhne's own 
CHANGE	eras/age_I/book/38_of_ailean_son_of_suibhne.md:33	the Keeper's	->	Coimhdeach na Fine's	|	and not yet let himself say: that a coal made, by the Keeper's own telling, of every colour 
CHANGE	eras/age_I/book/38_of_ailean_son_of_suibhne.md:43	the snowflake coal	->	gual sneachda	|	tly as it had made Fearghas's teeth ache, and let the snowflake coal fall from the height of his o
CHANGE	eras/age_I/book/38_of_ailean_son_of_suibhne.md:59	the Keeper	->	Coimhdeach na Fine	|	had come down to him said that this was the place the Keeper came, if it came at all.
CHANGE	eras/age_I/book/38_of_ailean_son_of_suibhne.md:61	the Keeper	->	Coimhdeach na Fine	|	ve. Ailean looked at it a long moment, and it was the Keeper that spoke first.
CHANGE	eras/age_I/book/38_of_ailean_son_of_suibhne.md:71	the Keeper	->	Coimhdeach na Fine	|	"Stay with them," the Keeper said, "until they are cold."
CHANGE	eras/age_I/gazetteer/01_the_west_and_the_north.json:489.history	the Old Ones	->	Seann-Dhaoine	|	The greatest landing of the Old Ones lies a short way up the Abhai
CHANGE	eras/age_I/gazetteer/01_the_west_and_the_north.json:489.history	the Old Ones	->	Seann-Dhaoine	|	elter as a village grows on a spring. By the time the Old Ones held every coast of the islan
CHANGE	eras/age_I/gazetteer/01_the_west_and_the_north.json:16.history	the Watcher	->	Uilebheist na Mara	|	s below. The tower looks out over the water where the Watcher was afterwards seen, and by t
CHANGE	eras/age_I/gazetteer/01_the_west_and_the_north.json:47.history	the coloured coal	->	an gual dathach	|	treads had worn at all. Late in the age a chip of the coloured coal, still staining the shell abo
CHANGE	eras/age_I/gazetteer/01_the_west_and_the_north.json:238.history	the Watcher	->	Uilebheist na Mara	|	 found. The widows named what had taken them, and the Watcher entered the tellings of the s
CHANGE	eras/age_I/gazetteer/01_the_west_and_the_north.json:1011.history	the red crag	->	Creag Ruadh	|	Creag Ruadh is the red crag above the eastern shore of Lo
CHANGE	eras/age_I/gazetteer/01_the_west_and_the_north.json:1011.history	the mason's fire	->	Teine a' Chlachair	|	 hearths stand on the shelf of the crag, lit from the mason's fire as every hearth of the hill-f
CHANGE	eras/age_I/gazetteer/02_the_east_and_the_north_east.json:402.history	the Old Ones	->	Seann-Dhaoine	|	arr of the north-east is one of the last landings the Old Ones made, laid down once the heig
CHANGE	eras/age_I/gazetteer/02_the_east_and_the_north_east.json:402.history	the ancient sea-way	->	Slighe-mhara àrsaidh	|	at the water's edge, bedded the way the stones of the ancient sea-way in the south-east are bedded,
CHANGE	eras/age_I/gazetteer/02_the_east_and_the_north_east.json:402.known_for	the Old Ones	->	Seann-Dhaoine	|	its landing stones, among the last of the Old Ones' works
CHANGE	eras/age_I/gazetteer/02_the_east_and_the_north_east.json:404.history	the outpost	->	Làrach an Dùin-fhaire	|	d the cleft in the generations when the rings and the outpost were still lived in, and made
CHANGE	eras/age_I/gazetteer/02_the_east_and_the_north_east.json:97.history	the Old Ones	->	Seann-Dhaoine	|	 had no business beyond its mouth. No dwelling of the Old Ones on the main island is known f
CHANGE	eras/age_I/gazetteer/02_the_east_and_the_north_east.json:97.known_for	the Old Ones	->	Seann-Dhaoine	|	 houses and boat-shed, the furthest north-east of the Old Ones' landings
CHANGE	eras/age_I/gazetteer/02_the_east_and_the_north_east.json:347.history	the Old Ones	->	Seann-Dhaoine	|	The eastern Dunn is where the Old Ones first leave a trace that can 
CHANGE	eras/age_I/gazetteer/02_the_east_and_the_north_east.json:347.known_for	the Old Ones	->	Seann-Dhaoine	|	the great shell mound, the first sure trace of the Old Ones
CHANGE	eras/age_I/gazetteer/02_the_east_and_the_north_east.json:18.history	the ancient sea-way	->	Slighe-mhara àrsaidh	|	ck to it the next year. It is the northern end of the ancient sea-way, the lane the Old Ones' boats
CHANGE	eras/age_I/gazetteer/02_the_east_and_the_north_east.json:18.history	the Old Ones	->	Seann-Dhaoine	|	the northern end of the ancient sea-way, the lane the Old Ones' boats kept along the south-e
CHANGE	eras/age_I/gazetteer/02_the_east_and_the_north_east.json:18.known_for	the ancient sea-way	->	Slighe-mhara àrsaidh	|	the head of the ancient sea-way and its grooved landing-stone
CHANGE	eras/age_I/gazetteer/03_the_south_and_the_midlands.json:313.history	the Old Ones	->	Seann-Dhaoine	|	The midland Toll is a landing of the Old Ones inland, on the Abhainn uaine,
CHANGE	eras/age_I/gazetteer/03_the_south_and_the_midlands.json:313.history	the Old Ones	->	Seann-Dhaoine	|	s live at the landing, one of the two landings of the Old Ones a day's walk from salt water 
CHANGE	eras/age_I/gazetteer/03_the_south_and_the_midlands.json:162.history	the Old Ones	->	Seann-Dhaoine	|	 a landing on a river of the midlands, reached by the Old Ones' boats poling up from the coa
CHANGE	eras/age_I/gazetteer/03_the_south_and_the_midlands.json:162.history	the Old Ones	->	Seann-Dhaoine	|	 When the heights were left and every new work of the Old Ones was made by salt water, the i
CHANGE	eras/age_I/gazetteer/04_the_hearths_of_the_hill_folk.json:276.history	the Mason's line	->	Clann a' Chlachair	|	bar dhìreach, the straight well, is the hearth of the Mason's line and the place where fire came
CHANGE	eras/age_I/gazetteer/04_the_hearths_of_the_hill_folk.json:276.history	the first fire	->	Teine a' Chlachair	|	ed a burning piece home, and his household sat by the first fire any of them had seen. From th
CHANGE	eras/age_I/gazetteer/04_the_hearths_of_the_hill_folk.json:276.history	the slab	->	Leac na Fèithe	|	two have only the telling. No house stands beside the slab. The household keeps two thin
CHANGE	eras/age_I/gazetteer/04_the_hearths_of_the_hill_folk.json:276.history	first fire	->	Teine a' Chlachair	|	t an Teine, the clay pot said to hold the mason's first fire, kept alight by the women of 
CHANGE	eras/age_I/gazetteer/04_the_hearths_of_the_hill_folk.json:276.history	the Telling	->	Aithris a' Chruthachaidh	|	al had colours, and came home from the grove with the Telling and the riddle; here the fath
CHANGE	eras/age_I/gazetteer/04_the_hearths_of_the_hill_folk.json:276.history	the riddle	->	Tòimhseachan a' Choimhdich	|	and came home from the grove with the Telling and the riddle; here the fathers' names are 
CHANGE	eras/age_I/gazetteer/04_the_hearths_of_the_hill_folk.json:276.history	the night of the lightning	->	Oidhche an Dealanaich	|	dle; here the fathers' names are said standing on the night of the lightning, and the lightings of the coa
CHANGE	eras/age_I/gazetteer/04_the_hearths_of_the_hill_folk.json:276.history	the slab	->	Leac na Fèithe	|	flake in the air, the black coal in the ground by the slab, the red-brown in blood, the 
CHANGE	eras/age_I/gazetteer/04_the_hearths_of_the_hill_folk.json:276.history	the fire coal	->	gual teine	|	n blood, the silver in the river below the house, the fire coal on the doorstone in Seathan's
CHANGE	eras/age_I/gazetteer/04_the_hearths_of_the_hill_folk.json:276.known_for	the mason's fire	->	Teine a' Chlachair	|	the mason's fire, the slab over the burnt vein
CHANGE	eras/age_I/gazetteer/04_the_hearths_of_the_hill_folk.json:276.known_for	the slab	->	Leac na Fèithe	|	the mason's fire, the slab over the burnt vein, and the 
CHANGE	eras/age_I/gazetteer/04_the_hearths_of_the_hill_folk.json:276.known_for	the seven coals	->	na Seachd Guail	|	ire, the slab over the burnt vein, and the bag of the seven coals
CHANGE	eras/age_I/gazetteer/04_the_hearths_of_the_hill_folk.json:277.history	the night of the lightning	->	Oidhche an Dealanaich	|	 call themselves by one name: at the gathering on the night of the lightning, an old man of the western ho
CHANGE	eras/age_I/gazetteer/04_the_hearths_of_the_hill_folk.json:277.history	the godkin	->	Clann nan Dè	|	 the whole of the gathered valleys, Clann nan Dè, the godkin, and the name was said the ne
CHANGE	eras/age_I/gazetteer/04_the_hearths_of_the_hill_folk.json:277.history	the coloured coal	->	an gual dathach	|	stone at the head. It was also at Àth gharbh that the coloured coal was first burned outside the 
CHANGE	eras/age_I/gazetteer/04_the_hearths_of_the_hill_folk.json:277.history	the Mason's line	->	Clann a' Chlachair	|	er at the door in daylight and said she had heard the Mason's line kept coloured stones such as 
CHANGE	eras/age_I/gazetteer/04_the_hearths_of_the_hill_folk.json:277.history	(appositive)	->	Clann nan Dè	|	dropped the English gloss beside Clann nan Dè
CHANGE	eras/age_I/gazetteer/04_the_hearths_of_the_hill_folk.json:1004.history	the shielings of the pass	->	Àirighean a' Bhealaich	|	Àirighean a' Bhealaich, the shielings of the pass, are the summer camps of the 
CHANGE	eras/age_I/gazetteer/04_the_hearths_of_the_hill_folk.json:1004.history	(appositive)	->	Àirighean a' Bhealaich	|	dropped the English gloss beside Àirighean a' Bhealaich
CHANGE	eras/age_I/gazetteer/04_the_hearths_of_the_hill_folk.json:1005.history	the glen of the stags	->	Gleann nan Damh	|	Gleann nan Damh, the glen of the stags, is the gully of the eastern 
CHANGE	eras/age_I/gazetteer/04_the_hearths_of_the_hill_folk.json:1005.history	the holy wood	->	Coille Naomh Muileann chiar	|	hem grew higher every year. It was at the edge of the holy wood above the glen that Sadhbh an
CHANGE	eras/age_I/gazetteer/04_the_hearths_of_the_hill_folk.json:1005.history	(appositive)	->	Gleann nan Damh	|	dropped the English gloss beside Gleann nan Damh
CHANGE	eras/age_I/gazetteer/04_the_hearths_of_the_hill_folk.json:1006.history	the hearths of the shore	->	Teallaichean a' Chladaich	|	Teallaichean a' Chladaich, the hearths of the shore, are the households of the hi
CHANGE	eras/age_I/gazetteer/04_the_hearths_of_the_hill_folk.json:1006.history	the mason's fire	->	Teine a' Chlachair	|	elds and boats on the shingle. They were lit from the mason's fire like every hearth of the hill
CHANGE	eras/age_I/gazetteer/04_the_hearths_of_the_hill_folk.json:1006.history	(appositive)	->	Teallaichean a' Chladaich	|	dropped the English gloss beside Teallaichean a' Chladaich
CHANGE	eras/age_I/gazetteer/04_the_hearths_of_the_hill_folk.json:1007.history	the hidden hearths	->	Na Teallaichean Falaichte	|	Na Teallaichean Falaichte, the hidden hearths, is the hamlet of the herders
CHANGE	eras/age_I/gazetteer/04_the_hearths_of_the_hill_folk.json:1007.history	(appositive)	->	Na Teallaichean Falaichte	|	dropped the English gloss beside Na Teallaichean Falaichte
CHANGE	eras/age_I/gazetteer/04_the_hearths_of_the_hill_folk.json:1008.history	the field of the column	->	Achadh a' Chalbh	|	Achadh a' Chalbh, the field of the column, is the gathering-ground abou
CHANGE	eras/age_I/gazetteer/04_the_hearths_of_the_hill_folk.json:1008.history	the Telling	->	Aithris a' Chruthachaidh	|	fter them that the stone said in fewer words what the Telling had always said. The gatherin
CHANGE	eras/age_I/gazetteer/04_the_hearths_of_the_hill_folk.json:1008.history	the rainbow coal	->	gual bogha-froise	|	sed back to those at the back. At a great telling the rainbow coal went round the crowd hand to 
CHANGE	eras/age_I/gazetteer/04_the_hearths_of_the_hill_folk.json:1008.history	(appositive)	->	Achadh a' Chalbh	|	dropped the English gloss beside Achadh a' Chalbh
CHANGE	eras/age_I/gazetteer/04_the_hearths_of_the_hill_folk.json:1009.history	the slope of the households	->	Bruthach nan Teaghlach	|	Bruthach nan Teaghlach, the slope of the households, is the scatter of hill-folk 
CHANGE	eras/age_I/gazetteer/04_the_hearths_of_the_hill_folk.json:1009.history	the warm springs	->	Fuarain Theth Muileann ruadh	|	and its springs. They were half a day's walk from the warm springs to the west, and some of thei
CHANGE	eras/age_I/gazetteer/04_the_hearths_of_the_hill_folk.json:1009.history	the night of the lightning	->	Oidhche an Dealanaich	|	 not climb. They keep a gathering of their own on the night of the lightning, and send one of their elders
CHANGE	eras/age_I/gazetteer/04_the_hearths_of_the_hill_folk.json:1009.history	(appositive)	->	Bruthach nan Teaghlach	|	dropped the English gloss beside Bruthach nan Teaghlach
CHANGE	eras/age_I/gazetteer/04_the_hearths_of_the_hill_folk.json:1010.history	the Watcher	->	Uilebheist na Mara	|	me here when they left the open water for fear of the Watcher, working the lee of the headl
CHANGE	eras/age_I/gazetteer/04_the_hearths_of_the_hill_folk.json:1010.known_for	the Watcher's	->	Uilebheist na Mara's	|	the seal-hunt of the strait, out of the Watcher's sight
CHANGE	eras/age_I/appendices/A_the_line_of_the_mason.md:3	the night of the lightning	->	Oidhche an Dealanaich	|	 said standing at the hearth of Tobar dhìreach on the night of the lightning, the dark of the year when th
CHANGE	eras/age_I/appendices/A_the_line_of_the_mason.md:3	the fire-pot	->	Poit an Teine	|	 fathers with their deeds, and the women who kept the fire-pot. The years beside each name a
CHANGE	eras/age_I/appendices/A_the_line_of_the_mason.md:3	the annals	->	Annalan Dia-thìr	|	-pot. The years beside each name are the years of the annals of this volume; no one living
CHANGE	eras/age_I/appendices/A_the_line_of_the_mason.md:3	Appendix C	->	Slòigh, Cogaidhean agus Doscainnean	|	me; no one living in the age counted them so, and Appendix C tells how they did count.
CHANGE	eras/age_I/appendices/A_the_line_of_the_mason.md:7	the riddle	->	Tòimhseachan a' Choimhdich	|	line for each lighting as it came, and after that the riddle, said once in the old words a
CHANGE	eras/age_I/appendices/A_the_line_of_the_mason.md:7	the riddle	->	Tòimhseachan a' Choimhdich	|	rs' names were done instead of being held through the riddle; the full recital was kept fo
CHANGE	eras/age_I/appendices/A_the_line_of_the_mason.md:14	the Telling	->	Aithris a' Chruthachaidh	|	hose names we keep. Diarmad, who asked, and heard the Telling in the grove. Eighteen father
CHANGE	eras/age_I/appendices/A_the_line_of_the_mason.md:30	the rainbow coal	->	gual bogha-froise	|	e days alone to the oak grove at Doire ghlas with the rainbow coal and asked Coimhdeach na Fine,
CHANGE	eras/age_I/appendices/A_the_line_of_the_mason.md:30	the Telling of the Making	->	Aithris a' Chruthachaidh	|	e out of the smoke of the gale. He came home with the Telling of the Making and the riddle, and fixed the
CHANGE	eras/age_I/appendices/A_the_line_of_the_mason.md:30	the riddle	->	Tòimhseachan a' Choimhdich	|	. He came home with the Telling of the Making and the riddle, and fixed the recital: the L
CHANGE	eras/age_I/appendices/A_the_line_of_the_mason.md:30	the Telling	->	Aithris a' Chruthachaidh	|	d fixed the recital: the Line said standing, then the Telling, then the riddle. He died in 
CHANGE	eras/age_I/appendices/A_the_line_of_the_mason.md:30	the riddle	->	Tòimhseachan a' Choimhdich	|	l: the Line said standing, then the Telling, then the riddle. He died in his seventieth ye
CHANGE	eras/age_I/appendices/A_the_line_of_the_mason.md:30	the Telling	->	Aithris a' Chruthachaidh	|	tieth year at Tobar dhìreach. His wife Niamh said the Telling at his hearth before she beli
CHANGE	eras/age_I/appendices/A_the_line_of_the_mason.md:32	The gold coal	->	Gual òir	|	tideline, and threw them into the sea one by one. The gold coal took fire on the water and bu
CHANGE	eras/age_I/appendices/A_the_line_of_the_mason.md:34	The snowflake coal	->	Gual sneachda	|	chair he let the six unlit coals fall one by one. The snowflake coal took fire as it fell and burn
CHANGE	eras/age_I/appendices/A_the_line_of_the_mason.md:36	the slab	->	Leac na Fèithe	|	e five dark coals, and he buried them deep beside the slab with the words said over ever
CHANGE	eras/age_I/appendices/A_the_line_of_the_mason.md:40	the silver coal	->	gual airgid	|	 sister and father died in one season. He carried the silver coal to river after river, and one
CHANGE	eras/age_I/appendices/A_the_line_of_the_mason.md:44	the fire coal	->	gual teine	|	ty and kept it more than fifty years, and handled the fire coal every day of them, and put it
CHANGE	eras/age_I/appendices/A_the_line_of_the_mason.md:48	the fire-pot	->	Poit an Teine	|	man, slow of speech and broad of hand, who sat by the fire-pot for whole mornings as a child
CHANGE	eras/age_I/appendices/A_the_line_of_the_mason.md:48	the fire coal	->	gual teine	|	h his own blood, the silver in the Abhainn ghorm, the fire coal on his own doorstone. In the 
CHANGE	eras/age_I/appendices/A_the_line_of_the_mason.md:48	the Keeper	->	Coimhdeach na Fine	|	he twenty-first day, in the grove at Doire ghlas, the Keeper came and lit the rainbow, and
CHANGE	eras/age_I/appendices/A_the_line_of_the_mason.md:52	first fire	->	Teine a' Chlachair	|	t an Teine, the clay pot said to hold the mason's first fire, was never in the keeping of 
CHANGE	eras/age_I/appendices/A_the_line_of_the_mason.md:55	the slab	->	Leac na Fèithe	|	ould not let it be dug further, and bade them lay the slab.
CHANGE	eras/age_I/appendices/A_the_line_of_the_mason.md:57	the Telling	->	Aithris a' Chruthachaidh	|	*Deirbhile nic Dhiarmaid** (VE 894–968), who kept the Telling word for word and made every 
CHANGE	eras/age_I/appendices/A_the_line_of_the_mason.md:72	the Telling	->	Aithris a' Chruthachaidh	|	| Diarmad | 36th | VE 862–931 | 69 | the Telling and the riddle |
CHANGE	eras/age_I/appendices/A_the_line_of_the_mason.md:72	the riddle	->	Tòimhseachan a' Choimhdich	|	iarmad | 36th | VE 862–931 | 69 | the Telling and the riddle |
CHANGE	eras/age_I/appendices/A_the_line_of_the_mason.md:81	the Keeper	->	Coimhdeach na Fine	|	VE 5,300 | living, 24 | gual bogha-froise, lit by the Keeper |
CHANGE	eras/age_I/appendices/B_the_telling_the_riddle_and_the_lightings.md:3	the night of the lightning	->	Oidhche an Dealanaich	|	ings were said at the hearth of Tobar dhìreach on the night of the lightning, and the whole faith of the h
CHANGE	eras/age_I/appendices/B_the_telling_the_riddle_and_the_lightings.md:3	Appendix A	->	Rìghrean agus Taighean Dia-thìr	|	is age grew out of them: the Line of the fathers (Appendix A), the Telling of the Making, 
CHANGE	eras/age_I/appendices/B_the_telling_the_riddle_and_the_lightings.md:3	the Telling of the Making	->	Aithris a' Chruthachaidh	|	ut of them: the Line of the fathers (Appendix A), the Telling of the Making, and the riddle. To these the
CHANGE	eras/age_I/appendices/B_the_telling_the_riddle_and_the_lightings.md:3	the riddle	->	Tòimhseachan a' Choimhdich	|	hers (Appendix A), the Telling of the Making, and the riddle. To these the line added, one
CHANGE	eras/age_I/appendices/B_the_telling_the_riddle_and_the_lightings.md:3	the Telling	->	Aithris a' Chruthachaidh	|	each coal as it answered. This appendix tells how the Telling was kept, gives the riddle, s
CHANGE	eras/age_I/appendices/B_the_telling_the_riddle_and_the_lightings.md:3	the riddle	->	Tòimhseachan a' Choimhdich	|	is appendix tells how the Telling was kept, gives the riddle, sets out the lightings in or
CHANGE	eras/age_I/appendices/B_the_telling_the_riddle_and_the_lightings.md:3	the Telling	->	Aithris a' Chruthachaidh	|	hich were kept by households that had never heard the Telling whole. It ends with what is n
CHANGE	eras/age_I/appendices/B_the_telling_the_riddle_and_the_lightings.md:3	the Old Ones	->	Seann-Dhaoine	|	ends with what is not known of the holy things of the Old Ones.
CHANGE	eras/age_I/appendices/B_the_telling_the_riddle_and_the_lightings.md:7	the Young God	->	an Dia Òg	|	making a world of what was dearest to him; Caoran the Young God, youngest son of an Dagda and
CHANGE	eras/age_I/appendices/B_the_telling_the_riddle_and_the_lightings.md:7	the godfolk	->	An Dia-shluagh	|	e island, born out of the sea from drops of fire; the godfolk grown up out of the heather; 
CHANGE	eras/age_I/appendices/B_the_telling_the_riddle_and_the_lightings.md:7	the Seven Coals	->	Na Seachd Guail	|	of fire; the godfolk grown up out of the heather; the Seven Coals laid under the mountains, eac
CHANGE	eras/age_I/appendices/B_the_telling_the_riddle_and_the_lightings.md:7	the Keeper	->	Coimhdeach na Fine	|	n to see the island, and what each of them loves; the Keeper itself, the smoke of the firs
CHANGE	eras/age_I/appendices/B_the_telling_the_riddle_and_the_lightings.md:7	the godfolk	->	an Dia-shluagh	|	d and a charge; and the forgetting of the coal by the godfolk, who threw the coloured stone
CHANGE	eras/age_I/appendices/B_the_telling_the_riddle_and_the_lightings.md:9	the riddle	->	Tòimhseachan a' Choimhdich	|	Diarmad walked home saying the riddle over and over to keep it; the
CHANGE	eras/age_I/appendices/B_the_telling_the_riddle_and_the_lightings.md:9	the Telling	->	Aithris a' Chruthachaidh	|	 home saying the riddle over and over to keep it; the Telling he carried home in his head u
CHANGE	eras/age_I/appendices/B_the_telling_the_riddle_and_the_lightings.md:9	the Keeper	->	Coimhdeach na Fine	|	a winter to lay it out at the hearth in the order the Keeper had given it. His wife Niamh 
CHANGE	eras/age_I/appendices/B_the_telling_the_riddle_and_the_lightings.md:9	the Telling	->	Aithris a' Chruthachaidh	|	t; the line took this as a warning, and never let the Telling be said at the hearth in any 
CHANGE	eras/age_I/appendices/B_the_telling_the_riddle_and_the_lightings.md:11	the Telling	->	Aithris a' Chruthachaidh	|	Outside the line the Telling went out in pieces. Every hea
CHANGE	eras/age_I/appendices/B_the_telling_the_riddle_and_the_lightings.md:11	the Telling	->	Aithris a' Chruthachaidh	|	umn, from Seathan's time, the line's reciter said the Telling to crowds of some hundreds, a
CHANGE	eras/age_I/appendices/B_the_telling_the_riddle_and_the_lightings.md:15	the Telling	->	Aithris a' Chruthachaidh	|	Tòimhseachan a' Choimhdich was given last, after the Telling, when Diarmad asked whether t
CHANGE	eras/age_I/appendices/B_the_telling_the_riddle_and_the_lightings.md:15	the Young God	->	an Dia Òg	|	st, after the Telling, when Diarmad asked whether the Young God had been angry at the forgett
CHANGE	eras/age_I/appendices/B_the_telling_the_riddle_and_the_lightings.md:15	The Keeper	->	Coimhdeach na Fine	|	r the Young God had been angry at the forgetting. The Keeper answered that he was not, and
CHANGE	eras/age_I/appendices/B_the_telling_the_riddle_and_the_lightings.md:15	the riddle	->	Tòimhseachan a' Choimhdich	|	ng. The Keeper answered that he was not, and gave the riddle, and would give nothing more:
CHANGE	eras/age_I/appendices/B_the_telling_the_riddle_and_the_lightings.md:20	the Telling	->	Aithris a' Chruthachaidh	|	The line said it at every recital after the Telling, once in the old words and on
CHANGE	eras/age_I/appendices/B_the_telling_the_riddle_and_the_lightings.md:20	the riddle	->	Tòimhseachan a' Choimhdich	|	mad they tried the coals against the three things the riddle names as they understood them
CHANGE	eras/age_I/appendices/B_the_telling_the_riddle_and_the_lightings.md:20	the riddle's	->	Tòimhseachan a' Choimhdich's	|	 kind: the coal taken to what it holds. Even then the riddle's last line stayed shut. Lìobha
CHANGE	eras/age_I/appendices/B_the_telling_the_riddle_and_the_lightings.md:31	the slab	->	Leac na Fèithe	|	gual dubh, the black | the earth | Brian | beside the slab, Tobar dhìreach | buried a ni
CHANGE	eras/age_I/appendices/B_the_telling_the_riddle_and_the_lightings.md:37	the slab	->	Leac na Fèithe	|	ch by its own way: the black coal in the earth by the slab; the gold where Aodh let it b
CHANGE	eras/age_I/appendices/B_the_telling_the_riddle_and_the_lightings.md:37	the fire coal	->	Gual teine	|	h his own blood; the silver in the Abhainn ghorm; the fire coal on his own doorstone. Six fir
CHANGE	eras/age_I/appendices/B_the_telling_the_riddle_and_the_lightings.md:41	the fire-pot	->	Poit an Teine	|	Tobar dhìreach for the whole line. Poit an Teine, the fire-pot, is a squat clay pot with a t
CHANGE	eras/age_I/appendices/B_the_telling_the_riddle_and_the_lightings.md:41	first fire	->	Teine a' Chlachair	|	lay pot with a turf lid, said to hold the mason's first fire; it has been remade more than
CHANGE	eras/age_I/appendices/B_the_telling_the_riddle_and_the_lightings.md:41	Appendix A	->	Rìghrean agus Taighean Dia-thìr	|	the hearth and was kept by the women of the line (Appendix A). The bag is a pouch of greas
CHANGE	eras/age_I/appendices/B_the_telling_the_riddle_and_the_lightings.md:41	the coloured coal	->	an gual dathach	|	ather on a peg by the door, holding the pieces of the coloured coal: pieces of every colour broke
CHANGE	eras/age_I/appendices/B_the_telling_the_riddle_and_the_lightings.md:41	the slab	->	Leac na Fèithe	|	ieces of every colour broken from the vein before the slab was laid, and fresh pieces ta
CHANGE	eras/age_I/appendices/B_the_telling_the_riddle_and_the_lightings.md:41	(appositive)	->	Poit an Teine	|	dropped the English gloss beside Poit an Teine
CHANGE	eras/age_I/appendices/B_the_telling_the_riddle_and_the_lightings.md:47	the Telling	->	Aithris a' Chruthachaidh	|	lk at large, most of them by households that knew the Telling only in pieces.
CHANGE	eras/age_I/appendices/B_the_telling_the_riddle_and_the_lightings.md:49	The slab	->	Leac na Fèithe	|	**The slab.** When the vein-fire burned 
CHANGE	eras/age_I/appendices/B_the_telling_the_riddle_and_the_lightings.md:49	the vein-fire	->	Teine na Fèithe	|	**The slab.** When the vein-fire burned out, Muirne of the lin
CHANGE	eras/age_I/appendices/B_the_telling_the_riddle_and_the_lightings.md:49	the slab	->	Leac na Fèithe	|	cut again a stone's throw off. No house stands by the slab, no bucket is set near it, an
CHANGE	eras/age_I/appendices/B_the_telling_the_riddle_and_the_lightings.md:51	the mason's fire	->	Teine a' Chlachair	|	ven.** Every hearth of the hill-folk was lit from the mason's fire, by one borrowing or another,
CHANGE	eras/age_I/appendices/B_the_telling_the_riddle_and_the_lightings.md:53	the coloured coal	->	an gual dathach	|	Cnoc dhìreach a child was buried with a sliver of the coloured coal closed in one hand, and there
CHANGE	eras/age_I/appendices/B_the_telling_the_riddle_and_the_lightings.md:55	the mason's fire	->	Teine a' Chlachair	|	ar dhìreach would not cover its own fire, holding the mason's fire owed better than to hide.
CHANGE	eras/age_I/appendices/B_the_telling_the_riddle_and_the_lightings.md:57	the holy wood	->	Coille Naomh Muileann chiar	|	**The uncut woods.** Two woods were let alone: the holy wood of the east, from whose edge 
CHANGE	eras/age_I/appendices/B_the_telling_the_riddle_and_the_lightings.md:61	The night of the lightning	->	Oidhche an Dealanaich	|	**The night of the lightning.** The dark of the year, when
CHANGE	eras/age_I/appendices/B_the_telling_the_riddle_and_the_lightings.md:65	the Old Ones	->	Seann-Dhaoine	|	Of the faith of the Old Ones only what they built remains,
CHANGE	eras/age_I/appendices/B_the_telling_the_riddle_and_the_lightings.md:65	the Old Ones	->	Seann-Dhaoine	|	nd to what, no telling of the hill-folk says, and the Old Ones' own tellings, if they had an
CHANGE	eras/age_I/appendices/C_the_count_of_fathers.md:3	the annals	->	Annalan Dia-thìr	|	ny beginning was said at any hearth. The dates in the annals of this volume, from 20 am Fa
CHANGE	eras/age_I/appendices/C_the_count_of_fathers.md:3	the annals	->	Annalan Dia-thìr	|	 t-Iuchar VE 5,324 in the grove, are the dates of the annals of the island, set against it
CHANGE	eras/age_I/appendices/C_the_count_of_fathers.md:3	the count of fathers	->	Cunntas nan Athraichean	|	his appendix tells how they knew time instead: by the count of fathers, by the turning of the year, 
CHANGE	eras/age_I/appendices/C_the_count_of_fathers.md:3	the night of the lightning	->	Oidhche an Dealanaich	|	 count of fathers, by the turning of the year, by the night of the lightning, and by the beasts and birds 
CHANGE	eras/age_I/appendices/C_the_count_of_fathers.md:7	the count of fathers	->	Cunntas nan Athraichean	|	 measure the age had was Cunntas nan Athraichean, the count of fathers, and only the mason's line ke
CHANGE	eras/age_I/appendices/C_the_count_of_fathers.md:7	the annals	->	Annalan Dia-thìr	|	 that the named fathers, set against the years of the annals, stand spaced as the recital 
CHANGE	eras/age_I/appendices/C_the_count_of_fathers.md:7	Appendix A	->	Rìghrean agus Taighean Dia-thìr	|	 of the annals, stand spaced as the recital says (Appendix A).
CHANGE	eras/age_I/appendices/C_the_count_of_fathers.md:7	(appositive)	->	Cunntas nan Athraichean	|	dropped the English gloss beside Cunntas nan Athraichean
CHANGE	eras/age_I/appendices/C_the_count_of_fathers.md:9	the Old Ones	->	Seann-Dhaoine	|	ng to carry the weight of remembering them. Among the Old Ones no count of any kind is known
CHANGE	eras/age_I/appendices/C_the_count_of_fathers.md:11	The count of fathers	->	Cunntas nan Athraichean	|	The count of fathers made spans easy to say and da
CHANGE	eras/age_I/appendices/C_the_count_of_fathers.md:11	the annals	->	Annalan Dia-thìr	|	ven in this volume for the people of the line are the annals' ages; the households themsel
CHANGE	eras/age_I/appendices/C_the_count_of_fathers.md:17	the annals	->	Annalan Dia-thìr	|	The dates of the annals name the months, from am Faoi
CHANGE	eras/age_I/appendices/C_the_count_of_fathers.md:17	the Old Ones	->	Seann-Dhaoine	|	ed at the temple platform in the eastern hills by the Old Ones, who climbed the steps in the
CHANGE	eras/age_I/appendices/C_the_count_of_fathers.md:21	the night of the lightning	->	Oidhche an Dealanaich	|	le of the high valleys kept on the same night was the night of the lightning, in the dark of the winter, w
CHANGE	eras/age_I/appendices/C_the_count_of_fathers.md:21	the Telling	->	Aithris a' Chruthachaidh	|	r dhìreach the Line was said standing that night, the Telling after it and the riddle after
CHANGE	eras/age_I/appendices/C_the_count_of_fathers.md:21	the riddle	->	Tòimhseachan a' Choimhdich	|	aid standing that night, the Telling after it and the riddle after that, and any new line 
CHANGE	eras/age_I/appendices/C_the_count_of_fathers.md:25	the count of fathers	->	Cunntas nan Athraichean	|	Where the count of fathers was too long and the year too
CHANGE	eras/age_I/appendices/C_the_count_of_fathers.md:35	the holy wood	->	Coille Naomh Muileann chiar	|	**The white stag** of the holy wood of the east was seen at long 
CHANGE	eras/age_I/appendices/C_the_count_of_fathers.md:41	the count of fathers	->	Cunntas nan Athraichean	|	Because lives were short and the count of fathers long, the tellings of this ag
CHANGE	eras/age_I/appendices/C_the_count_of_fathers.md:45	the annals	->	Annalan Dia-thìr	|	n winters, or in the seasons of the beasts. Where the annals give a year, it is the annals
CHANGE	eras/age_I/appendices/C_the_count_of_fathers.md:45	the annals	->	Annalan Dia-thìr	|	f the beasts. Where the annals give a year, it is the annals' own year. The two do not qua
CHANGE	eras/age_I/appendices/C_the_count_of_fathers.md:45	the annals	->	Annalan Dia-thìr	|	: a father in the recital is about twenty-five of the annals' years, a lifetime some sixty
CHANGE	eras/age_I/appendices/D_the_peoples_of_the_shore_and_the_hills.md:3	The Old Ones	->	Seann-Dhaoine	|	ried their dead in the ground, and cut no script. The Old Ones kept every coast, rowed their
CHANGE	eras/age_I/appendices/D_the_peoples_of_the_shore_and_the_hills.md:3	the coloured coal	->	an gual dathach	|	d not read. Things passed between them, a chip of the coloured coal on a midden at Bral, a second
CHANGE	eras/age_I/appendices/D_the_peoples_of_the_shore_and_the_hills.md:7	the Old Ones	->	Seann-Dhaoine	|	 close of the age some eighteen thousand, of whom the Old Ones were perhaps a third. No one 
CHANGE	eras/age_I/appendices/D_the_peoples_of_the_shore_and_the_hills.md:7	the Old Ones	->	Seann-Dhaoine	|	e of twenty to eighty souls, and most landings of the Old Ones of thirty to a hundred. The t
CHANGE	eras/age_I/appendices/D_the_peoples_of_the_shore_and_the_hills.md:11	The Old Ones	->	Seann-Dhaoine	|	The Old Ones left their first sure trace a
CHANGE	eras/age_I/appendices/D_the_peoples_of_the_shore_and_the_hills.md:11	the Old Ones	->	Seann-Dhaoine	|	d called each by its bare root, the only words of the Old Ones' speech that have come down.
CHANGE	eras/age_I/appendices/D_the_peoples_of_the_shore_and_the_hills.md:28	The Old Ones	->	Seann-Dhaoine	|	**Their works.** The Old Ones built in stone without mortar
CHANGE	eras/age_I/appendices/D_the_peoples_of_the_shore_and_the_hills.md:30	the Old Ones	->	Seann-Dhaoine	|	hts.** In the middle lifetimes of the age some of the Old Ones went up from the shore. They 
CHANGE	eras/age_I/appendices/D_the_peoples_of_the_shore_and_the_hills.md:30	the outpost	->	Làrach an Dùin-fhaire	|	raight down and smoothed. Whether the builders of the outpost and of the rings were the sam
CHANGE	eras/age_I/appendices/D_the_peoples_of_the_shore_and_the_hills.md:32	the outpost	->	Làrach an Dùin-fhaire	|	**The going down.** Then the gate of the outpost was walled up with rubble fro
CHANGE	eras/age_I/appendices/D_the_peoples_of_the_shore_and_the_hills.md:32	the outpost	->	Làrach an Dùin-fhaire	|	utpost was walled up with rubble from within, and the outpost left; the cistern of the ring
CHANGE	eras/age_I/appendices/D_the_peoples_of_the_shore_and_the_hills.md:32	the Old Ones	->	Seann-Dhaoine	|	thern Cwen and the northern Skell, and after that the Old Ones made no new work anywhere out
CHANGE	eras/age_I/appendices/D_the_peoples_of_the_shore_and_the_hills.md:34	The Old Ones	->	Seann-Dhaoine	|	**Their dead.** The Old Ones of the eastern Vell rowed the
CHANGE	eras/age_I/appendices/D_the_peoples_of_the_shore_and_the_hills.md:38	the mason's fire	->	Teine a' Chlachair	|	The hill-folk were the people of the mason's fire: every hearth of theirs was l
CHANGE	eras/age_I/appendices/D_the_peoples_of_the_shore_and_the_hills.md:40	the Telling	->	Aithris a' Chruthachaidh	|	d the hearths between. Here the Line was said and the Telling kept, here the valleys first 
CHANGE	eras/age_I/appendices/D_the_peoples_of_the_shore_and_the_hills.md:44	the holy wood	->	Coille Naomh Muileann chiar	|	the antlers of the greatest stags apart; they let the holy wood of the east alone, and there 
CHANGE	eras/age_I/appendices/D_the_peoples_of_the_shore_and_the_hills.md:46	the warm springs	->	Fuarain Theth Muileann ruadh	|	f the heights; some of their sick were carried to the warm springs.
CHANGE	eras/age_I/appendices/D_the_peoples_of_the_shore_and_the_hills.md:50	the Watcher's	->	Uilebheist na Mara's	|	-western coast, from Ros ruadh to the strait, was the Watcher's country after the seven boats
CHANGE	eras/age_I/appendices/D_the_peoples_of_the_shore_and_the_hills.md:58	the Old Ones	->	Seann-Dhaoine	|	sland in this age worked metal. The hill-folk and the Old Ones alike cut with flint and cher
CHANGE	eras/age_I/appendices/D_the_peoples_of_the_shore_and_the_hills.md:60	The Old Ones	->	Seann-Dhaoine	|	stone, and the smoke went out through the thatch. The Old Ones built in dry stone where they
CHANGE	eras/age_I/appendices/D_the_peoples_of_the_shore_and_the_hills.md:62	The Old Ones	->	Seann-Dhaoine	|	th, and in pits of heated stones for a gathering. The Old Ones ate from the sea: shellfish a
CHANGE	eras/age_I/appendices/D_the_peoples_of_the_shore_and_the_hills.md:64	the mason's fire	->	Teine a' Chlachair	|	**Fire.** Every fire of the hill-folk was the mason's fire, lent from hearth to hearth a
CHANGE	eras/age_I/appendices/D_the_peoples_of_the_shore_and_the_hills.md:64	the coloured coal	->	an gual dathach	|	t Àth gharbh no household outside the line burned the coloured coal, and after it very few did. H
CHANGE	eras/age_I/appendices/D_the_peoples_of_the_shore_and_the_hills.md:64	the Old Ones	->	Seann-Dhaoine	|	the coloured coal, and after it very few did. How the Old Ones came by fire the tellings do 
CHANGE	eras/age_I/appendices/D_the_peoples_of_the_shore_and_the_hills.md:66	The Old Ones	->	Seann-Dhaoine	|	ore hunters went out to the skerries in the like. The Old Ones built bigger boats of the sam
CHANGE	eras/age_I/appendices/D_the_peoples_of_the_shore_and_the_hills.md:68	the Old Ones	->	Seann-Dhaoine	|	ad was streaked with the colour of the vein. What the Old Ones wore the tellings do not say.
CHANGE	eras/age_I/appendices/D_the_peoples_of_the_shore_and_the_hills.md:72	the coloured coal	->	an gual dathach	|	tellings keep three things that passed. A chip of the coloured coal, still staining the shell abo
CHANGE	eras/age_I/appendices/D_the_peoples_of_the_shore_and_the_hills.md:72	the Old Ones	->	Seann-Dhaoine	|	by trade or by theft, a piece of the vein came to the Old Ones. On the upper face of Carragh
CHANGE	eras/age_I/appendices/D_the_peoples_of_the_shore_and_the_hills.md:72	the Old Ones	->	Seann-Dhaoine	|	came first is not known. And the same script that the Old Ones cut on the cliff at Tarr stan
CHANGE	eras/age_I/appendices/E_of_fears_beasts_and_holy_places.md:7	the Watcher	->	Uilebheist na Mara	|	**Uilebheist na Mara, the Watcher.** Old sailors of the north-w
CHANGE	eras/age_I/appendices/E_of_fears_beasts_and_holy_places.md:7	the Watcher	->	Uilebheist na Mara	|	t up to prove the tellers wrong. For a long while the Watcher was feared only in general, a
CHANGE	eras/age_I/appendices/E_of_fears_beasts_and_holy_places.md:7	the Watcher	->	Uilebheist na Mara	|	t for it alone, to warn boats off the water where the Watcher was seen. The fire was never 
CHANGE	eras/age_I/appendices/E_of_fears_beasts_and_holy_places.md:7	the Watcher	->	Uilebheist na Mara	|	 boats in. Its ash lies a man's height deep. What the Watcher is, the tellings do not say; 
CHANGE	eras/age_I/appendices/E_of_fears_beasts_and_holy_places.md:7	the Old Ones	->	Seann-Dhaoine	|	er is, the tellings do not say; the households of the Old Ones' tower on the north-western h
CHANGE	eras/age_I/appendices/E_of_fears_beasts_and_holy_places.md:7	(appositive)	->	Uilebheist na Mara	|	dropped the English gloss beside Uilebheist na Mara
CHANGE	eras/age_I/appendices/E_of_fears_beasts_and_holy_places.md:9	the Hollow Man	->	Marbh-bheò	|	**Marbh-bheò, the Hollow Man.** In the Doire uaine hills, 
CHANGE	eras/age_I/appendices/E_of_fears_beasts_and_holy_places.md:9	the Hollow Man	->	Marbh-bheò	|	stone, kept her hearth open to her death. Whether the Hollow Man is, or was, the tellings do n
CHANGE	eras/age_I/appendices/E_of_fears_beasts_and_holy_places.md:9	(appositive)	->	Marbh-bheò	|	dropped the English gloss beside Marbh-bheò
CHANGE	eras/age_I/appendices/E_of_fears_beasts_and_holy_places.md:11	the Hollow Man's	->	Marbh-bheò's	|	e hills did not agree on a cause. Some laid it at the Hollow Man's door, some at the fire itself
CHANGE	eras/age_I/appendices/E_of_fears_beasts_and_holy_places.md:15	the Telling	->	Aithris a' Chruthachaidh	|	hill-folk name the western lands of the dead from the Telling: Tìr nan Òg, Magh Meall, Taig
CHANGE	eras/age_I/appendices/E_of_fears_beasts_and_holy_places.md:21	the holy wood	->	Coille Naomh Muileann chiar	|	an and one other, saw a white stag at the edge of the holy wood of the east, and none of them
CHANGE	eras/age_I/appendices/E_of_fears_beasts_and_holy_places.md:21	The Telling	->	Aithris a' Chruthachaidh	|	 among the drove, sooner than risk the wrong one. The Telling says that Flidais keeps the w
CHANGE	eras/age_I/appendices/E_of_fears_beasts_and_holy_places.md:21	the Telling	->	Aithris a' Chruthachaidh	|	 tied the stag at the wood's edge to that line of the Telling, and in this age the stag has
CHANGE	eras/age_I/appendices/E_of_fears_beasts_and_holy_places.md:33	the Telling	->	Aithris a' Chruthachaidh	|	of the island are as black as the black coal, and the Telling gives them to the Morrìgan; t
CHANGE	eras/age_I/appendices/E_of_fears_beasts_and_holy_places.md:33	the rainbow coal	->	gual bogha-froise	|	n came along the fallen trunk to within a hand of the rainbow coal on Diarmad's second morning i
CHANGE	eras/age_I/appendices/E_of_fears_beasts_and_holy_places.md:37	The slab	->	Leac na Fèithe	|	**The slab over the vein** at Tobar dhìr
CHANGE	eras/age_I/appendices/E_of_fears_beasts_and_holy_places.md:37	Appendix B	->	Creideamhan Dia-thìr	|	th no house beside it and no water drawn near it (Appendix B).
CHANGE	eras/age_I/appendices/E_of_fears_beasts_and_holy_places.md:39	The Keeper	->	Coimhdeach na Fine	|	hat had been open heath when the vein was broken. The Keeper came to Diarmad there, Cormac
CHANGE	eras/age_I/appendices/E_of_fears_beasts_and_holy_places.md:43	The holy wood	->	Coille Naomh Muileann chiar	|	**The holy wood of the east**, from which no 
CHANGE	eras/age_I/appendices/E_of_fears_beasts_and_holy_places.md:47	the warm springs	->	Fuarain Theth Muileann ruadh	|	**Fuarain Theth Muileann ruadh**, the warm springs south of the high valleys, wh
CHANGE	eras/age_I/appendices/E_of_fears_beasts_and_holy_places.md:49	Appendix B	->	Creideamhan Dia-thìr	|	he gathering-ground of Achadh a' Chalbh about it (Appendix B).
CHANGE	eras/age_I/appendices/E_of_fears_beasts_and_holy_places.md:53	The Old Ones	->	Seann-Dhaoine	|	**The Old Ones' places.** The platform of Là
LEFT	eras/age_I/annals/age_I_01.json:EI-1053.title	the slab	(no "the" before it)	|	A palm laid on the cold slab
LEFT	eras/age_I/annals/age_I_02.json:EI-1511.body	the first fire	(no "the" before it)	|	Eachna lays her first fire on a bed of pine and dried heather bank
LEFT	eras/age_I/annals/age_I_03.json:EI-2053.title	the riddle	(no "the" before it)	|	A garbled riddle comes back from the east
LEFT	eras/age_I/annals/age_I_03.json:EI-2053.body	the riddle	(no "the" before it)	|	east gives Diarmad a telling of his own riddle in which the sea and the sky have chang
LEFT	eras/age_I/annals/age_I_04.json:EI-2505.title	the slab	(no "the" before it)	|	The first slab set on the worst scramble at Bral
LEFT	eras/age_I/annals/age_I_04.json:EI-2505.body	the slab	(no "the" before it)	|	n cliffs at Bral works a frost-loosened slab, over most of a season, into a single s
LEFT	eras/age_I/annals/age_I_04.json:EI-2510.body	the slab	(no "the" before it)	|	Cut a slab at a time in whatever season allows it,
LEFT	eras/age_I/annals/age_I_04.json:EI-2544.body	the seven coals	(no "the" before it)	|	 out alone from Tobar dhìreach with all seven coals of the vein wrapped against his chest, 
LEFT	eras/age_I/annals/age_I_05.json:EI-3008.body	the slab	(no "the" before it)	|	Twice a slab of the new ramp at Brenn settles crooke
LEFT	eras/age_I/annals/age_I_06.json:EI-3502.body	the riddle	(no "the" before it)	|	 line, growing up on Gormal's unsettled riddle of the three hills as every child of th
LEFT	eras/age_I/annals/age_I_06.json:EI-3539.body	the slab	(no "the" before it)	|	o the dune's slope, closed with a heavy slab; households after her keep her spacing 
LEFT	eras/age_I/annals/age_I_06.json:EI-3564.title	the slab	(no "the" before it)	|	The last slab of the kerbed way laid
LEFT	eras/age_I/annals/age_I_06.json:EI-3564.body	the slab	(no "the" before it)	|	The final slab of the track is set tilted rather than 
LEFT	eras/age_I/annals/age_I_07.json:EI-4001.body	the slab	(no "the" before it)	|	he slope below the height, bedding each slab before the next is set above it, the fi
LEFT	eras/age_I/annals/age_I_07.json:EI-4059.body	the night of the lightning	(no "the" before it)	|	At the next night of the lightning the reciter of the line adds the black 
LEFT	eras/age_I/annals/age_I_08.json:EI-4537.body	the slab	(no "the" before it)	|	ing fire into a pit and roofs it with a slab, showing no flame above ground. Mocked 
LEFT	eras/age_I/annals/age_I_08.json:EI-4541.body	the slab	(no "the" before it)	|	h a blind angled shaft down to it and a slab dragged over the top, and sleeps beside
LEFT	eras/age_I/annals/age_I_09.json:EI-5023.body	the fire-pot	(no "the" before it)	|	rth and, as they grow old together, his fire-pot and his temper both.
LEFT	eras/age_I/annals/age_I_09.json:EI-5035.body	the night of the lightning	(no "the" before it)	|	At the next night of the lightning Cormac stands at the hearth with his sc
LEFT	eras/age_I/annals/age_I_10.json:EI-5535.body	the fire-pot	(no "the" before it)	|	l of the lake-shore line, who keeps his fire-pot and his hearth through the long absence
LEFT	eras/age_I/annals/age_I_10.json:EI-5561.body	the fire-pot	(no "the" before it)	|	Tobar dhìreach, of no line that keeps a fire-pot or counts fathers back to the mason by 
LEFT	eras/age_I/annals/age_I_10.json:EI-5565.body	the night of the lightning	(no "the" before it)	|	The name Clann nan Dè is said the next night of the lightning at hearths that were not at the western
LEFT	eras/age_I/annals/age_I_11.json:EI-6004.body	the fire-pot	(no "the" before it)	|	the crack, to a household that keeps no fire-pot and counts no fathers back to the mason
LEFT	eras/age_I/annals/age_I_11.json:EI-6008.body	the coloured coal	(no "the" before it)	|	rivate habit of rubbing a little broken coloured coal into the wrapping wool of some of her d
LEFT	eras/age_I/annals/age_I_11.json:EI-6009.body	the coloured coal	(no "the" before it)	|	 takes it as further proof that its own coloured coal is no longer the only piece the valleys
LEFT	eras/age_I/annals/age_I_11.json:EI-6035.body	the riddle	(no "the" before it)	|	r her fire is some new trial of the old riddle, Mòrnait answers that the stone asked o
LEFT	eras/age_I/annals/age_I_12.json:EI-6575.body	the slab	(no "the" before it)	|	n digs a grave-deep hole beside the old slab at Tobar dhìreach, lays the black coal 
LEFT	eras/age_I/annals/age_I_12.json:EI-6577.body	the rainbow coal	(no "the" before it)	|	 pole across his shoulders and the dark rainbow coal wrapped against his chest, with Lìobhan
LEFT	eras/age_I/annals/age_I_12.json:EI-6581.body	the fire coal	(no "the" before it)	|	naps his fingers over dust from the old fire coal without meaning to try anything, as Sea
LEFT	eras/age_I/book/01_of_the_mason_and_the_lightning.md:86	the slab	(no "the" before it)	|	He set it on the flat slab. He drew his cloak from around his shou
LEFT	eras/age_I/book/03_of_the_three_wells_and_the_slab.md:71	the slab	(no "the" before it)	|	t his own wedges from, long ago, a flat slab broader than a grown man lying full len
LEFT	eras/age_I/book/03_of_the_three_wells_and_the_slab.md:75	the slab	(no "the" before it)	|	's throw off, sealed and silent under a slab no one drew water beside.
LEFT	eras/age_I/book/08_of_the_keeper_in_the_grove.md:47	the godfolk	(no "the" before it)	|	e island at all, and a child of the old godfolk standing in the raw bank with her cloak
LEFT	eras/age_I/book/08_of_the_keeper_in_the_grove.md:98	the riddle	(no "the" before it)	|	else on the island had ever heard and a riddle he could not open, and he did not yet k
LEFT	eras/age_I/book/09_of_the_counting_of_the_fathers.md:33	the riddle	(no "the" before it)	|	 years he spent gathering names, that a riddle which spoke of three spirits and their 
LEFT	eras/age_I/book/09_of_the_counting_of_the_fathers.md:43	the riddle	(no "the" before it)	|	own from the east, a version of his own riddle so garbled that the sea and the sky had
LEFT	eras/age_I/book/09_of_the_counting_of_the_fathers.md:57	the fire-pot	(no "the" before it)	|	 that year, to a household that kept no fire-pot and no bag of coloured coals and no cla
LEFT	eras/age_I/book/10_of_the_mole_and_the_steps.md:29	the slab	(no "the" before it)	|	to fix, who first set her shoulder to a slab loosened already by frost and worked it
LEFT	eras/age_I/book/10_of_the_mole_and_the_steps.md:31	the slab	(no "the" before it)	|	hen the grazing wanted less watching, a slab worked loose and dressed rough with a h
LEFT	eras/age_I/book/10_of_the_mole_and_the_steps.md:31	the slab	(no "the" before it)	|	ll, for the stone did not always give a slab where a slab was wanted, and a househol
LEFT	eras/age_I/book/10_of_the_mole_and_the_steps.md:31	the slab	(no "the" before it)	|	tone did not always give a slab where a slab was wanted, and a household with sickne
LEFT	eras/age_I/book/10_of_the_mole_and_the_steps.md:33	the slab	(no "the" before it)	|	em, not the woman who had cut the first slab nor any who came after her, had ever go
LEFT	eras/age_I/book/10_of_the_mole_and_the_steps.md:35	the slab	(no "the" before it)	|	emoved from the woman who set the first slab, and not one of the three generations b
LEFT	eras/age_I/book/10_of_the_mole_and_the_steps.md:47	the coloured coal	(no "the" before it)	|	e being cut at Bral, the leather bag of coloured coal hung at the hearth of the Mason's line 
LEFT	eras/age_I/book/13_of_the_kilns_the_ramps_and_the_houses_on_the_water.md:41	the slab	(no "the" before it)	|	years the telling follows its laying, a slab set well enough by daylight was found i
LEFT	eras/age_I/book/13_of_the_kilns_the_ramps_and_the_houses_on_the_water.md:67	the gold coal	(no "the" before it)	|	er bag and told, at every recital, of a gold coal that had taken fire on the sea and six 
LEFT	eras/age_I/book/15_of_the_lean_years_of_the_line.md:65	the slab	(no "the" before it)	|	e work went as such work always went: a slab judged and levered and set, a length of
LEFT	eras/age_I/book/17_of_the_cliff_house_and_the_curved_mole.md:51	the slab	(no "the" before it)	|	ore it dried, and closed at last with a slab of flat stone heavy enough that no fox 
LEFT	eras/age_I/book/17_of_the_cliff_house_and_the_curved_mole.md:61	the slab	(no "the" before it)	|	 before they were set; others, where no slab of the right size could be got whole, w
LEFT	eras/age_I/book/17_of_the_cliff_house_and_the_curved_mole.md:61	the slab	(no "the" before it)	|	harder seal to keep sound than a single slab but one that let a household close a pi
LEFT	eras/age_I/book/18_of_the_outpost_and_the_three_rings.md:55	the slab	(no "the" before it)	|	d the crew that closed it set its final slab, by every account that has come down wh
LEFT	eras/age_I/book/18_of_the_outpost_and_the_three_rings.md:55	the slab	(no "the" before it)	|	n the ground's own lie under that final slab, is not remembered by any name the tell
LEFT	eras/age_I/book/18_of_the_outpost_and_the_three_rings.md:61	the slab	(no "the" before it)	|	 climbing the spur by the year the last slab of the track was laid, and a child born
LEFT	eras/age_I/book/18_of_the_outpost_and_the_three_rings.md:63	the slab	(no "the" before it)	|	her way, up the track's own tilted last slab and past it, toward the high pale count
LEFT	eras/age_I/book/19_of_the_altar_and_the_shafts.md:12	the slab	(no "the" before it)	|	The last slab of the kerbed track had lain a bare sea
LEFT	eras/age_I/book/19_of_the_altar_and_the_shafts.md:26	the slab	(no "the" before it)	|	sehold piling wall on open ground, each slab bedded and levelled before the next was
LEFT	eras/age_I/book/19_of_the_altar_and_the_shafts.md:26	the slab	(no "the" before it)	|	to have refused more than once to let a slab go into place before he had knelt on it
LEFT	eras/age_I/book/21_of_brian_and_the_buried_five.md:17	the riddle	(no "the" before it)	|	and times before he understood it was a riddle and not merely a saying:
LEFT	eras/age_I/book/21_of_brian_and_the_buried_five.md:66	the slab	(no "the" before it)	|	the grass a stone's throw from the flat slab that covered the vein.
LEFT	eras/age_I/book/21_of_brian_and_the_buried_five.md:82	the fire-pot	(no "the" before it)	|	he could see, for she had kept coal and fire-pot both across sixty years and knew better
LEFT	eras/age_I/book/21_of_brian_and_the_buried_five.md:106	the night of the lightning	(no "the" before it)	|	t the recital that was said on the next night of the lightning, the reciter of the line, coming to the
LEFT	eras/age_I/book/23_of_the_lee_of_the_headlands_and_the_writing_in_the_hills.md:69	the slab	(no "the" before it)	|	rst time and roofed it over with a flat slab lifted on two low stones, so that no fl
LEFT	eras/age_I/book/24_of_the_covered_hearths_and_the_nine.md:7	the slab	(no "the" before it)	|	fire into the ground and roof it with a slab had by then been dead two generations, 
LEFT	eras/age_I/book/24_of_the_covered_hearths_and_the_nine.md:11	the slab	(no "the" before it)	|	k in a clay-lined pit and lidded with a slab no fox or badger had ever worked loose.
LEFT	eras/age_I/book/24_of_the_covered_hearths_and_the_nine.md:17	the slab	(no "the" before it)	|	s for the purpose, he laid a great flat slab dragged down from the scree on a hide s
LEFT	eras/age_I/book/24_of_the_covered_hearths_and_the_nine.md:29	the slab	(no "the" before it)	|	g home from the grove, been put under a slab or a skin or anything else that stood b
LEFT	eras/age_I/book/26_of_cormac_of_the_misstrike.md:13	the riddle	(no "the" before it)	|	alked to the grove and came back with a riddle and no answer, the sea that had taken t
LEFT	eras/age_I/book/26_of_cormac_of_the_misstrike.md:17	the Telling	(no "the" before it)	|	ind talked and come back with the whole Telling and the riddle both; that the Keeper ha
LEFT	eras/age_I/book/26_of_cormac_of_the_misstrike.md:61	the Telling	(no "the" before it)	|	 had tried the first month. He did not. Telling it after, he said that something in him
LEFT	eras/age_I/book/26_of_cormac_of_the_misstrike.md:69	the night of the lightning	(no "the" before it)	|	At the recital that was said the next night of the lightning, he stood at the hearth at Tobar dhìrea
LEFT	eras/age_I/book/28_of_the_warm_springs_and_the_walled_gate.md:9	the slab	(no "the" before it)	|	and on the shelf they set stone basins, slab fitted to slab and the joints packed wi
LEFT	eras/age_I/book/28_of_the_warm_springs_and_the_walled_gate.md:9	the slab	(no "the" before it)	|	f they set stone basins, slab fitted to slab and the joints packed with clay, three 
LEFT	eras/age_I/book/30_of_eoghann_at_the_river.md:7	the Keeper	(no "the" before it)	|	a name to and answered to none of them. Keeper had followed keeper in that time, more 
LEFT	eras/age_I/book/30_of_eoghann_at_the_river.md:15	the fire-pot	(no "the" before it)	|	hore line named Dearbhail, who kept his fire-pot fed and his supper warm through absence
LEFT	eras/age_I/book/30_of_eoghann_at_the_river.md:15	the fire-pot	(no "the" before it)	|	ng into; her own grandmother had kept a fire-pot for a lesser household two valleys off,
LEFT	eras/age_I/book/31_of_the_shore_the_sea_way_and_the_godkin.md:21	the slab	(no "the" before it)	|	hand had set the whole of it down; each slab, by the plainest reading anyone gave it
LEFT	eras/age_I/book/31_of_the_shore_the_sea_way_and_the_godkin.md:41	the fire-pot	(no "the" before it)	|	 own line, nor of any house that kept a fire-pot or a bag of dark coals against its own 
LEFT	eras/age_I/book/31_of_the_shore_the_sea_way_and_the_godkin.md:43	the riddle	(no "the" before it)	|	he living, and heard after it the older riddle of the sky and the earth and the sea th
LEFT	eras/age_I/book/31_of_the_shore_the_sea_way_and_the_godkin.md:45	the riddle	(no "the" before it)	|	em come for the one telling and the one riddle and the one night's watch against a dar
LEFT	eras/age_I/book/31_of_the_shore_the_sea_way_and_the_godkin.md:51	the fire-pot	(no "the" before it)	|	enough; she was of no house that kept a fire-pot, and no line that counted fathers back 
LEFT	eras/age_I/book/31_of_the_shore_the_sea_way_and_the_godkin.md:53	the night of the lightning	(no "the" before it)	|	ound herself using it still at the next night of the lightning, and heard others near her using it too
LEFT	eras/age_I/book/32_of_the_sliver_at_ath_gharbh_and_the_name_of_the_line.md:16	the riddle	(no "the" before it)	|	ng this shore and that height against a riddle none of them could answer. It had never
LEFT	eras/age_I/book/32_of_the_sliver_at_ath_gharbh_and_the_name_of_the_line.md:30	the fire-pot	(no "the" before it)	|	en miles west of the crack that kept no fire-pot and counted no fathers back to any maso
LEFT	eras/age_I/book/32_of_the_sliver_at_ath_gharbh_and_the_name_of_the_line.md:58	the riddle	(no "the" before it)	|	athers' names said standing and the old riddle taken up again and laid down again unan
LEFT	eras/age_I/book/33_of_fire_in_the_stone.md:9	the slab	(no "the" before it)	|	 it that he could see, a single upright slab taller than a man with his arm raised, 
LEFT	eras/age_I/book/33_of_fire_in_the_stone.md:23	the riddle	(no "the" before it)	|	e marks. How that came to be known is a riddle, as the knowing of the lines in the Doi
LEFT	eras/age_I/book/33_of_fire_in_the_stone.md:53	the riddle	(no "the" before it)	|	l of the fathers and the old unanswered riddle of the coals.
LEFT	eras/age_I/book/33_of_fire_in_the_stone.md:73	the riddle	(no "the" before it)	|	of the keeping, a fire that answered no riddle and proved no coal and asked, of anyone
LEFT	eras/age_I/book/38_of_ailean_son_of_suibhne.md:17	the fire coal	(no "the" before it)	|	wo coals from his own father's death, a fire coal grown ordinary through generations of h
LEFT	eras/age_I/book/38_of_ailean_son_of_suibhne.md:45	the slab	(no "the" before it)	|	y for it, digging a hole beside the old slab as deep as a grave in the last week bef
LEFT	eras/age_I/book/38_of_ailean_son_of_suibhne.md:51	the fire coal	(no "the" before it)	|	stone with the last fragment of the old fire coal crumbling to dust between his fingers a
LEFT	eras/age_I/book/38_of_ailean_son_of_suibhne.md:69	the seven coals	(no "the" before it)	|	 time since the making of the world all seven coals of the island burned together, each out
LEFT	eras/age_I/gazetteer/01_the_west_and_the_north.json:328.history	the slab	(no "the" before it)	|	flat stone from the shore into the sea, slab after slab, each one bedded on the one 
LEFT	eras/age_I/gazetteer/01_the_west_and_the_north.json:328.history	the slab	(no "the" before it)	|	from the shore into the sea, slab after slab, each one bedded on the one below and r
LEFT	eras/age_I/gazetteer/01_the_west_and_the_north.json:328.history	the slab	(no "the" before it)	|	nd relaid where the sea shifted it; one slab was relaid twice before it held. When t
LEFT	eras/age_I/gazetteer/01_the_west_and_the_north.json:47.history	the slab	(no "the" before it)	|	b alone. Then a household set the first slab on the worst of the scramble, and after
LEFT	eras/age_I/gazetteer/01_the_west_and_the_north.json:127.history	the slab	(no "the" before it)	|	om a bank upstream and lidded it with a slab, and stored dried fish in it through a 
LEFT	eras/age_I/gazetteer/04_the_hearths_of_the_hill_folk.json:276.history	the slab	(no "the" before it)	|	would not let it be dug further: a flat slab was laid over the broken vein, no water
LEFT	eras/age_I/gazetteer/04_the_hearths_of_the_hill_folk.json:454.history	the coloured coal	(no "the" before it)	|	es of red deer about them; there was no coloured coal in them. Deer were hunted by torch acro
LEFT	eras/age_I/gazetteer/04_the_hearths_of_the_hill_folk.json:1007.history	the slab	(no "the" before it)	|	ug the first pit-hearth, a fire under a slab at the foot of a slanting shaft bent ne
LEFT	eras/age_I/appendices/A_the_line_of_the_mason.md:32	the seven coals	(no "the" before it)	|	. At Muirgheal's bidding he carried all seven coals down to the northern shore, slept a nig
LEFT	eras/age_I/appendices/A_the_line_of_the_mason.md:68	the annals	(no "the" before it)	|	| Father | Place in the Line | Years (annals) | Age at death | Coal |
LEFT	eras/age_I/appendices/B_the_telling_the_riddle_and_the_lightings.md:26	the Annals	(no "the" before it)	|	| Coal | Holds | Lit by | Where | How | Annals |
LEFT	eras/age_I/appendices/B_the_telling_the_riddle_and_the_lightings.md:59	the riddle	(no "the" before it)	|	s came to be known at every hearth is a riddle the tellings leave as they found it; kn
LEFT	eras/age_I/appendices/D_the_peoples_of_the_shore_and_the_hills.md:30	the outpost	(no "the" before it)	|	 from the shore. They raised the walled outpost of Làrach an Dùin-fhaire on a spur abov
LEFT	eras/age_I/appendices/E_of_fears_beasts_and_holy_places.md:9	the riddle	(no "the" before it)	|	en none of them could read a sign, is a riddle; known it was, and told the same way at
LEFT	eras/age_I/appendices/E_of_fears_beasts_and_holy_places.md:9	the slab	(no "the" before it)	|	 the first pit-hearth, the fire under a slab at the foot of a slanting shaft bent ne
# run 2026-09-26 01:27: 270 changes, 107 left
CHANGE	eras/age_I/annals/age_I_01.json:EI-1020.title	The first fire	->	Teine a' Chlachair	|	The first fire begged and given
CHANGE	eras/age_I/annals/age_I_01.json:EI-1020.body	the mason's fire	->	Teine a' Chlachair	|	, its own hearth cold, comes asking for a coal of the mason's fire. Neachdan gives it freely and
CHANGE	eras/age_I/annals/age_I_01.json:EI-1027.title	the fire-pot	->	Poit an Teine	|	Ailbhe first sent out with the fire-pot
CHANGE	eras/age_I/annals/age_I_01.json:EI-1028.body	The mason's fire	->	Teine a' Chlachair	|	the moor at the limit of any household's grazing. The mason's fire, walked outward hearth by hea
CHANGE	eras/age_I/annals/age_I_01.json:EI-1030.body	the Mason	->	An Clachair	|	Neachdan, the Mason, dies old by the hearth he li
CHANGE	eras/age_I/annals/age_I_01.json:EI-1033.body	the vein-fire	->	Teine na Fèithe	|	Conall, who first carried the vein-fire home in a water-pot as a boy,
CHANGE	eras/age_I/annals/age_I_01.json:EI-1033.body	the night of the lightning	->	Oidhche an Dealanaich	|	the well-cut still burning as it has burned since the night of the lightning, unchanged through two of the
CHANGE	eras/age_I/annals/age_I_01.json:EI-1036.body	the mason's fire	->	Teine a' Chlachair	|	 at the hearth she was born beside, having walked the mason's fire to more hearths than anyone h
CHANGE	eras/age_I/annals/age_I_01.json:EI-1042.title	The vein-fire	->	Teine na Fèithe	|	The vein-fire burns low
CHANGE	eras/age_I/annals/age_I_01.json:EI-1043.title	the vein-fire	->	Teine na Fèithe	|	Muirne marks the vein-fire sinking
CHANGE	eras/age_I/annals/age_I_01.json:EI-1044.title	The vein-fire	->	Teine na Fèithe	|	The vein-fire marked lower each winter
CHANGE	eras/age_I/annals/age_I_01.json:EI-1045.body	the vein-fire	->	Teine na Fèithe	|	standing water, Muirne sits out the last night of the vein-fire in the rain and watches its p
CHANGE	eras/age_I/annals/age_I_01.json:EI-1045.body	the mason's fire	->	Teine a' Chlachair	|	ow go out, quietly, with no one else there to see the mason's fire die in the ground where it wa
CHANGE	eras/age_I/annals/age_I_01.json:EI-1047.body	the vein-fire	->	Teine na Fèithe	|	The spring that finishes the vein-fire is remembered also for rain t
CHANGE	eras/age_I/annals/age_I_01.json:EI-1048.title	The slab	->	Leac na Fèithe	|	The slab laid over the vein
CHANGE	eras/age_I/annals/age_I_01.json:EI-1051.title	the slab	->	Leac na Fèithe	|	Grandchildren sent out to the slab in Muirne's stead
CHANGE	eras/age_I/annals/age_I_01.json:EI-1051.body	the slab	->	Leac na Fèithe	|	inter walk, Muirne sends her grandchildren out to the slab to see that the turf at its e
CHANGE	eras/age_I/annals/age_I_01.json:EI-1052.body	the slab	->	Leac na Fèithe	|	's fire, whole, back to the stone. The telling of the slab passes to her grandchildren.
CHANGE	eras/age_I/annals/age_I_03.json:EI-2003.title	the fire-pot	->	Poit an Teine	|	The aunt keeps the fire-pot
CHANGE	eras/age_I/annals/age_I_03.json:EI-2003.body	The fire-pot	->	Poit an Teine	|	The fire-pot at Tobar dhìreach is kept in 
CHANGE	eras/age_I/annals/age_I_03.json:EI-2004.body	the fire-pot	->	Poit an Teine	|	Diarmad, seven years old, asks the aunt who keeps the fire-pot why the mason's pieces hold c
CHANGE	eras/age_I/annals/age_I_03.json:EI-2011.title	the fire-pot	->	Poit an Teine	|	Fionnghuala takes the fire-pot
CHANGE	eras/age_I/annals/age_I_03.json:EI-2025.title	The Keeper	->	Coimhdeach na Fine	|	The Keeper names itself to Diarmad
CHANGE	eras/age_I/annals/age_I_03.json:EI-2025.body	the Young God	->	an Dia Òg	|	of the kin, made from the smoke of the first coal the Young God woke, watching the island's p
CHANGE	eras/age_I/annals/age_I_03.json:EI-2026.title	the Telling of the Making	->	Aithris a' Chruthachaidh	|	Diarmad hears the Telling of the Making
CHANGE	eras/age_I/annals/age_I_03.json:EI-2026.body	The Keeper	->	Coimhdeach na Fine	|	The Keeper tells Diarmad the whole Telli
CHANGE	eras/age_I/annals/age_I_03.json:EI-2026.body	Telling of the Making	->	Aithris a' Chruthachaidh	|	The Keeper tells Diarmad the whole Telling of the Making, from Caoran's choosing of co
CHANGE	eras/age_I/annals/age_I_03.json:EI-2027.title	the Young God	->	an Dia Òg	|	Diarmad asks whether the Young God was angry
CHANGE	eras/age_I/annals/age_I_03.json:EI-2027.body	the godfolk	->	an Dia-shluagh	|	Shamed by the telling of how the godfolk once found the coloured stone
CHANGE	eras/age_I/annals/age_I_03.json:EI-2027.body	the Keeper	->	Coimhdeach na Fine	|	 fall back into the heather unknown, Diarmad asks the Keeper whether the Young God was ang
CHANGE	eras/age_I/annals/age_I_03.json:EI-2027.body	the Young God	->	an Dia Òg	|	 heather unknown, Diarmad asks the Keeper whether the Young God was angry at the forgetting; 
CHANGE	eras/age_I/annals/age_I_03.json:EI-2027.body	the Keeper	->	Coimhdeach na Fine	|	hether the Young God was angry at the forgetting; the Keeper answers that he only laughed,
CHANGE	eras/age_I/annals/age_I_03.json:EI-2028.title	The Keeper	->	Coimhdeach na Fine	|	The Keeper gives Diarmad the riddle
CHANGE	eras/age_I/annals/age_I_03.json:EI-2028.title	the riddle	->	Tòimhseachan a' Choimhdich	|	The Keeper gives Diarmad the riddle
CHANGE	eras/age_I/annals/age_I_03.json:EI-2028.body	the mason's fire	->	Teine a' Chlachair	|	Asked why the mason's fire burned the colour out of ever
CHANGE	eras/age_I/annals/age_I_03.json:EI-2028.body	the Keeper	->	Coimhdeach na Fine	|	s fire burned the colour out of every coal alike, the Keeper answers that they are burned 
CHANGE	eras/age_I/annals/age_I_03.json:EI-2028.body	the riddle	->	Tòimhseachan a' Choimhdich	|	n one fire and none in its own, and gives Diarmad the riddle of the sky, the earth and the
CHANGE	eras/age_I/annals/age_I_03.json:EI-2029.title	The Keeper	->	Coimhdeach na Fine	|	The Keeper leaves Diarmad by his dying f
CHANGE	eras/age_I/annals/age_I_03.json:EI-2029.body	the riddle	->	Tòimhseachan a' Choimhdich	|	When Diarmad calls the riddle no answer, the Keeper tells h
CHANGE	eras/age_I/annals/age_I_03.json:EI-2029.body	the Keeper	->	Coimhdeach na Fine	|	When Diarmad calls the riddle no answer, the Keeper tells him it is the one it wa
CHANGE	eras/age_I/annals/age_I_03.json:EI-2030.title	the riddle	->	Tòimhseachan a' Choimhdich	|	Diarmad tries the riddle alone against sky, earth and 
CHANGE	eras/age_I/annals/age_I_03.json:EI-2030.body	the rainbow coal	->	gual bogha-froise	|	o leave the grove, Diarmad spends two days trying the rainbow coal by himself: held up to a gap 
CHANGE	eras/age_I/annals/age_I_03.json:EI-2031.title	the riddle	->	Tòimhseachan a' Choimhdich	|	Diarmad speaks the riddle over the bare coal
CHANGE	eras/age_I/annals/age_I_03.json:EI-2031.body	the riddle's	->	Tòimhseachan a' Choimhdich's	|	On the second morning Diarmad kneels and speaks the riddle's words aloud over the coal lai
CHANGE	eras/age_I/annals/age_I_03.json:EI-2032.body	the riddle	->	Tòimhseachan a' Choimhdich	|	After two days failing to open the riddle alone, Diarmad banks his fire
CHANGE	eras/age_I/annals/age_I_03.json:EI-2032.body	the rainbow coal	->	gual bogha-froise	|	e alone, Diarmad banks his fire under turf, wraps the rainbow coal back against his chest, and s
CHANGE	eras/age_I/annals/age_I_03.json:EI-2033.body	the Telling of the Making	->	Aithris a' Chruthachaidh	|	high valleys on the evening of the third day with the Telling of the Making whole in him and the Keeper's
CHANGE	eras/age_I/annals/age_I_03.json:EI-2033.body	the Keeper's riddle	->	Tòimhseachan a' Choimhdich	|	y with the Telling of the Making whole in him and the Keeper's riddle unopened, not yet sure which 
CHANGE	eras/age_I/annals/age_I_03.json:EI-2034.title	the Keeper	->	Coimhdeach na Fine	|	The dead leaves go round the Keeper
CHANGE	eras/age_I/annals/age_I_03.json:EI-2035.body	the Telling	->	Aithris a' Chruthachaidh	|	In the Telling Diarmad sees a child of the g
CHANGE	eras/age_I/annals/age_I_03.json:EI-2035.body	the godfolk	->	an Dia-shluagh	|	In the Telling Diarmad sees a child of the godfolk carry coloured stones home in
CHANGE	eras/age_I/annals/age_I_03.json:EI-2036.body	the rainbow coal	->	gual bogha-froise	|	n hops along the fallen trunk to within a hand of the rainbow coal, looks at it and at Diarmad, 
CHANGE	eras/age_I/annals/age_I_03.json:EI-2036.body	the riddle	->	Tòimhseachan a' Choimhdich	|	and goes about its business; Diarmad does not try the riddle again that day.
CHANGE	eras/age_I/annals/age_I_03.json:EI-2037.title	the riddle	->	Tòimhseachan a' Choimhdich	|	Diarmad says the riddle over on the road
CHANGE	eras/age_I/annals/age_I_03.json:EI-2037.body	the riddle	->	Tòimhseachan a' Choimhdich	|	All the first day of the walk home Diarmad says the riddle aloud, the strange words and 
CHANGE	eras/age_I/annals/age_I_03.json:EI-2038.title	the Telling	->	Aithris a' Chruthachaidh	|	Diarmad tells the Telling at his own hearth
CHANGE	eras/age_I/annals/age_I_03.json:EI-2038.body	the Keeper	->	Coimhdeach na Fine	|	hìreach and tells the household the bones of what the Keeper gave him: the making of the i
CHANGE	eras/age_I/annals/age_I_03.json:EI-2038.body	the riddle	->	Tòimhseachan a' Choimhdich	|	ops of fire, the gift buried and thrown away, and the riddle of the sky, the earth and the
CHANGE	eras/age_I/annals/age_I_03.json:EI-2039.body	the Telling	->	Aithris a' Chruthachaidh	|	A kinsman of Tadhg's line by marriage laughs the Telling off as three days' talk with 
CHANGE	eras/age_I/annals/age_I_03.json:EI-2040.body	the Telling	->	Aithris a' Chruthachaidh	|	Told the Telling in full, alone, Diarmad's wif
CHANGE	eras/age_I/annals/age_I_03.json:EI-2041.body	the Telling	->	Aithris a' Chruthachaidh	|	Diarmad takes up a second labour beside the Telling, walking hearth to hearth amo
CHANGE	eras/age_I/annals/age_I_03.json:EI-2043.body	the night of the lightning	->	Oidhche an Dealanaich	|	On the night of the lightning Diarmad stands at his own hea
CHANGE	eras/age_I/annals/age_I_03.json:EI-2043.body	the Telling	->	Aithris a' Chruthachaidh	|	amh, unbelieving still, stands after him and says the Telling in full because a house shoul
CHANGE	eras/age_I/annals/age_I_03.json:EI-2044.title	the Telling	->	Aithris a' Chruthachaidh	|	Niamh says the Telling after the Line
CHANGE	eras/age_I/annals/age_I_03.json:EI-2044.body	the Telling of the Making	->	Aithris a' Chruthachaidh	|	 the Line Niamh stands after her husband and says the Telling of the Making, though she does not yet beli
CHANGE	eras/age_I/annals/age_I_03.json:EI-2045.title	the fire-pot	->	Poit an Teine	|	Diarmad takes up the fire-pot
CHANGE	eras/age_I/annals/age_I_03.json:EI-2045.body	the fire-pot	->	Poit an Teine	|	n his mother's death Diarmad takes the keeping of the fire-pot alongside the keeping of the 
CHANGE	eras/age_I/annals/age_I_03.json:EI-2045.body	the riddle	->	Tòimhseachan a' Choimhdich	|	e fire-pot alongside the keeping of the names and the riddle, three weights on one back.
CHANGE	eras/age_I/annals/age_I_03.json:EI-2046.body	the Telling	->	Aithris a' Chruthachaidh	|	tells their daughter that she has come to believe the Telling without ever deciding to, the
CHANGE	eras/age_I/annals/age_I_03.json:EI-2047.title	the fire-pot	->	Poit an Teine	|	Fionnghuala dies keeping the fire-pot
CHANGE	eras/age_I/annals/age_I_03.json:EI-2047.body	the fire-pot	->	Poit an Teine	|	mad's mother Fionnghuala dies in her own bed with the fire-pot within reach of her hand, as 
CHANGE	eras/age_I/annals/age_I_03.json:EI-2047.body	the riddle	->	Tòimhseachan a' Choimhdich	|	eeping of the pot himself alongside the names and the riddle.
CHANGE	eras/age_I/annals/age_I_03.json:EI-2050.body	the riddle's	->	Tòimhseachan a' Choimhdich's	|	Reasoning that the riddle's merging might mean the coals 
CHANGE	eras/age_I/annals/age_I_03.json:EI-2052.title	The Telling	->	Aithris a' Chruthachaidh	|	The Telling carried to the northern moor
CHANGE	eras/age_I/annals/age_I_03.json:EI-2052.body	the Telling	->	Aithris a' Chruthachaidh	|	A fire-bearer who has heard the Telling three times at Tobar dhìreach
CHANGE	eras/age_I/annals/age_I_03.json:EI-2053.title	The Telling	->	Aithris a' Chruthachaidh	|	The Telling reaches the eastern hearths
CHANGE	eras/age_I/annals/age_I_03.json:EI-2053.body	the Telling	->	Aithris a' Chruthachaidh	|	's walk to the grove, traders carry some shape of the Telling to nearly every hearth of the
CHANGE	eras/age_I/annals/age_I_03.json:EI-2055.body	the fire-pot	->	Poit an Teine	|	Diarmad dies at his hearth with the fire-pot near him and the six dark coa
CHANGE	eras/age_I/annals/age_I_03.json:EI-2056.title	the Telling	->	Aithris a' Chruthachaidh	|	Deirbhile fixes the Telling word for word
CHANGE	eras/age_I/annals/age_I_03.json:EI-2056.body	the Telling	->	Aithris a' Chruthachaidh	|	Diarmad's daughter Deirbhile, keeping the Telling more exactly than her father 
CHANGE	eras/age_I/annals/age_I_03.json:EI-2057.title	the Telling	->	Aithris a' Chruthachaidh	|	Deirbhile teaches the Telling a section at a time
CHANGE	eras/age_I/annals/age_I_03.json:EI-2057.body	the Telling	->	Aithris a' Chruthachaidh	|	h of her children down in turn and makes them say the Telling back to her a section at a ti
CHANGE	eras/age_I/annals/age_I_03.json:EI-2058.title	The Telling	->	Aithris a' Chruthachaidh	|	The Telling said at an eastern hearth
CHANGE	eras/age_I/annals/age_I_03.json:EI-2058.body	the Telling	->	Aithris a' Chruthachaidh	|	 no claim on the Line beyond distant kinship says the Telling standing on the darkest night
CHANGE	eras/age_I/annals/age_I_03.json:EI-2058.body	the riddle	->	Tòimhseachan a' Choimhdich	|	he darkest night, and tells a child who asks what the riddle means that it is a question f
CHANGE	eras/age_I/annals/age_I_03.json:EI-2058.body	the Mason's	->	An Clachair's	|	s what the riddle means that it is a question for the Mason's own line to answer.
CHANGE	eras/age_I/annals/age_I_04.json:EI-2502.title	the riddle	->	Tòimhseachan a' Choimhdich	|	The trying of the riddle is let rest at the mason's he
CHANGE	eras/age_I/annals/age_I_04.json:EI-2502.body	the Mason's line	->	Clann a' Chlachair	|	ave come out of every trial the same dull stones, the Mason's line lets the trying rest, the lea
CHANGE	eras/age_I/annals/age_I_04.json:EI-2516.body	the Mason's	->	An Clachair's	|	On the dark-of-the-year night the keeper of the Mason's hearth stands to say the fath
CHANGE	eras/age_I/annals/age_I_04.json:EI-2516.body	the riddle	->	Tòimhseachan a' Choimhdich	|	ithout any household sending word ahead, and says the riddle after as she has said it ever
CHANGE	eras/age_I/annals/age_I_04.json:EI-2539.body	the Mason's line	->	Clann a' Chlachair	|	Aodh is born into the Mason's line at Tobar dhìreach, into a hea
CHANGE	eras/age_I/annals/age_I_04.json:EI-2539.body	the Keeper's riddle	->	Tòimhseachan a' Choimhdich	|	bar dhìreach, into a hearth that has by then said the Keeper's riddle at every recital for near fiv
CHANGE	eras/age_I/annals/age_I_04.json:EI-2539.body	the gold coal	->	gual òir	|	for near five hundred years without once carrying the gold coal to the sea it is said to answ
CHANGE	eras/age_I/annals/age_I_04.json:EI-2542.body	the fire-pot	->	Poit an Teine	|	At twenty Aodh tells Muirgheal, keeper of the fire-pot at Tobar dhìreach, that he me
CHANGE	eras/age_I/annals/age_I_04.json:EI-2542.body	the gold coal	->	gual òir	|	ire-pot at Tobar dhìreach, that he means to carry the gold coal to the sea before another gen
CHANGE	eras/age_I/annals/age_I_04.json:EI-2542.body	the riddle	->	Tòimhseachan a' Choimhdich	|	ld coal to the sea before another generation lets the riddle lie; she does not laugh, and 
CHANGE	eras/age_I/annals/age_I_04.json:EI-2546.title	The gold coal	->	Gual òir	|	The gold coal takes fire on the sea
CHANGE	eras/age_I/annals/age_I_04.json:EI-2546.body	the seven coals	->	na Seachd Guail	|	Aodh throws the seven coals of the vein into the sea one 
CHANGE	eras/age_I/annals/age_I_04.json:EI-2547.body	the Keeper's riddle	->	Tòimhseachan a' Choimhdich	|	five hundred years since the grove, and says that the Keeper's riddle is proved true: each coal ans
CHANGE	eras/age_I/annals/age_I_04.json:EI-2548.body	the gold coal's	->	gual òir's	|	 the recital after the fathers' names, telling of the gold coal's lighting on the northern sea;
CHANGE	eras/age_I/annals/age_I_04.json:EI-2549.title	the gold coal	->	gual òir	|	Word of the gold coal spreads from Tobar dhìreach
CHANGE	eras/age_I/annals/age_I_04.json:EI-2549.body	the gold coal	->	gual òir	|	ìreach send someone to ask whether the telling of the gold coal is true, and for days the fir
CHANGE	eras/age_I/annals/age_I_04.json:EI-2549.body	the fire-pot's	->	Poit an Teine's	|	he telling of the gold coal is true, and for days the fire-pot's door stands open near the who
CHANGE	eras/age_I/annals/age_I_04.json:EI-2551.body	the gold coal	->	gual òir	|	ded after the fathers' names at the recital: that the gold coal was thrown into the northern 
CHANGE	eras/age_I/annals/age_I_04.json:EI-2553.body	the fire-pot	->	Poit an Teine	|	Muirgheal, keeper of the fire-pot, dies an old woman having liv
CHANGE	eras/age_I/annals/age_I_05.json:EI-3045.title	the fire-pot	->	Poit an Teine	|	Gormal takes up the fire-pot
CHANGE	eras/age_I/annals/age_I_05.json:EI-3045.body	the fire-pot	->	Poit an Teine	|	th of the one daughter who lived, Gormal takes up the fire-pot and the leather bag of the li
CHANGE	eras/age_I/annals/age_I_05.json:EI-3045.body	coloured coal	->	an gual dathach	|	up the fire-pot and the leather bag of the line's coloured coal from an aunt with no living d
CHANGE	eras/age_I/annals/age_I_05.json:EI-3047.body	the riddle	->	Tòimhseachan a' Choimhdich	|	Gormal rules that the fathers' names and the riddle after them be said standing e
CHANGE	eras/age_I/annals/age_I_05.json:EI-3048.body	the fire-pot	->	Poit an Teine	|	nds the fathers' names over to the aunt who keeps the fire-pot every evening of a whole wint
CHANGE	eras/age_I/annals/age_I_05.json:EI-3048.body	the riddle	->	Tòimhseachan a' Choimhdich	|	 of its place, and asks, the first time she hears the riddle whole, why no one has tried f
CHANGE	eras/age_I/annals/age_I_05.json:EI-3056.body	the riddle	->	Tòimhseachan a' Choimhdich	|	fixed words, begins saying the fathers' names and the riddle to her own children in gentle
CHANGE	eras/age_I/annals/age_I_05.json:EI-3060.body	the riddle	->	Tòimhseachan a' Choimhdich	|	st dark-of-the-year night of her life Gormal says the riddle standing as she has said it e
CHANGE	eras/age_I/annals/age_I_05.json:EI-3061.body	the fire-pot	->	Poit an Teine	|	Gormal dies that winter in the house she kept the fire-pot in her whole life, her daught
CHANGE	eras/age_I/annals/age_I_06.json:EI-3502.body	the Mason's line	->	Clann a' Chlachair	|	A second son is born to the household of the Mason's line at Tobar dhìreach, three year
CHANGE	eras/age_I/annals/age_I_06.json:EI-3503.body	the Mason's line	->	Clann a' Chlachair	|	Fearghas is born at Tobar dhìreach into the Mason's line, growing up on Gormal's unset
CHANGE	eras/age_I/annals/age_I_06.json:EI-3511.body	the snowflake coal	->	gual sneachda	|	Before the brothers leave the summit where the snowflake coal has just taken fire in the fa
CHANGE	eras/age_I/annals/age_I_06.json:EI-3515.body	the Mason's line	->	Clann a' Chlachair	|	de it, the first stone set there by a hand not of the Mason's line, beginning a custom that outl
CHANGE	eras/age_I/annals/age_I_06.json:EI-3521.body	the slab	->	Leac na Fèithe	|	ight he had proved, and is buried within sight of the slab that covers the mason's vein 
CHANGE	eras/age_I/annals/age_I_06.json:EI-3548.title	The outpost's	->	Làrach an Dùin-fhaire's	|	The outpost's wall dressed on its outer fac
CHANGE	eras/age_I/annals/age_I_06.json:EI-3548.body	the outpost's	->	Làrach an Dùin-fhaire's	|	The mason who sets the outpost's first course dresses its ston
CHANGE	eras/age_I/annals/age_I_06.json:EI-3549.title	the outpost	->	Làrach an Dùin-fhaire	|	The inner face of the outpost left rough
CHANGE	eras/age_I/annals/age_I_06.json:EI-3549.body	the outpost	->	Làrach an Dùin-fhaire	|	The woman who sets the first course of the outpost wall dresses the stones on th
CHANGE	eras/age_I/annals/age_I_06.json:EI-3550.title	The outpost's	->	Làrach an Dùin-fhaire's	|	The outpost's gate hung
CHANGE	eras/age_I/annals/age_I_06.json:EI-3550.body	the outpost	->	Làrach an Dùin-fhaire	|	A heavy oaken gate is hung on a socketed post at the outpost, its single doorway facing in
CHANGE	eras/age_I/annals/age_I_06.json:EI-3553.body	the outpost's	->	Làrach an Dùin-fhaire's	|	A woman who keeps the outpost's first winter watch longer tha
CHANGE	eras/age_I/annals/age_I_06.json:EI-3554.body	the outpost	->	Làrach an Dùin-fhaire	|	A boy of the outpost raises the whole watch at dus
CHANGE	eras/age_I/annals/age_I_06.json:EI-3554.body	the outpost's	->	Làrach an Dùin-fhaire's	|	ly together; nothing is found by first light, and the outpost's watch is never again left to 
CHANGE	eras/age_I/annals/age_I_06.json:EI-3563.body	the outpost	->	Làrach an Dùin-fhaire	|	The track between the outpost and the rings is paved stretc
CHANGE	eras/age_I/annals/age_I_07.json:EI-4002.body	the outpost	->	Làrach an Dùin-fhaire	|	rs of trimmed timber, the same labour that raised the outpost wall and the fortress rings, 
CHANGE	eras/age_I/annals/age_I_07.json:EI-4002.body	the fortress	->	Làrach an Dùin	|	 the same labour that raised the outpost wall and the fortress rings, and set back from the 
CHANGE	eras/age_I/annals/age_I_07.json:EI-4023.body	the Telling	->	Aithris a' Chruthachaidh	|	hing hearth of the north-west shore, kin who keep the Telling as every hill hearth does but
CHANGE	eras/age_I/annals/age_I_07.json:EI-4029.body	the Telling's	->	Aithris a' Chruthachaidh's	|	ther plainly that he means to sail west and prove the Telling's word of a land beyond the sea
CHANGE	eras/age_I/annals/age_I_07.json:EI-4046.body	the Mason's line	->	Clann a' Chlachair	|	Brian, of the Mason's line, becomes known through the hi
CHANGE	eras/age_I/annals/age_I_07.json:EI-4052.title	the mason's fire	->	Teine a' Chlachair	|	The black coal set in the mason's fire
CHANGE	eras/age_I/annals/age_I_07.json:EI-4052.body	the night of the lightning	->	Oidhche an Dealanaich	|	 a' Chlachair holds to have burned unbroken since the night of the lightning. It catches and burns on, and
CHANGE	eras/age_I/annals/age_I_07.json:EI-4055.body	the slab	->	Leac na Fèithe	|	ack coal warm in Brian's hand at the graveside by the slab.
CHANGE	eras/age_I/annals/age_I_07.json:EI-4057.body	the slab	->	Leac na Fèithe	|	 illness the valley can name. He is buried beside the slab at Tobar dhìreach, near the g
CHANGE	eras/age_I/annals/age_I_08.json:EI-4503.body	the Sea-Watcher	->	Uilebheist na Mara	|	creature has a name that will not leave it again: the Sea-Watcher. Not every hearth believes th
CHANGE	eras/age_I/annals/age_I_08.json:EI-4503.body	the Watcher's	->	Uilebheist na Mara's	|	em, but the water off the point is from that year the Watcher's water in every mouth, believe
CHANGE	eras/age_I/annals/age_I_08.json:EI-4504.body	the Watcher	->	Uilebheist na Mara	|	The youngest of the four men who saw the Watcher rise carries the telling word
CHANGE	eras/age_I/annals/age_I_08.json:EI-4507.body	the Watcher	->	Uilebheist na Mara	|	f their own hearth smoke. The loss is not laid to the Watcher, the water being the wrong wa
CHANGE	eras/age_I/annals/age_I_08.json:EI-4509.body	the Watcher's	->	Uilebheist na Mara's	|	n from the headland to boats working too far into the Watcher's water, Criomthann's warning w
CHANGE	eras/age_I/annals/age_I_08.json:EI-4513.body	the Watcher	->	Uilebheist na Mara	|	ving outlived every one of the four who first saw the Watcher rise. At his own asking he is
CHANGE	eras/age_I/annals/age_I_08.json:EI-4518.title	the Watcher	->	Uilebheist na Mara	|	The widows name the Watcher
CHANGE	eras/age_I/annals/age_I_08.json:EI-4518.body	the Sea-Watcher	->	Uilebheist na Mara	|	 plainly, at every hearth that will hear it, that the Sea-Watcher has taken their seven boats. 
CHANGE	eras/age_I/annals/age_I_08.json:EI-4518.body	the Watcher's	->	Uilebheist na Mara's	|	boats. It is the first loss on that coast laid at the Watcher's door by name rather than only
CHANGE	eras/age_I/annals/age_I_08.json:EI-4542.body	the slab	->	Leac na Fèithe	|	ght the pit-hearth is whole beside its fire under the slab, listening for anything on th
CHANGE	eras/age_I/annals/age_I_08.json:EI-4543.body	the slab	->	Leac na Fèithe	|	n he showed them, the first word of the pit under the slab carried hearth to hearth the 
CHANGE	eras/age_I/annals/age_I_08.json:EI-4545.body	the mason's fire	->	Teine a' Chlachair	|	ho asks why the line will not cover its fire that the mason's fire is owed better than to be hid
CHANGE	eras/age_I/annals/age_I_08.json:EI-4547.body	the Mason's kin	->	Clann a' Chlachair	|	One branch of the Mason's kin digs itself a covered hearth 
CHANGE	eras/age_I/annals/age_I_08.json:EI-4556.body	the slab	->	Leac na Fèithe	|	wo herders come down off the ridge, the pit under the slab is no longer a new thing spre
CHANGE	eras/age_I/annals/age_I_09.json:EI-5001.body	the holy wood	->	Coille Naomh Muileann chiar	|	Households whose fields run up to the holy wood of the east carry their winte
CHANGE	eras/age_I/annals/age_I_09.json:EI-5003.body	the holy wood	->	Coille Naomh Muileann chiar	|	ks her father what would come of a man who cut in the holy wood, and is told that no one has 
CHANGE	eras/age_I/annals/age_I_09.json:EI-5004.body	the glen of the stags	->	Gleann nan Damh	|	At the narrow turn of the glen of the stags, a white stag breaks from the
CHANGE	eras/age_I/annals/age_I_09.json:EI-5004.body	the holy wood	->	Coille Naomh Muileann chiar	|	e stags, a white stag breaks from the treeline of the holy wood rather than the open hill. Sa
CHANGE	eras/age_I/annals/age_I_09.json:EI-5024.body	the slab	->	Leac na Fèithe	|	Cormac digs a second, deeper hole beside the slab and lays the red-brown coal i
CHANGE	eras/age_I/annals/age_I_09.json:EI-5025.title	The silver coal	->	Gual airgid	|	The silver coal carried to three rivers
CHANGE	eras/age_I/annals/age_I_09.json:EI-5025.body	the silver coal	->	gual airgid	|	In one summer Cormac carries the silver coal to three different rivers of 
CHANGE	eras/age_I/annals/age_I_09.json:EI-5026.body	the Keeper	->	Coimhdeach na Fine	|	ormac turns over the thought that the grove where the Keeper stood may hold some leaving t
CHANGE	eras/age_I/annals/age_I_09.json:EI-5027.body	the Keeper	->	Coimhdeach na Fine	|	pring, Cormac comes to think that the grove where the Keeper once stood may hold in its gr
CHANGE	eras/age_I/annals/age_I_09.json:EI-5034.body	the Mason's line	->	Clann a' Chlachair	|	which had long since stopped laughing at anything the Mason's line brought home from the grove, 
CHANGE	eras/age_I/annals/age_I_09.json:EI-5036.body	the night of the lightning	->	Oidhche an Dealanaich	|	At the next telling of the Line on the night of the lightning, Cormac holds up his scarred 
CHANGE	eras/age_I/annals/age_I_09.json:EI-5037.body	the silver coal	->	gual airgid	|	Cormac gives the silver coal over to a younger cousin to c
CHANGE	eras/age_I/annals/age_I_09.json:EI-5039.body	the fire-pot	->	Poit an Teine	|	in his two-and-seventieth year at Tobar dhìreach, the fire-pot burning near him as it burned
CHANGE	eras/age_I/annals/age_I_09.json:EI-5040.body	the silver coal	->	gual airgid	|	The leather bag with the silver coal, the coal that has never yet 
CHANGE	eras/age_I/annals/age_I_09.json:EI-5040.body	the rainbow coal	->	gual bogha-froise	|	e coal that has never yet been tried by fire, and the rainbow coal passes from Cormac's grave to
CHANGE	eras/age_I/annals/age_I_10.json:EI-5509.body	the outpost's	->	Làrach an Dùin-fhaire's	|	One man, left alone at the outpost's gate at dusk after the others
CHANGE	eras/age_I/annals/age_I_10.json:EI-5516.title	the fortress	->	Làrach an Dùin	|	Fewer fires burn along the fortress wall
CHANGE	eras/age_I/annals/age_I_10.json:EI-5517.body	the fortress	->	Làrach an Dùin	|	The last of the coast-people still keeping the fortress finds every other fire along 
CHANGE	eras/age_I/annals/age_I_10.json:EI-5519.body	the fortress	->	Làrach an Dùin	|	ver went up answers his grandson's question about the fortress only with the cold and the wi
CHANGE	eras/age_I/annals/age_I_10.json:EI-5531.body	the fire-pot	->	Poit an Teine	|	ond child of the household that keeps the bag and the fire-pot at Tobar dhìreach, not first 
CHANGE	eras/age_I/annals/age_I_10.json:EI-5534.body	the slab	->	Leac na Fèithe	|	 nineteenth year, and his father is buried beside the slab the same season, so that the 
CHANGE	eras/age_I/annals/age_I_10.json:EI-5536.title	The silver coal	->	Gual airgid	|	The silver coal carried to the home river and
CHANGE	eras/age_I/annals/age_I_10.json:EI-5536.body	the silver-sheen coal	->	gual airgid	|	In his first years of keeping Eòghann carries the silver-sheen coal to the Abhainn ghorm below To
CHANGE	eras/age_I/annals/age_I_10.json:EI-5537.body	the silver coal	->	gual airgid	|	Among the waters Eòghann tries the silver coal against is a mountain tarn th
CHANGE	eras/age_I/annals/age_I_10.json:EI-5539.body	the rainbow coal	->	gual bogha-froise	|	Eòghann throws the silver, the untried, and the rainbow coal into the grey swell off the n
CHANGE	eras/age_I/annals/age_I_10.json:EI-5542.title	The silver coal	->	Gual airgid	|	The silver coal catches under the current
CHANGE	eras/age_I/annals/age_I_10.json:EI-5542.body	the silver-sheen coal	->	gual airgid	|	r at the crossing without weighing the throw, and the silver-sheen coal catches beneath the surface, 
CHANGE	eras/age_I/annals/age_I_10.json:EI-5543.body	The fire coal	->	Gual teine	|	The fire coal and the rainbow, rolled on pa
CHANGE	eras/age_I/annals/age_I_10.json:EI-5544.body	the silver coal	->	gual airgid	|	hrown to it, and the valley names it gual airgid, the silver coal.
CHANGE	eras/age_I/annals/age_I_10.json:EI-5544.body	(appositive)	->	gual airgid	|	dropped the English gloss beside gual airgid
CHANGE	eras/age_I/annals/age_I_10.json:EI-5545.body	The silver coal	->	Gual airgid	|	The silver coal goes on burning under the cur
CHANGE	eras/age_I/annals/age_I_10.json:EI-5548.title	the fire coal	->	gual teine	|	Eòghann tries the fire coal against flint
CHANGE	eras/age_I/annals/age_I_10.json:EI-5548.body	the fire coal	->	gual teine	|	In his later keeping Eòghann strikes the fire coal against flint more than once,
CHANGE	eras/age_I/annals/age_I_10.json:EI-5549.body	the fire-pot	->	Poit an Teine	|	s in his six-and-sixtieth year at Tobar dhìreach, the fire-pot burning near him, his last wo
CHANGE	eras/age_I/annals/age_I_10.json:EI-5550.body	the fire coal	->	gual teine	|	The leather bag, with the fire coal and the rainbow coal still un
CHANGE	eras/age_I/annals/age_I_10.json:EI-5550.body	the rainbow coal	->	gual bogha-froise	|	The leather bag, with the fire coal and the rainbow coal still unanswered, passes from
CHANGE	eras/age_I/annals/age_I_10.json:EI-5555.body	the ancient sea-way	->	Slighe-mhara àrsaidh	|	Rowers of the ancient sea-way keep a plain word for anyone 
CHANGE	eras/age_I/annals/age_I_10.json:EI-5559.body	the ancient sea-way	->	Slighe-mhara àrsaidh	|	ear clear grooves into the flat landing-stones of the ancient sea-way along the south-east coast, s
CHANGE	eras/age_I/annals/age_I_10.json:EI-5560.body	the ancient sea-way	->	Slighe-mhara àrsaidh	|	A rower of the ancient sea-way carries his son in the bow th
CHANGE	eras/age_I/annals/age_I_10.json:EI-5563.body	the night of the lightning	->	Oidhche an Dealanaich	|	At the night of the lightning an old woman of the ford hear
CHANGE	eras/age_I/annals/age_I_10.json:EI-5564.body	the night of the lightning	->	Oidhche an Dealanaich	|	At the gathering on the night of the lightning an old man of the western hou
CHANGE	eras/age_I/annals/age_I_10.json:EI-5564.body	the godkin	->	Clann nan Dè	|	 the whole of the gathered valleys: Clann nan Dè, the godkin.
CHANGE	eras/age_I/annals/age_I_10.json:EI-5564.body	(appositive)	->	Clann nan Dè	|	dropped the English gloss beside Clann nan Dè
CHANGE	eras/age_I/annals/age_I_11.json:EI-6002.body	the Mason's line	->	Clann a' Chlachair	|	daylight at the door and says she once heard that the Mason's line kept coloured stones just suc
CHANGE	eras/age_I/annals/age_I_11.json:EI-6003.body	the Mason's line	->	Clann a' Chlachair	|	ries the tale of Barabal's stained hearthstone to the Mason's line at Tobar dhìreach, and the wo
CHANGE	eras/age_I/annals/age_I_11.json:EI-6004.body	the Telling	->	Aithris a' Chruthachaidh	|	nts no fathers back to the mason, and grows up on the Telling as every child of the valleys
CHANGE	eras/age_I/annals/age_I_11.json:EI-6006.body	the coloured coal	->	an gual dathach	|	her own valley less as the woman who first burned the coloured coal than simply as an old grandmo
CHANGE	eras/age_I/annals/age_I_11.json:EI-6009.body	the Mason's line	->	Clann a' Chlachair	|	 dhìreach some fifteen years after it begins, and the Mason's line takes it as further proof tha
CHANGE	eras/age_I/annals/age_I_11.json:EI-6014.body	the night of the lightning	->	Oidhche an Dealanaich	|	At the gathering on the night of the lightning, Oscar of Àth gharbh calls th
CHANGE	eras/age_I/annals/age_I_11.json:EI-6014.body	the Mason's line	->	Clann a' Chlachair	|	night of the lightning, Oscar of Àth gharbh calls the Mason's line Luchd-ceasnachaidh a' Ghuail 
CHANGE	eras/age_I/annals/age_I_11.json:EI-6017.body	the Mason's line	->	Clann a' Chlachair	|	The households of the valleys take up calling the Mason's line simply Clann na Ceiste in the
CHANGE	eras/age_I/annals/age_I_11.json:EI-6026.body	the mason's fire	->	Teine a' Chlachair	|	nd the line holds the fire they name for its own, the mason's fire, while the broader script abo
CHANGE	eras/age_I/annals/age_I_11.json:EI-6032.body	the Telling	->	Aithris a' Chruthachaidh	|	h without ever holding its coals, and grows up on the Telling and the two new sayings both,
CHANGE	eras/age_I/annals/age_I_11.json:EI-6041.body	the field of the column	->	Achadh a' Chalbh	|	w pillar begin to call the rise Achadh a' Chalbh, the field of the column, a name that settles into use
CHANGE	eras/age_I/annals/age_I_11.json:EI-6041.body	(appositive)	->	Achadh a' Chalbh	|	dropped the English gloss beside Achadh a' Chalbh
CHANGE	eras/age_I/annals/age_I_11.json:EI-6042.body	the night of the lightning	->	Oidhche an Dealanaich	|	ome thirty households kept at Achadh a' Chalbh on the night of the lightning, an old woman of a neighbouri
CHANGE	eras/age_I/annals/age_I_11.json:EI-6042.body	the Telling's	->	Aithris a' Chruthachaidh's	|	ther before a crowd, and ties the third saying to the Telling's grass-people and the island a
CHANGE	eras/age_I/annals/age_I_11.json:EI-6043.body	the Telling	->	Aithris a' Chruthachaidh	|	fter them that the stone says in fewer words what the Telling always said.
CHANGE	eras/age_I/annals/age_I_11.json:EI-6045.body	the fire coal	->	gual teine	|	 at Tobar dhìreach, the only son of the keeper of the fire coal and the rainbow, and has the 
CHANGE	eras/age_I/annals/age_I_11.json:EI-6045.body	the fire coal	->	gual teine	|	 keeper of the fire coal and the rainbow, and has the fire coal in his hands from earliest ch
CHANGE	eras/age_I/annals/age_I_11.json:EI-6047.body	the fire coal	->	gual teine	|	 keeper's own hearth, and a boy not yet six turns the fire coal in his fingers as he listens,
CHANGE	eras/age_I/annals/age_I_11.json:EI-6051.body	the fire coal	->	gual teine	|	nd chooses, unlike his father before him, to keep the fire coal near the hearth rather than c
CHANGE	eras/age_I/annals/age_I_11.json:EI-6054.body	the Telling	->	Aithris a' Chruthachaidh	|	r children at her own hearth, tying it plainly to the Telling of the grass-people grown fro
CHANGE	eras/age_I/annals/age_I_11.json:EI-6057.title	The fire coal	->	Gual teine	|	The fire coal put into the pot itself
CHANGE	eras/age_I/annals/age_I_11.json:EI-6057.body	the fire coal	->	gual teine	|	Seathan puts the fire coal into the fire the line holds 
CHANGE	eras/age_I/annals/age_I_11.json:EI-6057.body	the night of the lightning	->	Oidhche an Dealanaich	|	lds to be the mason's own, carried unbroken since the night of the lightning, and it lies dark and cool th
CHANGE	eras/age_I/annals/age_I_12.json:EI-6501.body	the fire coal	->	gual teine	|	On a warm evening Seathan, breaking the fire coal into dust between his fingers
CHANGE	eras/age_I/annals/age_I_12.json:EI-6503.body	the fire coal's	->	gual teine's	|	Seathan tells the fire coal's waking at the recital on the 
CHANGE	eras/age_I/annals/age_I_12.json:EI-6503.body	the night of the lightning	->	Oidhche an Dealanaich	|	an tells the fire coal's waking at the recital on the night of the lightning that same year, plainly, as h
CHANGE	eras/age_I/annals/age_I_12.json:EI-6503.body	the fire coal	->	gual teine	|	 valley begins to call the sixth coal gual teine, the fire coal.
CHANGE	eras/age_I/annals/age_I_12.json:EI-6503.body	(appositive)	->	gual teine	|	dropped the English gloss beside gual teine
CHANGE	eras/age_I/annals/age_I_12.json:EI-6505.title	the fire coal's	->	gual teine's	|	The children carry the fire coal's waking to their mother's kin
CHANGE	eras/age_I/annals/age_I_12.json:EI-6506.body	the rainbow coal	->	gual bogha-froise	|	Seathan carries the rainbow coal to the northern shore in the 
CHANGE	eras/age_I/annals/age_I_12.json:EI-6508.body	the rainbow coal	->	gual bogha-froise	|	Seathan and Caitir carry the rainbow coal down to the crossing where th
CHANGE	eras/age_I/annals/age_I_12.json:EI-6510.body	the rainbow coal	->	gual bogha-froise	|	the northern shore and to the river crossing with the rainbow coal, the only keeper's wife of th
CHANGE	eras/age_I/annals/age_I_12.json:EI-6511.body	the fire-pot	->	Poit an Teine	|	 his three-and-seventieth year at Tobar dhìreach, the fire-pot burning near him, asking at t
CHANGE	eras/age_I/annals/age_I_12.json:EI-6511.body	the fire coal	->	gual teine	|	-pot burning near him, asking at the last to hold the fire coal once more rather than the rai
CHANGE	eras/age_I/annals/age_I_12.json:EI-6514.body	the slab	->	Leac na Fèithe	|	reached before her, and is buried beside him near the slab.
CHANGE	eras/age_I/annals/age_I_12.json:EI-6516.body	the fire coal's	->	gual teine's	|	Word of the fire coal's waking spreads beyond the hil
CHANGE	eras/age_I/annals/age_I_12.json:EI-6519.body	the fire coal	->	gual teine	|	n's to Achadh a' Chalbh to say the recital naming the fire coal to a hillside of strangers ra
CHANGE	eras/age_I/annals/age_I_12.json:EI-6522.body	the rainbow coal	->	gual bogha-froise	|	t telling at the column a keeper of the bag gives the rainbow coal into the crowd, and it goes r
CHANGE	eras/age_I/annals/age_I_12.json:EI-6523.body	the rainbow coal	->	gual bogha-froise	|	The bag holding the rainbow coal, gual bogha-froise, passes do
CHANGE	eras/age_I/annals/age_I_12.json:EI-6523.body	(appositive)	->	gual bogha-froise	|	dropped the English gloss beside gual bogha-froise
CHANGE	eras/age_I/annals/age_I_12.json:EI-6524.body	the rainbow coal	->	gual bogha-froise	|	A keeper of Clann na Ceiste carries the rainbow coal north to the oak grove at Doi
CHANGE	eras/age_I/annals/age_I_12.json:EI-6524.body	the Keeper	->	Coimhdeach na Fine	|	ll fire as Diarmad once sat, waiting for any sign the Keeper gave before; the coal lies bl
CHANGE	eras/age_I/annals/age_I_12.json:EI-6528.body	the coloured coal	->	an gual dathach	|	oses into her dead child's hand the one sliver of the coloured coal her household still keeps, ov
CHANGE	eras/age_I/annals/age_I_12.json:EI-6529.body	the coloured coal	->	an gual dathach	|	's mother says a hearth ought not give a piece of the coloured coal to the dead while the living 
CHANGE	eras/age_I/annals/age_I_12.json:EI-6538.title	The shielings of the pass	->	Àirighean a' Bhealaich	|	The shielings of the pass stand empty
CHANGE	eras/age_I/annals/age_I_12.json:EI-6549.body	the fire-pot	->	Poit an Teine	|	A son is born to the household that keeps the fire-pot and the bag of coals, a big c
CHANGE	eras/age_I/annals/age_I_12.json:EI-6556.title	the fire-pot	->	Poit an Teine	|	Ailean found by the fire-pot for whole mornings
CHANGE	eras/age_I/annals/age_I_12.json:EI-6556.body	the fire-pot	->	Poit an Teine	|	Ailean, able to sit upright, is found by the fire-pot for whole mornings together, 
CHANGE	eras/age_I/annals/age_I_12.json:EI-6562.body	the rainbow coal	->	gual bogha-froise	|	ne walks the three days north to Doire ghlas with the rainbow coal, the first keeper to bring it
CHANGE	eras/age_I/annals/age_I_12.json:EI-6562.body	the Keeper	->	Coimhdeach na Fine	|	, the first keeper to bring it to the grove where the Keeper first spoke, and sits under t
CHANGE	eras/age_I/annals/age_I_12.json:EI-6564.body	the fire-pot	->	Poit an Teine	|	s widow, in the short time left to teach her, how the fire-pot is fed and the bag kept and w
CHANGE	eras/age_I/annals/age_I_12.json:EI-6570.body	the snowflake coal	->	gual sneachda	|	chair, Ailean climbs it in a bitter wind and lets the snowflake coal fall from the height of his o
CHANGE	eras/age_I/annals/age_I_12.json:EI-6574.body	the silver coal	->	gual airgid	|	s own cupped hands as Eòghann once did and throws the silver coal into the current; it takes fi
CHANGE	eras/age_I/annals/age_I_12.json:EI-6575.title	the fire coal	->	gual teine	|	Ailean wakes the fire coal on his own doorstone
CHANGE	eras/age_I/book/04_of_the_snow_on_the_mountains_and_the_oak_in_the_north.md:39	first fire	->	Teine a' Chlachair	|	Eachna's first fire on the new ground was laid on
CHANGE	eras/age_I/book/24_of_the_covered_hearths_and_the_nine.md:29	first fire	->	Teine a' Chlachair	|	ay pot that held what the line called the mason's first fire set always within an arm's re
CHANGE	eras/age_I/gazetteer/04_the_hearths_of_the_hill_folk.json:276.history	the first fire	->	Teine a' Chlachair	|	ed a burning piece home, and his household sat by the first fire any of them had seen. From th
CHANGE	eras/age_I/gazetteer/04_the_hearths_of_the_hill_folk.json:276.history	first fire	->	Teine a' Chlachair	|	t an Teine, the clay pot said to hold the mason's first fire, kept alight by the women of 
CHANGE	eras/age_I/appendices/A_the_line_of_the_mason.md:3	the annals	->	Annalan Dia-thìr	|	eine. The years beside each name are the years of the annals of this volume; no one living
CHANGE	eras/age_I/appendices/A_the_line_of_the_mason.md:3	Appendix C	->	Slòigh, Cogaidhean agus Doscainnean	|	me; no one living in the age counted them so, and Appendix C tells how they did count.
CHANGE	eras/age_I/appendices/A_the_line_of_the_mason.md:52	first fire	->	Teine a' Chlachair	|	t an Teine, the clay pot said to hold the mason's first fire, was never in the keeping of 
CHANGE	eras/age_I/appendices/B_the_telling_the_riddle_and_the_lightings.md:3	Appendix A	->	Rìghrean agus Taighean Dia-thìr	|	is age grew out of them: the Line of the fathers (Appendix A), Aithris a' Chruthachaidh, a
CHANGE	eras/age_I/appendices/B_the_telling_the_riddle_and_the_lightings.md:41	first fire	->	Teine a' Chlachair	|	lay pot with a turf lid, said to hold the mason's first fire; it has been remade more than
CHANGE	eras/age_I/appendices/B_the_telling_the_riddle_and_the_lightings.md:41	Appendix A	->	Rìghrean agus Taighean Dia-thìr	|	the hearth and was kept by the women of the line (Appendix A). The bag is a pouch of greas
CHANGE	eras/age_I/appendices/C_the_count_of_fathers.md:3	the annals	->	Annalan Dia-thìr	|	ny beginning was said at any hearth. The dates in the annals of this volume, from 20 am Fa
CHANGE	eras/age_I/appendices/C_the_count_of_fathers.md:3	the annals	->	Annalan Dia-thìr	|	 t-Iuchar VE 5,324 in the grove, are the dates of the annals of the island, set against it
CHANGE	eras/age_I/appendices/C_the_count_of_fathers.md:7	the annals	->	Annalan Dia-thìr	|	 that the named fathers, set against the years of the annals, stand spaced as the recital 
CHANGE	eras/age_I/appendices/C_the_count_of_fathers.md:7	Appendix A	->	Rìghrean agus Taighean Dia-thìr	|	 of the annals, stand spaced as the recital says (Appendix A).
CHANGE	eras/age_I/appendices/C_the_count_of_fathers.md:11	the annals	->	Annalan Dia-thìr	|	ven in this volume for the people of the line are the annals' ages; the households themsel
CHANGE	eras/age_I/appendices/C_the_count_of_fathers.md:17	the annals	->	Annalan Dia-thìr	|	The dates of the annals name the months, from am Faoi
CHANGE	eras/age_I/appendices/C_the_count_of_fathers.md:45	the annals	->	Annalan Dia-thìr	|	n winters, or in the seasons of the beasts. Where the annals give a year, it is the annals
CHANGE	eras/age_I/appendices/C_the_count_of_fathers.md:45	the annals	->	Annalan Dia-thìr	|	f the beasts. Where the annals give a year, it is the annals' own year. The two do not qua
CHANGE	eras/age_I/appendices/C_the_count_of_fathers.md:45	the annals	->	Annalan Dia-thìr	|	: a father in the recital is about twenty-five of the annals' years, a lifetime some sixty
CHANGE	eras/age_I/appendices/E_of_fears_beasts_and_holy_places.md:37	Appendix B	->	Creideamhan Dia-thìr	|	th no house beside it and no water drawn near it (Appendix B).
CHANGE	eras/age_I/appendices/E_of_fears_beasts_and_holy_places.md:49	Appendix B	->	Creideamhan Dia-thìr	|	he gathering-ground of Achadh a' Chalbh about it (Appendix B).
LEFT	eras/age_I/annals/age_I_01.json:EI-1053.title	the slab	(no "the" before it)	|	A palm laid on the cold slab
LEFT	eras/age_I/annals/age_I_02.json:EI-1509.body	the first fire	(no "the" before it)	|	Eachna lays her first fire on a bed of pine and dried heather bank
LEFT	eras/age_I/annals/age_I_03.json:EI-2054.title	the riddle	(no "the" before it)	|	A garbled riddle comes back from the east
LEFT	eras/age_I/annals/age_I_03.json:EI-2054.body	the riddle	(no "the" before it)	|	east gives Diarmad a telling of his own riddle in which the sea and the sky have chang
LEFT	eras/age_I/annals/age_I_04.json:EI-2505.title	the slab	(no "the" before it)	|	The first slab set on the worst scramble at Bral
LEFT	eras/age_I/annals/age_I_04.json:EI-2505.body	the slab	(no "the" before it)	|	n cliffs at Bral works a frost-loosened slab, over most of a season, into a single s
LEFT	eras/age_I/annals/age_I_04.json:EI-2510.body	the slab	(no "the" before it)	|	Cut a slab at a time in whatever season allows it,
LEFT	eras/age_I/annals/age_I_04.json:EI-2544.body	the seven coals	(no "the" before it)	|	 out alone from Tobar dhìreach with all seven coals of the vein wrapped against his chest, 
LEFT	eras/age_I/annals/age_I_05.json:EI-3008.body	the slab	(no "the" before it)	|	Twice a slab of the new ramp at Brenn settles crooke
LEFT	eras/age_I/annals/age_I_06.json:EI-3503.body	the riddle	(no "the" before it)	|	 line, growing up on Gormal's unsettled riddle of the three hills as every child of th
LEFT	eras/age_I/annals/age_I_06.json:EI-3540.body	the slab	(no "the" before it)	|	o the dune's slope, closed with a heavy slab; households after her keep her spacing 
LEFT	eras/age_I/annals/age_I_06.json:EI-3565.title	the slab	(no "the" before it)	|	The last slab of the kerbed way laid
LEFT	eras/age_I/annals/age_I_06.json:EI-3565.body	the slab	(no "the" before it)	|	The final slab of the track is set tilted rather than 
LEFT	eras/age_I/annals/age_I_07.json:EI-4001.body	the slab	(no "the" before it)	|	he slope below the height, bedding each slab before the next is set above it, the fi
LEFT	eras/age_I/annals/age_I_07.json:EI-4059.body	the night of the lightning	(no "the" before it)	|	At the next night of the lightning the reciter of the line adds the black 
LEFT	eras/age_I/annals/age_I_08.json:EI-4536.body	the slab	(no "the" before it)	|	ing fire into a pit and roofs it with a slab, showing no flame above ground. Mocked 
LEFT	eras/age_I/annals/age_I_08.json:EI-4540.body	the slab	(no "the" before it)	|	h a blind angled shaft down to it and a slab dragged over the top, and sleeps beside
LEFT	eras/age_I/annals/age_I_09.json:EI-5023.body	the fire-pot	(no "the" before it)	|	rth and, as they grow old together, his fire-pot and his temper both.
LEFT	eras/age_I/annals/age_I_09.json:EI-5035.body	the night of the lightning	(no "the" before it)	|	At the next night of the lightning Cormac stands at the hearth with his sc
LEFT	eras/age_I/annals/age_I_10.json:EI-5535.body	the fire-pot	(no "the" before it)	|	l of the lake-shore line, who keeps his fire-pot and his hearth through the long absence
LEFT	eras/age_I/annals/age_I_10.json:EI-5561.body	the fire-pot	(no "the" before it)	|	Tobar dhìreach, of no line that keeps a fire-pot or counts fathers back to the mason by 
LEFT	eras/age_I/annals/age_I_10.json:EI-5565.body	the night of the lightning	(no "the" before it)	|	The name Clann nan Dè is said the next night of the lightning at hearths that were not at the western
LEFT	eras/age_I/annals/age_I_11.json:EI-6004.body	the fire-pot	(no "the" before it)	|	the crack, to a household that keeps no fire-pot and counts no fathers back to the mason
LEFT	eras/age_I/annals/age_I_11.json:EI-6008.body	the coloured coal	(no "the" before it)	|	rivate habit of rubbing a little broken coloured coal into the wrapping wool of some of her d
LEFT	eras/age_I/annals/age_I_11.json:EI-6009.body	the coloured coal	(no "the" before it)	|	 takes it as further proof that its own coloured coal is no longer the only piece the valleys
LEFT	eras/age_I/annals/age_I_11.json:EI-6035.body	the riddle	(no "the" before it)	|	r her fire is some new trial of the old riddle, Mòrnait answers that the stone asked o
LEFT	eras/age_I/annals/age_I_12.json:EI-6571.body	the slab	(no "the" before it)	|	n digs a grave-deep hole beside the old slab at Tobar dhìreach, lays the black coal 
LEFT	eras/age_I/annals/age_I_12.json:EI-6575.body	the fire coal	(no "the" before it)	|	naps his fingers over dust from the old fire coal without meaning to try anything, as Sea
LEFT	eras/age_I/annals/age_I_12.json:EI-6576.body	the rainbow coal	(no "the" before it)	|	 pole across his shoulders and the dark rainbow coal wrapped against his chest, with Lìobhan
LEFT	eras/age_I/book/01_of_the_mason_and_the_lightning.md:86	the slab	(no "the" before it)	|	He set it on the flat slab. He drew his cloak from around his shou
LEFT	eras/age_I/book/03_of_the_three_wells_and_the_slab.md:71	the slab	(no "the" before it)	|	t his own wedges from, long ago, a flat slab broader than a grown man lying full len
LEFT	eras/age_I/book/03_of_the_three_wells_and_the_slab.md:75	the slab	(no "the" before it)	|	's throw off, sealed and silent under a slab no one drew water beside.
LEFT	eras/age_I/book/08_of_the_keeper_in_the_grove.md:47	the godfolk	(no "the" before it)	|	e island at all, and a child of the old godfolk standing in the raw bank with her cloak
LEFT	eras/age_I/book/08_of_the_keeper_in_the_grove.md:98	the riddle	(no "the" before it)	|	else on the island had ever heard and a riddle he could not open, and he did not yet k
LEFT	eras/age_I/book/09_of_the_counting_of_the_fathers.md:33	the riddle	(no "the" before it)	|	 years he spent gathering names, that a riddle which spoke of three spirits and their 
LEFT	eras/age_I/book/09_of_the_counting_of_the_fathers.md:43	the riddle	(no "the" before it)	|	own from the east, a version of his own riddle so garbled that the sea and the sky had
LEFT	eras/age_I/book/09_of_the_counting_of_the_fathers.md:57	the fire-pot	(no "the" before it)	|	 that year, to a household that kept no fire-pot and no bag of coloured coals and no cla
LEFT	eras/age_I/book/10_of_the_mole_and_the_steps.md:29	the slab	(no "the" before it)	|	to fix, who first set her shoulder to a slab loosened already by frost and worked it
LEFT	eras/age_I/book/10_of_the_mole_and_the_steps.md:31	the slab	(no "the" before it)	|	hen the grazing wanted less watching, a slab worked loose and dressed rough with a h
LEFT	eras/age_I/book/10_of_the_mole_and_the_steps.md:31	the slab	(no "the" before it)	|	ll, for the stone did not always give a slab where a slab was wanted, and a househol
LEFT	eras/age_I/book/10_of_the_mole_and_the_steps.md:31	the slab	(no "the" before it)	|	tone did not always give a slab where a slab was wanted, and a household with sickne
LEFT	eras/age_I/book/10_of_the_mole_and_the_steps.md:33	the slab	(no "the" before it)	|	em, not the woman who had cut the first slab nor any who came after her, had ever go
LEFT	eras/age_I/book/10_of_the_mole_and_the_steps.md:35	the slab	(no "the" before it)	|	emoved from the woman who set the first slab, and not one of the three generations b
LEFT	eras/age_I/book/10_of_the_mole_and_the_steps.md:47	the coloured coal	(no "the" before it)	|	e being cut at Bral, the leather bag of coloured coal hung at the hearth of Clann a' Chlachai
LEFT	eras/age_I/book/13_of_the_kilns_the_ramps_and_the_houses_on_the_water.md:41	the slab	(no "the" before it)	|	years the telling follows its laying, a slab set well enough by daylight was found i
LEFT	eras/age_I/book/13_of_the_kilns_the_ramps_and_the_houses_on_the_water.md:67	the gold coal	(no "the" before it)	|	er bag and told, at every recital, of a gold coal that had taken fire on the sea and six 
LEFT	eras/age_I/book/15_of_the_lean_years_of_the_line.md:65	the slab	(no "the" before it)	|	e work went as such work always went: a slab judged and levered and set, a length of
LEFT	eras/age_I/book/17_of_the_cliff_house_and_the_curved_mole.md:51	the slab	(no "the" before it)	|	ore it dried, and closed at last with a slab of flat stone heavy enough that no fox 
LEFT	eras/age_I/book/17_of_the_cliff_house_and_the_curved_mole.md:61	the slab	(no "the" before it)	|	 before they were set; others, where no slab of the right size could be got whole, w
LEFT	eras/age_I/book/17_of_the_cliff_house_and_the_curved_mole.md:61	the slab	(no "the" before it)	|	harder seal to keep sound than a single slab but one that let a household close a pi
LEFT	eras/age_I/book/18_of_the_outpost_and_the_three_rings.md:55	the slab	(no "the" before it)	|	d the crew that closed it set its final slab, by every account that has come down wh
LEFT	eras/age_I/book/18_of_the_outpost_and_the_three_rings.md:55	the slab	(no "the" before it)	|	n the ground's own lie under that final slab, is not remembered by any name the tell
LEFT	eras/age_I/book/18_of_the_outpost_and_the_three_rings.md:61	the slab	(no "the" before it)	|	 climbing the spur by the year the last slab of the track was laid, and a child born
LEFT	eras/age_I/book/18_of_the_outpost_and_the_three_rings.md:63	the slab	(no "the" before it)	|	her way, up the track's own tilted last slab and past it, toward the high pale count
LEFT	eras/age_I/book/19_of_the_altar_and_the_shafts.md:12	the slab	(no "the" before it)	|	The last slab of the kerbed track had lain a bare sea
LEFT	eras/age_I/book/19_of_the_altar_and_the_shafts.md:26	the slab	(no "the" before it)	|	sehold piling wall on open ground, each slab bedded and levelled before the next was
LEFT	eras/age_I/book/19_of_the_altar_and_the_shafts.md:26	the slab	(no "the" before it)	|	to have refused more than once to let a slab go into place before he had knelt on it
LEFT	eras/age_I/book/21_of_brian_and_the_buried_five.md:17	the riddle	(no "the" before it)	|	and times before he understood it was a riddle and not merely a saying:
LEFT	eras/age_I/book/21_of_brian_and_the_buried_five.md:66	the slab	(no "the" before it)	|	the grass a stone's throw from the flat slab that covered the vein.
LEFT	eras/age_I/book/21_of_brian_and_the_buried_five.md:82	the fire-pot	(no "the" before it)	|	he could see, for she had kept coal and fire-pot both across sixty years and knew better
LEFT	eras/age_I/book/21_of_brian_and_the_buried_five.md:106	the night of the lightning	(no "the" before it)	|	t the recital that was said on the next night of the lightning, the reciter of the line, coming to the
LEFT	eras/age_I/book/23_of_the_lee_of_the_headlands_and_the_writing_in_the_hills.md:69	the slab	(no "the" before it)	|	rst time and roofed it over with a flat slab lifted on two low stones, so that no fl
LEFT	eras/age_I/book/24_of_the_covered_hearths_and_the_nine.md:7	the slab	(no "the" before it)	|	fire into the ground and roof it with a slab had by then been dead two generations, 
LEFT	eras/age_I/book/24_of_the_covered_hearths_and_the_nine.md:11	the slab	(no "the" before it)	|	k in a clay-lined pit and lidded with a slab no fox or badger had ever worked loose.
LEFT	eras/age_I/book/24_of_the_covered_hearths_and_the_nine.md:17	the slab	(no "the" before it)	|	s for the purpose, he laid a great flat slab dragged down from the scree on a hide s
LEFT	eras/age_I/book/24_of_the_covered_hearths_and_the_nine.md:29	the slab	(no "the" before it)	|	h home from the grove, been put under a slab or a skin or anything else that stood b
LEFT	eras/age_I/book/26_of_cormac_of_the_misstrike.md:13	the riddle	(no "the" before it)	|	alked to the grove and came back with a riddle and no answer, the sea that had taken t
LEFT	eras/age_I/book/26_of_cormac_of_the_misstrike.md:17	the Telling	(no "the" before it)	|	ind talked and come back with the whole Telling and Tòimhseachan a' Choimhdich both; th
LEFT	eras/age_I/book/26_of_cormac_of_the_misstrike.md:61	the Telling	(no "the" before it)	|	 had tried the first month. He did not. Telling it after, he said that something in him
LEFT	eras/age_I/book/26_of_cormac_of_the_misstrike.md:69	the night of the lightning	(no "the" before it)	|	At the recital that was said the next night of the lightning, he stood at the hearth at Tobar dhìrea
LEFT	eras/age_I/book/28_of_the_warm_springs_and_the_walled_gate.md:9	the slab	(no "the" before it)	|	and on the shelf they set stone basins, slab fitted to slab and the joints packed wi
LEFT	eras/age_I/book/28_of_the_warm_springs_and_the_walled_gate.md:9	the slab	(no "the" before it)	|	f they set stone basins, slab fitted to slab and the joints packed with clay, three 
LEFT	eras/age_I/book/30_of_eoghann_at_the_river.md:7	the Keeper	(no "the" before it)	|	a name to and answered to none of them. Keeper had followed keeper in that time, more 
LEFT	eras/age_I/book/30_of_eoghann_at_the_river.md:15	the fire-pot	(no "the" before it)	|	hore line named Dearbhail, who kept his fire-pot fed and his supper warm through absence
LEFT	eras/age_I/book/30_of_eoghann_at_the_river.md:15	the fire-pot	(no "the" before it)	|	ng into; her own grandmother had kept a fire-pot for a lesser household two valleys off,
LEFT	eras/age_I/book/31_of_the_shore_the_sea_way_and_the_godkin.md:21	the slab	(no "the" before it)	|	hand had set the whole of it down; each slab, by the plainest reading anyone gave it
LEFT	eras/age_I/book/31_of_the_shore_the_sea_way_and_the_godkin.md:41	the fire-pot	(no "the" before it)	|	 own line, nor of any house that kept a fire-pot or a bag of dark coals against its own 
LEFT	eras/age_I/book/31_of_the_shore_the_sea_way_and_the_godkin.md:43	the riddle	(no "the" before it)	|	he living, and heard after it the older riddle of the sky and the earth and the sea th
LEFT	eras/age_I/book/31_of_the_shore_the_sea_way_and_the_godkin.md:45	the riddle	(no "the" before it)	|	em come for the one telling and the one riddle and the one night's watch against a dar
LEFT	eras/age_I/book/31_of_the_shore_the_sea_way_and_the_godkin.md:51	the fire-pot	(no "the" before it)	|	enough; she was of no house that kept a fire-pot, and no line that counted fathers back 
LEFT	eras/age_I/book/31_of_the_shore_the_sea_way_and_the_godkin.md:53	the night of the lightning	(no "the" before it)	|	ound herself using it still at the next night of the lightning, and heard others near her using it too
LEFT	eras/age_I/book/32_of_the_sliver_at_ath_gharbh_and_the_name_of_the_line.md:16	the riddle	(no "the" before it)	|	ng this shore and that height against a riddle none of them could answer. It had never
LEFT	eras/age_I/book/32_of_the_sliver_at_ath_gharbh_and_the_name_of_the_line.md:30	the fire-pot	(no "the" before it)	|	en miles west of the crack that kept no fire-pot and counted no fathers back to any maso
LEFT	eras/age_I/book/32_of_the_sliver_at_ath_gharbh_and_the_name_of_the_line.md:58	the riddle	(no "the" before it)	|	athers' names said standing and the old riddle taken up again and laid down again unan
LEFT	eras/age_I/book/33_of_fire_in_the_stone.md:9	the slab	(no "the" before it)	|	 it that he could see, a single upright slab taller than a man with his arm raised, 
LEFT	eras/age_I/book/33_of_fire_in_the_stone.md:23	the riddle	(no "the" before it)	|	e marks. How that came to be known is a riddle, as the knowing of the lines in the Doi
LEFT	eras/age_I/book/33_of_fire_in_the_stone.md:53	the riddle	(no "the" before it)	|	l of the fathers and the old unanswered riddle of the coals.
LEFT	eras/age_I/book/33_of_fire_in_the_stone.md:73	the riddle	(no "the" before it)	|	of the keeping, a fire that answered no riddle and proved no coal and asked, of anyone
LEFT	eras/age_I/book/38_of_ailean_son_of_suibhne.md:17	the fire coal	(no "the" before it)	|	wo coals from his own father's death, a fire coal grown ordinary through generations of h
LEFT	eras/age_I/book/38_of_ailean_son_of_suibhne.md:45	the slab	(no "the" before it)	|	y for it, digging a hole beside the old slab as deep as a grave in the last week bef
LEFT	eras/age_I/book/38_of_ailean_son_of_suibhne.md:51	the fire coal	(no "the" before it)	|	stone with the last fragment of the old fire coal crumbling to dust between his fingers a
LEFT	eras/age_I/book/38_of_ailean_son_of_suibhne.md:69	the seven coals	(no "the" before it)	|	 time since the making of the world all seven coals of the island burned together, each out
LEFT	eras/age_I/gazetteer/01_the_west_and_the_north.json:328.history	the slab	(no "the" before it)	|	flat stone from the shore into the sea, slab after slab, each one bedded on the one 
LEFT	eras/age_I/gazetteer/01_the_west_and_the_north.json:328.history	the slab	(no "the" before it)	|	from the shore into the sea, slab after slab, each one bedded on the one below and r
LEFT	eras/age_I/gazetteer/01_the_west_and_the_north.json:328.history	the slab	(no "the" before it)	|	nd relaid where the sea shifted it; one slab was relaid twice before it held. When t
LEFT	eras/age_I/gazetteer/01_the_west_and_the_north.json:47.history	the slab	(no "the" before it)	|	b alone. Then a household set the first slab on the worst of the scramble, and after
LEFT	eras/age_I/gazetteer/01_the_west_and_the_north.json:127.history	the slab	(no "the" before it)	|	om a bank upstream and lidded it with a slab, and stored dried fish in it through a 
LEFT	eras/age_I/gazetteer/04_the_hearths_of_the_hill_folk.json:276.history	the slab	(no "the" before it)	|	would not let it be dug further: a flat slab was laid over the broken vein, no water
LEFT	eras/age_I/gazetteer/04_the_hearths_of_the_hill_folk.json:454.history	the coloured coal	(no "the" before it)	|	es of red deer about them; there was no coloured coal in them. Deer were hunted by torch acro
LEFT	eras/age_I/gazetteer/04_the_hearths_of_the_hill_folk.json:1007.history	the slab	(no "the" before it)	|	ug the first pit-hearth, a fire under a slab at the foot of a slanting shaft bent ne
LEFT	eras/age_I/appendices/A_the_line_of_the_mason.md:32	the seven coals	(no "the" before it)	|	. At Muirgheal's bidding he carried all seven coals down to the northern shore, slept a nig
LEFT	eras/age_I/appendices/A_the_line_of_the_mason.md:68	the annals	(no "the" before it)	|	| Father | Place in the Line | Years (annals) | Age at death | Coal |
LEFT	eras/age_I/appendices/B_the_telling_the_riddle_and_the_lightings.md:26	the Annals	(no "the" before it)	|	| Coal | Holds | Lit by | Where | How | Annals |
LEFT	eras/age_I/appendices/B_the_telling_the_riddle_and_the_lightings.md:59	the riddle	(no "the" before it)	|	s came to be known at every hearth is a riddle the tellings leave as they found it; kn
LEFT	eras/age_I/appendices/D_the_peoples_of_the_shore_and_the_hills.md:30	the outpost	(no "the" before it)	|	 from the shore. They raised the walled outpost of Làrach an Dùin-fhaire on a spur abov
LEFT	eras/age_I/appendices/E_of_fears_beasts_and_holy_places.md:9	the riddle	(no "the" before it)	|	en none of them could read a sign, is a riddle; known it was, and told the same way at
LEFT	eras/age_I/appendices/E_of_fears_beasts_and_holy_places.md:9	the slab	(no "the" before it)	|	 the first pit-hearth, the fire under a slab at the foot of a slanting shaft bent ne
# run 2026-09-26 01:27: 21 changes, 107 left
CHANGE	eras/age_I/book/04_of_the_snow_on_the_mountains_and_the_oak_in_the_north.md:39	first fire	->	Teine a' Chlachair	|	Eachna's first fire on the new ground was laid on
CHANGE	eras/age_I/book/24_of_the_covered_hearths_and_the_nine.md:29	first fire	->	Teine a' Chlachair	|	ay pot that held what the line called the mason's first fire set always within an arm's re
CHANGE	eras/age_I/gazetteer/04_the_hearths_of_the_hill_folk.json:276.history	the first fire	->	Teine a' Chlachair	|	ed a burning piece home, and his household sat by the first fire any of them had seen. From th
CHANGE	eras/age_I/gazetteer/04_the_hearths_of_the_hill_folk.json:276.history	first fire	->	Teine a' Chlachair	|	t an Teine, the clay pot said to hold the mason's first fire, kept alight by the women of 
CHANGE	eras/age_I/appendices/A_the_line_of_the_mason.md:3	the annals	->	Annalan Dia-thìr	|	eine. The years beside each name are the years of the annals of this volume; no one living
CHANGE	eras/age_I/appendices/A_the_line_of_the_mason.md:3	Appendix C	->	Slòigh, Cogaidhean agus Doscainnean	|	me; no one living in the age counted them so, and Appendix C tells how they did count.
CHANGE	eras/age_I/appendices/A_the_line_of_the_mason.md:52	first fire	->	Teine a' Chlachair	|	t an Teine, the clay pot said to hold the mason's first fire, was never in the keeping of 
CHANGE	eras/age_I/appendices/B_the_telling_the_riddle_and_the_lightings.md:3	Appendix A	->	Rìghrean agus Taighean Dia-thìr	|	is age grew out of them: the Line of the fathers (Appendix A), Aithris a' Chruthachaidh, a
CHANGE	eras/age_I/appendices/B_the_telling_the_riddle_and_the_lightings.md:41	first fire	->	Teine a' Chlachair	|	lay pot with a turf lid, said to hold the mason's first fire; it has been remade more than
CHANGE	eras/age_I/appendices/B_the_telling_the_riddle_and_the_lightings.md:41	Appendix A	->	Rìghrean agus Taighean Dia-thìr	|	the hearth and was kept by the women of the line (Appendix A). The bag is a pouch of greas
CHANGE	eras/age_I/appendices/C_the_count_of_fathers.md:3	the annals	->	Annalan Dia-thìr	|	ny beginning was said at any hearth. The dates in the annals of this volume, from 20 am Fa
CHANGE	eras/age_I/appendices/C_the_count_of_fathers.md:3	the annals	->	Annalan Dia-thìr	|	 t-Iuchar VE 5,324 in the grove, are the dates of the annals of the island, set against it
CHANGE	eras/age_I/appendices/C_the_count_of_fathers.md:7	the annals	->	Annalan Dia-thìr	|	 that the named fathers, set against the years of the annals, stand spaced as the recital 
CHANGE	eras/age_I/appendices/C_the_count_of_fathers.md:7	Appendix A	->	Rìghrean agus Taighean Dia-thìr	|	 of the annals, stand spaced as the recital says (Appendix A).
CHANGE	eras/age_I/appendices/C_the_count_of_fathers.md:11	the annals	->	Annalan Dia-thìr	|	ven in this volume for the people of the line are the annals' ages; the households themsel
CHANGE	eras/age_I/appendices/C_the_count_of_fathers.md:17	the annals	->	Annalan Dia-thìr	|	The dates of the annals name the months, from am Faoi
CHANGE	eras/age_I/appendices/C_the_count_of_fathers.md:45	the annals	->	Annalan Dia-thìr	|	n winters, or in the seasons of the beasts. Where the annals give a year, it is the annals
CHANGE	eras/age_I/appendices/C_the_count_of_fathers.md:45	the annals	->	Annalan Dia-thìr	|	f the beasts. Where the annals give a year, it is the annals' own year. The two do not qua
CHANGE	eras/age_I/appendices/C_the_count_of_fathers.md:45	the annals	->	Annalan Dia-thìr	|	: a father in the recital is about twenty-five of the annals' years, a lifetime some sixty
CHANGE	eras/age_I/appendices/E_of_fears_beasts_and_holy_places.md:37	Appendix B	->	Creideamhan Dia-thìr	|	th no house beside it and no water drawn near it (Appendix B).
CHANGE	eras/age_I/appendices/E_of_fears_beasts_and_holy_places.md:49	Appendix B	->	Creideamhan Dia-thìr	|	he gathering-ground of Achadh a' Chalbh about it (Appendix B).
LEFT	eras/age_I/annals/age_I_01.json:EI-1053.title	the slab	(no "the" before it)	|	A palm laid on the cold slab
LEFT	eras/age_I/annals/age_I_02.json:EI-1509.body	the first fire	(no "the" before it)	|	Eachna lays her first fire on a bed of pine and dried heather bank
LEFT	eras/age_I/annals/age_I_03.json:EI-2054.title	the riddle	(no "the" before it)	|	A garbled riddle comes back from the east
LEFT	eras/age_I/annals/age_I_03.json:EI-2054.body	the riddle	(no "the" before it)	|	east gives Diarmad a telling of his own riddle in which the sea and the sky have chang
LEFT	eras/age_I/annals/age_I_04.json:EI-2505.title	the slab	(no "the" before it)	|	The first slab set on the worst scramble at Bral
LEFT	eras/age_I/annals/age_I_04.json:EI-2505.body	the slab	(no "the" before it)	|	n cliffs at Bral works a frost-loosened slab, over most of a season, into a single s
LEFT	eras/age_I/annals/age_I_04.json:EI-2510.body	the slab	(no "the" before it)	|	Cut a slab at a time in whatever season allows it,
LEFT	eras/age_I/annals/age_I_04.json:EI-2544.body	the seven coals	(no "the" before it)	|	 out alone from Tobar dhìreach with all seven coals of the vein wrapped against his chest, 
LEFT	eras/age_I/annals/age_I_05.json:EI-3008.body	the slab	(no "the" before it)	|	Twice a slab of the new ramp at Brenn settles crooke
LEFT	eras/age_I/annals/age_I_06.json:EI-3503.body	the riddle	(no "the" before it)	|	chair, growing up on Gormal's unsettled riddle of the three hills as every child of th
LEFT	eras/age_I/annals/age_I_06.json:EI-3540.body	the slab	(no "the" before it)	|	o the dune's slope, closed with a heavy slab; households after her keep her spacing 
LEFT	eras/age_I/annals/age_I_06.json:EI-3565.title	the slab	(no "the" before it)	|	The last slab of the kerbed way laid
LEFT	eras/age_I/annals/age_I_06.json:EI-3565.body	the slab	(no "the" before it)	|	The final slab of the track is set tilted rather than 
LEFT	eras/age_I/annals/age_I_07.json:EI-4001.body	the slab	(no "the" before it)	|	he slope below the height, bedding each slab before the next is set above it, the fi
LEFT	eras/age_I/annals/age_I_07.json:EI-4059.body	the night of the lightning	(no "the" before it)	|	At the next night of the lightning the reciter of the line adds the black 
LEFT	eras/age_I/annals/age_I_08.json:EI-4536.body	the slab	(no "the" before it)	|	ing fire into a pit and roofs it with a slab, showing no flame above ground. Mocked 
LEFT	eras/age_I/annals/age_I_08.json:EI-4540.body	the slab	(no "the" before it)	|	h a blind angled shaft down to it and a slab dragged over the top, and sleeps beside
LEFT	eras/age_I/annals/age_I_09.json:EI-5023.body	the fire-pot	(no "the" before it)	|	rth and, as they grow old together, his fire-pot and his temper both.
LEFT	eras/age_I/annals/age_I_09.json:EI-5035.body	the night of the lightning	(no "the" before it)	|	At the next night of the lightning Cormac stands at the hearth with his sc
LEFT	eras/age_I/annals/age_I_10.json:EI-5535.body	the fire-pot	(no "the" before it)	|	l of the lake-shore line, who keeps his fire-pot and his hearth through the long absence
LEFT	eras/age_I/annals/age_I_10.json:EI-5561.body	the fire-pot	(no "the" before it)	|	Tobar dhìreach, of no line that keeps a fire-pot or counts fathers back to the mason by 
LEFT	eras/age_I/annals/age_I_10.json:EI-5565.body	the night of the lightning	(no "the" before it)	|	The name Clann nan Dè is said the next night of the lightning at hearths that were not at the western
LEFT	eras/age_I/annals/age_I_11.json:EI-6004.body	the fire-pot	(no "the" before it)	|	the crack, to a household that keeps no fire-pot and counts no fathers back to the mason
LEFT	eras/age_I/annals/age_I_11.json:EI-6008.body	the coloured coal	(no "the" before it)	|	rivate habit of rubbing a little broken coloured coal into the wrapping wool of some of her d
LEFT	eras/age_I/annals/age_I_11.json:EI-6009.body	the coloured coal	(no "the" before it)	|	 takes it as further proof that its own coloured coal is no longer the only piece the valleys
LEFT	eras/age_I/annals/age_I_11.json:EI-6035.body	the riddle	(no "the" before it)	|	r her fire is some new trial of the old riddle, Mòrnait answers that the stone asked o
LEFT	eras/age_I/annals/age_I_12.json:EI-6571.body	the slab	(no "the" before it)	|	n digs a grave-deep hole beside the old slab at Tobar dhìreach, lays the black coal 
LEFT	eras/age_I/annals/age_I_12.json:EI-6575.body	the fire coal	(no "the" before it)	|	naps his fingers over dust from the old fire coal without meaning to try anything, as Sea
LEFT	eras/age_I/annals/age_I_12.json:EI-6576.body	the rainbow coal	(no "the" before it)	|	 pole across his shoulders and the dark rainbow coal wrapped against his chest, with Lìobhan
LEFT	eras/age_I/book/01_of_the_mason_and_the_lightning.md:86	the slab	(no "the" before it)	|	He set it on the flat slab. He drew his cloak from around his shou
LEFT	eras/age_I/book/03_of_the_three_wells_and_the_slab.md:71	the slab	(no "the" before it)	|	t his own wedges from, long ago, a flat slab broader than a grown man lying full len
LEFT	eras/age_I/book/03_of_the_three_wells_and_the_slab.md:75	the slab	(no "the" before it)	|	's throw off, sealed and silent under a slab no one drew water beside.
LEFT	eras/age_I/book/08_of_the_keeper_in_the_grove.md:47	the godfolk	(no "the" before it)	|	e island at all, and a child of the old godfolk standing in the raw bank with her cloak
LEFT	eras/age_I/book/08_of_the_keeper_in_the_grove.md:98	the riddle	(no "the" before it)	|	else on the island had ever heard and a riddle he could not open, and he did not yet k
LEFT	eras/age_I/book/09_of_the_counting_of_the_fathers.md:33	the riddle	(no "the" before it)	|	 years he spent gathering names, that a riddle which spoke of three spirits and their 
LEFT	eras/age_I/book/09_of_the_counting_of_the_fathers.md:43	the riddle	(no "the" before it)	|	own from the east, a version of his own riddle so garbled that the sea and the sky had
LEFT	eras/age_I/book/09_of_the_counting_of_the_fathers.md:57	the fire-pot	(no "the" before it)	|	 that year, to a household that kept no fire-pot and no bag of coloured coals and no cla
LEFT	eras/age_I/book/10_of_the_mole_and_the_steps.md:29	the slab	(no "the" before it)	|	to fix, who first set her shoulder to a slab loosened already by frost and worked it
LEFT	eras/age_I/book/10_of_the_mole_and_the_steps.md:31	the slab	(no "the" before it)	|	hen the grazing wanted less watching, a slab worked loose and dressed rough with a h
LEFT	eras/age_I/book/10_of_the_mole_and_the_steps.md:31	the slab	(no "the" before it)	|	ll, for the stone did not always give a slab where a slab was wanted, and a househol
LEFT	eras/age_I/book/10_of_the_mole_and_the_steps.md:31	the slab	(no "the" before it)	|	tone did not always give a slab where a slab was wanted, and a household with sickne
LEFT	eras/age_I/book/10_of_the_mole_and_the_steps.md:33	the slab	(no "the" before it)	|	em, not the woman who had cut the first slab nor any who came after her, had ever go
LEFT	eras/age_I/book/10_of_the_mole_and_the_steps.md:35	the slab	(no "the" before it)	|	emoved from the woman who set the first slab, and not one of the three generations b
LEFT	eras/age_I/book/10_of_the_mole_and_the_steps.md:47	the coloured coal	(no "the" before it)	|	e being cut at Bral, the leather bag of coloured coal hung at the hearth of Clann a' Chlachai
LEFT	eras/age_I/book/13_of_the_kilns_the_ramps_and_the_houses_on_the_water.md:41	the slab	(no "the" before it)	|	years the telling follows its laying, a slab set well enough by daylight was found i
LEFT	eras/age_I/book/13_of_the_kilns_the_ramps_and_the_houses_on_the_water.md:67	the gold coal	(no "the" before it)	|	er bag and told, at every recital, of a gold coal that had taken fire on the sea and six 
LEFT	eras/age_I/book/15_of_the_lean_years_of_the_line.md:65	the slab	(no "the" before it)	|	e work went as such work always went: a slab judged and levered and set, a length of
LEFT	eras/age_I/book/17_of_the_cliff_house_and_the_curved_mole.md:51	the slab	(no "the" before it)	|	ore it dried, and closed at last with a slab of flat stone heavy enough that no fox 
LEFT	eras/age_I/book/17_of_the_cliff_house_and_the_curved_mole.md:61	the slab	(no "the" before it)	|	 before they were set; others, where no slab of the right size could be got whole, w
LEFT	eras/age_I/book/17_of_the_cliff_house_and_the_curved_mole.md:61	the slab	(no "the" before it)	|	harder seal to keep sound than a single slab but one that let a household close a pi
LEFT	eras/age_I/book/18_of_the_outpost_and_the_three_rings.md:55	the slab	(no "the" before it)	|	d the crew that closed it set its final slab, by every account that has come down wh
LEFT	eras/age_I/book/18_of_the_outpost_and_the_three_rings.md:55	the slab	(no "the" before it)	|	n the ground's own lie under that final slab, is not remembered by any name the tell
LEFT	eras/age_I/book/18_of_the_outpost_and_the_three_rings.md:61	the slab	(no "the" before it)	|	 climbing the spur by the year the last slab of the track was laid, and a child born
LEFT	eras/age_I/book/18_of_the_outpost_and_the_three_rings.md:63	the slab	(no "the" before it)	|	her way, up the track's own tilted last slab and past it, toward the high pale count
LEFT	eras/age_I/book/19_of_the_altar_and_the_shafts.md:12	the slab	(no "the" before it)	|	The last slab of the kerbed track had lain a bare sea
LEFT	eras/age_I/book/19_of_the_altar_and_the_shafts.md:26	the slab	(no "the" before it)	|	sehold piling wall on open ground, each slab bedded and levelled before the next was
LEFT	eras/age_I/book/19_of_the_altar_and_the_shafts.md:26	the slab	(no "the" before it)	|	to have refused more than once to let a slab go into place before he had knelt on it
LEFT	eras/age_I/book/21_of_brian_and_the_buried_five.md:17	the riddle	(no "the" before it)	|	and times before he understood it was a riddle and not merely a saying:
LEFT	eras/age_I/book/21_of_brian_and_the_buried_five.md:66	the slab	(no "the" before it)	|	the grass a stone's throw from the flat slab that covered the vein.
LEFT	eras/age_I/book/21_of_brian_and_the_buried_five.md:82	the fire-pot	(no "the" before it)	|	he could see, for she had kept coal and fire-pot both across sixty years and knew better
LEFT	eras/age_I/book/21_of_brian_and_the_buried_five.md:106	the night of the lightning	(no "the" before it)	|	t the recital that was said on the next night of the lightning, the reciter of the line, coming to the
LEFT	eras/age_I/book/23_of_the_lee_of_the_headlands_and_the_writing_in_the_hills.md:69	the slab	(no "the" before it)	|	rst time and roofed it over with a flat slab lifted on two low stones, so that no fl
LEFT	eras/age_I/book/24_of_the_covered_hearths_and_the_nine.md:7	the slab	(no "the" before it)	|	fire into the ground and roof it with a slab had by then been dead two generations, 
LEFT	eras/age_I/book/24_of_the_covered_hearths_and_the_nine.md:11	the slab	(no "the" before it)	|	k in a clay-lined pit and lidded with a slab no fox or badger had ever worked loose.
LEFT	eras/age_I/book/24_of_the_covered_hearths_and_the_nine.md:17	the slab	(no "the" before it)	|	s for the purpose, he laid a great flat slab dragged down from the scree on a hide s
LEFT	eras/age_I/book/24_of_the_covered_hearths_and_the_nine.md:29	the slab	(no "the" before it)	|	h home from the grove, been put under a slab or a skin or anything else that stood b
LEFT	eras/age_I/book/26_of_cormac_of_the_misstrike.md:13	the riddle	(no "the" before it)	|	alked to the grove and came back with a riddle and no answer, the sea that had taken t
LEFT	eras/age_I/book/26_of_cormac_of_the_misstrike.md:17	the Telling	(no "the" before it)	|	ind talked and come back with the whole Telling and Tòimhseachan a' Choimhdich both; th
LEFT	eras/age_I/book/26_of_cormac_of_the_misstrike.md:61	the Telling	(no "the" before it)	|	 had tried the first month. He did not. Telling it after, he said that something in him
LEFT	eras/age_I/book/26_of_cormac_of_the_misstrike.md:69	the night of the lightning	(no "the" before it)	|	At the recital that was said the next night of the lightning, he stood at the hearth at Tobar dhìrea
LEFT	eras/age_I/book/28_of_the_warm_springs_and_the_walled_gate.md:9	the slab	(no "the" before it)	|	and on the shelf they set stone basins, slab fitted to slab and the joints packed wi
LEFT	eras/age_I/book/28_of_the_warm_springs_and_the_walled_gate.md:9	the slab	(no "the" before it)	|	f they set stone basins, slab fitted to slab and the joints packed with clay, three 
LEFT	eras/age_I/book/30_of_eoghann_at_the_river.md:7	the Keeper	(no "the" before it)	|	a name to and answered to none of them. Keeper had followed keeper in that time, more 
LEFT	eras/age_I/book/30_of_eoghann_at_the_river.md:15	the fire-pot	(no "the" before it)	|	hore line named Dearbhail, who kept his fire-pot fed and his supper warm through absence
LEFT	eras/age_I/book/30_of_eoghann_at_the_river.md:15	the fire-pot	(no "the" before it)	|	ng into; her own grandmother had kept a fire-pot for a lesser household two valleys off,
LEFT	eras/age_I/book/31_of_the_shore_the_sea_way_and_the_godkin.md:21	the slab	(no "the" before it)	|	hand had set the whole of it down; each slab, by the plainest reading anyone gave it
LEFT	eras/age_I/book/31_of_the_shore_the_sea_way_and_the_godkin.md:41	the fire-pot	(no "the" before it)	|	 own line, nor of any house that kept a fire-pot or a bag of dark coals against its own 
LEFT	eras/age_I/book/31_of_the_shore_the_sea_way_and_the_godkin.md:43	the riddle	(no "the" before it)	|	he living, and heard after it the older riddle of the sky and the earth and the sea th
LEFT	eras/age_I/book/31_of_the_shore_the_sea_way_and_the_godkin.md:45	the riddle	(no "the" before it)	|	em come for the one telling and the one riddle and the one night's watch against a dar
LEFT	eras/age_I/book/31_of_the_shore_the_sea_way_and_the_godkin.md:51	the fire-pot	(no "the" before it)	|	enough; she was of no house that kept a fire-pot, and no line that counted fathers back 
LEFT	eras/age_I/book/31_of_the_shore_the_sea_way_and_the_godkin.md:53	the night of the lightning	(no "the" before it)	|	ound herself using it still at the next night of the lightning, and heard others near her using it too
LEFT	eras/age_I/book/32_of_the_sliver_at_ath_gharbh_and_the_name_of_the_line.md:16	the riddle	(no "the" before it)	|	ng this shore and that height against a riddle none of them could answer. It had never
LEFT	eras/age_I/book/32_of_the_sliver_at_ath_gharbh_and_the_name_of_the_line.md:30	the fire-pot	(no "the" before it)	|	en miles west of the crack that kept no fire-pot and counted no fathers back to any maso
LEFT	eras/age_I/book/32_of_the_sliver_at_ath_gharbh_and_the_name_of_the_line.md:58	the riddle	(no "the" before it)	|	athers' names said standing and the old riddle taken up again and laid down again unan
LEFT	eras/age_I/book/33_of_fire_in_the_stone.md:9	the slab	(no "the" before it)	|	 it that he could see, a single upright slab taller than a man with his arm raised, 
LEFT	eras/age_I/book/33_of_fire_in_the_stone.md:23	the riddle	(no "the" before it)	|	e marks. How that came to be known is a riddle, as the knowing of the lines in the Doi
LEFT	eras/age_I/book/33_of_fire_in_the_stone.md:53	the riddle	(no "the" before it)	|	l of the fathers and the old unanswered riddle of the coals.
LEFT	eras/age_I/book/33_of_fire_in_the_stone.md:73	the riddle	(no "the" before it)	|	of the keeping, a fire that answered no riddle and proved no coal and asked, of anyone
LEFT	eras/age_I/book/38_of_ailean_son_of_suibhne.md:17	the fire coal	(no "the" before it)	|	wo coals from his own father's death, a fire coal grown ordinary through generations of h
LEFT	eras/age_I/book/38_of_ailean_son_of_suibhne.md:45	the slab	(no "the" before it)	|	y for it, digging a hole beside the old slab as deep as a grave in the last week bef
LEFT	eras/age_I/book/38_of_ailean_son_of_suibhne.md:51	the fire coal	(no "the" before it)	|	stone with the last fragment of the old fire coal crumbling to dust between his fingers a
LEFT	eras/age_I/book/38_of_ailean_son_of_suibhne.md:69	the seven coals	(no "the" before it)	|	 time since the making of the world all seven coals of the island burned together, each out
LEFT	eras/age_I/gazetteer/01_the_west_and_the_north.json:328.history	the slab	(no "the" before it)	|	flat stone from the shore into the sea, slab after slab, each one bedded on the one 
LEFT	eras/age_I/gazetteer/01_the_west_and_the_north.json:328.history	the slab	(no "the" before it)	|	from the shore into the sea, slab after slab, each one bedded on the one below and r
LEFT	eras/age_I/gazetteer/01_the_west_and_the_north.json:328.history	the slab	(no "the" before it)	|	nd relaid where the sea shifted it; one slab was relaid twice before it held. When t
LEFT	eras/age_I/gazetteer/01_the_west_and_the_north.json:47.history	the slab	(no "the" before it)	|	b alone. Then a household set the first slab on the worst of the scramble, and after
LEFT	eras/age_I/gazetteer/01_the_west_and_the_north.json:127.history	the slab	(no "the" before it)	|	om a bank upstream and lidded it with a slab, and stored dried fish in it through a 
LEFT	eras/age_I/gazetteer/04_the_hearths_of_the_hill_folk.json:276.history	the slab	(no "the" before it)	|	would not let it be dug further: a flat slab was laid over the broken vein, no water
LEFT	eras/age_I/gazetteer/04_the_hearths_of_the_hill_folk.json:454.history	the coloured coal	(no "the" before it)	|	es of red deer about them; there was no coloured coal in them. Deer were hunted by torch acro
LEFT	eras/age_I/gazetteer/04_the_hearths_of_the_hill_folk.json:1007.history	the slab	(no "the" before it)	|	ug the first pit-hearth, a fire under a slab at the foot of a slanting shaft bent ne
LEFT	eras/age_I/appendices/A_the_line_of_the_mason.md:32	the seven coals	(no "the" before it)	|	. At Muirgheal's bidding he carried all seven coals down to the northern shore, slept a nig
LEFT	eras/age_I/appendices/A_the_line_of_the_mason.md:68	the annals	(no "the" before it)	|	| Father | Place in the Line | Years (annals) | Age at death | Coal |
LEFT	eras/age_I/appendices/B_the_telling_the_riddle_and_the_lightings.md:26	the Annals	(no "the" before it)	|	| Coal | Holds | Lit by | Where | How | Annals |
LEFT	eras/age_I/appendices/B_the_telling_the_riddle_and_the_lightings.md:59	the riddle	(no "the" before it)	|	s came to be known at every hearth is a riddle the tellings leave as they found it; kn
LEFT	eras/age_I/appendices/D_the_peoples_of_the_shore_and_the_hills.md:30	the outpost	(no "the" before it)	|	 from the shore. They raised the walled outpost of Làrach an Dùin-fhaire on a spur abov
LEFT	eras/age_I/appendices/E_of_fears_beasts_and_holy_places.md:9	the riddle	(no "the" before it)	|	en none of them could read a sign, is a riddle; known it was, and told the same way at
LEFT	eras/age_I/appendices/E_of_fears_beasts_and_holy_places.md:9	the slab	(no "the" before it)	|	 the first pit-hearth, the fire under a slab at the foot of a slanting shaft bent ne
# run 2026-09-26 01:27: 21 changes, 107 left
CHANGE	eras/age_I/book/04_of_the_snow_on_the_mountains_and_the_oak_in_the_north.md:39	first fire	->	Teine a' Chlachair	|	Eachna's first fire on the new ground was laid on
CHANGE	eras/age_I/book/24_of_the_covered_hearths_and_the_nine.md:29	first fire	->	Teine a' Chlachair	|	ay pot that held what the line called the mason's first fire set always within an arm's re
CHANGE	eras/age_I/gazetteer/04_the_hearths_of_the_hill_folk.json:276.history	the first fire	->	Teine a' Chlachair	|	ed a burning piece home, and his household sat by the first fire any of them had seen. From th
CHANGE	eras/age_I/gazetteer/04_the_hearths_of_the_hill_folk.json:276.history	first fire	->	Teine a' Chlachair	|	t an Teine, the clay pot said to hold the mason's first fire, kept alight by the women of 
CHANGE	eras/age_I/appendices/A_the_line_of_the_mason.md:3	the annals	->	Annalan Dia-thìr	|	eine. The years beside each name are the years of the annals of this volume; no one living
CHANGE	eras/age_I/appendices/A_the_line_of_the_mason.md:3	Appendix C	->	Slòigh, Cogaidhean agus Doscainnean	|	me; no one living in the age counted them so, and Appendix C tells how they did count.
CHANGE	eras/age_I/appendices/A_the_line_of_the_mason.md:52	first fire	->	Teine a' Chlachair	|	t an Teine, the clay pot said to hold the mason's first fire, was never in the keeping of 
CHANGE	eras/age_I/appendices/B_the_telling_the_riddle_and_the_lightings.md:3	Appendix A	->	Rìghrean agus Taighean Dia-thìr	|	is age grew out of them: the Line of the fathers (Appendix A), Aithris a' Chruthachaidh, a
CHANGE	eras/age_I/appendices/B_the_telling_the_riddle_and_the_lightings.md:41	first fire	->	Teine a' Chlachair	|	lay pot with a turf lid, said to hold the mason's first fire; it has been remade more than
CHANGE	eras/age_I/appendices/B_the_telling_the_riddle_and_the_lightings.md:41	Appendix A	->	Rìghrean agus Taighean Dia-thìr	|	the hearth and was kept by the women of the line (Appendix A). The bag is a pouch of greas
CHANGE	eras/age_I/appendices/C_the_count_of_fathers.md:3	the annals	->	Annalan Dia-thìr	|	ny beginning was said at any hearth. The dates in the annals of this volume, from 20 am Fa
CHANGE	eras/age_I/appendices/C_the_count_of_fathers.md:3	the annals	->	Annalan Dia-thìr	|	 t-Iuchar VE 5,324 in the grove, are the dates of the annals of the island, set against it
CHANGE	eras/age_I/appendices/C_the_count_of_fathers.md:7	the annals	->	Annalan Dia-thìr	|	 that the named fathers, set against the years of the annals, stand spaced as the recital 
CHANGE	eras/age_I/appendices/C_the_count_of_fathers.md:7	Appendix A	->	Rìghrean agus Taighean Dia-thìr	|	 of the annals, stand spaced as the recital says (Appendix A).
CHANGE	eras/age_I/appendices/C_the_count_of_fathers.md:11	the annals	->	Annalan Dia-thìr	|	ven in this volume for the people of the line are the annals' ages; the households themsel
CHANGE	eras/age_I/appendices/C_the_count_of_fathers.md:17	the annals	->	Annalan Dia-thìr	|	The dates of the annals name the months, from am Faoi
CHANGE	eras/age_I/appendices/C_the_count_of_fathers.md:45	the annals	->	Annalan Dia-thìr	|	n winters, or in the seasons of the beasts. Where the annals give a year, it is the annals
CHANGE	eras/age_I/appendices/C_the_count_of_fathers.md:45	the annals	->	Annalan Dia-thìr	|	f the beasts. Where the annals give a year, it is the annals' own year. The two do not qua
CHANGE	eras/age_I/appendices/C_the_count_of_fathers.md:45	the annals	->	Annalan Dia-thìr	|	: a father in the recital is about twenty-five of the annals' years, a lifetime some sixty
CHANGE	eras/age_I/appendices/E_of_fears_beasts_and_holy_places.md:37	Appendix B	->	Creideamhan Dia-thìr	|	th no house beside it and no water drawn near it (Appendix B).
CHANGE	eras/age_I/appendices/E_of_fears_beasts_and_holy_places.md:49	Appendix B	->	Creideamhan Dia-thìr	|	he gathering-ground of Achadh a' Chalbh about it (Appendix B).
LEFT	eras/age_I/annals/age_I_01.json:EI-1053.title	the slab	(no "the" before it)	|	A palm laid on the cold slab
LEFT	eras/age_I/annals/age_I_02.json:EI-1509.body	the first fire	(no "the" before it)	|	Eachna lays her first fire on a bed of pine and dried heather bank
LEFT	eras/age_I/annals/age_I_03.json:EI-2054.title	the riddle	(no "the" before it)	|	A garbled riddle comes back from the east
LEFT	eras/age_I/annals/age_I_03.json:EI-2054.body	the riddle	(no "the" before it)	|	east gives Diarmad a telling of his own riddle in which the sea and the sky have chang
LEFT	eras/age_I/annals/age_I_04.json:EI-2505.title	the slab	(no "the" before it)	|	The first slab set on the worst scramble at Bral
LEFT	eras/age_I/annals/age_I_04.json:EI-2505.body	the slab	(no "the" before it)	|	n cliffs at Bral works a frost-loosened slab, over most of a season, into a single s
LEFT	eras/age_I/annals/age_I_04.json:EI-2510.body	the slab	(no "the" before it)	|	Cut a slab at a time in whatever season allows it,
LEFT	eras/age_I/annals/age_I_04.json:EI-2544.body	the seven coals	(no "the" before it)	|	 out alone from Tobar dhìreach with all seven coals of the vein wrapped against his chest, 
LEFT	eras/age_I/annals/age_I_05.json:EI-3008.body	the slab	(no "the" before it)	|	Twice a slab of the new ramp at Brenn settles crooke
LEFT	eras/age_I/annals/age_I_06.json:EI-3503.body	the riddle	(no "the" before it)	|	chair, growing up on Gormal's unsettled riddle of the three hills as every child of th
LEFT	eras/age_I/annals/age_I_06.json:EI-3540.body	the slab	(no "the" before it)	|	o the dune's slope, closed with a heavy slab; households after her keep her spacing 
LEFT	eras/age_I/annals/age_I_06.json:EI-3565.title	the slab	(no "the" before it)	|	The last slab of the kerbed way laid
LEFT	eras/age_I/annals/age_I_06.json:EI-3565.body	the slab	(no "the" before it)	|	The final slab of the track is set tilted rather than 
LEFT	eras/age_I/annals/age_I_07.json:EI-4001.body	the slab	(no "the" before it)	|	he slope below the height, bedding each slab before the next is set above it, the fi
LEFT	eras/age_I/annals/age_I_07.json:EI-4059.body	the night of the lightning	(no "the" before it)	|	At the next night of the lightning the reciter of the line adds the black 
LEFT	eras/age_I/annals/age_I_08.json:EI-4536.body	the slab	(no "the" before it)	|	ing fire into a pit and roofs it with a slab, showing no flame above ground. Mocked 
LEFT	eras/age_I/annals/age_I_08.json:EI-4540.body	the slab	(no "the" before it)	|	h a blind angled shaft down to it and a slab dragged over the top, and sleeps beside
LEFT	eras/age_I/annals/age_I_09.json:EI-5023.body	the fire-pot	(no "the" before it)	|	rth and, as they grow old together, his fire-pot and his temper both.
LEFT	eras/age_I/annals/age_I_09.json:EI-5035.body	the night of the lightning	(no "the" before it)	|	At the next night of the lightning Cormac stands at the hearth with his sc
LEFT	eras/age_I/annals/age_I_10.json:EI-5535.body	the fire-pot	(no "the" before it)	|	l of the lake-shore line, who keeps his fire-pot and his hearth through the long absence
LEFT	eras/age_I/annals/age_I_10.json:EI-5561.body	the fire-pot	(no "the" before it)	|	Tobar dhìreach, of no line that keeps a fire-pot or counts fathers back to the mason by 
LEFT	eras/age_I/annals/age_I_10.json:EI-5565.body	the night of the lightning	(no "the" before it)	|	The name Clann nan Dè is said the next night of the lightning at hearths that were not at the western
LEFT	eras/age_I/annals/age_I_11.json:EI-6004.body	the fire-pot	(no "the" before it)	|	the crack, to a household that keeps no fire-pot and counts no fathers back to the mason
LEFT	eras/age_I/annals/age_I_11.json:EI-6008.body	the coloured coal	(no "the" before it)	|	rivate habit of rubbing a little broken coloured coal into the wrapping wool of some of her d
LEFT	eras/age_I/annals/age_I_11.json:EI-6009.body	the coloured coal	(no "the" before it)	|	 takes it as further proof that its own coloured coal is no longer the only piece the valleys
LEFT	eras/age_I/annals/age_I_11.json:EI-6035.body	the riddle	(no "the" before it)	|	r her fire is some new trial of the old riddle, Mòrnait answers that the stone asked o
LEFT	eras/age_I/annals/age_I_12.json:EI-6571.body	the slab	(no "the" before it)	|	n digs a grave-deep hole beside the old slab at Tobar dhìreach, lays the black coal 
LEFT	eras/age_I/annals/age_I_12.json:EI-6575.body	the fire coal	(no "the" before it)	|	naps his fingers over dust from the old fire coal without meaning to try anything, as Sea
LEFT	eras/age_I/annals/age_I_12.json:EI-6576.body	the rainbow coal	(no "the" before it)	|	 pole across his shoulders and the dark rainbow coal wrapped against his chest, with Lìobhan
LEFT	eras/age_I/book/01_of_the_mason_and_the_lightning.md:86	the slab	(no "the" before it)	|	He set it on the flat slab. He drew his cloak from around his shou
LEFT	eras/age_I/book/03_of_the_three_wells_and_the_slab.md:71	the slab	(no "the" before it)	|	t his own wedges from, long ago, a flat slab broader than a grown man lying full len
LEFT	eras/age_I/book/03_of_the_three_wells_and_the_slab.md:75	the slab	(no "the" before it)	|	's throw off, sealed and silent under a slab no one drew water beside.
LEFT	eras/age_I/book/08_of_the_keeper_in_the_grove.md:47	the godfolk	(no "the" before it)	|	e island at all, and a child of the old godfolk standing in the raw bank with her cloak
LEFT	eras/age_I/book/08_of_the_keeper_in_the_grove.md:98	the riddle	(no "the" before it)	|	else on the island had ever heard and a riddle he could not open, and he did not yet k
LEFT	eras/age_I/book/09_of_the_counting_of_the_fathers.md:33	the riddle	(no "the" before it)	|	 years he spent gathering names, that a riddle which spoke of three spirits and their 
LEFT	eras/age_I/book/09_of_the_counting_of_the_fathers.md:43	the riddle	(no "the" before it)	|	own from the east, a version of his own riddle so garbled that the sea and the sky had
LEFT	eras/age_I/book/09_of_the_counting_of_the_fathers.md:57	the fire-pot	(no "the" before it)	|	 that year, to a household that kept no fire-pot and no bag of coloured coals and no cla
LEFT	eras/age_I/book/10_of_the_mole_and_the_steps.md:29	the slab	(no "the" before it)	|	to fix, who first set her shoulder to a slab loosened already by frost and worked it
LEFT	eras/age_I/book/10_of_the_mole_and_the_steps.md:31	the slab	(no "the" before it)	|	hen the grazing wanted less watching, a slab worked loose and dressed rough with a h
LEFT	eras/age_I/book/10_of_the_mole_and_the_steps.md:31	the slab	(no "the" before it)	|	ll, for the stone did not always give a slab where a slab was wanted, and a househol
LEFT	eras/age_I/book/10_of_the_mole_and_the_steps.md:31	the slab	(no "the" before it)	|	tone did not always give a slab where a slab was wanted, and a household with sickne
LEFT	eras/age_I/book/10_of_the_mole_and_the_steps.md:33	the slab	(no "the" before it)	|	em, not the woman who had cut the first slab nor any who came after her, had ever go
LEFT	eras/age_I/book/10_of_the_mole_and_the_steps.md:35	the slab	(no "the" before it)	|	emoved from the woman who set the first slab, and not one of the three generations b
LEFT	eras/age_I/book/10_of_the_mole_and_the_steps.md:47	the coloured coal	(no "the" before it)	|	e being cut at Bral, the leather bag of coloured coal hung at the hearth of Clann a' Chlachai
LEFT	eras/age_I/book/13_of_the_kilns_the_ramps_and_the_houses_on_the_water.md:41	the slab	(no "the" before it)	|	years the telling follows its laying, a slab set well enough by daylight was found i
LEFT	eras/age_I/book/13_of_the_kilns_the_ramps_and_the_houses_on_the_water.md:67	the gold coal	(no "the" before it)	|	er bag and told, at every recital, of a gold coal that had taken fire on the sea and six 
LEFT	eras/age_I/book/15_of_the_lean_years_of_the_line.md:65	the slab	(no "the" before it)	|	e work went as such work always went: a slab judged and levered and set, a length of
LEFT	eras/age_I/book/17_of_the_cliff_house_and_the_curved_mole.md:51	the slab	(no "the" before it)	|	ore it dried, and closed at last with a slab of flat stone heavy enough that no fox 
LEFT	eras/age_I/book/17_of_the_cliff_house_and_the_curved_mole.md:61	the slab	(no "the" before it)	|	 before they were set; others, where no slab of the right size could be got whole, w
LEFT	eras/age_I/book/17_of_the_cliff_house_and_the_curved_mole.md:61	the slab	(no "the" before it)	|	harder seal to keep sound than a single slab but one that let a household close a pi
LEFT	eras/age_I/book/18_of_the_outpost_and_the_three_rings.md:55	the slab	(no "the" before it)	|	d the crew that closed it set its final slab, by every account that has come down wh
LEFT	eras/age_I/book/18_of_the_outpost_and_the_three_rings.md:55	the slab	(no "the" before it)	|	n the ground's own lie under that final slab, is not remembered by any name the tell
LEFT	eras/age_I/book/18_of_the_outpost_and_the_three_rings.md:61	the slab	(no "the" before it)	|	 climbing the spur by the year the last slab of the track was laid, and a child born
LEFT	eras/age_I/book/18_of_the_outpost_and_the_three_rings.md:63	the slab	(no "the" before it)	|	her way, up the track's own tilted last slab and past it, toward the high pale count
LEFT	eras/age_I/book/19_of_the_altar_and_the_shafts.md:12	the slab	(no "the" before it)	|	The last slab of the kerbed track had lain a bare sea
LEFT	eras/age_I/book/19_of_the_altar_and_the_shafts.md:26	the slab	(no "the" before it)	|	sehold piling wall on open ground, each slab bedded and levelled before the next was
LEFT	eras/age_I/book/19_of_the_altar_and_the_shafts.md:26	the slab	(no "the" before it)	|	to have refused more than once to let a slab go into place before he had knelt on it
LEFT	eras/age_I/book/21_of_brian_and_the_buried_five.md:17	the riddle	(no "the" before it)	|	and times before he understood it was a riddle and not merely a saying:
LEFT	eras/age_I/book/21_of_brian_and_the_buried_five.md:66	the slab	(no "the" before it)	|	the grass a stone's throw from the flat slab that covered the vein.
LEFT	eras/age_I/book/21_of_brian_and_the_buried_five.md:82	the fire-pot	(no "the" before it)	|	he could see, for she had kept coal and fire-pot both across sixty years and knew better
LEFT	eras/age_I/book/21_of_brian_and_the_buried_five.md:106	the night of the lightning	(no "the" before it)	|	t the recital that was said on the next night of the lightning, the reciter of the line, coming to the
LEFT	eras/age_I/book/23_of_the_lee_of_the_headlands_and_the_writing_in_the_hills.md:69	the slab	(no "the" before it)	|	rst time and roofed it over with a flat slab lifted on two low stones, so that no fl
LEFT	eras/age_I/book/24_of_the_covered_hearths_and_the_nine.md:7	the slab	(no "the" before it)	|	fire into the ground and roof it with a slab had by then been dead two generations, 
LEFT	eras/age_I/book/24_of_the_covered_hearths_and_the_nine.md:11	the slab	(no "the" before it)	|	k in a clay-lined pit and lidded with a slab no fox or badger had ever worked loose.
LEFT	eras/age_I/book/24_of_the_covered_hearths_and_the_nine.md:17	the slab	(no "the" before it)	|	s for the purpose, he laid a great flat slab dragged down from the scree on a hide s
LEFT	eras/age_I/book/24_of_the_covered_hearths_and_the_nine.md:29	the slab	(no "the" before it)	|	h home from the grove, been put under a slab or a skin or anything else that stood b
LEFT	eras/age_I/book/26_of_cormac_of_the_misstrike.md:13	the riddle	(no "the" before it)	|	alked to the grove and came back with a riddle and no answer, the sea that had taken t
LEFT	eras/age_I/book/26_of_cormac_of_the_misstrike.md:17	the Telling	(no "the" before it)	|	ind talked and come back with the whole Telling and Tòimhseachan a' Choimhdich both; th
LEFT	eras/age_I/book/26_of_cormac_of_the_misstrike.md:61	the Telling	(no "the" before it)	|	 had tried the first month. He did not. Telling it after, he said that something in him
LEFT	eras/age_I/book/26_of_cormac_of_the_misstrike.md:69	the night of the lightning	(no "the" before it)	|	At the recital that was said the next night of the lightning, he stood at the hearth at Tobar dhìrea
LEFT	eras/age_I/book/28_of_the_warm_springs_and_the_walled_gate.md:9	the slab	(no "the" before it)	|	and on the shelf they set stone basins, slab fitted to slab and the joints packed wi
LEFT	eras/age_I/book/28_of_the_warm_springs_and_the_walled_gate.md:9	the slab	(no "the" before it)	|	f they set stone basins, slab fitted to slab and the joints packed with clay, three 
LEFT	eras/age_I/book/30_of_eoghann_at_the_river.md:7	the Keeper	(no "the" before it)	|	a name to and answered to none of them. Keeper had followed keeper in that time, more 
LEFT	eras/age_I/book/30_of_eoghann_at_the_river.md:15	the fire-pot	(no "the" before it)	|	hore line named Dearbhail, who kept his fire-pot fed and his supper warm through absence
LEFT	eras/age_I/book/30_of_eoghann_at_the_river.md:15	the fire-pot	(no "the" before it)	|	ng into; her own grandmother had kept a fire-pot for a lesser household two valleys off,
LEFT	eras/age_I/book/31_of_the_shore_the_sea_way_and_the_godkin.md:21	the slab	(no "the" before it)	|	hand had set the whole of it down; each slab, by the plainest reading anyone gave it
LEFT	eras/age_I/book/31_of_the_shore_the_sea_way_and_the_godkin.md:41	the fire-pot	(no "the" before it)	|	 own line, nor of any house that kept a fire-pot or a bag of dark coals against its own 
LEFT	eras/age_I/book/31_of_the_shore_the_sea_way_and_the_godkin.md:43	the riddle	(no "the" before it)	|	he living, and heard after it the older riddle of the sky and the earth and the sea th
LEFT	eras/age_I/book/31_of_the_shore_the_sea_way_and_the_godkin.md:45	the riddle	(no "the" before it)	|	em come for the one telling and the one riddle and the one night's watch against a dar
LEFT	eras/age_I/book/31_of_the_shore_the_sea_way_and_the_godkin.md:51	the fire-pot	(no "the" before it)	|	enough; she was of no house that kept a fire-pot, and no line that counted fathers back 
LEFT	eras/age_I/book/31_of_the_shore_the_sea_way_and_the_godkin.md:53	the night of the lightning	(no "the" before it)	|	ound herself using it still at the next night of the lightning, and heard others near her using it too
LEFT	eras/age_I/book/32_of_the_sliver_at_ath_gharbh_and_the_name_of_the_line.md:16	the riddle	(no "the" before it)	|	ng this shore and that height against a riddle none of them could answer. It had never
LEFT	eras/age_I/book/32_of_the_sliver_at_ath_gharbh_and_the_name_of_the_line.md:30	the fire-pot	(no "the" before it)	|	en miles west of the crack that kept no fire-pot and counted no fathers back to any maso
LEFT	eras/age_I/book/32_of_the_sliver_at_ath_gharbh_and_the_name_of_the_line.md:58	the riddle	(no "the" before it)	|	athers' names said standing and the old riddle taken up again and laid down again unan
LEFT	eras/age_I/book/33_of_fire_in_the_stone.md:9	the slab	(no "the" before it)	|	 it that he could see, a single upright slab taller than a man with his arm raised, 
LEFT	eras/age_I/book/33_of_fire_in_the_stone.md:23	the riddle	(no "the" before it)	|	e marks. How that came to be known is a riddle, as the knowing of the lines in the Doi
LEFT	eras/age_I/book/33_of_fire_in_the_stone.md:53	the riddle	(no "the" before it)	|	l of the fathers and the old unanswered riddle of the coals.
LEFT	eras/age_I/book/33_of_fire_in_the_stone.md:73	the riddle	(no "the" before it)	|	of the keeping, a fire that answered no riddle and proved no coal and asked, of anyone
LEFT	eras/age_I/book/38_of_ailean_son_of_suibhne.md:17	the fire coal	(no "the" before it)	|	wo coals from his own father's death, a fire coal grown ordinary through generations of h
LEFT	eras/age_I/book/38_of_ailean_son_of_suibhne.md:45	the slab	(no "the" before it)	|	y for it, digging a hole beside the old slab as deep as a grave in the last week bef
LEFT	eras/age_I/book/38_of_ailean_son_of_suibhne.md:51	the fire coal	(no "the" before it)	|	stone with the last fragment of the old fire coal crumbling to dust between his fingers a
LEFT	eras/age_I/book/38_of_ailean_son_of_suibhne.md:69	the seven coals	(no "the" before it)	|	 time since the making of the world all seven coals of the island burned together, each out
LEFT	eras/age_I/gazetteer/01_the_west_and_the_north.json:328.history	the slab	(no "the" before it)	|	flat stone from the shore into the sea, slab after slab, each one bedded on the one 
LEFT	eras/age_I/gazetteer/01_the_west_and_the_north.json:328.history	the slab	(no "the" before it)	|	from the shore into the sea, slab after slab, each one bedded on the one below and r
LEFT	eras/age_I/gazetteer/01_the_west_and_the_north.json:328.history	the slab	(no "the" before it)	|	nd relaid where the sea shifted it; one slab was relaid twice before it held. When t
LEFT	eras/age_I/gazetteer/01_the_west_and_the_north.json:47.history	the slab	(no "the" before it)	|	b alone. Then a household set the first slab on the worst of the scramble, and after
LEFT	eras/age_I/gazetteer/01_the_west_and_the_north.json:127.history	the slab	(no "the" before it)	|	om a bank upstream and lidded it with a slab, and stored dried fish in it through a 
LEFT	eras/age_I/gazetteer/04_the_hearths_of_the_hill_folk.json:276.history	the slab	(no "the" before it)	|	would not let it be dug further: a flat slab was laid over the broken vein, no water
LEFT	eras/age_I/gazetteer/04_the_hearths_of_the_hill_folk.json:454.history	the coloured coal	(no "the" before it)	|	es of red deer about them; there was no coloured coal in them. Deer were hunted by torch acro
LEFT	eras/age_I/gazetteer/04_the_hearths_of_the_hill_folk.json:1007.history	the slab	(no "the" before it)	|	ug the first pit-hearth, a fire under a slab at the foot of a slanting shaft bent ne
LEFT	eras/age_I/appendices/A_the_line_of_the_mason.md:32	the seven coals	(no "the" before it)	|	. At Muirgheal's bidding he carried all seven coals down to the northern shore, slept a nig
LEFT	eras/age_I/appendices/A_the_line_of_the_mason.md:68	the annals	(no "the" before it)	|	| Father | Place in the Line | Years (annals) | Age at death | Coal |
LEFT	eras/age_I/appendices/B_the_telling_the_riddle_and_the_lightings.md:26	the Annals	(no "the" before it)	|	| Coal | Holds | Lit by | Where | How | Annals |
LEFT	eras/age_I/appendices/B_the_telling_the_riddle_and_the_lightings.md:59	the riddle	(no "the" before it)	|	s came to be known at every hearth is a riddle the tellings leave as they found it; kn
LEFT	eras/age_I/appendices/D_the_peoples_of_the_shore_and_the_hills.md:30	the outpost	(no "the" before it)	|	 from the shore. They raised the walled outpost of Làrach an Dùin-fhaire on a spur abov
LEFT	eras/age_I/appendices/E_of_fears_beasts_and_holy_places.md:9	the riddle	(no "the" before it)	|	en none of them could read a sign, is a riddle; known it was, and told the same way at
LEFT	eras/age_I/appendices/E_of_fears_beasts_and_holy_places.md:9	the slab	(no "the" before it)	|	 the first pit-hearth, the fire under a slab at the foot of a slanting shaft bent ne
# run 2026-09-26 01:27: 21 changes, 107 left
CHANGE	eras/age_I/book/04_of_the_snow_on_the_mountains_and_the_oak_in_the_north.md:39	first fire	->	Teine a' Chlachair	|	Eachna's first fire on the new ground was laid on
CHANGE	eras/age_I/book/24_of_the_covered_hearths_and_the_nine.md:29	first fire	->	Teine a' Chlachair	|	ay pot that held what the line called the mason's first fire set always within an arm's re
CHANGE	eras/age_I/gazetteer/04_the_hearths_of_the_hill_folk.json:276.history	the first fire	->	Teine a' Chlachair	|	ed a burning piece home, and his household sat by the first fire any of them had seen. From th
CHANGE	eras/age_I/gazetteer/04_the_hearths_of_the_hill_folk.json:276.history	first fire	->	Teine a' Chlachair	|	t an Teine, the clay pot said to hold the mason's first fire, kept alight by the women of 
CHANGE	eras/age_I/appendices/A_the_line_of_the_mason.md:3	the annals	->	Annalan Dia-thìr	|	eine. The years beside each name are the years of the annals of this volume; no one living
CHANGE	eras/age_I/appendices/A_the_line_of_the_mason.md:3	Appendix C	->	Slòigh, Cogaidhean agus Doscainnean	|	me; no one living in the age counted them so, and Appendix C tells how they did count.
CHANGE	eras/age_I/appendices/A_the_line_of_the_mason.md:52	first fire	->	Teine a' Chlachair	|	t an Teine, the clay pot said to hold the mason's first fire, was never in the keeping of 
CHANGE	eras/age_I/appendices/B_the_telling_the_riddle_and_the_lightings.md:3	Appendix A	->	Rìghrean agus Taighean Dia-thìr	|	is age grew out of them: the Line of the fathers (Appendix A), Aithris a' Chruthachaidh, a
CHANGE	eras/age_I/appendices/B_the_telling_the_riddle_and_the_lightings.md:41	first fire	->	Teine a' Chlachair	|	lay pot with a turf lid, said to hold the mason's first fire; it has been remade more than
CHANGE	eras/age_I/appendices/B_the_telling_the_riddle_and_the_lightings.md:41	Appendix A	->	Rìghrean agus Taighean Dia-thìr	|	the hearth and was kept by the women of the line (Appendix A). The bag is a pouch of greas
CHANGE	eras/age_I/appendices/C_the_count_of_fathers.md:3	the annals	->	Annalan Dia-thìr	|	ny beginning was said at any hearth. The dates in the annals of this volume, from 20 am Fa
CHANGE	eras/age_I/appendices/C_the_count_of_fathers.md:3	the annals	->	Annalan Dia-thìr	|	 t-Iuchar VE 5,324 in the grove, are the dates of the annals of the island, set against it
CHANGE	eras/age_I/appendices/C_the_count_of_fathers.md:7	the annals	->	Annalan Dia-thìr	|	 that the named fathers, set against the years of the annals, stand spaced as the recital 
CHANGE	eras/age_I/appendices/C_the_count_of_fathers.md:7	Appendix A	->	Rìghrean agus Taighean Dia-thìr	|	 of the annals, stand spaced as the recital says (Appendix A).
CHANGE	eras/age_I/appendices/C_the_count_of_fathers.md:11	the annals	->	Annalan Dia-thìr	|	ven in this volume for the people of the line are the annals' ages; the households themsel
CHANGE	eras/age_I/appendices/C_the_count_of_fathers.md:17	the annals	->	Annalan Dia-thìr	|	The dates of the annals name the months, from am Faoi
CHANGE	eras/age_I/appendices/C_the_count_of_fathers.md:45	the annals	->	Annalan Dia-thìr	|	n winters, or in the seasons of the beasts. Where the annals give a year, it is the annals
CHANGE	eras/age_I/appendices/C_the_count_of_fathers.md:45	the annals	->	Annalan Dia-thìr	|	f the beasts. Where the annals give a year, it is the annals' own year. The two do not qua
CHANGE	eras/age_I/appendices/C_the_count_of_fathers.md:45	the annals	->	Annalan Dia-thìr	|	: a father in the recital is about twenty-five of the annals' years, a lifetime some sixty
CHANGE	eras/age_I/appendices/E_of_fears_beasts_and_holy_places.md:37	Appendix B	->	Creideamhan Dia-thìr	|	th no house beside it and no water drawn near it (Appendix B).
CHANGE	eras/age_I/appendices/E_of_fears_beasts_and_holy_places.md:49	Appendix B	->	Creideamhan Dia-thìr	|	he gathering-ground of Achadh a' Chalbh about it (Appendix B).
LEFT	eras/age_I/annals/age_I_01.json:EI-1053.title	the slab	(no "the" before it)	|	A palm laid on the cold slab
LEFT	eras/age_I/annals/age_I_02.json:EI-1509.body	the first fire	(no "the" before it)	|	Eachna lays her first fire on a bed of pine and dried heather bank
LEFT	eras/age_I/annals/age_I_03.json:EI-2054.title	the riddle	(no "the" before it)	|	A garbled riddle comes back from the east
LEFT	eras/age_I/annals/age_I_03.json:EI-2054.body	the riddle	(no "the" before it)	|	east gives Diarmad a telling of his own riddle in which the sea and the sky have chang
LEFT	eras/age_I/annals/age_I_04.json:EI-2505.title	the slab	(no "the" before it)	|	The first slab set on the worst scramble at Bral
LEFT	eras/age_I/annals/age_I_04.json:EI-2505.body	the slab	(no "the" before it)	|	n cliffs at Bral works a frost-loosened slab, over most of a season, into a single s
LEFT	eras/age_I/annals/age_I_04.json:EI-2510.body	the slab	(no "the" before it)	|	Cut a slab at a time in whatever season allows it,
LEFT	eras/age_I/annals/age_I_04.json:EI-2544.body	the seven coals	(no "the" before it)	|	 out alone from Tobar dhìreach with all seven coals of the vein wrapped against his chest, 
LEFT	eras/age_I/annals/age_I_05.json:EI-3008.body	the slab	(no "the" before it)	|	Twice a slab of the new ramp at Brenn settles crooke
LEFT	eras/age_I/annals/age_I_06.json:EI-3503.body	the riddle	(no "the" before it)	|	chair, growing up on Gormal's unsettled riddle of the three hills as every child of th
LEFT	eras/age_I/annals/age_I_06.json:EI-3540.body	the slab	(no "the" before it)	|	o the dune's slope, closed with a heavy slab; households after her keep her spacing 
LEFT	eras/age_I/annals/age_I_06.json:EI-3565.title	the slab	(no "the" before it)	|	The last slab of the kerbed way laid
LEFT	eras/age_I/annals/age_I_06.json:EI-3565.body	the slab	(no "the" before it)	|	The final slab of the track is set tilted rather than 
LEFT	eras/age_I/annals/age_I_07.json:EI-4001.body	the slab	(no "the" before it)	|	he slope below the height, bedding each slab before the next is set above it, the fi
LEFT	eras/age_I/annals/age_I_07.json:EI-4059.body	the night of the lightning	(no "the" before it)	|	At the next night of the lightning the reciter of the line adds the black 
LEFT	eras/age_I/annals/age_I_08.json:EI-4536.body	the slab	(no "the" before it)	|	ing fire into a pit and roofs it with a slab, showing no flame above ground. Mocked 
LEFT	eras/age_I/annals/age_I_08.json:EI-4540.body	the slab	(no "the" before it)	|	h a blind angled shaft down to it and a slab dragged over the top, and sleeps beside
LEFT	eras/age_I/annals/age_I_09.json:EI-5023.body	the fire-pot	(no "the" before it)	|	rth and, as they grow old together, his fire-pot and his temper both.
LEFT	eras/age_I/annals/age_I_09.json:EI-5035.body	the night of the lightning	(no "the" before it)	|	At the next night of the lightning Cormac stands at the hearth with his sc
LEFT	eras/age_I/annals/age_I_10.json:EI-5535.body	the fire-pot	(no "the" before it)	|	l of the lake-shore line, who keeps his fire-pot and his hearth through the long absence
LEFT	eras/age_I/annals/age_I_10.json:EI-5561.body	the fire-pot	(no "the" before it)	|	Tobar dhìreach, of no line that keeps a fire-pot or counts fathers back to the mason by 
LEFT	eras/age_I/annals/age_I_10.json:EI-5565.body	the night of the lightning	(no "the" before it)	|	The name Clann nan Dè is said the next night of the lightning at hearths that were not at the western
LEFT	eras/age_I/annals/age_I_11.json:EI-6004.body	the fire-pot	(no "the" before it)	|	the crack, to a household that keeps no fire-pot and counts no fathers back to the mason
LEFT	eras/age_I/annals/age_I_11.json:EI-6008.body	the coloured coal	(no "the" before it)	|	rivate habit of rubbing a little broken coloured coal into the wrapping wool of some of her d
LEFT	eras/age_I/annals/age_I_11.json:EI-6009.body	the coloured coal	(no "the" before it)	|	 takes it as further proof that its own coloured coal is no longer the only piece the valleys
LEFT	eras/age_I/annals/age_I_11.json:EI-6035.body	the riddle	(no "the" before it)	|	r her fire is some new trial of the old riddle, Mòrnait answers that the stone asked o
LEFT	eras/age_I/annals/age_I_12.json:EI-6571.body	the slab	(no "the" before it)	|	n digs a grave-deep hole beside the old slab at Tobar dhìreach, lays the black coal 
LEFT	eras/age_I/annals/age_I_12.json:EI-6575.body	the fire coal	(no "the" before it)	|	naps his fingers over dust from the old fire coal without meaning to try anything, as Sea
LEFT	eras/age_I/annals/age_I_12.json:EI-6576.body	the rainbow coal	(no "the" before it)	|	 pole across his shoulders and the dark rainbow coal wrapped against his chest, with Lìobhan
LEFT	eras/age_I/book/01_of_the_mason_and_the_lightning.md:86	the slab	(no "the" before it)	|	He set it on the flat slab. He drew his cloak from around his shou
LEFT	eras/age_I/book/03_of_the_three_wells_and_the_slab.md:71	the slab	(no "the" before it)	|	t his own wedges from, long ago, a flat slab broader than a grown man lying full len
LEFT	eras/age_I/book/03_of_the_three_wells_and_the_slab.md:75	the slab	(no "the" before it)	|	's throw off, sealed and silent under a slab no one drew water beside.
LEFT	eras/age_I/book/08_of_the_keeper_in_the_grove.md:47	the godfolk	(no "the" before it)	|	e island at all, and a child of the old godfolk standing in the raw bank with her cloak
LEFT	eras/age_I/book/08_of_the_keeper_in_the_grove.md:98	the riddle	(no "the" before it)	|	else on the island had ever heard and a riddle he could not open, and he did not yet k
LEFT	eras/age_I/book/09_of_the_counting_of_the_fathers.md:33	the riddle	(no "the" before it)	|	 years he spent gathering names, that a riddle which spoke of three spirits and their 
LEFT	eras/age_I/book/09_of_the_counting_of_the_fathers.md:43	the riddle	(no "the" before it)	|	own from the east, a version of his own riddle so garbled that the sea and the sky had
LEFT	eras/age_I/book/09_of_the_counting_of_the_fathers.md:57	the fire-pot	(no "the" before it)	|	 that year, to a household that kept no fire-pot and no bag of coloured coals and no cla
LEFT	eras/age_I/book/10_of_the_mole_and_the_steps.md:29	the slab	(no "the" before it)	|	to fix, who first set her shoulder to a slab loosened already by frost and worked it
LEFT	eras/age_I/book/10_of_the_mole_and_the_steps.md:31	the slab	(no "the" before it)	|	hen the grazing wanted less watching, a slab worked loose and dressed rough with a h
LEFT	eras/age_I/book/10_of_the_mole_and_the_steps.md:31	the slab	(no "the" before it)	|	ll, for the stone did not always give a slab where a slab was wanted, and a househol
LEFT	eras/age_I/book/10_of_the_mole_and_the_steps.md:31	the slab	(no "the" before it)	|	tone did not always give a slab where a slab was wanted, and a household with sickne
LEFT	eras/age_I/book/10_of_the_mole_and_the_steps.md:33	the slab	(no "the" before it)	|	em, not the woman who had cut the first slab nor any who came after her, had ever go
LEFT	eras/age_I/book/10_of_the_mole_and_the_steps.md:35	the slab	(no "the" before it)	|	emoved from the woman who set the first slab, and not one of the three generations b
LEFT	eras/age_I/book/10_of_the_mole_and_the_steps.md:47	the coloured coal	(no "the" before it)	|	e being cut at Bral, the leather bag of coloured coal hung at the hearth of Clann a' Chlachai
LEFT	eras/age_I/book/13_of_the_kilns_the_ramps_and_the_houses_on_the_water.md:41	the slab	(no "the" before it)	|	years the telling follows its laying, a slab set well enough by daylight was found i
LEFT	eras/age_I/book/13_of_the_kilns_the_ramps_and_the_houses_on_the_water.md:67	the gold coal	(no "the" before it)	|	er bag and told, at every recital, of a gold coal that had taken fire on the sea and six 
LEFT	eras/age_I/book/15_of_the_lean_years_of_the_line.md:65	the slab	(no "the" before it)	|	e work went as such work always went: a slab judged and levered and set, a length of
LEFT	eras/age_I/book/17_of_the_cliff_house_and_the_curved_mole.md:51	the slab	(no "the" before it)	|	ore it dried, and closed at last with a slab of flat stone heavy enough that no fox 
LEFT	eras/age_I/book/17_of_the_cliff_house_and_the_curved_mole.md:61	the slab	(no "the" before it)	|	 before they were set; others, where no slab of the right size could be got whole, w
LEFT	eras/age_I/book/17_of_the_cliff_house_and_the_curved_mole.md:61	the slab	(no "the" before it)	|	harder seal to keep sound than a single slab but one that let a household close a pi
LEFT	eras/age_I/book/18_of_the_outpost_and_the_three_rings.md:55	the slab	(no "the" before it)	|	d the crew that closed it set its final slab, by every account that has come down wh
LEFT	eras/age_I/book/18_of_the_outpost_and_the_three_rings.md:55	the slab	(no "the" before it)	|	n the ground's own lie under that final slab, is not remembered by any name the tell
LEFT	eras/age_I/book/18_of_the_outpost_and_the_three_rings.md:61	the slab	(no "the" before it)	|	 climbing the spur by the year the last slab of the track was laid, and a child born
LEFT	eras/age_I/book/18_of_the_outpost_and_the_three_rings.md:63	the slab	(no "the" before it)	|	her way, up the track's own tilted last slab and past it, toward the high pale count
LEFT	eras/age_I/book/19_of_the_altar_and_the_shafts.md:12	the slab	(no "the" before it)	|	The last slab of the kerbed track had lain a bare sea
LEFT	eras/age_I/book/19_of_the_altar_and_the_shafts.md:26	the slab	(no "the" before it)	|	sehold piling wall on open ground, each slab bedded and levelled before the next was
LEFT	eras/age_I/book/19_of_the_altar_and_the_shafts.md:26	the slab	(no "the" before it)	|	to have refused more than once to let a slab go into place before he had knelt on it
LEFT	eras/age_I/book/21_of_brian_and_the_buried_five.md:17	the riddle	(no "the" before it)	|	and times before he understood it was a riddle and not merely a saying:
LEFT	eras/age_I/book/21_of_brian_and_the_buried_five.md:66	the slab	(no "the" before it)	|	the grass a stone's throw from the flat slab that covered the vein.
LEFT	eras/age_I/book/21_of_brian_and_the_buried_five.md:82	the fire-pot	(no "the" before it)	|	he could see, for she had kept coal and fire-pot both across sixty years and knew better
LEFT	eras/age_I/book/21_of_brian_and_the_buried_five.md:106	the night of the lightning	(no "the" before it)	|	t the recital that was said on the next night of the lightning, the reciter of the line, coming to the
LEFT	eras/age_I/book/23_of_the_lee_of_the_headlands_and_the_writing_in_the_hills.md:69	the slab	(no "the" before it)	|	rst time and roofed it over with a flat slab lifted on two low stones, so that no fl
LEFT	eras/age_I/book/24_of_the_covered_hearths_and_the_nine.md:7	the slab	(no "the" before it)	|	fire into the ground and roof it with a slab had by then been dead two generations, 
LEFT	eras/age_I/book/24_of_the_covered_hearths_and_the_nine.md:11	the slab	(no "the" before it)	|	k in a clay-lined pit and lidded with a slab no fox or badger had ever worked loose.
LEFT	eras/age_I/book/24_of_the_covered_hearths_and_the_nine.md:17	the slab	(no "the" before it)	|	s for the purpose, he laid a great flat slab dragged down from the scree on a hide s
LEFT	eras/age_I/book/24_of_the_covered_hearths_and_the_nine.md:29	the slab	(no "the" before it)	|	h home from the grove, been put under a slab or a skin or anything else that stood b
LEFT	eras/age_I/book/26_of_cormac_of_the_misstrike.md:13	the riddle	(no "the" before it)	|	alked to the grove and came back with a riddle and no answer, the sea that had taken t
LEFT	eras/age_I/book/26_of_cormac_of_the_misstrike.md:17	the Telling	(no "the" before it)	|	ind talked and come back with the whole Telling and Tòimhseachan a' Choimhdich both; th
LEFT	eras/age_I/book/26_of_cormac_of_the_misstrike.md:61	the Telling	(no "the" before it)	|	 had tried the first month. He did not. Telling it after, he said that something in him
LEFT	eras/age_I/book/26_of_cormac_of_the_misstrike.md:69	the night of the lightning	(no "the" before it)	|	At the recital that was said the next night of the lightning, he stood at the hearth at Tobar dhìrea
LEFT	eras/age_I/book/28_of_the_warm_springs_and_the_walled_gate.md:9	the slab	(no "the" before it)	|	and on the shelf they set stone basins, slab fitted to slab and the joints packed wi
LEFT	eras/age_I/book/28_of_the_warm_springs_and_the_walled_gate.md:9	the slab	(no "the" before it)	|	f they set stone basins, slab fitted to slab and the joints packed with clay, three 
LEFT	eras/age_I/book/30_of_eoghann_at_the_river.md:7	the Keeper	(no "the" before it)	|	a name to and answered to none of them. Keeper had followed keeper in that time, more 
LEFT	eras/age_I/book/30_of_eoghann_at_the_river.md:15	the fire-pot	(no "the" before it)	|	hore line named Dearbhail, who kept his fire-pot fed and his supper warm through absence
LEFT	eras/age_I/book/30_of_eoghann_at_the_river.md:15	the fire-pot	(no "the" before it)	|	ng into; her own grandmother had kept a fire-pot for a lesser household two valleys off,
LEFT	eras/age_I/book/31_of_the_shore_the_sea_way_and_the_godkin.md:21	the slab	(no "the" before it)	|	hand had set the whole of it down; each slab, by the plainest reading anyone gave it
LEFT	eras/age_I/book/31_of_the_shore_the_sea_way_and_the_godkin.md:41	the fire-pot	(no "the" before it)	|	 own line, nor of any house that kept a fire-pot or a bag of dark coals against its own 
LEFT	eras/age_I/book/31_of_the_shore_the_sea_way_and_the_godkin.md:43	the riddle	(no "the" before it)	|	he living, and heard after it the older riddle of the sky and the earth and the sea th
LEFT	eras/age_I/book/31_of_the_shore_the_sea_way_and_the_godkin.md:45	the riddle	(no "the" before it)	|	em come for the one telling and the one riddle and the one night's watch against a dar
LEFT	eras/age_I/book/31_of_the_shore_the_sea_way_and_the_godkin.md:51	the fire-pot	(no "the" before it)	|	enough; she was of no house that kept a fire-pot, and no line that counted fathers back 
LEFT	eras/age_I/book/31_of_the_shore_the_sea_way_and_the_godkin.md:53	the night of the lightning	(no "the" before it)	|	ound herself using it still at the next night of the lightning, and heard others near her using it too
LEFT	eras/age_I/book/32_of_the_sliver_at_ath_gharbh_and_the_name_of_the_line.md:16	the riddle	(no "the" before it)	|	ng this shore and that height against a riddle none of them could answer. It had never
LEFT	eras/age_I/book/32_of_the_sliver_at_ath_gharbh_and_the_name_of_the_line.md:30	the fire-pot	(no "the" before it)	|	en miles west of the crack that kept no fire-pot and counted no fathers back to any maso
LEFT	eras/age_I/book/32_of_the_sliver_at_ath_gharbh_and_the_name_of_the_line.md:58	the riddle	(no "the" before it)	|	athers' names said standing and the old riddle taken up again and laid down again unan
LEFT	eras/age_I/book/33_of_fire_in_the_stone.md:9	the slab	(no "the" before it)	|	 it that he could see, a single upright slab taller than a man with his arm raised, 
LEFT	eras/age_I/book/33_of_fire_in_the_stone.md:23	the riddle	(no "the" before it)	|	e marks. How that came to be known is a riddle, as the knowing of the lines in the Doi
LEFT	eras/age_I/book/33_of_fire_in_the_stone.md:53	the riddle	(no "the" before it)	|	l of the fathers and the old unanswered riddle of the coals.
LEFT	eras/age_I/book/33_of_fire_in_the_stone.md:73	the riddle	(no "the" before it)	|	of the keeping, a fire that answered no riddle and proved no coal and asked, of anyone
LEFT	eras/age_I/book/38_of_ailean_son_of_suibhne.md:17	the fire coal	(no "the" before it)	|	wo coals from his own father's death, a fire coal grown ordinary through generations of h
LEFT	eras/age_I/book/38_of_ailean_son_of_suibhne.md:45	the slab	(no "the" before it)	|	y for it, digging a hole beside the old slab as deep as a grave in the last week bef
LEFT	eras/age_I/book/38_of_ailean_son_of_suibhne.md:51	the fire coal	(no "the" before it)	|	stone with the last fragment of the old fire coal crumbling to dust between his fingers a
LEFT	eras/age_I/book/38_of_ailean_son_of_suibhne.md:69	the seven coals	(no "the" before it)	|	 time since the making of the world all seven coals of the island burned together, each out
LEFT	eras/age_I/gazetteer/01_the_west_and_the_north.json:328.history	the slab	(no "the" before it)	|	flat stone from the shore into the sea, slab after slab, each one bedded on the one 
LEFT	eras/age_I/gazetteer/01_the_west_and_the_north.json:328.history	the slab	(no "the" before it)	|	from the shore into the sea, slab after slab, each one bedded on the one below and r
LEFT	eras/age_I/gazetteer/01_the_west_and_the_north.json:328.history	the slab	(no "the" before it)	|	nd relaid where the sea shifted it; one slab was relaid twice before it held. When t
LEFT	eras/age_I/gazetteer/01_the_west_and_the_north.json:47.history	the slab	(no "the" before it)	|	b alone. Then a household set the first slab on the worst of the scramble, and after
LEFT	eras/age_I/gazetteer/01_the_west_and_the_north.json:127.history	the slab	(no "the" before it)	|	om a bank upstream and lidded it with a slab, and stored dried fish in it through a 
LEFT	eras/age_I/gazetteer/04_the_hearths_of_the_hill_folk.json:276.history	the slab	(no "the" before it)	|	would not let it be dug further: a flat slab was laid over the broken vein, no water
LEFT	eras/age_I/gazetteer/04_the_hearths_of_the_hill_folk.json:454.history	the coloured coal	(no "the" before it)	|	es of red deer about them; there was no coloured coal in them. Deer were hunted by torch acro
LEFT	eras/age_I/gazetteer/04_the_hearths_of_the_hill_folk.json:1007.history	the slab	(no "the" before it)	|	ug the first pit-hearth, a fire under a slab at the foot of a slanting shaft bent ne
LEFT	eras/age_I/appendices/A_the_line_of_the_mason.md:32	the seven coals	(no "the" before it)	|	. At Muirgheal's bidding he carried all seven coals down to the northern shore, slept a nig
LEFT	eras/age_I/appendices/A_the_line_of_the_mason.md:68	the annals	(no "the" before it)	|	| Father | Place in the Line | Years (annals) | Age at death | Coal |
LEFT	eras/age_I/appendices/B_the_telling_the_riddle_and_the_lightings.md:26	the Annals	(no "the" before it)	|	| Coal | Holds | Lit by | Where | How | Annals |
LEFT	eras/age_I/appendices/B_the_telling_the_riddle_and_the_lightings.md:59	the riddle	(no "the" before it)	|	s came to be known at every hearth is a riddle the tellings leave as they found it; kn
LEFT	eras/age_I/appendices/D_the_peoples_of_the_shore_and_the_hills.md:30	the outpost	(no "the" before it)	|	 from the shore. They raised the walled outpost of Làrach an Dùin-fhaire on a spur abov
LEFT	eras/age_I/appendices/E_of_fears_beasts_and_holy_places.md:9	the riddle	(no "the" before it)	|	en none of them could read a sign, is a riddle; known it was, and told the same way at
LEFT	eras/age_I/appendices/E_of_fears_beasts_and_holy_places.md:9	the slab	(no "the" before it)	|	 the first pit-hearth, the fire under a slab at the foot of a slanting shaft bent ne
# run 2026-09-26 01:27: 21 changes, 107 left
CHANGE	eras/age_I/book/04_of_the_snow_on_the_mountains_and_the_oak_in_the_north.md:39	first fire	->	Teine a' Chlachair	|	Eachna's first fire on the new ground was laid on
CHANGE	eras/age_I/book/24_of_the_covered_hearths_and_the_nine.md:29	first fire	->	Teine a' Chlachair	|	ay pot that held what the line called the mason's first fire set always within an arm's re
CHANGE	eras/age_I/gazetteer/04_the_hearths_of_the_hill_folk.json:276.history	the first fire	->	Teine a' Chlachair	|	ed a burning piece home, and his household sat by the first fire any of them had seen. From th
CHANGE	eras/age_I/gazetteer/04_the_hearths_of_the_hill_folk.json:276.history	first fire	->	Teine a' Chlachair	|	t an Teine, the clay pot said to hold the mason's first fire, kept alight by the women of 
CHANGE	eras/age_I/appendices/A_the_line_of_the_mason.md:3	the annals	->	Annalan Dia-thìr	|	eine. The years beside each name are the years of the annals of this volume; no one living
CHANGE	eras/age_I/appendices/A_the_line_of_the_mason.md:3	Appendix C	->	Slòigh, Cogaidhean agus Doscainnean	|	me; no one living in the age counted them so, and Appendix C tells how they did count.
CHANGE	eras/age_I/appendices/A_the_line_of_the_mason.md:52	first fire	->	Teine a' Chlachair	|	t an Teine, the clay pot said to hold the mason's first fire, was never in the keeping of 
CHANGE	eras/age_I/appendices/B_the_telling_the_riddle_and_the_lightings.md:3	Appendix A	->	Rìghrean agus Taighean Dia-thìr	|	is age grew out of them: the Line of the fathers (Appendix A), Aithris a' Chruthachaidh, a
CHANGE	eras/age_I/appendices/B_the_telling_the_riddle_and_the_lightings.md:41	first fire	->	Teine a' Chlachair	|	lay pot with a turf lid, said to hold the mason's first fire; it has been remade more than
CHANGE	eras/age_I/appendices/B_the_telling_the_riddle_and_the_lightings.md:41	Appendix A	->	Rìghrean agus Taighean Dia-thìr	|	the hearth and was kept by the women of the line (Appendix A). The bag is a pouch of greas
CHANGE	eras/age_I/appendices/C_the_count_of_fathers.md:3	the annals	->	Annalan Dia-thìr	|	ny beginning was said at any hearth. The dates in the annals of this volume, from 20 am Fa
CHANGE	eras/age_I/appendices/C_the_count_of_fathers.md:3	the annals	->	Annalan Dia-thìr	|	 t-Iuchar VE 5,324 in the grove, are the dates of the annals of the island, set against it
CHANGE	eras/age_I/appendices/C_the_count_of_fathers.md:7	the annals	->	Annalan Dia-thìr	|	 that the named fathers, set against the years of the annals, stand spaced as the recital 
CHANGE	eras/age_I/appendices/C_the_count_of_fathers.md:7	Appendix A	->	Rìghrean agus Taighean Dia-thìr	|	 of the annals, stand spaced as the recital says (Appendix A).
CHANGE	eras/age_I/appendices/C_the_count_of_fathers.md:11	the annals	->	Annalan Dia-thìr	|	ven in this volume for the people of the line are the annals' ages; the households themsel
CHANGE	eras/age_I/appendices/C_the_count_of_fathers.md:17	the annals	->	Annalan Dia-thìr	|	The dates of the annals name the months, from am Faoi
CHANGE	eras/age_I/appendices/C_the_count_of_fathers.md:45	the annals	->	Annalan Dia-thìr	|	n winters, or in the seasons of the beasts. Where the annals give a year, it is the annals
CHANGE	eras/age_I/appendices/C_the_count_of_fathers.md:45	the annals	->	Annalan Dia-thìr	|	f the beasts. Where the annals give a year, it is the annals' own year. The two do not qua
CHANGE	eras/age_I/appendices/C_the_count_of_fathers.md:45	the annals	->	Annalan Dia-thìr	|	: a father in the recital is about twenty-five of the annals' years, a lifetime some sixty
CHANGE	eras/age_I/appendices/E_of_fears_beasts_and_holy_places.md:37	Appendix B	->	Creideamhan Dia-thìr	|	th no house beside it and no water drawn near it (Appendix B).
CHANGE	eras/age_I/appendices/E_of_fears_beasts_and_holy_places.md:49	Appendix B	->	Creideamhan Dia-thìr	|	he gathering-ground of Achadh a' Chalbh about it (Appendix B).
LEFT	eras/age_I/annals/age_I_01.json:EI-1053.title	the slab	(no "the" before it)	|	A palm laid on the cold slab
LEFT	eras/age_I/annals/age_I_02.json:EI-1509.body	the first fire	(no "the" before it)	|	Eachna lays her first fire on a bed of pine and dried heather bank
LEFT	eras/age_I/annals/age_I_03.json:EI-2054.title	the riddle	(no "the" before it)	|	A garbled riddle comes back from the east
LEFT	eras/age_I/annals/age_I_03.json:EI-2054.body	the riddle	(no "the" before it)	|	east gives Diarmad a telling of his own riddle in which the sea and the sky have chang
LEFT	eras/age_I/annals/age_I_04.json:EI-2505.title	the slab	(no "the" before it)	|	The first slab set on the worst scramble at Bral
LEFT	eras/age_I/annals/age_I_04.json:EI-2505.body	the slab	(no "the" before it)	|	n cliffs at Bral works a frost-loosened slab, over most of a season, into a single s
LEFT	eras/age_I/annals/age_I_04.json:EI-2510.body	the slab	(no "the" before it)	|	Cut a slab at a time in whatever season allows it,
LEFT	eras/age_I/annals/age_I_04.json:EI-2544.body	the seven coals	(no "the" before it)	|	 out alone from Tobar dhìreach with all seven coals of the vein wrapped against his chest, 
LEFT	eras/age_I/annals/age_I_05.json:EI-3008.body	the slab	(no "the" before it)	|	Twice a slab of the new ramp at Brenn settles crooke
LEFT	eras/age_I/annals/age_I_06.json:EI-3503.body	the riddle	(no "the" before it)	|	chair, growing up on Gormal's unsettled riddle of the three hills as every child of th
LEFT	eras/age_I/annals/age_I_06.json:EI-3540.body	the slab	(no "the" before it)	|	o the dune's slope, closed with a heavy slab; households after her keep her spacing 
LEFT	eras/age_I/annals/age_I_06.json:EI-3565.title	the slab	(no "the" before it)	|	The last slab of the kerbed way laid
LEFT	eras/age_I/annals/age_I_06.json:EI-3565.body	the slab	(no "the" before it)	|	The final slab of the track is set tilted rather than 
LEFT	eras/age_I/annals/age_I_07.json:EI-4001.body	the slab	(no "the" before it)	|	he slope below the height, bedding each slab before the next is set above it, the fi
LEFT	eras/age_I/annals/age_I_07.json:EI-4059.body	the night of the lightning	(no "the" before it)	|	At the next night of the lightning the reciter of the line adds the black 
LEFT	eras/age_I/annals/age_I_08.json:EI-4536.body	the slab	(no "the" before it)	|	ing fire into a pit and roofs it with a slab, showing no flame above ground. Mocked 
LEFT	eras/age_I/annals/age_I_08.json:EI-4540.body	the slab	(no "the" before it)	|	h a blind angled shaft down to it and a slab dragged over the top, and sleeps beside
LEFT	eras/age_I/annals/age_I_09.json:EI-5023.body	the fire-pot	(no "the" before it)	|	rth and, as they grow old together, his fire-pot and his temper both.
LEFT	eras/age_I/annals/age_I_09.json:EI-5035.body	the night of the lightning	(no "the" before it)	|	At the next night of the lightning Cormac stands at the hearth with his sc
LEFT	eras/age_I/annals/age_I_10.json:EI-5535.body	the fire-pot	(no "the" before it)	|	l of the lake-shore line, who keeps his fire-pot and his hearth through the long absence
LEFT	eras/age_I/annals/age_I_10.json:EI-5561.body	the fire-pot	(no "the" before it)	|	Tobar dhìreach, of no line that keeps a fire-pot or counts fathers back to the mason by 
LEFT	eras/age_I/annals/age_I_10.json:EI-5565.body	the night of the lightning	(no "the" before it)	|	The name Clann nan Dè is said the next night of the lightning at hearths that were not at the western
LEFT	eras/age_I/annals/age_I_11.json:EI-6004.body	the fire-pot	(no "the" before it)	|	the crack, to a household that keeps no fire-pot and counts no fathers back to the mason
LEFT	eras/age_I/annals/age_I_11.json:EI-6008.body	the coloured coal	(no "the" before it)	|	rivate habit of rubbing a little broken coloured coal into the wrapping wool of some of her d
LEFT	eras/age_I/annals/age_I_11.json:EI-6009.body	the coloured coal	(no "the" before it)	|	 takes it as further proof that its own coloured coal is no longer the only piece the valleys
LEFT	eras/age_I/annals/age_I_11.json:EI-6035.body	the riddle	(no "the" before it)	|	r her fire is some new trial of the old riddle, Mòrnait answers that the stone asked o
LEFT	eras/age_I/annals/age_I_12.json:EI-6571.body	the slab	(no "the" before it)	|	n digs a grave-deep hole beside the old slab at Tobar dhìreach, lays the black coal 
LEFT	eras/age_I/annals/age_I_12.json:EI-6575.body	the fire coal	(no "the" before it)	|	naps his fingers over dust from the old fire coal without meaning to try anything, as Sea
LEFT	eras/age_I/annals/age_I_12.json:EI-6576.body	the rainbow coal	(no "the" before it)	|	 pole across his shoulders and the dark rainbow coal wrapped against his chest, with Lìobhan
LEFT	eras/age_I/book/01_of_the_mason_and_the_lightning.md:86	the slab	(no "the" before it)	|	He set it on the flat slab. He drew his cloak from around his shou
LEFT	eras/age_I/book/03_of_the_three_wells_and_the_slab.md:71	the slab	(no "the" before it)	|	t his own wedges from, long ago, a flat slab broader than a grown man lying full len
LEFT	eras/age_I/book/03_of_the_three_wells_and_the_slab.md:75	the slab	(no "the" before it)	|	's throw off, sealed and silent under a slab no one drew water beside.
LEFT	eras/age_I/book/08_of_the_keeper_in_the_grove.md:47	the godfolk	(no "the" before it)	|	e island at all, and a child of the old godfolk standing in the raw bank with her cloak
LEFT	eras/age_I/book/08_of_the_keeper_in_the_grove.md:98	the riddle	(no "the" before it)	|	else on the island had ever heard and a riddle he could not open, and he did not yet k
LEFT	eras/age_I/book/09_of_the_counting_of_the_fathers.md:33	the riddle	(no "the" before it)	|	 years he spent gathering names, that a riddle which spoke of three spirits and their 
LEFT	eras/age_I/book/09_of_the_counting_of_the_fathers.md:43	the riddle	(no "the" before it)	|	own from the east, a version of his own riddle so garbled that the sea and the sky had
LEFT	eras/age_I/book/09_of_the_counting_of_the_fathers.md:57	the fire-pot	(no "the" before it)	|	 that year, to a household that kept no fire-pot and no bag of coloured coals and no cla
LEFT	eras/age_I/book/10_of_the_mole_and_the_steps.md:29	the slab	(no "the" before it)	|	to fix, who first set her shoulder to a slab loosened already by frost and worked it
LEFT	eras/age_I/book/10_of_the_mole_and_the_steps.md:31	the slab	(no "the" before it)	|	hen the grazing wanted less watching, a slab worked loose and dressed rough with a h
LEFT	eras/age_I/book/10_of_the_mole_and_the_steps.md:31	the slab	(no "the" before it)	|	ll, for the stone did not always give a slab where a slab was wanted, and a househol
LEFT	eras/age_I/book/10_of_the_mole_and_the_steps.md:31	the slab	(no "the" before it)	|	tone did not always give a slab where a slab was wanted, and a household with sickne
LEFT	eras/age_I/book/10_of_the_mole_and_the_steps.md:33	the slab	(no "the" before it)	|	em, not the woman who had cut the first slab nor any who came after her, had ever go
LEFT	eras/age_I/book/10_of_the_mole_and_the_steps.md:35	the slab	(no "the" before it)	|	emoved from the woman who set the first slab, and not one of the three generations b
LEFT	eras/age_I/book/10_of_the_mole_and_the_steps.md:47	the coloured coal	(no "the" before it)	|	e being cut at Bral, the leather bag of coloured coal hung at the hearth of Clann a' Chlachai
LEFT	eras/age_I/book/13_of_the_kilns_the_ramps_and_the_houses_on_the_water.md:41	the slab	(no "the" before it)	|	years the telling follows its laying, a slab set well enough by daylight was found i
LEFT	eras/age_I/book/13_of_the_kilns_the_ramps_and_the_houses_on_the_water.md:67	the gold coal	(no "the" before it)	|	er bag and told, at every recital, of a gold coal that had taken fire on the sea and six 
LEFT	eras/age_I/book/15_of_the_lean_years_of_the_line.md:65	the slab	(no "the" before it)	|	e work went as such work always went: a slab judged and levered and set, a length of
LEFT	eras/age_I/book/17_of_the_cliff_house_and_the_curved_mole.md:51	the slab	(no "the" before it)	|	ore it dried, and closed at last with a slab of flat stone heavy enough that no fox 
LEFT	eras/age_I/book/17_of_the_cliff_house_and_the_curved_mole.md:61	the slab	(no "the" before it)	|	 before they were set; others, where no slab of the right size could be got whole, w
LEFT	eras/age_I/book/17_of_the_cliff_house_and_the_curved_mole.md:61	the slab	(no "the" before it)	|	harder seal to keep sound than a single slab but one that let a household close a pi
LEFT	eras/age_I/book/18_of_the_outpost_and_the_three_rings.md:55	the slab	(no "the" before it)	|	d the crew that closed it set its final slab, by every account that has come down wh
LEFT	eras/age_I/book/18_of_the_outpost_and_the_three_rings.md:55	the slab	(no "the" before it)	|	n the ground's own lie under that final slab, is not remembered by any name the tell
LEFT	eras/age_I/book/18_of_the_outpost_and_the_three_rings.md:61	the slab	(no "the" before it)	|	 climbing the spur by the year the last slab of the track was laid, and a child born
LEFT	eras/age_I/book/18_of_the_outpost_and_the_three_rings.md:63	the slab	(no "the" before it)	|	her way, up the track's own tilted last slab and past it, toward the high pale count
LEFT	eras/age_I/book/19_of_the_altar_and_the_shafts.md:12	the slab	(no "the" before it)	|	The last slab of the kerbed track had lain a bare sea
LEFT	eras/age_I/book/19_of_the_altar_and_the_shafts.md:26	the slab	(no "the" before it)	|	sehold piling wall on open ground, each slab bedded and levelled before the next was
LEFT	eras/age_I/book/19_of_the_altar_and_the_shafts.md:26	the slab	(no "the" before it)	|	to have refused more than once to let a slab go into place before he had knelt on it
LEFT	eras/age_I/book/21_of_brian_and_the_buried_five.md:17	the riddle	(no "the" before it)	|	and times before he understood it was a riddle and not merely a saying:
LEFT	eras/age_I/book/21_of_brian_and_the_buried_five.md:66	the slab	(no "the" before it)	|	the grass a stone's throw from the flat slab that covered the vein.
LEFT	eras/age_I/book/21_of_brian_and_the_buried_five.md:82	the fire-pot	(no "the" before it)	|	he could see, for she had kept coal and fire-pot both across sixty years and knew better
LEFT	eras/age_I/book/21_of_brian_and_the_buried_five.md:106	the night of the lightning	(no "the" before it)	|	t the recital that was said on the next night of the lightning, the reciter of the line, coming to the
LEFT	eras/age_I/book/23_of_the_lee_of_the_headlands_and_the_writing_in_the_hills.md:69	the slab	(no "the" before it)	|	rst time and roofed it over with a flat slab lifted on two low stones, so that no fl
LEFT	eras/age_I/book/24_of_the_covered_hearths_and_the_nine.md:7	the slab	(no "the" before it)	|	fire into the ground and roof it with a slab had by then been dead two generations, 
LEFT	eras/age_I/book/24_of_the_covered_hearths_and_the_nine.md:11	the slab	(no "the" before it)	|	k in a clay-lined pit and lidded with a slab no fox or badger had ever worked loose.
LEFT	eras/age_I/book/24_of_the_covered_hearths_and_the_nine.md:17	the slab	(no "the" before it)	|	s for the purpose, he laid a great flat slab dragged down from the scree on a hide s
LEFT	eras/age_I/book/24_of_the_covered_hearths_and_the_nine.md:29	the slab	(no "the" before it)	|	h home from the grove, been put under a slab or a skin or anything else that stood b
LEFT	eras/age_I/book/26_of_cormac_of_the_misstrike.md:13	the riddle	(no "the" before it)	|	alked to the grove and came back with a riddle and no answer, the sea that had taken t
LEFT	eras/age_I/book/26_of_cormac_of_the_misstrike.md:17	the Telling	(no "the" before it)	|	ind talked and come back with the whole Telling and Tòimhseachan a' Choimhdich both; th
LEFT	eras/age_I/book/26_of_cormac_of_the_misstrike.md:61	the Telling	(no "the" before it)	|	 had tried the first month. He did not. Telling it after, he said that something in him
LEFT	eras/age_I/book/26_of_cormac_of_the_misstrike.md:69	the night of the lightning	(no "the" before it)	|	At the recital that was said the next night of the lightning, he stood at the hearth at Tobar dhìrea
LEFT	eras/age_I/book/28_of_the_warm_springs_and_the_walled_gate.md:9	the slab	(no "the" before it)	|	and on the shelf they set stone basins, slab fitted to slab and the joints packed wi
LEFT	eras/age_I/book/28_of_the_warm_springs_and_the_walled_gate.md:9	the slab	(no "the" before it)	|	f they set stone basins, slab fitted to slab and the joints packed with clay, three 
LEFT	eras/age_I/book/30_of_eoghann_at_the_river.md:7	the Keeper	(no "the" before it)	|	a name to and answered to none of them. Keeper had followed keeper in that time, more 
LEFT	eras/age_I/book/30_of_eoghann_at_the_river.md:15	the fire-pot	(no "the" before it)	|	hore line named Dearbhail, who kept his fire-pot fed and his supper warm through absence
LEFT	eras/age_I/book/30_of_eoghann_at_the_river.md:15	the fire-pot	(no "the" before it)	|	ng into; her own grandmother had kept a fire-pot for a lesser household two valleys off,
LEFT	eras/age_I/book/31_of_the_shore_the_sea_way_and_the_godkin.md:21	the slab	(no "the" before it)	|	hand had set the whole of it down; each slab, by the plainest reading anyone gave it
LEFT	eras/age_I/book/31_of_the_shore_the_sea_way_and_the_godkin.md:41	the fire-pot	(no "the" before it)	|	 own line, nor of any house that kept a fire-pot or a bag of dark coals against its own 
LEFT	eras/age_I/book/31_of_the_shore_the_sea_way_and_the_godkin.md:43	the riddle	(no "the" before it)	|	he living, and heard after it the older riddle of the sky and the earth and the sea th
LEFT	eras/age_I/book/31_of_the_shore_the_sea_way_and_the_godkin.md:45	the riddle	(no "the" before it)	|	em come for the one telling and the one riddle and the one night's watch against a dar
LEFT	eras/age_I/book/31_of_the_shore_the_sea_way_and_the_godkin.md:51	the fire-pot	(no "the" before it)	|	enough; she was of no house that kept a fire-pot, and no line that counted fathers back 
LEFT	eras/age_I/book/31_of_the_shore_the_sea_way_and_the_godkin.md:53	the night of the lightning	(no "the" before it)	|	ound herself using it still at the next night of the lightning, and heard others near her using it too
LEFT	eras/age_I/book/32_of_the_sliver_at_ath_gharbh_and_the_name_of_the_line.md:16	the riddle	(no "the" before it)	|	ng this shore and that height against a riddle none of them could answer. It had never
LEFT	eras/age_I/book/32_of_the_sliver_at_ath_gharbh_and_the_name_of_the_line.md:30	the fire-pot	(no "the" before it)	|	en miles west of the crack that kept no fire-pot and counted no fathers back to any maso
LEFT	eras/age_I/book/32_of_the_sliver_at_ath_gharbh_and_the_name_of_the_line.md:58	the riddle	(no "the" before it)	|	athers' names said standing and the old riddle taken up again and laid down again unan
LEFT	eras/age_I/book/33_of_fire_in_the_stone.md:9	the slab	(no "the" before it)	|	 it that he could see, a single upright slab taller than a man with his arm raised, 
LEFT	eras/age_I/book/33_of_fire_in_the_stone.md:23	the riddle	(no "the" before it)	|	e marks. How that came to be known is a riddle, as the knowing of the lines in the Doi
LEFT	eras/age_I/book/33_of_fire_in_the_stone.md:53	the riddle	(no "the" before it)	|	l of the fathers and the old unanswered riddle of the coals.
LEFT	eras/age_I/book/33_of_fire_in_the_stone.md:73	the riddle	(no "the" before it)	|	of the keeping, a fire that answered no riddle and proved no coal and asked, of anyone
LEFT	eras/age_I/book/38_of_ailean_son_of_suibhne.md:17	the fire coal	(no "the" before it)	|	wo coals from his own father's death, a fire coal grown ordinary through generations of h
LEFT	eras/age_I/book/38_of_ailean_son_of_suibhne.md:45	the slab	(no "the" before it)	|	y for it, digging a hole beside the old slab as deep as a grave in the last week bef
LEFT	eras/age_I/book/38_of_ailean_son_of_suibhne.md:51	the fire coal	(no "the" before it)	|	stone with the last fragment of the old fire coal crumbling to dust between his fingers a
LEFT	eras/age_I/book/38_of_ailean_son_of_suibhne.md:69	the seven coals	(no "the" before it)	|	 time since the making of the world all seven coals of the island burned together, each out
LEFT	eras/age_I/gazetteer/01_the_west_and_the_north.json:328.history	the slab	(no "the" before it)	|	flat stone from the shore into the sea, slab after slab, each one bedded on the one 
LEFT	eras/age_I/gazetteer/01_the_west_and_the_north.json:328.history	the slab	(no "the" before it)	|	from the shore into the sea, slab after slab, each one bedded on the one below and r
LEFT	eras/age_I/gazetteer/01_the_west_and_the_north.json:328.history	the slab	(no "the" before it)	|	nd relaid where the sea shifted it; one slab was relaid twice before it held. When t
LEFT	eras/age_I/gazetteer/01_the_west_and_the_north.json:47.history	the slab	(no "the" before it)	|	b alone. Then a household set the first slab on the worst of the scramble, and after
LEFT	eras/age_I/gazetteer/01_the_west_and_the_north.json:127.history	the slab	(no "the" before it)	|	om a bank upstream and lidded it with a slab, and stored dried fish in it through a 
LEFT	eras/age_I/gazetteer/04_the_hearths_of_the_hill_folk.json:276.history	the slab	(no "the" before it)	|	would not let it be dug further: a flat slab was laid over the broken vein, no water
LEFT	eras/age_I/gazetteer/04_the_hearths_of_the_hill_folk.json:454.history	the coloured coal	(no "the" before it)	|	es of red deer about them; there was no coloured coal in them. Deer were hunted by torch acro
LEFT	eras/age_I/gazetteer/04_the_hearths_of_the_hill_folk.json:1007.history	the slab	(no "the" before it)	|	ug the first pit-hearth, a fire under a slab at the foot of a slanting shaft bent ne
LEFT	eras/age_I/appendices/A_the_line_of_the_mason.md:32	the seven coals	(no "the" before it)	|	. At Muirgheal's bidding he carried all seven coals down to the northern shore, slept a nig
LEFT	eras/age_I/appendices/A_the_line_of_the_mason.md:68	the annals	(no "the" before it)	|	| Father | Place in the Line | Years (annals) | Age at death | Coal |
LEFT	eras/age_I/appendices/B_the_telling_the_riddle_and_the_lightings.md:26	the Annals	(no "the" before it)	|	| Coal | Holds | Lit by | Where | How | Annals |
LEFT	eras/age_I/appendices/B_the_telling_the_riddle_and_the_lightings.md:59	the riddle	(no "the" before it)	|	s came to be known at every hearth is a riddle the tellings leave as they found it; kn
LEFT	eras/age_I/appendices/D_the_peoples_of_the_shore_and_the_hills.md:30	the outpost	(no "the" before it)	|	 from the shore. They raised the walled outpost of Làrach an Dùin-fhaire on a spur abov
LEFT	eras/age_I/appendices/E_of_fears_beasts_and_holy_places.md:9	the riddle	(no "the" before it)	|	en none of them could read a sign, is a riddle; known it was, and told the same way at
LEFT	eras/age_I/appendices/E_of_fears_beasts_and_holy_places.md:9	the slab	(no "the" before it)	|	 the first pit-hearth, the fire under a slab at the foot of a slanting shaft bent ne
# run 2026-09-26 02:07: 206 changes, 148 left
CHANGE	eras/age_I/events/02.json:$.summary	the mason's fire	->	Teine a' Chlachair	|	, its own hearth cold, comes asking for a coal of the mason's fire. Neachdan gives it freely and
CHANGE	eras/age_I/events/02.json:$.summary	The mason's fire	->	Teine a' Chlachair	|	the moor at the limit of any household's grazing. The mason's fire, walked outward hearth by hea
CHANGE	eras/age_I/events/02.json:$.summary	the Mason	->	An Clachair	|	Neachdan, the Mason, dies old by the hearth he li
CHANGE	eras/age_I/events/02.json:$.summary	the vein-fire	->	Teine na Fèithe	|	Conall, who first carried the vein-fire home in a water-pot as a boy,
CHANGE	eras/age_I/events/02.json:$.summary	the night of the lightning	->	Oidhche an Dealanaich	|	the well-cut still burning as it has burned since the night of the lightning, unchanged through two of the
CHANGE	eras/age_I/events/03.json:$.title	the vein-fire	->	Teine na Fèithe	|	Muirne marks the vein-fire sinking
CHANGE	eras/age_I/events/03.json:$.title	The vein-fire	->	Teine na Fèithe	|	The vein-fire burns low
CHANGE	eras/age_I/events/03.json:$.summary	the vein-fire	->	Teine na Fèithe	|	standing water, Muirne sits out the last night of the vein-fire in the rain and watches its p
CHANGE	eras/age_I/events/03.json:$.summary	the mason's fire	->	Teine a' Chlachair	|	ow go out, quietly, with no one else there to see the mason's fire die in the ground where it wa
CHANGE	eras/age_I/events/03.json:$.title	The slab	->	Leac na Fèithe	|	The slab laid over the vein
CHANGE	eras/age_I/events/03.json:$.summary	the slab	->	Leac na Fèithe	|	's fire, whole, back to the stone. The telling of the slab passes to her grandchildren.
CHANGE	eras/age_I/events/07.json:$.summary	the fire-pot	->	Poit an Teine	|	Diarmad, seven years old, asks the aunt who keeps the fire-pot why the mason's pieces hold c
CHANGE	eras/age_I/events/07.json:$.title	the fire-pot	->	Poit an Teine	|	Fionnghuala takes the fire-pot
CHANGE	eras/age_I/events/08.json:$.title	The Keeper	->	Coimhdeach na Fine	|	The Keeper names itself to Diarmad
CHANGE	eras/age_I/events/08.json:$.summary	the Young God	->	an Dia Òg	|	of the kin, made from the smoke of the first coal the Young God woke, watching the island's p
CHANGE	eras/age_I/events/08.json:$.title	the Telling of the Making	->	Aithris a' Chruthachaidh	|	Diarmad hears the Telling of the Making
CHANGE	eras/age_I/events/08.json:$.summary	The Keeper	->	Coimhdeach na Fine	|	The Keeper tells Diarmad the whole Telli
CHANGE	eras/age_I/events/08.json:$.summary	Telling of the Making	->	Aithris a' Chruthachaidh	|	The Keeper tells Diarmad the whole Telling of the Making, from Caoran's choosing of co
CHANGE	eras/age_I/events/08.json:$.title	the Young God	->	an Dia Òg	|	Diarmad asks whether the Young God was angry
CHANGE	eras/age_I/events/08.json:$.summary	the godfolk	->	an Dia-shluagh	|	Shamed by the telling of how the godfolk once found the coloured stone
CHANGE	eras/age_I/events/08.json:$.summary	the Keeper	->	Coimhdeach na Fine	|	 fall back into the heather unknown, Diarmad asks the Keeper whether the Young God was ang
CHANGE	eras/age_I/events/08.json:$.summary	the Young God	->	an Dia Òg	|	 heather unknown, Diarmad asks the Keeper whether the Young God was angry at the forgetting; 
CHANGE	eras/age_I/events/08.json:$.summary	the Keeper	->	Coimhdeach na Fine	|	hether the Young God was angry at the forgetting; the Keeper answers that he only laughed,
CHANGE	eras/age_I/events/08.json:$.title	The Keeper	->	Coimhdeach na Fine	|	The Keeper gives Diarmad the riddle
CHANGE	eras/age_I/events/08.json:$.title	the riddle	->	Tòimhseachan a' Choimhdich	|	The Keeper gives Diarmad the riddle
CHANGE	eras/age_I/events/08.json:$.summary	the mason's fire	->	Teine a' Chlachair	|	Asked why the mason's fire burned the colour out of ever
CHANGE	eras/age_I/events/08.json:$.summary	the Keeper	->	Coimhdeach na Fine	|	s fire burned the colour out of every coal alike, the Keeper answers that they are burned 
CHANGE	eras/age_I/events/08.json:$.summary	the riddle	->	Tòimhseachan a' Choimhdich	|	n one fire and none in its own, and gives Diarmad the riddle of the sky, the earth and the
CHANGE	eras/age_I/events/08.json:$.title	The Keeper	->	Coimhdeach na Fine	|	The Keeper leaves Diarmad by his dying f
CHANGE	eras/age_I/events/08.json:$.summary	the riddle	->	Tòimhseachan a' Choimhdich	|	When Diarmad calls the riddle no answer, the Keeper tells h
CHANGE	eras/age_I/events/08.json:$.summary	the Keeper	->	Coimhdeach na Fine	|	When Diarmad calls the riddle no answer, the Keeper tells him it is the one it wa
CHANGE	eras/age_I/events/08.json:$.title	the riddle	->	Tòimhseachan a' Choimhdich	|	Diarmad tries the riddle alone against sky, earth and 
CHANGE	eras/age_I/events/08.json:$.summary	the rainbow coal	->	gual bogha-froise	|	o leave the grove, Diarmad spends two days trying the rainbow coal by himself: held up to a gap 
CHANGE	eras/age_I/events/08.json:$.title	the riddle	->	Tòimhseachan a' Choimhdich	|	Diarmad speaks the riddle over the bare coal
CHANGE	eras/age_I/events/08.json:$.summary	the riddle's	->	Tòimhseachan a' Choimhdich's	|	On the second morning Diarmad kneels and speaks the riddle's words aloud over the coal lai
CHANGE	eras/age_I/events/08.json:$.summary	the riddle	->	Tòimhseachan a' Choimhdich	|	After two days failing to open the riddle alone, Diarmad banks his fire
CHANGE	eras/age_I/events/08.json:$.summary	the rainbow coal	->	gual bogha-froise	|	e alone, Diarmad banks his fire under turf, wraps the rainbow coal back against his chest, and s
CHANGE	eras/age_I/events/08.json:$.summary	the Telling of the Making	->	Aithris a' Chruthachaidh	|	high valleys on the evening of the third day with the Telling of the Making whole in him and the Keeper's
CHANGE	eras/age_I/events/08.json:$.summary	the Keeper's riddle	->	Tòimhseachan a' Choimhdich	|	y with the Telling of the Making whole in him and the Keeper's riddle unopened, not yet sure which 
CHANGE	eras/age_I/events/09.json:$.title	the Telling	->	Aithris a' Chruthachaidh	|	Diarmad tells the Telling at his own hearth
CHANGE	eras/age_I/events/09.json:$.summary	the Keeper	->	Coimhdeach na Fine	|	hìreach and tells the household the bones of what the Keeper gave him: the making of the i
CHANGE	eras/age_I/events/09.json:$.summary	the riddle	->	Tòimhseachan a' Choimhdich	|	ops of fire, the gift buried and thrown away, and the riddle of the sky, the earth and the
CHANGE	eras/age_I/events/09.json:$.summary	the Telling	->	Aithris a' Chruthachaidh	|	A kinsman of Tadhg's line by marriage laughs the Telling off as three days' talk with 
CHANGE	eras/age_I/events/09.json:$.summary	the Telling	->	Aithris a' Chruthachaidh	|	Told the Telling in full, alone, Diarmad's wif
CHANGE	eras/age_I/events/09.json:$.summary	the Telling	->	Aithris a' Chruthachaidh	|	Diarmad takes up a second labour beside the Telling, walking hearth to hearth amo
CHANGE	eras/age_I/events/09.json:$.summary	the night of the lightning	->	Oidhche an Dealanaich	|	On the night of the lightning Diarmad stands at his own hea
CHANGE	eras/age_I/events/09.json:$.summary	the Telling	->	Aithris a' Chruthachaidh	|	amh, unbelieving still, stands after him and says the Telling in full because a house shoul
CHANGE	eras/age_I/events/09.json:$.summary	the riddle's	->	Tòimhseachan a' Choimhdich's	|	Reasoning that the riddle's merging might mean the coals 
CHANGE	eras/age_I/events/09.json:$.title	the fire-pot	->	Poit an Teine	|	Fionnghuala dies keeping the fire-pot
CHANGE	eras/age_I/events/09.json:$.summary	the fire-pot	->	Poit an Teine	|	mad's mother Fionnghuala dies in her own bed with the fire-pot within reach of her hand, as 
CHANGE	eras/age_I/events/09.json:$.summary	the riddle	->	Tòimhseachan a' Choimhdich	|	eeping of the pot himself alongside the names and the riddle.
CHANGE	eras/age_I/events/09.json:$.title	The Telling	->	Aithris a' Chruthachaidh	|	The Telling carried to the northern moor
CHANGE	eras/age_I/events/09.json:$.summary	the Telling	->	Aithris a' Chruthachaidh	|	A fire-bearer who has heard the Telling three times at Tobar dhìreach
CHANGE	eras/age_I/events/09.json:$.summary	the Telling	->	Aithris a' Chruthachaidh	|	tells their daughter that she has come to believe the Telling without ever deciding to, the
CHANGE	eras/age_I/events/09.json:$.title	The Telling	->	Aithris a' Chruthachaidh	|	The Telling reaches the eastern hearths
CHANGE	eras/age_I/events/09.json:$.summary	the Telling	->	Aithris a' Chruthachaidh	|	's walk to the grove, traders carry some shape of the Telling to nearly every hearth of the
CHANGE	eras/age_I/events/09.json:$.summary	the fire-pot	->	Poit an Teine	|	Diarmad dies at his hearth with the fire-pot near him and the six dark coa
CHANGE	eras/age_I/events/09.json:$.title	the Telling	->	Aithris a' Chruthachaidh	|	Deirbhile fixes the Telling word for word
CHANGE	eras/age_I/events/09.json:$.summary	the Telling	->	Aithris a' Chruthachaidh	|	Diarmad's daughter Deirbhile, keeping the Telling more exactly than her father 
CHANGE	eras/age_I/events/09.json:$.title	The Telling	->	Aithris a' Chruthachaidh	|	The Telling said at an eastern hearth
CHANGE	eras/age_I/events/09.json:$.summary	the Telling	->	Aithris a' Chruthachaidh	|	 no claim on the Line beyond distant kinship says the Telling standing on the darkest night
CHANGE	eras/age_I/events/09.json:$.summary	the riddle	->	Tòimhseachan a' Choimhdich	|	he darkest night, and tells a child who asks what the riddle means that it is a question f
CHANGE	eras/age_I/events/09.json:$.summary	the Mason's	->	An Clachair's	|	s what the riddle means that it is a question for the Mason's own line to answer.
CHANGE	eras/age_I/events/10.json:$.title	the riddle	->	Tòimhseachan a' Choimhdich	|	The trying of the riddle is let rest at the mason's he
CHANGE	eras/age_I/events/10.json:$.summary	the Mason's line	->	Clann a' Chlachair	|	ave come out of every trial the same dull stones, the Mason's line lets the trying rest, the lea
CHANGE	eras/age_I/events/10.json:$.summary	the Mason's	->	An Clachair's	|	On the dark-of-the-year night the keeper of the Mason's hearth stands to say the fath
CHANGE	eras/age_I/events/10.json:$.summary	the riddle	->	Tòimhseachan a' Choimhdich	|	ithout any household sending word ahead, and says the riddle after as she has said it ever
CHANGE	eras/age_I/events/12.json:$.summary	the Mason's line	->	Clann a' Chlachair	|	Aodh is born into the Mason's line at Tobar dhìreach, into a hea
CHANGE	eras/age_I/events/12.json:$.summary	the Keeper's riddle	->	Tòimhseachan a' Choimhdich	|	bar dhìreach, into a hearth that has by then said the Keeper's riddle at every recital for near fiv
CHANGE	eras/age_I/events/12.json:$.summary	the gold coal	->	gual òir	|	for near five hundred years without once carrying the gold coal to the sea it is said to answ
CHANGE	eras/age_I/events/12.json:$.summary	the fire-pot	->	Poit an Teine	|	At twenty Aodh tells Muirgheal, keeper of the fire-pot at Tobar dhìreach, that he me
CHANGE	eras/age_I/events/12.json:$.summary	the gold coal	->	gual òir	|	ire-pot at Tobar dhìreach, that he means to carry the gold coal to the sea before another gen
CHANGE	eras/age_I/events/12.json:$.summary	the riddle	->	Tòimhseachan a' Choimhdich	|	ld coal to the sea before another generation lets the riddle lie; she does not laugh, and 
CHANGE	eras/age_I/events/12.json:$.title	The gold coal	->	Gual òir	|	The gold coal takes fire on the sea
CHANGE	eras/age_I/events/12.json:$.summary	the seven coals	->	na Seachd Guail	|	Aodh throws the seven coals of the vein into the sea one 
CHANGE	eras/age_I/events/12.json:$.summary	the Keeper's riddle	->	Tòimhseachan a' Choimhdich	|	five hundred years since the grove, and says that the Keeper's riddle is proved true: each coal ans
CHANGE	eras/age_I/events/12.json:$.summary	the gold coal's	->	gual òir's	|	 the recital after the fathers' names, telling of the gold coal's lighting on the northern sea;
CHANGE	eras/age_I/events/12.json:$.title	the gold coal	->	gual òir	|	Word of the gold coal spreads from Tobar dhìreach
CHANGE	eras/age_I/events/12.json:$.summary	the gold coal	->	gual òir	|	ìreach send someone to ask whether the telling of the gold coal is true, and for days the fir
CHANGE	eras/age_I/events/12.json:$.summary	the fire-pot's	->	Poit an Teine's	|	he telling of the gold coal is true, and for days the fire-pot's door stands open near the who
CHANGE	eras/age_I/events/12.json:$.summary	the fire-pot	->	Poit an Teine	|	Muirgheal, keeper of the fire-pot, dies an old woman having liv
CHANGE	eras/age_I/events/15.json:$.title	the fire-pot	->	Poit an Teine	|	Gormal takes up the fire-pot
CHANGE	eras/age_I/events/15.json:$.summary	the fire-pot	->	Poit an Teine	|	th of the one daughter who lived, Gormal takes up the fire-pot and the leather bag of the li
CHANGE	eras/age_I/events/15.json:$.summary	coloured coal	->	an gual dathach	|	up the fire-pot and the leather bag of the line's coloured coal from an aunt with no living d
CHANGE	eras/age_I/events/15.json:$.summary	the riddle	->	Tòimhseachan a' Choimhdich	|	Gormal rules that the fathers' names and the riddle after them be said standing e
CHANGE	eras/age_I/events/15.json:$.summary	the riddle	->	Tòimhseachan a' Choimhdich	|	fixed words, begins saying the fathers' names and the riddle to her own children in gentle
CHANGE	eras/age_I/events/15.json:$.summary	the riddle	->	Tòimhseachan a' Choimhdich	|	st dark-of-the-year night of her life Gormal says the riddle standing as she has said it e
CHANGE	eras/age_I/events/15.json:$.summary	the fire-pot	->	Poit an Teine	|	Gormal dies that winter in the house she kept the fire-pot in her whole life, her daught
CHANGE	eras/age_I/events/16.json:$.summary	the Mason's line	->	Clann a' Chlachair	|	A second son is born to the household of the Mason's line at Tobar dhìreach, three year
CHANGE	eras/age_I/events/16.json:$.summary	the Mason's line	->	Clann a' Chlachair	|	Fearghas is born at Tobar dhìreach into the Mason's line, growing up on Gormal's unset
CHANGE	eras/age_I/events/16.json:$.summary	the snowflake coal	->	gual sneachda	|	Before the brothers leave the summit where the snowflake coal has just taken fire in the fa
CHANGE	eras/age_I/events/16.json:$.summary	the Mason's line	->	Clann a' Chlachair	|	de it, the first stone set there by a hand not of the Mason's line, beginning a custom that outl
CHANGE	eras/age_I/events/16.json:$.summary	the slab	->	Leac na Fèithe	|	ight he had proved, and is buried within sight of the slab that covers the mason's vein 
CHANGE	eras/age_I/events/18.json:$.title	The outpost's	->	Làrach an Dùin-fhaire's	|	The outpost's wall dressed on its outer fac
CHANGE	eras/age_I/events/18.json:$.summary	the outpost's	->	Làrach an Dùin-fhaire's	|	The mason who sets the outpost's first course dresses its ston
CHANGE	eras/age_I/events/18.json:$.title	The outpost's	->	Làrach an Dùin-fhaire's	|	The outpost's gate hung
CHANGE	eras/age_I/events/18.json:$.summary	the outpost	->	Làrach an Dùin-fhaire	|	A heavy oaken gate is hung on a socketed post at the outpost, its single doorway facing in
CHANGE	eras/age_I/events/18.json:$.summary	the outpost	->	Làrach an Dùin-fhaire	|	A boy of the outpost raises the whole watch at dus
CHANGE	eras/age_I/events/18.json:$.summary	the outpost's	->	Làrach an Dùin-fhaire's	|	ly together; nothing is found by first light, and the outpost's watch is never again left to 
CHANGE	eras/age_I/events/19.json:$.summary	the outpost	->	Làrach an Dùin-fhaire	|	rs of trimmed timber, the same labour that raised the outpost wall and the fortress rings, 
CHANGE	eras/age_I/events/19.json:$.summary	the fortress	->	Làrach an Dùin	|	 the same labour that raised the outpost wall and the fortress rings, and set back from the 
CHANGE	eras/age_I/events/20.json:$.summary	the Telling	->	Aithris a' Chruthachaidh	|	hing hearth of the north-west shore, kin who keep the Telling as every hill hearth does but
CHANGE	eras/age_I/events/20.json:$.summary	the Telling's	->	Aithris a' Chruthachaidh's	|	ther plainly that he means to sail west and prove the Telling's word of a land beyond the sea
CHANGE	eras/age_I/events/21.json:$.summary	the Mason's line	->	Clann a' Chlachair	|	Brian, of the Mason's line, becomes known through the hi
CHANGE	eras/age_I/events/21.json:$.title	the mason's fire	->	Teine a' Chlachair	|	The black coal set in the mason's fire
CHANGE	eras/age_I/events/21.json:$.summary	the night of the lightning	->	Oidhche an Dealanaich	|	 a' Chlachair holds to have burned unbroken since the night of the lightning. It catches and burns on, and
CHANGE	eras/age_I/events/21.json:$.summary	the slab	->	Leac na Fèithe	|	 illness the valley can name. He is buried beside the slab at Tobar dhìreach, near the g
CHANGE	eras/age_I/events/22.json:$.summary	the Sea-Watcher	->	Uilebheist na Mara	|	creature has a name that will not leave it again: the Sea-Watcher. Not every hearth believes th
CHANGE	eras/age_I/events/22.json:$.summary	the Watcher's	->	Uilebheist na Mara's	|	em, but the water off the point is from that year the Watcher's water in every mouth, believe
CHANGE	eras/age_I/events/22.json:$.summary	the Watcher	->	Uilebheist na Mara	|	f their own hearth smoke. The loss is not laid to the Watcher, the water being the wrong wa
CHANGE	eras/age_I/events/22.json:$.summary	the Watcher's	->	Uilebheist na Mara's	|	n from the headland to boats working too far into the Watcher's water, Criomthann's warning w
CHANGE	eras/age_I/events/22.json:$.summary	the Watcher	->	Uilebheist na Mara	|	ving outlived every one of the four who first saw the Watcher rise. At his own asking he is
CHANGE	eras/age_I/events/22.json:$.title	the Watcher	->	Uilebheist na Mara	|	The widows name the Watcher
CHANGE	eras/age_I/events/22.json:$.summary	the Sea-Watcher	->	Uilebheist na Mara	|	 plainly, at every hearth that will hear it, that the Sea-Watcher has taken their seven boats. 
CHANGE	eras/age_I/events/22.json:$.summary	the Watcher's	->	Uilebheist na Mara's	|	boats. It is the first loss on that coast laid at the Watcher's door by name rather than only
CHANGE	eras/age_I/events/24.json:$.summary	the slab	->	Leac na Fèithe	|	n he showed them, the first word of the pit under the slab carried hearth to hearth the 
CHANGE	eras/age_I/events/24.json:$.summary	the Mason's kin	->	Clann a' Chlachair	|	One branch of the Mason's kin digs itself a covered hearth 
CHANGE	eras/age_I/events/24.json:$.summary	the slab	->	Leac na Fèithe	|	wo herders come down off the ridge, the pit under the slab is no longer a new thing spre
CHANGE	eras/age_I/events/25.json:$.summary	the glen of the stags	->	Gleann nan Damh	|	At the narrow turn of the glen of the stags, a white stag breaks from the
CHANGE	eras/age_I/events/25.json:$.summary	the holy wood	->	Coille Naomh Muileann chiar	|	e stags, a white stag breaks from the treeline of the holy wood rather than the open hill. Sa
CHANGE	eras/age_I/events/26.json:$.summary	the slab	->	Leac na Fèithe	|	Cormac digs a second, deeper hole beside the slab and lays the red-brown coal i
CHANGE	eras/age_I/events/26.json:$.title	The silver coal	->	Gual airgid	|	The silver coal carried to three rivers
CHANGE	eras/age_I/events/26.json:$.summary	the silver coal	->	gual airgid	|	In one summer Cormac carries the silver coal to three different rivers of 
CHANGE	eras/age_I/events/26.json:$.summary	the Keeper	->	Coimhdeach na Fine	|	pring, Cormac comes to think that the grove where the Keeper once stood may hold in its gr
CHANGE	eras/age_I/events/26.json:$.summary	the Mason's line	->	Clann a' Chlachair	|	which had long since stopped laughing at anything the Mason's line brought home from the grove, 
CHANGE	eras/age_I/events/26.json:$.summary	the night of the lightning	->	Oidhche an Dealanaich	|	At the next telling of the Line on the night of the lightning, Cormac holds up his scarred 
CHANGE	eras/age_I/events/26.json:$.summary	the silver coal	->	gual airgid	|	Cormac gives the silver coal over to a younger cousin to c
CHANGE	eras/age_I/events/26.json:$.summary	the fire-pot	->	Poit an Teine	|	in his two-and-seventieth year at Tobar dhìreach, the fire-pot burning near him as it burned
CHANGE	eras/age_I/events/26.json:$.summary	the silver coal	->	gual airgid	|	The leather bag with the silver coal, the coal that has never yet 
CHANGE	eras/age_I/events/26.json:$.summary	the rainbow coal	->	gual bogha-froise	|	e coal that has never yet been tried by fire, and the rainbow coal passes from Cormac's grave to
CHANGE	eras/age_I/events/28.json:$.title	the outpost's	->	Làrach an Dùin-fhaire's	|	A shepherd finds the outpost's gate blocked
CHANGE	eras/age_I/events/28.json:$.title	the outpost	->	Làrach an Dùin-fhaire	|	The shepherd's grandson finds the outpost empty
CHANGE	eras/age_I/events/28.json:$.summary	the outpost's	->	Làrach an Dùin-fhaire's	|	rst shepherd's grandson walks the full circuit of the outpost's low wall and finds nothing wi
CHANGE	eras/age_I/events/28.json:$.title	the fortress	->	Làrach an Dùin	|	A trader and two kinsmen find the fortress gate open and empty
CHANGE	eras/age_I/events/28.json:$.summary	the fortress's	->	Làrach an Dùin's	|	The youngest of the three, wandering apart toward the fortress's inner court, finds the great 
CHANGE	eras/age_I/events/29.json:$.title	the fortress	->	Làrach an Dùin	|	Fewer fires burn along the fortress wall
CHANGE	eras/age_I/events/29.json:$.summary	the fortress	->	Làrach an Dùin	|	The last of the coast-people still keeping the fortress finds every other fire along 
CHANGE	eras/age_I/events/29.json:$.title	The fortress	->	Làrach an Dùin	|	The fortress stands deserted
CHANGE	eras/age_I/events/29.json:$.title	the fortress	->	Làrach an Dùin	|	A shepherd finds the fortress gate standing open
CHANGE	eras/age_I/events/29.json:$.summary	the fortress	->	Làrach an Dùin	|	 than shepherds of that country commonly go finds the fortress gate open and unguarded a ful
CHANGE	eras/age_I/events/29.json:$.summary	the fortress	->	Làrach an Dùin	|	ver went up answers his grandson's question about the fortress only with the cold and the wi
CHANGE	eras/age_I/events/29.json:$.summary	the outpost	->	Làrach an Dùin-fhaire	|	With the outpost, the fortress and the temple 
CHANGE	eras/age_I/events/29.json:$.summary	the fortress	->	Làrach an Dùin	|	With the outpost, the fortress and the temple all stood empt
CHANGE	eras/age_I/events/30.json:$.summary	the fire-pot	->	Poit an Teine	|	ond child of the household that keeps the bag and the fire-pot at Tobar dhìreach, not first 
CHANGE	eras/age_I/events/30.json:$.title	The silver coal	->	Gual airgid	|	The silver coal carried to the home river and
CHANGE	eras/age_I/events/30.json:$.summary	the silver-sheen coal	->	gual airgid	|	In his first years of keeping Eòghann carries the silver-sheen coal to the Abhainn ghorm below To
CHANGE	eras/age_I/events/30.json:$.summary	the rainbow coal	->	gual bogha-froise	|	Eòghann throws the silver, the untried, and the rainbow coal into the grey swell off the n
CHANGE	eras/age_I/events/30.json:$.title	The silver coal	->	Gual airgid	|	The silver coal catches under the current
CHANGE	eras/age_I/events/30.json:$.summary	the silver-sheen coal	->	gual airgid	|	r at the crossing without weighing the throw, and the silver-sheen coal catches beneath the surface, 
CHANGE	eras/age_I/events/30.json:$.summary	the rainbow coal	->	gual bogha-froise	|	The untried coal and the rainbow coal are carried on past Eòghann b
CHANGE	eras/age_I/events/30.json:$.summary	the silver coal	->	gual airgid	|	hrown to it, and the valley names it gual airgid, the silver coal.
CHANGE	eras/age_I/events/30.json:$.summary	(appositive)	->	gual airgid	|	dropped the English gloss beside gual airgid
CHANGE	eras/age_I/events/30.json:$.title	the fire coal	->	gual teine	|	Eòghann tries the fire coal against flint
CHANGE	eras/age_I/events/30.json:$.summary	the fire coal	->	gual teine	|	In his later keeping Eòghann strikes the fire coal against flint more than once,
CHANGE	eras/age_I/events/30.json:$.summary	the fire-pot	->	Poit an Teine	|	s in his six-and-sixtieth year at Tobar dhìreach, the fire-pot burning near him, his last wo
CHANGE	eras/age_I/events/30.json:$.summary	the fire coal	->	gual teine	|	The leather bag, with the fire coal and the rainbow coal still un
CHANGE	eras/age_I/events/30.json:$.summary	the rainbow coal	->	gual bogha-froise	|	The leather bag, with the fire coal and the rainbow coal still unanswered, passes from
CHANGE	eras/age_I/events/31.json:$.summary	the ancient sea-way	->	Slighe-mhara àrsaidh	|	ear clear grooves into the flat landing-stones of the ancient sea-way along the south-east coast, s
CHANGE	eras/age_I/events/31.json:$.summary	the ancient sea-way	->	Slighe-mhara àrsaidh	|	A rower of the ancient sea-way carries his son in the bow th
CHANGE	eras/age_I/events/31.json:$.summary	the night of the lightning	->	Oidhche an Dealanaich	|	At the night of the lightning an old woman of the ford hear
CHANGE	eras/age_I/events/32.json:$.summary	the Mason's line	->	Clann a' Chlachair	|	ries the tale of Barabal's stained hearthstone to the Mason's line at Tobar dhìreach, and the wo
CHANGE	eras/age_I/events/32.json:$.summary	the coloured coal	->	an gual dathach	|	her own valley less as the woman who first burned the coloured coal than simply as an old grandmo
CHANGE	eras/age_I/events/32.json:$.summary	the Telling	->	Aithris a' Chruthachaidh	|	nts no fathers back to the mason, and grows up on the Telling as every child of the valleys
CHANGE	eras/age_I/events/32.json:$.summary	the Mason's line	->	Clann a' Chlachair	|	 dhìreach some fifteen years after it begins, and the Mason's line takes it as further proof tha
CHANGE	eras/age_I/events/32.json:$.summary	the night of the lightning	->	Oidhche an Dealanaich	|	At the gathering on the night of the lightning, Oscar of Àth gharbh calls th
CHANGE	eras/age_I/events/32.json:$.summary	the Mason's line	->	Clann a' Chlachair	|	night of the lightning, Oscar of Àth gharbh calls the Mason's line Luchd-ceasnachaidh a' Ghuail 
CHANGE	eras/age_I/events/32.json:$.summary	the Mason's line	->	Clann a' Chlachair	|	The households of the valleys take up calling the Mason's line simply Clann na Ceiste in the
CHANGE	eras/age_I/events/33.json:$.summary	the mason's fire	->	Teine a' Chlachair	|	nd the line holds the fire they name for its own, the mason's fire, while the broader script abo
CHANGE	eras/age_I/events/33.json:$.summary	the Telling	->	Aithris a' Chruthachaidh	|	h without ever holding its coals, and grows up on the Telling and the two new sayings both,
CHANGE	eras/age_I/events/34.json:$.summary	the field of the column	->	Achadh a' Chalbh	|	w pillar begin to call the rise Achadh a' Chalbh, the field of the column, a name that settles into use
CHANGE	eras/age_I/events/34.json:$.summary	(appositive)	->	Achadh a' Chalbh	|	dropped the English gloss beside Achadh a' Chalbh
CHANGE	eras/age_I/events/34.json:$.summary	the night of the lightning	->	Oidhche an Dealanaich	|	ome thirty households kept at Achadh a' Chalbh on the night of the lightning, an old woman of a neighbouri
CHANGE	eras/age_I/events/34.json:$.summary	the Telling's	->	Aithris a' Chruthachaidh's	|	ther before a crowd, and ties the third saying to the Telling's grass-people and the island a
CHANGE	eras/age_I/events/34.json:$.summary	the fire coal	->	gual teine	|	 keeper's own hearth, and a boy not yet six turns the fire coal in his fingers as he listens,
CHANGE	eras/age_I/events/34.json:$.summary	the Telling	->	Aithris a' Chruthachaidh	|	r children at her own hearth, tying it plainly to the Telling of the grass-people grown fro
CHANGE	eras/age_I/events/35.json:$.summary	the fire coal	->	gual teine	|	 at Tobar dhìreach, the only son of the keeper of the fire coal and the rainbow, and has the 
CHANGE	eras/age_I/events/35.json:$.summary	the fire coal	->	gual teine	|	 keeper of the fire coal and the rainbow, and has the fire coal in his hands from earliest ch
CHANGE	eras/age_I/events/35.json:$.summary	the fire coal	->	gual teine	|	nd chooses, unlike his father before him, to keep the fire coal near the hearth rather than c
CHANGE	eras/age_I/events/35.json:$.title	The fire coal	->	Gual teine	|	The fire coal put into the pot itself
CHANGE	eras/age_I/events/35.json:$.summary	the fire coal	->	gual teine	|	Seathan puts the fire coal into the fire the line holds 
CHANGE	eras/age_I/events/35.json:$.summary	the night of the lightning	->	Oidhche an Dealanaich	|	lds to be the mason's own, carried unbroken since the night of the lightning, and it lies dark and cool th
CHANGE	eras/age_I/events/35.json:$.summary	the fire coal	->	gual teine	|	On a warm evening Seathan, breaking the fire coal into dust between his fingers
CHANGE	eras/age_I/events/35.json:$.summary	the fire coal's	->	gual teine's	|	Seathan tells the fire coal's waking at the recital on the 
CHANGE	eras/age_I/events/35.json:$.summary	the night of the lightning	->	Oidhche an Dealanaich	|	an tells the fire coal's waking at the recital on the night of the lightning that same year, plainly, as h
CHANGE	eras/age_I/events/35.json:$.summary	the fire coal	->	gual teine	|	 valley begins to call the sixth coal gual teine, the fire coal.
CHANGE	eras/age_I/events/35.json:$.summary	(appositive)	->	gual teine	|	dropped the English gloss beside gual teine
CHANGE	eras/age_I/events/35.json:$.summary	the rainbow coal	->	gual bogha-froise	|	Seathan carries the rainbow coal to the northern shore in the 
CHANGE	eras/age_I/events/35.json:$.summary	the rainbow coal	->	gual bogha-froise	|	Seathan and Caitir carry the rainbow coal down to the crossing where th
CHANGE	eras/age_I/events/35.json:$.summary	the fire-pot	->	Poit an Teine	|	 his three-and-seventieth year at Tobar dhìreach, the fire-pot burning near him, asking at t
CHANGE	eras/age_I/events/35.json:$.summary	the fire coal	->	gual teine	|	-pot burning near him, asking at the last to hold the fire coal once more rather than the rai
CHANGE	eras/age_I/events/35.json:$.summary	the slab	->	Leac na Fèithe	|	reached before her, and is buried beside him near the slab.
CHANGE	eras/age_I/events/36.json:$.summary	the fire coal's	->	gual teine's	|	Word of the fire coal's waking spreads beyond the hil
CHANGE	eras/age_I/events/36.json:$.summary	the fire coal	->	gual teine	|	n's to Achadh a' Chalbh to say the recital naming the fire coal to a hillside of strangers ra
CHANGE	eras/age_I/events/36.json:$.summary	the rainbow coal	->	gual bogha-froise	|	The bag holding the rainbow coal, gual bogha-froise, passes do
CHANGE	eras/age_I/events/36.json:$.summary	(appositive)	->	gual bogha-froise	|	dropped the English gloss beside gual bogha-froise
CHANGE	eras/age_I/events/36.json:$.summary	the rainbow coal	->	gual bogha-froise	|	A keeper of Clann na Ceiste carries the rainbow coal north to the oak grove at Doi
CHANGE	eras/age_I/events/36.json:$.summary	the Keeper	->	Coimhdeach na Fine	|	ll fire as Diarmad once sat, waiting for any sign the Keeper gave before; the coal lies bl
CHANGE	eras/age_I/events/36.json:$.summary	the coloured coal	->	an gual dathach	|	oses into her dead child's hand the one sliver of the coloured coal her household still keeps, ov
CHANGE	eras/age_I/events/37.json:$.title	The shielings of the pass	->	Àirighean a' Bhealaich	|	The shielings of the pass stand empty
CHANGE	eras/age_I/events/37.json:$.summary	the fire-pot	->	Poit an Teine	|	A son is born to the household that keeps the fire-pot and the bag of coals, a big c
CHANGE	eras/age_I/events/38.json:$.summary	the rainbow coal	->	gual bogha-froise	|	ne walks the three days north to Doire ghlas with the rainbow coal, the first keeper to bring it
CHANGE	eras/age_I/events/38.json:$.summary	the Keeper	->	Coimhdeach na Fine	|	, the first keeper to bring it to the grove where the Keeper first spoke, and sits under t
CHANGE	eras/age_I/events/38.json:$.summary	the fire-pot	->	Poit an Teine	|	s widow, in the short time left to teach her, how the fire-pot is fed and the bag kept and w
CHANGE	eras/age_I/events/38.json:$.summary	the snowflake coal	->	gual sneachda	|	chair, Ailean climbs it in a bitter wind and lets the snowflake coal fall from the height of his o
CHANGE	eras/age_I/events/38.json:$.summary	the silver coal	->	gual airgid	|	s own cupped hands as Eòghann once did and throws the silver coal into the current; it takes fi
CHANGE	eras/age_I/events/38.json:$.title	the fire coal	->	gual teine	|	Ailean wakes the fire coal on his own doorstone
LEFT	eras/age_I/annals/age_I_01.json:EI-1053.title	the slab	(no "the" before it)	|	A palm laid on the cold slab
LEFT	eras/age_I/annals/age_I_03.json:EI-2054.title	the riddle	(no "the" before it)	|	A garbled riddle comes back from the east
LEFT	eras/age_I/annals/age_I_03.json:EI-2054.body	the riddle	(no "the" before it)	|	east gives Diarmad a telling of his own riddle in which the sea and the sky have chang
LEFT	eras/age_I/annals/age_I_04.json:EI-2505.title	the slab	(no "the" before it)	|	The first slab set on the worst scramble at Bral
LEFT	eras/age_I/annals/age_I_04.json:EI-2505.body	the slab	(no "the" before it)	|	n cliffs at Bral works a frost-loosened slab, over most of a season, into a single s
LEFT	eras/age_I/annals/age_I_04.json:EI-2510.body	the slab	(no "the" before it)	|	Cut a slab at a time in whatever season allows it,
LEFT	eras/age_I/annals/age_I_04.json:EI-2544.body	the seven coals	(no "the" before it)	|	 out alone from Tobar dhìreach with all seven coals of the vein wrapped against his chest, 
LEFT	eras/age_I/annals/age_I_05.json:EI-3008.body	the slab	(no "the" before it)	|	Twice a slab of the new ramp at Brenn settles crooke
LEFT	eras/age_I/annals/age_I_06.json:EI-3503.body	the riddle	(no "the" before it)	|	chair, growing up on Gormal's unsettled riddle of the three hills as every child of th
LEFT	eras/age_I/annals/age_I_06.json:EI-3540.body	the slab	(no "the" before it)	|	o the dune's slope, closed with a heavy slab; households after her keep her spacing 
LEFT	eras/age_I/annals/age_I_06.json:EI-3565.title	the slab	(no "the" before it)	|	The last slab of the kerbed way laid
LEFT	eras/age_I/annals/age_I_06.json:EI-3565.body	the slab	(no "the" before it)	|	The final slab of the track is set tilted rather than 
LEFT	eras/age_I/annals/age_I_07.json:EI-4001.body	the slab	(no "the" before it)	|	he slope below the height, bedding each slab before the next is set above it, the fi
LEFT	eras/age_I/annals/age_I_07.json:EI-4059.body	the night of the lightning	(no "the" before it)	|	At the next night of the lightning the reciter of the line adds the black 
LEFT	eras/age_I/annals/age_I_08.json:EI-4536.body	the slab	(no "the" before it)	|	ing fire into a pit and roofs it with a slab, showing no flame above ground. Mocked 
LEFT	eras/age_I/annals/age_I_08.json:EI-4540.body	the slab	(no "the" before it)	|	h a blind angled shaft down to it and a slab dragged over the top, and sleeps beside
LEFT	eras/age_I/annals/age_I_09.json:EI-5023.body	the fire-pot	(no "the" before it)	|	rth and, as they grow old together, his fire-pot and his temper both.
LEFT	eras/age_I/annals/age_I_09.json:EI-5035.body	the night of the lightning	(no "the" before it)	|	At the next night of the lightning Cormac stands at the hearth with his sc
LEFT	eras/age_I/annals/age_I_10.json:EI-5535.body	the fire-pot	(no "the" before it)	|	l of the lake-shore line, who keeps his fire-pot and his hearth through the long absence
LEFT	eras/age_I/annals/age_I_10.json:EI-5561.body	the fire-pot	(no "the" before it)	|	Tobar dhìreach, of no line that keeps a fire-pot or counts fathers back to the mason by 
LEFT	eras/age_I/annals/age_I_10.json:EI-5565.body	the night of the lightning	(no "the" before it)	|	The name Clann nan Dè is said the next night of the lightning at hearths that were not at the western
LEFT	eras/age_I/annals/age_I_11.json:EI-6004.body	the fire-pot	(no "the" before it)	|	the crack, to a household that keeps no fire-pot and counts no fathers back to the mason
LEFT	eras/age_I/annals/age_I_11.json:EI-6008.body	the coloured coal	(no "the" before it)	|	rivate habit of rubbing a little broken coloured coal into the wrapping wool of some of her d
LEFT	eras/age_I/annals/age_I_11.json:EI-6009.body	the coloured coal	(no "the" before it)	|	 takes it as further proof that its own coloured coal is no longer the only piece the valleys
LEFT	eras/age_I/annals/age_I_11.json:EI-6035.body	the riddle	(no "the" before it)	|	r her fire is some new trial of the old riddle, Mòrnait answers that the stone asked o
LEFT	eras/age_I/annals/age_I_12.json:EI-6571.body	the slab	(no "the" before it)	|	n digs a grave-deep hole beside the old slab at Tobar dhìreach, lays the black coal 
LEFT	eras/age_I/annals/age_I_12.json:EI-6575.body	the fire coal	(no "the" before it)	|	naps his fingers over dust from the old fire coal without meaning to try anything, as Sea
LEFT	eras/age_I/annals/age_I_12.json:EI-6576.body	the rainbow coal	(no "the" before it)	|	 pole across his shoulders and the dark rainbow coal wrapped against his chest, with Lìobhan
LEFT	eras/age_I/book/01_of_the_mason_and_the_lightning.md:86	the slab	(no "the" before it)	|	He set it on the flat slab. He drew his cloak from around his shou
LEFT	eras/age_I/book/03_of_the_three_wells_and_the_slab.md:71	the slab	(no "the" before it)	|	t his own wedges from, long ago, a flat slab broader than a grown man lying full len
LEFT	eras/age_I/book/03_of_the_three_wells_and_the_slab.md:75	the slab	(no "the" before it)	|	's throw off, sealed and silent under a slab no one drew water beside.
LEFT	eras/age_I/book/08_of_the_keeper_in_the_grove.md:47	the godfolk	(no "the" before it)	|	e island at all, and a child of the old godfolk standing in the raw bank with her cloak
LEFT	eras/age_I/book/08_of_the_keeper_in_the_grove.md:98	the riddle	(no "the" before it)	|	else on the island had ever heard and a riddle he could not open, and he did not yet k
LEFT	eras/age_I/book/09_of_the_counting_of_the_fathers.md:33	the riddle	(no "the" before it)	|	 years he spent gathering names, that a riddle which spoke of three spirits and their 
LEFT	eras/age_I/book/09_of_the_counting_of_the_fathers.md:43	the riddle	(no "the" before it)	|	own from the east, a version of his own riddle so garbled that the sea and the sky had
LEFT	eras/age_I/book/09_of_the_counting_of_the_fathers.md:57	the fire-pot	(no "the" before it)	|	 that year, to a household that kept no fire-pot and no bag of coloured coals and no cla
LEFT	eras/age_I/book/10_of_the_mole_and_the_steps.md:29	the slab	(no "the" before it)	|	to fix, who first set her shoulder to a slab loosened already by frost and worked it
LEFT	eras/age_I/book/10_of_the_mole_and_the_steps.md:31	the slab	(no "the" before it)	|	hen the grazing wanted less watching, a slab worked loose and dressed rough with a h
LEFT	eras/age_I/book/10_of_the_mole_and_the_steps.md:31	the slab	(no "the" before it)	|	ll, for the stone did not always give a slab where a slab was wanted, and a househol
LEFT	eras/age_I/book/10_of_the_mole_and_the_steps.md:31	the slab	(no "the" before it)	|	tone did not always give a slab where a slab was wanted, and a household with sickne
LEFT	eras/age_I/book/10_of_the_mole_and_the_steps.md:33	the slab	(no "the" before it)	|	em, not the woman who had cut the first slab nor any who came after her, had ever go
LEFT	eras/age_I/book/10_of_the_mole_and_the_steps.md:35	the slab	(no "the" before it)	|	emoved from the woman who set the first slab, and not one of the three generations b
LEFT	eras/age_I/book/10_of_the_mole_and_the_steps.md:47	the coloured coal	(no "the" before it)	|	e being cut at Bral, the leather bag of coloured coal hung at the hearth of Clann a' Chlachai
LEFT	eras/age_I/book/13_of_the_kilns_the_ramps_and_the_houses_on_the_water.md:41	the slab	(no "the" before it)	|	years the telling follows its laying, a slab set well enough by daylight was found i
LEFT	eras/age_I/book/13_of_the_kilns_the_ramps_and_the_houses_on_the_water.md:67	the gold coal	(no "the" before it)	|	er bag and told, at every recital, of a gold coal that had taken fire on the sea and six 
LEFT	eras/age_I/book/15_of_the_lean_years_of_the_line.md:65	the slab	(no "the" before it)	|	e work went as such work always went: a slab judged and levered and set, a length of
LEFT	eras/age_I/book/17_of_the_cliff_house_and_the_curved_mole.md:51	the slab	(no "the" before it)	|	ore it dried, and closed at last with a slab of flat stone heavy enough that no fox 
LEFT	eras/age_I/book/17_of_the_cliff_house_and_the_curved_mole.md:61	the slab	(no "the" before it)	|	 before they were set; others, where no slab of the right size could be got whole, w
LEFT	eras/age_I/book/17_of_the_cliff_house_and_the_curved_mole.md:61	the slab	(no "the" before it)	|	harder seal to keep sound than a single slab but one that let a household close a pi
LEFT	eras/age_I/book/18_of_the_outpost_and_the_three_rings.md:55	the slab	(no "the" before it)	|	d the crew that closed it set its final slab, by every account that has come down wh
LEFT	eras/age_I/book/18_of_the_outpost_and_the_three_rings.md:55	the slab	(no "the" before it)	|	n the ground's own lie under that final slab, is not remembered by any name the tell
LEFT	eras/age_I/book/18_of_the_outpost_and_the_three_rings.md:61	the slab	(no "the" before it)	|	 climbing the spur by the year the last slab of the track was laid, and a child born
LEFT	eras/age_I/book/18_of_the_outpost_and_the_three_rings.md:63	the slab	(no "the" before it)	|	her way, up the track's own tilted last slab and past it, toward the high pale count
LEFT	eras/age_I/book/19_of_the_altar_and_the_shafts.md:12	the slab	(no "the" before it)	|	The last slab of the kerbed track had lain a bare sea
LEFT	eras/age_I/book/19_of_the_altar_and_the_shafts.md:26	the slab	(no "the" before it)	|	sehold piling wall on open ground, each slab bedded and levelled before the next was
LEFT	eras/age_I/book/19_of_the_altar_and_the_shafts.md:26	the slab	(no "the" before it)	|	to have refused more than once to let a slab go into place before he had knelt on it
LEFT	eras/age_I/book/21_of_brian_and_the_buried_five.md:17	the riddle	(no "the" before it)	|	and times before he understood it was a riddle and not merely a saying:
LEFT	eras/age_I/book/21_of_brian_and_the_buried_five.md:66	the slab	(no "the" before it)	|	the grass a stone's throw from the flat slab that covered the vein.
LEFT	eras/age_I/book/21_of_brian_and_the_buried_five.md:82	the fire-pot	(no "the" before it)	|	he could see, for she had kept coal and fire-pot both across sixty years and knew better
LEFT	eras/age_I/book/21_of_brian_and_the_buried_five.md:106	the night of the lightning	(no "the" before it)	|	t the recital that was said on the next night of the lightning, the reciter of the line, coming to the
LEFT	eras/age_I/book/23_of_the_lee_of_the_headlands_and_the_writing_in_the_hills.md:69	the slab	(no "the" before it)	|	rst time and roofed it over with a flat slab lifted on two low stones, so that no fl
LEFT	eras/age_I/book/24_of_the_covered_hearths_and_the_nine.md:7	the slab	(no "the" before it)	|	fire into the ground and roof it with a slab had by then been dead two generations, 
LEFT	eras/age_I/book/24_of_the_covered_hearths_and_the_nine.md:11	the slab	(no "the" before it)	|	k in a clay-lined pit and lidded with a slab no fox or badger had ever worked loose.
LEFT	eras/age_I/book/24_of_the_covered_hearths_and_the_nine.md:17	the slab	(no "the" before it)	|	s for the purpose, he laid a great flat slab dragged down from the scree on a hide s
LEFT	eras/age_I/book/24_of_the_covered_hearths_and_the_nine.md:29	the slab	(no "the" before it)	|	h home from the grove, been put under a slab or a skin or anything else that stood b
LEFT	eras/age_I/book/26_of_cormac_of_the_misstrike.md:13	the riddle	(no "the" before it)	|	alked to the grove and came back with a riddle and no answer, the sea that had taken t
LEFT	eras/age_I/book/26_of_cormac_of_the_misstrike.md:17	the Telling	(no "the" before it)	|	ind talked and come back with the whole Telling and Tòimhseachan a' Choimhdich both; th
LEFT	eras/age_I/book/26_of_cormac_of_the_misstrike.md:61	the Telling	(no "the" before it)	|	 had tried the first month. He did not. Telling it after, he said that something in him
LEFT	eras/age_I/book/26_of_cormac_of_the_misstrike.md:69	the night of the lightning	(no "the" before it)	|	At the recital that was said the next night of the lightning, he stood at the hearth at Tobar dhìrea
LEFT	eras/age_I/book/28_of_the_warm_springs_and_the_walled_gate.md:9	the slab	(no "the" before it)	|	and on the shelf they set stone basins, slab fitted to slab and the joints packed wi
LEFT	eras/age_I/book/28_of_the_warm_springs_and_the_walled_gate.md:9	the slab	(no "the" before it)	|	f they set stone basins, slab fitted to slab and the joints packed with clay, three 
LEFT	eras/age_I/book/30_of_eoghann_at_the_river.md:7	the Keeper	(no "the" before it)	|	a name to and answered to none of them. Keeper had followed keeper in that time, more 
LEFT	eras/age_I/book/30_of_eoghann_at_the_river.md:15	the fire-pot	(no "the" before it)	|	hore line named Dearbhail, who kept his fire-pot fed and his supper warm through absence
LEFT	eras/age_I/book/30_of_eoghann_at_the_river.md:15	the fire-pot	(no "the" before it)	|	ng into; her own grandmother had kept a fire-pot for a lesser household two valleys off,
LEFT	eras/age_I/book/31_of_the_shore_the_sea_way_and_the_godkin.md:21	the slab	(no "the" before it)	|	hand had set the whole of it down; each slab, by the plainest reading anyone gave it
LEFT	eras/age_I/book/31_of_the_shore_the_sea_way_and_the_godkin.md:41	the fire-pot	(no "the" before it)	|	 own line, nor of any house that kept a fire-pot or a bag of dark coals against its own 
LEFT	eras/age_I/book/31_of_the_shore_the_sea_way_and_the_godkin.md:43	the riddle	(no "the" before it)	|	he living, and heard after it the older riddle of the sky and the earth and the sea th
LEFT	eras/age_I/book/31_of_the_shore_the_sea_way_and_the_godkin.md:45	the riddle	(no "the" before it)	|	em come for the one telling and the one riddle and the one night's watch against a dar
LEFT	eras/age_I/book/31_of_the_shore_the_sea_way_and_the_godkin.md:51	the fire-pot	(no "the" before it)	|	enough; she was of no house that kept a fire-pot, and no line that counted fathers back 
LEFT	eras/age_I/book/31_of_the_shore_the_sea_way_and_the_godkin.md:53	the night of the lightning	(no "the" before it)	|	ound herself using it still at the next night of the lightning, and heard others near her using it too
LEFT	eras/age_I/book/32_of_the_sliver_at_ath_gharbh_and_the_name_of_the_line.md:16	the riddle	(no "the" before it)	|	ng this shore and that height against a riddle none of them could answer. It had never
LEFT	eras/age_I/book/32_of_the_sliver_at_ath_gharbh_and_the_name_of_the_line.md:30	the fire-pot	(no "the" before it)	|	en miles west of the crack that kept no fire-pot and counted no fathers back to any maso
LEFT	eras/age_I/book/32_of_the_sliver_at_ath_gharbh_and_the_name_of_the_line.md:58	the riddle	(no "the" before it)	|	athers' names said standing and the old riddle taken up again and laid down again unan
LEFT	eras/age_I/book/33_of_fire_in_the_stone.md:9	the slab	(no "the" before it)	|	 it that he could see, a single upright slab taller than a man with his arm raised, 
LEFT	eras/age_I/book/33_of_fire_in_the_stone.md:23	the riddle	(no "the" before it)	|	e marks. How that came to be known is a riddle, as the knowing of the lines in the Doi
LEFT	eras/age_I/book/33_of_fire_in_the_stone.md:53	the riddle	(no "the" before it)	|	l of the fathers and the old unanswered riddle of the coals.
LEFT	eras/age_I/book/33_of_fire_in_the_stone.md:73	the riddle	(no "the" before it)	|	of the keeping, a fire that answered no riddle and proved no coal and asked, of anyone
LEFT	eras/age_I/book/38_of_ailean_son_of_suibhne.md:17	the fire coal	(no "the" before it)	|	wo coals from his own father's death, a fire coal grown ordinary through generations of h
LEFT	eras/age_I/book/38_of_ailean_son_of_suibhne.md:45	the slab	(no "the" before it)	|	y for it, digging a hole beside the old slab as deep as a grave in the last week bef
LEFT	eras/age_I/book/38_of_ailean_son_of_suibhne.md:51	the fire coal	(no "the" before it)	|	stone with the last fragment of the old fire coal crumbling to dust between his fingers a
LEFT	eras/age_I/book/38_of_ailean_son_of_suibhne.md:69	the seven coals	(no "the" before it)	|	 time since the making of the world all seven coals of the island burned together, each out
LEFT	eras/age_I/gazetteer/01_the_west_and_the_north.json:328.history	the slab	(no "the" before it)	|	flat stone from the shore into the sea, slab after slab, each one bedded on the one 
LEFT	eras/age_I/gazetteer/01_the_west_and_the_north.json:328.history	the slab	(no "the" before it)	|	from the shore into the sea, slab after slab, each one bedded on the one below and r
LEFT	eras/age_I/gazetteer/01_the_west_and_the_north.json:328.history	the slab	(no "the" before it)	|	nd relaid where the sea shifted it; one slab was relaid twice before it held. When t
LEFT	eras/age_I/gazetteer/01_the_west_and_the_north.json:47.history	the slab	(no "the" before it)	|	b alone. Then a household set the first slab on the worst of the scramble, and after
LEFT	eras/age_I/gazetteer/01_the_west_and_the_north.json:127.history	the slab	(no "the" before it)	|	om a bank upstream and lidded it with a slab, and stored dried fish in it through a 
LEFT	eras/age_I/gazetteer/04_the_hearths_of_the_hill_folk.json:276.history	the slab	(no "the" before it)	|	would not let it be dug further: a flat slab was laid over the broken vein, no water
LEFT	eras/age_I/gazetteer/04_the_hearths_of_the_hill_folk.json:454.history	the coloured coal	(no "the" before it)	|	es of red deer about them; there was no coloured coal in them. Deer were hunted by torch acro
LEFT	eras/age_I/gazetteer/04_the_hearths_of_the_hill_folk.json:1007.history	the slab	(no "the" before it)	|	ug the first pit-hearth, a fire under a slab at the foot of a slanting shaft bent ne
LEFT	eras/age_I/appendices/A_the_line_of_the_mason.md:3	the annals	(another thing of the same English name)	|	years beside each name are the years of the annals of this volume; no one living in the ag
LEFT	eras/age_I/appendices/A_the_line_of_the_mason.md:3	Appendix C	(another thing of the same English name)	|	 living in the age counted them so, and Appendix C tells how they did count.
LEFT	eras/age_I/appendices/A_the_line_of_the_mason.md:32	the seven coals	(no "the" before it)	|	. At Muirgheal's bidding he carried all seven coals down to the northern shore, slept a nig
LEFT	eras/age_I/appendices/A_the_line_of_the_mason.md:68	the annals	(another thing of the same English name)	|	| Father | Place in the Line | Years (annals) | Age at death | Coal |
LEFT	eras/age_I/appendices/B_the_telling_the_riddle_and_the_lightings.md:3	Appendix A	(another thing of the same English name)	|	w out of them: the Line of the fathers (Appendix A), Aithris a' Chruthachaidh, and Tòimhse
LEFT	eras/age_I/appendices/B_the_telling_the_riddle_and_the_lightings.md:26	the Annals	(another thing of the same English name)	|	| Coal | Holds | Lit by | Where | How | Annals |
LEFT	eras/age_I/appendices/B_the_telling_the_riddle_and_the_lightings.md:41	Appendix A	(another thing of the same English name)	|	 and was kept by the women of the line (Appendix A). The bag is a pouch of greased leather
LEFT	eras/age_I/appendices/B_the_telling_the_riddle_and_the_lightings.md:59	the riddle	(no "the" before it)	|	s came to be known at every hearth is a riddle the tellings leave as they found it; kn
LEFT	eras/age_I/appendices/C_the_count_of_fathers.md:3	the annals	(another thing of the same English name)	|	ng was said at any hearth. The dates in the annals of this volume, from 20 am Faoilleach V
LEFT	eras/age_I/appendices/C_the_count_of_fathers.md:3	the annals	(another thing of the same English name)	|	VE 5,324 in the grove, are the dates of the annals of the island, set against its master r
LEFT	eras/age_I/appendices/C_the_count_of_fathers.md:7	the annals	(another thing of the same English name)	|	named fathers, set against the years of the annals, stand spaced as the recital says (Appe
LEFT	eras/age_I/appendices/C_the_count_of_fathers.md:7	Appendix A	(another thing of the same English name)	|	nals, stand spaced as the recital says (Appendix A).
LEFT	eras/age_I/appendices/C_the_count_of_fathers.md:11	the annals	(another thing of the same English name)	|	s volume for the people of the line are the annals' ages; the households themselves would 
LEFT	eras/age_I/appendices/C_the_count_of_fathers.md:17	the annals	(another thing of the same English name)	|	The dates of the annals name the months, from am Faoilleach in 
LEFT	eras/age_I/appendices/C_the_count_of_fathers.md:45	the annals	(another thing of the same English name)	|	 or in the seasons of the beasts. Where the annals give a year, it is the annals' own year
LEFT	eras/age_I/appendices/C_the_count_of_fathers.md:45	the annals	(another thing of the same English name)	|	ts. Where the annals give a year, it is the annals' own year. The two do not quarrel: a fa
LEFT	eras/age_I/appendices/C_the_count_of_fathers.md:45	the annals	(another thing of the same English name)	|	 in the recital is about twenty-five of the annals' years, a lifetime some sixty to sevent
LEFT	eras/age_I/appendices/D_the_peoples_of_the_shore_and_the_hills.md:30	the outpost	(no "the" before it)	|	 from the shore. They raised the walled outpost of Làrach an Dùin-fhaire on a spur abov
LEFT	eras/age_I/appendices/E_of_fears_beasts_and_holy_places.md:9	the riddle	(no "the" before it)	|	en none of them could read a sign, is a riddle; known it was, and told the same way at
LEFT	eras/age_I/appendices/E_of_fears_beasts_and_holy_places.md:9	the slab	(no "the" before it)	|	 the first pit-hearth, the fire under a slab at the foot of a slanting shaft bent ne
LEFT	eras/age_I/appendices/E_of_fears_beasts_and_holy_places.md:37	Appendix B	(another thing of the same English name)	|	e beside it and no water drawn near it (Appendix B).
LEFT	eras/age_I/appendices/E_of_fears_beasts_and_holy_places.md:49	Appendix B	(another thing of the same English name)	|	ng-ground of Achadh a' Chalbh about it (Appendix B).
LEFT	eras/age_I/events/10.json:$.title	the slab	(no "the" before it)	|	The first slab set on the worst scramble at Bral
LEFT	eras/age_I/events/10.json:$.summary	the slab	(no "the" before it)	|	n cliffs at Bral works a frost-loosened slab, over most of a season, into a single s
LEFT	eras/age_I/events/10.json:$.summary	the slab	(no "the" before it)	|	Cut a slab at a time in whatever season allows it,
LEFT	eras/age_I/events/12.json:$.summary	the seven coals	(no "the" before it)	|	 out alone from Tobar dhìreach with all seven coals of the vein wrapped against his chest, 
LEFT	eras/age_I/events/13.json:$.summary	the slab	(no "the" before it)	|	Twice a slab of the new ramp at Brenn settles crooke
LEFT	eras/age_I/events/16.json:$.summary	the riddle	(no "the" before it)	|	 line, growing up on Gormal's unsettled riddle of the three hills as every child of th
LEFT	eras/age_I/events/17.json:$.summary	the slab	(no "the" before it)	|	o the dune's slope, closed with a heavy slab; households after her keep her spacing 
LEFT	eras/age_I/events/18.json:$.title	the slab	(no "the" before it)	|	The last slab of the kerbed way laid
LEFT	eras/age_I/events/18.json:$.summary	the slab	(no "the" before it)	|	The final slab of the track is set tilted rather than 
LEFT	eras/age_I/events/19.json:$.summary	the slab	(no "the" before it)	|	he slope below the height, bedding each slab before the next is set above it, the fi
LEFT	eras/age_I/events/21.json:$.summary	the night of the lightning	(no "the" before it)	|	At the next night of the lightning the reciter of the line adds the black 
LEFT	eras/age_I/events/23.json:$.summary	the slab	(no "the" before it)	|	ing fire into a pit and roofs it with a slab, showing no flame above ground. Mocked 
LEFT	eras/age_I/events/24.json:$.summary	the slab	(no "the" before it)	|	h a blind angled shaft down to it and a slab dragged over the top, and sleeps beside
LEFT	eras/age_I/events/26.json:$.summary	the fire-pot	(no "the" before it)	|	eps his hearth and, in later years, his fire-pot and his temper both.
LEFT	eras/age_I/events/28.json:$.summary	the fortress	(no "the" before it)	|	er kinsmen for company, finds the great fortress's gate standing open and unguarded after 
LEFT	eras/age_I/events/29.json:$.summary	the fortress	(no "the" before it)	|	gain along the middle wall of the great fortress, its cistern already fouled past drawin
LEFT	eras/age_I/events/30.json:$.summary	the fire-pot	(no "the" before it)	|	e of the lake-shore line, who keeps his fire-pot and his hearth through the long absence
LEFT	eras/age_I/events/31.json:$.summary	the fortress	(no "the" before it)	|	milies once drifted down from the empty fortress and outpost to settle at the shore, who
LEFT	eras/age_I/events/31.json:$.summary	the outpost	(no "the" before it)	|	rifted down from the empty fortress and outpost to settle at the shore, whole kin-group
LEFT	eras/age_I/events/31.json:$.summary	the fire-pot	(no "the" before it)	|	Tobar dhìreach, of no line that keeps a fire-pot or counts fathers back to the mason by 
LEFT	eras/age_I/events/32.json:$.summary	the fire-pot	(no "the" before it)	|	the crack, to a household that keeps no fire-pot and counts no fathers back to the mason
LEFT	eras/age_I/events/32.json:$.summary	the coloured coal	(no "the" before it)	|	rivate habit of rubbing a little broken coloured coal into the wrapping wool of some of her d
LEFT	eras/age_I/events/32.json:$.summary	the coloured coal	(no "the" before it)	|	 takes it as further proof that its own coloured coal is no longer the only piece the valleys
LEFT	eras/age_I/events/33.json:$.summary	the riddle	(no "the" before it)	|	r her fire is some new trial of the old riddle, Mòrnait answers that the stone asked o
LEFT	eras/age_I/events/38.json:$.summary	the slab	(no "the" before it)	|	n digs a grave-deep hole beside the old slab at Tobar dhìreach, lays the black coal 
LEFT	eras/age_I/events/38.json:$.summary	the fire coal	(no "the" before it)	|	naps his fingers over dust from the old fire coal without meaning to try anything, as Sea
LEFT	eras/age_I/events/38.json:$.summary	the rainbow coal	(no "the" before it)	|	 pole across his shoulders and the dark rainbow coal wrapped against his chest, with Lìobhan
