# run 2026-09-26 01:22: 1369 changes, 98 left
CHANGE	eras/age_VII/annals/age_VII_01.json:EVII-1015.title	The Còmhrag	->	Còmhrag Ceann leathan	|	The Còmhrag fought on dust
CHANGE	eras/age_VII/annals/age_VII_01.json:EVII-1015.body	The Còmhrag	->	Còmhrag Ceann leathan	|	The Còmhrag at Ceann leathan is fought in
CHANGE	eras/age_VII/annals/age_VII_01.json:EVII-1028.body	Sloc Mòr	->	An Sloc Mòr	|	at Caol mhòr Iain Ruadh mac Nèill lays a thumb of Sloc Mòr coal from his sample-tin on t
CHANGE	eras/age_VII/annals/age_VII_01.json:EVII-1031.body	The Hewers	->	Comann nan Gualadairean	|	The Hewers' bath-house at the hot spring
CHANGE	eras/age_VII/annals/age_VII_01.json:EVII-1031.body	the hot springs	->	Fuarain Theth Muileann ruadh	|	The Hewers' bath-house at the hot springs below Muileann ruadh lets its
CHANGE	eras/age_VII/annals/age_VII_01.json:EVII-1033.title	The fair court	->	Cùirt na Fèille	|	The fair court gives up its coal ceiling
CHANGE	eras/age_VII/annals/age_VII_01.json:EVII-1033.body	the fair court	->	Cùirt na Fèille	|	 cartload Fionnlagh mac Gille-Chaluim, justice of the fair court at Muileann òg, scrapes the c
CHANGE	eras/age_VII/annals/age_VII_01.json:EVII-1034.title	the fair road	->	Rathad na Fèille	|	The coal carter of the fair road sells his cart
CHANGE	eras/age_VII/annals/age_VII_01.json:EVII-1034.body	the fair road	->	Rathad na Fèille	|	Uilleam mac Dhùghaill, who has carried coal down the fair road from the yards of Cathair dhe
CHANGE	eras/age_VII/annals/age_VII_01.json:EVII-1035.body	The fair court	->	Cùirt na Fèille	|	em one at a time from the step of the toll-house. The fair court allows it, having no rule aga
CHANGE	eras/age_VII/annals/age_VII_01.json:EVII-1037.body	the fair court	->	Cùirt na Fèille	|	Ùna nic Ailein, clerk of the fair court, goes up to Cathair dhearg wi
CHANGE	eras/age_VII/annals/age_VII_01.json:EVII-1039.body	the fair road	->	Rathad na Fèille	|	Sultain the first coin of the new dies comes down the fair road in the purses of carriers and
CHANGE	eras/age_VII/annals/age_VII_01.json:EVII-1041.title	the fair court	->	Cùirt na Fèille	|	Black cake entered at the fair court
CHANGE	eras/age_VII/annals/age_VII_01.json:EVII-1042.title	the fair court's	->	Cùirt na Fèille's	|	The foot of the fair court's year
CHANGE	eras/age_VII/annals/age_VII_01.json:EVII-1042.body	the fair court	->	Cùirt na Fèille	|	In the last week of an Dàmhair the clerk of the fair court reckons the year. Under the t
CHANGE	eras/age_VII/annals/age_VII_01.json:EVII-1044.title	The fair court's	->	Cùirt na Fèille's	|	The fair court's winter sitting
CHANGE	eras/age_VII/annals/age_VII_01.json:EVII-1044.body	The fair court	->	Cùirt na Fèille	|	The fair court at Muileann òg sits its winte
CHANGE	eras/age_VII/annals/age_VII_02.json:EVII-1516.body	the Severance	->	An Dealachadh	|	he barracks at Inis mhòr, empty of soldiers since the Severance, are let by the maor to the f
CHANGE	eras/age_VII/annals/age_VII_02.json:EVII-1530.title	The Seann Skell works	->	Obair-dhubhain Seann Skell	|	The Seann Skell works watch the guild court
CHANGE	eras/age_VII/annals/age_VII_03.json:EVII-2014.body	Seann Skell works	->	Obair-dhubhain Seann Skell	|	learn the new engine. Two fitters of the southern Seann Skell works teach him, one of them a Tuat
CHANGE	eras/age_VII/annals/age_VII_03.json:EVII-2025.body	Seann Skell works	->	Obair-dhubhain Seann Skell	|	ll their teams and take lorries from the southern Seann Skell works against the price, the rest t
CHANGE	eras/age_VII/annals/age_VII_03.json:EVII-2036.title	The Guild of Hewers	->	Comann nan Gualadairean	|	The Guild of Hewers' hall at Achadh dhomhain for 
CHANGE	eras/age_VII/annals/age_VII_03.json:EVII-2036.body	The Guild of Hewers	->	Comann nan Gualadairean	|	The Guild of Hewers, its rolls too thin to keep i
CHANGE	eras/age_VII/annals/age_VII_03.json:EVII-2038.body	the houses of the Rite	->	Deas-ghnàth a' Ghuail	|	that drew the Àrd-choimheadaiche's carriage among the houses of the Rite, failing in wind on the hill 
CHANGE	eras/age_VII/annals/age_VII_03.json:EVII-2052.body	the Mine Board	->	Comhairle nam Mèinnean	|	A surveyor of the Mine Board walks the last working face a
CHANGE	eras/age_VII/annals/age_VII_03.json:EVII-2054.body	the Guild of Hewers	->	Comann nan Gualadairean	|	Tormod mac Dhonnchaidh, master of the Guild of Hewers, goes door to door through th
CHANGE	eras/age_VII/annals/age_VII_03.json:EVII-2060.body	the Hewers' Row	->	Sreath nan Gualadairean	|	en takes on only two or three of the young men of the Hewers' Row that winter. Most of the hous
CHANGE	eras/age_VII/annals/age_VII_03.json:EVII-2061.body	the Hewers' Row	->	Sreath nan Gualadairean	|	Walking the frozen street of the Hewers' Row with Gilleasbaig Ruadh, Tormo
CHANGE	eras/age_VII/annals/age_VII_03.json:EVII-2062.body	the druid school	->	Scoiltean nan Draoidhean	|	A young teacher of the druid school at Caol shean comes to Muilea
CHANGE	eras/age_VII/annals/age_VII_03.json:EVII-2064.body	the Lighthouse Board	->	Comhairle nan Taighean-solais	|	keeper of Taigh-solais Àth dhearg writes twice to the Lighthouse Board for spare chimney-glass for t
CHANGE	eras/age_VII/annals/age_VII_04.json:EVII-2501.body	the royal chronicler	->	Seanchaidh na Rìoghachd	|	h, a copyist's niece of Àth dhìreach, as clerk to the royal chronicler. Beathag nic Fhionnlaigh had 
CHANGE	eras/age_VII/annals/age_VII_04.json:EVII-2504.body	the druid school's	->	Scoiltean nan Draoidhean's	|	Raghnall mac Mhuirich copies the druid school's coined word into the Library'
CHANGE	eras/age_VII/annals/age_VII_04.json:EVII-2504.body	the Library's	->	an Leabharlann's	|	uirich copies the druid school's coined word into the Library's word-list in his own hand, un
CHANGE	eras/age_VII/annals/age_VII_04.json:EVII-2505.body	the Library	->	an Leabharlann	|	Reading the new timetable at the Library, Beathag nic Fhionnlaigh tell
CHANGE	eras/age_VII/annals/age_VII_04.json:EVII-2506.title	The Hewers' oath-stone	->	Clach-mhionnan nan Gualadairean	|	The Hewers' oath-stone brought to the Library
CHANGE	eras/age_VII/annals/age_VII_04.json:EVII-2506.title	the Library	->	an Leabharlann	|	The Hewers' oath-stone brought to the Library
CHANGE	eras/age_VII/annals/age_VII_04.json:EVII-2507.body	the Library's	->	an Leabharlann's	|	 gives Sìleas nic Rath a letter to be copied into the Library's record rather than filed amon
CHANGE	eras/age_VII/annals/age_VII_04.json:EVII-2511.title	the Rite	->	Deas-ghnàth a' Ghuail	|	The sick of the springs under the Rite
CHANGE	eras/age_VII/annals/age_VII_04.json:EVII-2511.body	the Hewers	->	Comann nan Gualadairean	|	When the Hewers' bath-house at the hot spring
CHANGE	eras/age_VII/annals/age_VII_04.json:EVII-2511.body	the hot springs	->	Fuarain Theth Muileann ruadh	|	When the Hewers' bath-house at the hot springs of Muileann ruadh passes to t
CHANGE	eras/age_VII/annals/age_VII_04.json:EVII-2511.body	the Rite	->	Deas-ghnàth a' Ghuail	|	se at the hot springs of Muileann ruadh passes to the Rite, its custodians keep the old 
CHANGE	eras/age_VII/annals/age_VII_04.json:EVII-2512.body	the Hewers' Row	->	Sreath nan Gualadairean	|	vice, Tormod mac Dhonnchaidh travels once more to the Hewers' Row at Seann Toll to see how the 
CHANGE	eras/age_VII/annals/age_VII_04.json:EVII-2513.body	the Hewers' Row	->	Sreath nan Gualadairean	|	re dawn on the sixth of an Gearran, in a house of the Hewers' Row at Seann Toll, of a fever tha
CHANGE	eras/age_VII/annals/age_VII_04.json:EVII-2515.body	the Hewers	->	Comann nan Gualadairean	|	The buyer of the old hall of the Hewers at Achadh dhomhain leaves the
CHANGE	eras/age_VII/annals/age_VII_04.json:EVII-2516.body	the Sloc Mòr	->	An Sloc Mòr	|	Before selling his house's last share in the Sloc Mòr, Coinneach mac Ùisdein walks 
CHANGE	eras/age_VII/annals/age_VII_04.json:EVII-2517.title	The Mine Board	->	Comhairle nam Mèinnean	|	The Mine Board buys the Sloc Mòr's last priv
CHANGE	eras/age_VII/annals/age_VII_04.json:EVII-2517.title	the Sloc Mòr's	->	An Sloc Mòr's	|	The Mine Board buys the Sloc Mòr's last private share
CHANGE	eras/age_VII/annals/age_VII_04.json:EVII-2517.body	The Mine Board	->	Comhairle nam Mèinnean	|	The Mine Board takes the house of Mac Ùisdei
CHANGE	eras/age_VII/annals/age_VII_04.json:EVII-2517.body	the house of Mac Ùisdein's	->	Taigh Mhic Ùisdein's	|	The Mine Board takes the house of Mac Ùisdein's remaining share in the Sloc M
CHANGE	eras/age_VII/annals/age_VII_04.json:EVII-2517.body	the Sloc Mòr's	->	An Sloc Mòr's	|	kes the house of Mac Ùisdein's remaining share in the Sloc Mòr's spoil and quarry-rights at a 
CHANGE	eras/age_VII/annals/age_VII_04.json:EVII-2517.body	the great pit	->	An Sloc Mòr	|	the house's own asking, glad to hold the whole of the great pit in its own hand at last.
CHANGE	eras/age_VII/annals/age_VII_04.json:EVII-2518.body	the Sloc Mòr's	->	An Sloc Mòr's	|	The first of three dubhan hulls bought with the Sloc Mòr's price is laid down at Ros dho
CHANGE	eras/age_VII/annals/age_VII_04.json:EVII-2519.body	the house of Mac Ùisdein's	->	Taigh Mhic Ùisdein's	|	 line opens between the capital and Cathair mhòr, the house of Mac Ùisdein's own town, carrying passengers
CHANGE	eras/age_VII/annals/age_VII_04.json:EVII-2520.body	the house of Mac Ùisdein	->	Taigh Mhic Ùisdein	|	re spent do quietly, each in its own season, what the house of Mac Ùisdein has already done.
CHANGE	eras/age_VII/annals/age_VII_04.json:EVII-2522.title	The Sloc Mòr's	->	An Sloc Mòr's	|	The Sloc Mòr's pumps run on dubhan
CHANGE	eras/age_VII/annals/age_VII_04.json:EVII-2522.body	the Sloc Mòr	->	An Sloc Mòr	|	The engine-house at the Sloc Mòr changes its pumps from coal t
CHANGE	eras/age_VII/annals/age_VII_04.json:EVII-2523.body	the hot springs	->	Fuarain Theth Muileann ruadh	|	s of Cathair dhearg begins to run twice weekly to the hot springs below Muileann ruadh, and the
CHANGE	eras/age_VII/annals/age_VII_04.json:EVII-2524.title	the charter rule	->	Riaghailt na Cairte	|	Peigi nic Ascaill reads the charter rule
CHANGE	eras/age_VII/annals/age_VII_04.json:EVII-2524.body	the Fuel-Fitters	->	Comann nan Goibhnean-ceangail	|	Peigi nic Ascaill reads the grant chartering the Fuel-Fitters and finds, near its foot, the
CHANGE	eras/age_VII/annals/age_VII_04.json:EVII-2524.body	the shipmasters' company	->	Comann nan Sciobairean	|	thìrich alone. She argues against the clause with the shipmasters' company before the grant is confirmed
CHANGE	eras/age_VII/annals/age_VII_04.json:EVII-2525.title	the Fuel-Fitters	->	Comann nan Goibhnean-ceangail	|	Twelve masters sworn to the Fuel-Fitters
CHANGE	eras/age_VII/annals/age_VII_04.json:EVII-2525.body	the Fuel-Fitters	->	Comann nan Goibhnean-ceangail	|	igi nic Ascaill among the first six called, swear the Fuel-Fitters' oath at the southern Seann S
CHANGE	eras/age_VII/annals/age_VII_04.json:EVII-2525.body	a Treasury clerk	->	a clerk of An t-Ionmhas	|	l-Fitters' oath at the southern Seann Skell under a Treasury clerk and a custodian of the Rite, 
CHANGE	eras/age_VII/annals/age_VII_04.json:EVII-2525.body	the Rite	->	Deas-ghnàth a' Ghuail	|	n Skell under a Treasury clerk and a custodian of the Rite, while the Tuathaich fitters 
CHANGE	eras/age_VII/annals/age_VII_04.json:EVII-2528.body	The Fuel-Fitters	->	Comann nan Goibhnean-ceangail	|	The Fuel-Fitters' court at Seann Skell writes 
CHANGE	eras/age_VII/annals/age_VII_04.json:EVII-2529.body	the Moot	->	Tional nan Tuathach	|	Ruth Calder, sent to the Moot that year in her dying father
CHANGE	eras/age_VII/annals/age_VII_04.json:EVII-2530.body	the Moot's	->	Tional nan Tuathach's	|	Asked whether the walk-out closes the Moot's granaries to the western town
CHANGE	eras/age_VII/annals/age_VII_04.json:EVII-2531.body	the Fuel-Fitters	->	Comann nan Goibhnean-ceangail	|	At the chartering of the Fuel-Fitters in the works' long shed a cus
CHANGE	eras/age_VII/annals/age_VII_04.json:EVII-2531.body	the Rite	->	Deas-ghnàth a' Ghuail	|	el-Fitters in the works' long shed a custodian of the Rite blesses the guild's new banne
CHANGE	eras/age_VII/annals/age_VII_04.json:EVII-2532.body	the charter rule	->	Riaghailt na Cairte	|	 the fitters let go from the southern works under the charter rule is taken on at Muileann bheag
CHANGE	eras/age_VII/annals/age_VII_04.json:EVII-2534.title	the Library's	->	an Leabharlann's	|	The depots marked on the Library's map
CHANGE	eras/age_VII/annals/age_VII_04.json:EVII-2535.title	The Treasury clerk	->	An t-Ionmhas's clerk	|	The Treasury clerk's private letter
CHANGE	eras/age_VII/annals/age_VII_04.json:EVII-2535.body	the Treasury	->	An t-Ionmhas	|	A clerk of the Treasury who owes Raghnall mac Mhuiric
CHANGE	eras/age_VII/annals/age_VII_04.json:EVII-2535.body	the Library	->	an Leabharlann	|	y who owes Raghnall mac Mhuirich a kindness sends the Library a private account of the coun
CHANGE	eras/age_VII/annals/age_VII_04.json:EVII-2536.body	the Library	->	an Leabharlann	|	from a post at Cathair dhearg and brings it up to the Library folded inside his own almanac
CHANGE	eras/age_VII/annals/age_VII_04.json:EVII-2539.body	the Library	->	an Leabharlann	|	Gille-Easbaig Bàn writes to the Library that the mint has cut a plain
CHANGE	eras/age_VII/annals/age_VII_04.json:EVII-2540.body	the Hewers' oath-stone	->	Clach-mhionnan nan Gualadairean	|	earchar Bonn's worn dies in the glass case beside the Hewers' oath-stone, and remarks to Beathag nic F
CHANGE	eras/age_VII/annals/age_VII_04.json:EVII-2541.title	the Library's	->	an Leabharlann's	|	Raghnall's three dots on the Library's map
CHANGE	eras/age_VII/annals/age_VII_05.json:EVII-3005.title	The Muileann àrsaidh agreement	->	Còrdadh Muileann àrsaidh	|	The Muileann àrsaidh agreement signed
CHANGE	eras/age_VII/annals/age_VII_05.json:EVII-3009.title	the charter rule	->	Riaghailt na Cairte	|	Dodds argues for naming the charter rule
CHANGE	eras/age_VII/annals/age_VII_05.json:EVII-3009.body	the Fuel-Fitters	->	Comann nan Goibhnean-ceangail	|	h a hewer named Dodds wants the agreement to name the Fuel-Fitters and the charter rule; Ruth Ca
CHANGE	eras/age_VII/annals/age_VII_05.json:EVII-3009.body	the charter rule	->	Riaghailt na Cairte	|	 wants the agreement to name the Fuel-Fitters and the charter rule; Ruth Calder answers that a g
CHANGE	eras/age_VII/annals/age_VII_05.json:EVII-3012.body	the Moot	->	Tional nan Tuathach	|	 a carrier; they send nothing west and nothing to the Moot, and enter the news in their 
CHANGE	eras/age_VII/annals/age_VII_05.json:EVII-3015.body	the Severance	->	An Dealachadh	|	 Drew gives Ellen Marsh the rest of her memory of the Severance: the smoke of the fires left 
CHANGE	eras/age_VII/annals/age_VII_05.json:EVII-3017.body	the Severance	->	An Dealachadh	|	rish stopped her in the lane to correct a date in the Severance she had taught the children w
CHANGE	eras/age_VII/annals/age_VII_05.json:EVII-3018.body	the eleven books	->	An t-Aon Leabhar Deug	|	In the spring Ellen Marsh's request and the eleven books that came with it are read en
CHANGE	eras/age_VII/annals/age_VII_05.json:EVII-3021.body	eleven books	->	An t-Aon Leabhar Deug	|	f receipt on the flyleaf of each of Ellen Marsh's eleven books on the day it is carried in, 
CHANGE	eras/age_VII/annals/age_VII_05.json:EVII-3023.body	the Còmhrag	->	Còmhrag Ceann leathan	|	The fair-wardens of the Còmhrag at Ceann leathan take the gat
CHANGE	eras/age_VII/annals/age_VII_05.json:EVII-3024.body	the Mine Board	->	Comhairle nam Mèinnean	|	A brewer of Baile ìseal writes to the Mine Board that he sees no shame in buyi
CHANGE	eras/age_VII/annals/age_VII_05.json:EVII-3025.body	the Mine Board	->	Comhairle nam Mèinnean	|	The master of the Mine Board calls for the northern return
CHANGE	eras/age_VII/annals/age_VII_05.json:EVII-3026.title	The Leòid ruling	->	Breith Leòid	|	The Leòid ruling read again at Cathair mhòr
CHANGE	eras/age_VII/annals/age_VII_05.json:EVII-3026.body	the Leòid ruling	->	Breith Leòid	|	umas mac Eachainn carries the Board's own copy of the Leòid ruling to the master's room and hear
CHANGE	eras/age_VII/annals/age_VII_05.json:EVII-3034.title	the Leòid ruling	->	Breith Leòid	|	The margins of the Leòid ruling
CHANGE	eras/age_VII/annals/age_VII_05.json:EVII-3034.body	the Leòid ruling	->	Breith Leòid	|	The Board's press copy of the Leòid ruling carries in its margins the ci
CHANGE	eras/age_VII/annals/age_VII_05.json:EVII-3034.body	the Crown's	->	An Crùn's	|	 that settled it: that a holder's right runs with the Crown's fifth, and that nothing binds
CHANGE	eras/age_VII/annals/age_VII_05.json:EVII-3037.body	the Moot's	->	Tional nan Tuathach's	|	ats to the pit towns of the western hills through the Moot's granaries, and write to the B
CHANGE	eras/age_VII/annals/age_VII_06.json:EVII-3503.title	Manannan's order	->	Òrd Mhanannain	|	The house of Manannan's order refuses the blessing
CHANGE	eras/age_VII/annals/age_VII_06.json:EVII-3503.body	Manannan's order	->	Òrd Mhanannain	|	oof before the masons work under it, the house of Manannan's order at Seann Skell in the west an
CHANGE	eras/age_VII/annals/age_VII_06.json:EVII-3505.title	the Rite	->	Deas-ghnàth a' Ghuail	|	A custodian of the Rite rides north
CHANGE	eras/age_VII/annals/age_VII_06.json:EVII-3505.body	Manannan's order	->	Òrd Mhanannain	|	ot at Seann Skell in the west, since the house of Manannan's order there will not come.
CHANGE	eras/age_VII/annals/age_VII_06.json:EVII-3511.title	the Mine Board	->	Comhairle nam Mèinnean	|	Beathag's letter to the Mine Board
CHANGE	eras/age_VII/annals/age_VII_06.json:EVII-3511.body	the Mine Board	->	Comhairle nam Mèinnean	|	oot of the year Beathag nic Fhionnlaigh writes to the Mine Board asking its returns of the inc
CHANGE	eras/age_VII/annals/age_VII_06.json:EVII-3511.body	the Library's	->	an Leabharlann's	|	e incidents on the northern roads that autumn, so the Library's record may be kept as fully a
CHANGE	eras/age_VII/annals/age_VII_06.json:EVII-3512.body	the Library's	->	an Leabharlann's	|	no return from the Board, Sìleas nic Rath says in the Library's upper room that the silence d
CHANGE	eras/age_VII/annals/age_VII_06.json:EVII-3516.body	the Moot	->	Tional nan Tuathach	|	At the Moot Peter Hale tells the delegate
CHANGE	eras/age_VII/annals/age_VII_06.json:EVII-3521.body	the council of the kingdom	->	Comhairle na Rìoghachd	|	 Ruth Calder writes the salutation of a letter to the council of the kingdom and no more, the first of sev
CHANGE	eras/age_VII/annals/age_VII_06.json:EVII-3522.body	the Leòid ruling	->	Breith Leòid	|	, three paragraphs on the wrong done the towns by the Leòid ruling, is torn across unfinished; R
CHANGE	eras/age_VII/annals/age_VII_06.json:EVII-3522.body	the Library	->	an Leabharlann	|	s unfinished; Ruth Calder judges it would read at the Library as one more northern complain
CHANGE	eras/age_VII/annals/age_VII_06.json:EVII-3524.title	the Crown's	->	An Crùn's	|	Ruth Calder drafts the offer of the Crown's fifth in coal
CHANGE	eras/age_VII/annals/age_VII_06.json:EVII-3524.body	the Crown's	->	An Crùn's	|	hird draft of her letter: the five towns will pay the Crown's fifth in coal on every load r
CHANGE	eras/age_VII/annals/age_VII_06.json:EVII-3526.title	Christmas	->	an Nollaig	|	The five towns keep Christmas at Àth leathan's chapel
CHANGE	eras/age_VII/annals/age_VII_06.json:EVII-3527.body	Christmas	->	an Nollaig	|	In a borrowed room at Àth leathan on Christmas afternoon, Ruth Calder copies
CHANGE	eras/age_VII/annals/age_VII_06.json:EVII-3528.body	Christmas	->	an Nollaig	|	es from Àth leathan to the western Seann Skell on Christmas evening and gives Ruth Calder
CHANGE	eras/age_VII/annals/age_VII_06.json:EVII-3530.title	the Moot's	->	Tional nan Tuathach's	|	A copy of the letter kept in the Moot's minute
CHANGE	eras/age_VII/annals/age_VII_06.json:EVII-3530.body	the Moot's	->	Tional nan Tuathach's	|	's letter is carried to Caol mhòr and set down in the Moot's own minute, under a heading g
CHANGE	eras/age_VII/annals/age_VII_06.json:EVII-3530.body	the Moot	->	Tional nan Tuathach	|	 giving only what it was and when it came, though the Moot itself is no party to it.
CHANGE	eras/age_VII/annals/age_VII_06.json:EVII-3533.body	the Severance	->	An Dealachadh	|	western hills that regiments not called out since the Severance are spoken of again at Cathai
CHANGE	eras/age_VII/annals/age_VII_06.json:EVII-3536.body	the Moot's	->	Tional nan Tuathach's	|	 western holdout towns stand chalked but empty in the Moot's own roll, as they have stood 
CHANGE	eras/age_VII/annals/age_VII_06.json:EVII-3538.body	the Moot's	->	Tional nan Tuathach's	|	order, at the foot of the mills' own book and not the Moot's, that the granaries of Caol m
CHANGE	eras/age_VII/annals/age_VII_06.json:EVII-3539.body	the Moot's	->	Tional nan Tuathach's	|	o that no single merchant should wonder aloud why the Moot's towns want so much of it in a
CHANGE	eras/age_VII/annals/age_VII_06.json:EVII-3541.body	the Moot's	->	Tional nan Tuathach's	|	Thomas Rook's autumn entry in the Moot's minute records the granaries 
CHANGE	eras/age_VII/annals/age_VII_06.json:EVII-3547.body	the chronicle	->	Eachdraidh na Rìoghachd	|	a line the office's custom does not require: that the chronicle now passes to a second hand, 
CHANGE	eras/age_VII/annals/age_VII_06.json:EVII-3548.body	the Moot	->	Tional nan Tuathach	|	ive western towns' benches chalked in the roll of the Moot, under the towns' names, with
CHANGE	eras/age_VII/annals/age_VII_06.json:EVII-3550.body	the coal line	->	Slighe a' Ghuail	|	in the first cold week of an t-Samhain, and rides the coal line with a corporal and a satchel
CHANGE	eras/age_VII/annals/age_VII_06.json:EVII-3551.body	the Severance	->	An Dealachadh	|	are pikes, is opened and swept for the reading of the Severance rolls.
CHANGE	eras/age_VII/annals/age_VII_06.json:EVII-3552.body	the Severance companies	->	Buidhnean an Dealachaidh	|	Ledgers of the Severance companies, kept in the council's chests
CHANGE	eras/age_VII/annals/age_VII_06.json:EVII-3557.title	The Moot	->	Tional nan Tuathach	|	The Moot agrees the Christmas petition
CHANGE	eras/age_VII/annals/age_VII_06.json:EVII-3557.title	the Christmas	->	an Nollaig	|	The Moot agrees the Christmas petition
CHANGE	eras/age_VII/annals/age_VII_06.json:EVII-3557.body	the Moot	->	Tional nan Tuathach	|	At Caol mhòr the Moot sits past midnight two days b
CHANGE	eras/age_VII/annals/age_VII_06.json:EVII-3557.body	Christmas	->	an Nollaig	|	 mhòr the Moot sits past midnight two days before Christmas, turning the wording of its p
CHANGE	eras/age_VII/annals/age_VII_06.json:EVII-3558.body	Christmas	->	an Nollaig	|	Martha Greaves leaves Doire ghlas two days before Christmas with the petition in a leathe
CHANGE	eras/age_VII/annals/age_VII_06.json:EVII-3559.title	the bridge at Cathair dhearg	->	Drochaid Cathair dhearg	|	Frost on the bridge at Cathair dhearg
CHANGE	eras/age_VII/annals/age_VII_06.json:EVII-3559.body	Christmas	->	an Nollaig	|	Martha Greaves comes into Cathair dhearg on Christmas morning, the frost lying whit
CHANGE	eras/age_VII/annals/age_VII_06.json:EVII-3564.body	the Severance companies	->	Buidhnean an Dealachaidh	|	Among the rolls of the Severance companies read in the drill hall at Cat
CHANGE	eras/age_VII/annals/age_VII_06.json:EVII-3565.body	the Severance	->	An Dealachadh	|	Where a company of the Severance rolls answers to a town gone 
CHANGE	eras/age_VII/annals/age_VII_06.json:EVII-3566.title	Christmas	->	an Nollaig	|	Martha Greaves keeps Christmas on the road
CHANGE	eras/age_VII/annals/age_VII_06.json:EVII-3566.body	the Moot	->	Tional nan Tuathach	|	The speaker of the Moot keeps an Nollaig in a hired c
CHANGE	eras/age_VII/annals/age_VII_06.json:EVII-3566.body	the Moot's petition	->	Athchuinge Dheireannach an Tionail	|	 Marsh's bread and cold fowl uneaten at her feet, the Moot's petition in Peter Hale's leather folde
CHANGE	eras/age_VII/annals/age_VII_06.json:EVII-3567.body	the Moot	->	Tional nan Tuathach	|	In the council chamber, when the speaker of the Moot comes in with the petition, A
CHANGE	eras/age_VII/annals/age_VII_07.json:EVII-4002.body	The Rail Board's	->	Comhairle na Slighe-iarainn's	|	The Rail Board's own men load eight wagons beh
CHANGE	eras/age_VII/annals/age_VII_07.json:EVII-4003.body	the coal line's	->	Slighe a' Ghuail's	|	Through am Faoilleach the coal line's western branch, laid twenty y
CHANGE	eras/age_VII/annals/age_VII_07.json:EVII-4004.title	The Rail Board's	->	Comhairle na Slighe-iarainn's	|	The Rail Board's quay at Seann Bhral
CHANGE	eras/age_VII/annals/age_VII_07.json:EVII-4004.body	the Rail Board's	->	Comhairle na Slighe-iarainn's	|	At Seann Bhral the Rail Board's men unload the arms trains by
CHANGE	eras/age_VII/annals/age_VII_07.json:EVII-4006.body	the coal line's	->	Slighe a' Ghuail's	|	rain passes a Tuathach family walking north along the coal line's western branch before dawn, a
CHANGE	eras/age_VII/annals/age_VII_07.json:EVII-4012.body	the Mine Board	->	Comhairle nam Mèinnean	|	Tom Varley brings word to Ruth Calder that the Mine Board at Cathair mhòr keeps a list 
CHANGE	eras/age_VII/annals/age_VII_07.json:EVII-4028.body	the field of Àth leathan	->	Àraich Àth leathan	|	The river town of Inis àrsaidh, nearest the field of Àth leathan by water, supplies bread and 
CHANGE	eras/age_VII/annals/age_VII_07.json:EVII-4030.body	the open record	->	An Clàr Foscailte	|	, new to the office of royal chronicler, searches the open record more than once for Ruth Calde
CHANGE	eras/age_VII/annals/age_VII_07.json:EVII-4037.body	the Church's	->	An Eaglais's	|	the old captain's men of Tobar dhearg sing low in the Church's own words along their line.
CHANGE	eras/age_VII/annals/age_VII_07.json:EVII-4039.body	the hot springs	->	Fuarain Theth Muileann ruadh	|	The custodians of the bath-house at the hot springs below Muileann ruadh take in 
CHANGE	eras/age_VII/annals/age_VII_07.json:EVII-4045.body	the seventh regiment's	->	An seachdamh rèisimeid's	|	Somhairle mac Lachlainn reads the seventh regiment's first patrol reports at Seann
CHANGE	eras/age_VII/annals/age_VII_07.json:EVII-4047.body	the field of Àth leathan	->	Àraich Àth leathan	|	written instructions for the same officer to walk the field of Àth leathan rather than the road beside i
CHANGE	eras/age_VII/annals/age_VII_07.json:EVII-4052.body	the field of Àth leathan	->	Àraich Àth leathan	|	y walks alone to a stone dyke a quarter-mile from the field of Àth leathan and is turned back by a young
CHANGE	eras/age_VII/annals/age_VII_07.json:EVII-4052.body	the seventh regiment	->	An seachdamh rèisimeid	|	h leathan and is turned back by a young sentry of the seventh regiment before he can see more than i
CHANGE	eras/age_VII/annals/age_VII_07.json:EVII-4055.body	The seventh regiment's	->	An seachdamh rèisimeid's	|	The seventh regiment's rolls run to some four hundre
CHANGE	eras/age_VII/annals/age_VII_08.json:EVII-4501.title	A Treasury clerk	->	A clerk of An t-Ionmhas	|	A Treasury clerk is sent to Muileann òg
CHANGE	eras/age_VII/annals/age_VII_08.json:EVII-4501.body	the Treasury	->	An t-Ionmhas	|	Cailean Ros of the Treasury comes to sit beside the fair 
CHANGE	eras/age_VII/annals/age_VII_08.json:EVII-4502.body	the wartime tithe	->	Deachamh a' Chogaidh	|	ein records the first gallon of dubhan sold under the wartime tithe at the Muileann òg pump, elev
CHANGE	eras/age_VII/annals/age_VII_08.json:EVII-4503.body	the fair court	->	Cùirt na Fèille	|	òg, brings her own five weeks' reckoning of it to the fair court and asks that her complaint a
CHANGE	eras/age_VII/annals/age_VII_08.json:EVII-4504.title	The fourth fleet	->	An ceathramh cabhlach	|	The fourth fleet searches the boats at Caol mh
CHANGE	eras/age_VII/annals/age_VII_08.json:EVII-4504.body	the fourth fleet	->	An ceathramh cabhlach	|	A hull of the fourth fleet boards and searches every boa
CHANGE	eras/age_VII/annals/age_VII_08.json:EVII-4505.body	the fourth fleet	->	An ceathramh cabhlach	|	harbour depot asks Joe Ashby to mend an engine of the fourth fleet that the depot's own men cann
CHANGE	eras/age_VII/annals/age_VII_08.json:EVII-4506.body	the fourth fleet	->	An ceathramh cabhlach	|	 a wrongly seated valve aboard an unnamed hull of the fourth fleet at Caol mhòr's depot jetty, a
CHANGE	eras/age_VII/annals/age_VII_08.json:EVII-4507.body	The wartime tithe	->	Deachamh a' Chogaidh	|	The wartime tithe is laid at one part in twelve
CHANGE	eras/age_VII/annals/age_VII_08.json:EVII-4507.body	the Treasury	->	An t-Ionmhas	|	 dubhan, taken at the point of sale by a clerk of the Treasury sitting beside the pump.
CHANGE	eras/age_VII/annals/age_VII_08.json:EVII-4508.body	The Treasury's	->	An t-Ionmhas's	|	The Treasury's young clerk at the Muileann ò
CHANGE	eras/age_VII/annals/age_VII_08.json:EVII-4509.body	the fourth fleet's	->	An ceathramh cabhlach's	|	Searching the boats at Caol mhòr, the fourth fleet's lieutenant finds Will Tanner'
CHANGE	eras/age_VII/annals/age_VII_08.json:EVII-4511.body	The Treasury's	->	An t-Ionmhas's	|	The Treasury's clerks at the pumps send in t
CHANGE	eras/age_VII/annals/age_VII_08.json:EVII-4512.body	the first regiment	->	A' chiad rèisimeid	|	e their hay out of the barracks at Inis mhòr when the first regiment is raised there; what is not 
CHANGE	eras/age_VII/annals/age_VII_08.json:EVII-4513.title	the first fleet	->	A' chiad chabhlach	|	The ferrymen of Àth gharbh go to the first fleet
CHANGE	eras/age_VII/annals/age_VII_08.json:EVII-4513.body	the first fleet	->	A' chiad chabhlach	|	Four of the ferrymen of Àth gharbh go into the first fleet at its raising, and the ferry
CHANGE	eras/age_VII/annals/age_VII_08.json:EVII-4514.body	the fourth fleet's	->	An ceathramh cabhlach's	|	The chandlers of Cuan shean, the fourth fleet's harbour, sell out of rope and
CHANGE	eras/age_VII/annals/age_VII_08.json:EVII-4515.body	The Treasury's	->	An t-Ionmhas's	|	The Treasury's clerk for the tithe sits at t
CHANGE	eras/age_VII/annals/age_VII_08.json:EVII-4523.body	the Severance	->	An Dealachadh	|	e ground the western hills have used since before the Severance.
CHANGE	eras/age_VII/annals/age_VII_08.json:EVII-4530.body	the siege of Muileann àrsaidh	->	Sèist Muileann àrsaidh	|	Through the siege of Muileann àrsaidh Meikle keeps the town's count
CHANGE	eras/age_VII/annals/age_VII_08.json:EVII-4533.title	The fifth regiment	->	An còigeamh rèisimeid	|	The fifth regiment musters on the harbour wall
CHANGE	eras/age_VII/annals/age_VII_08.json:EVII-4533.body	The fifth regiment	->	An còigeamh rèisimeid	|	The fifth regiment musters on the harbour wall a
CHANGE	eras/age_VII/annals/age_VII_08.json:EVII-4538.title	the Library	->	an Leabharlann	|	Martha Greaves writes to the Library
CHANGE	eras/age_VII/annals/age_VII_08.json:EVII-4538.body	the Library	->	an Leabharlann	|	ic Rath at Muileann chaol, not to ask anything of the Library but to set down, outside her 
CHANGE	eras/age_VII/annals/age_VII_08.json:EVII-4538.body	the Moot	->	Tional nan Tuathach	|	 to set down, outside her own kitchen table, that the Moot has fed the west's hungry whi
CHANGE	eras/age_VII/annals/age_VII_08.json:EVII-4546.body	the Moot	->	Tional nan Tuathach	|	ourmaster's boy of Caol mhòr tells the speaker of the Moot, repeating his father, that t
CHANGE	eras/age_VII/annals/age_VII_08.json:EVII-4546.body	the Moot	->	Tional nan Tuathach	|	e speaker of the Moot, repeating his father, that the Moot will beggar itself feeding th
CHANGE	eras/age_VII/annals/age_VII_08.json:EVII-4547.body	The Moot	->	Tional nan Tuathach	|	The Moot sends seed-corn from the stor
CHANGE	eras/age_VII/annals/age_VII_09.json:EVII-5007.title	the windy coast	->	an Oirthir Ghaothach	|	Seven parties on the windy coast
CHANGE	eras/age_VII/annals/age_VII_09.json:EVII-5009.title	The second fleet's	->	An dàrna cabhlach's	|	The second fleet's raising told on the windy coa
CHANGE	eras/age_VII/annals/age_VII_09.json:EVII-5009.title	the windy coast	->	an Oirthir Ghaothach	|	The second fleet's raising told on the windy coast
CHANGE	eras/age_VII/annals/age_VII_09.json:EVII-5009.body	the second fleet	->	An dàrna cabhlach	|	Cairstine tells Tom Varley's fire that the second fleet was raised that season at the
CHANGE	eras/age_VII/annals/age_VII_09.json:EVII-5009.body	the Rite's	->	Deas-ghnàth a' Ghuail's	|	southern Seann Skell out of the harbour towns and the Rite's own boatmen, to hold water th
CHANGE	eras/age_VII/annals/age_VII_09.json:EVII-5013.body	the windy coast	->	an Oirthir Ghaothach	|	tands on a strand of black shingle at the edge of the windy coast and watches the light go out 
CHANGE	eras/age_VII/annals/age_VII_09.json:EVII-5016.title	the windy coast	->	an Oirthir Ghaothach	|	A hind brought down on the windy coast
CHANGE	eras/age_VII/annals/age_VII_09.json:EVII-5016.body	the windy coast	->	an Oirthir Ghaothach	|	On the walk to the windy coast a man of Àth naomh brings dow
CHANGE	eras/age_VII/annals/age_VII_09.json:EVII-5017.body	the windy coast	->	an Oirthir Ghaothach	|	A widower of the windy coast, Calum Odhar, who fishes a tw
CHANGE	eras/age_VII/annals/age_VII_09.json:EVII-5019.body	the second regiment's	->	An dàrna rèisimeid's	|	nic Fhionnlaigh, retired at Àth dhìreach, watches the second regiment's camp rise from her own garden
CHANGE	eras/age_VII/annals/age_VII_09.json:EVII-5021.body	The fourth regiment	->	An ceathramh rèisimeid	|	The fourth regiment marches from Caol bheag to th
CHANGE	eras/age_VII/annals/age_VII_09.json:EVII-5022.body	The fourth regiment	->	An ceathramh rèisimeid	|	The fourth regiment goes down the Abhainn ghorm t
CHANGE	eras/age_VII/annals/age_VII_09.json:EVII-5023.body	The fourth regiment's	->	An ceathramh rèisimeid's	|	The fourth regiment's hired dubhan hulls put out fr
CHANGE	eras/age_VII/annals/age_VII_09.json:EVII-5024.body	the fourth regiment's	->	An ceathramh rèisimeid's	|	In the worst of the second night's weather one of the fourth regiment's hired hulls is separated from
CHANGE	eras/age_VII/annals/age_VII_09.json:EVII-5025.body	the fourth regiment	->	An ceathramh rèisimeid	|	eater part of the old human magistrate's house to the fourth regiment without complaint, moving his
CHANGE	eras/age_VII/annals/age_VII_09.json:EVII-5026.body	the fourth regiment's	->	An ceathramh rèisimeid's	|	erk, a Tuathaich woman of long service, addresses the fourth regiment's captain in Dia-thìris without
CHANGE	eras/age_VII/annals/age_VII_09.json:EVII-5027.body	the fourth regiment	->	An ceathramh rèisimeid	|	Martha Greaves's single sheet asking that the fourth regiment be lodged at its own charge a
CHANGE	eras/age_VII/annals/age_VII_09.json:EVII-5028.body	the Moot's	->	Tional nan Tuathach's	|	barrel of salt cod consigned, quite genuinely, to the Moot's own stores.
CHANGE	eras/age_VII/annals/age_VII_09.json:EVII-5029.body	the second fleet	->	An dàrna cabhlach	|	A corporal of the second fleet, billeted a night at Ceann mh
CHANGE	eras/age_VII/annals/age_VII_09.json:EVII-5032.body	The fourth regiment	->	An ceathramh rèisimeid	|	The fourth regiment goes down the Abhainn ghorm f
CHANGE	eras/age_VII/annals/age_VII_09.json:EVII-5033.title	the Moot	->	Tional nan Tuathach	|	The Board answers the Moot on the quartering
CHANGE	eras/age_VII/annals/age_VII_09.json:EVII-5033.body	the Moot's	->	Tional nan Tuathach's	|	Near the year's end the Board answers the Moot's protest against the quarterin
CHANGE	eras/age_VII/annals/age_VII_09.json:EVII-5034.title	The sixth regiment	->	An siathamh rèisimeid	|	The sixth regiment drills by the carved stone
CHANGE	eras/age_VII/annals/age_VII_09.json:EVII-5034.body	The sixth regiment	->	An siathamh rèisimeid	|	The sixth regiment, raised at Cnoc bheag, drills
CHANGE	eras/age_VII/annals/age_VII_09.json:EVII-5035.title	the third fleet	->	An treas cabhlach	|	Baile ghorm's quays given to the third fleet
CHANGE	eras/age_VII/annals/age_VII_09.json:EVII-5035.body	the third fleet	->	An treas cabhlach	|	At its raising the third fleet takes the wolf-post quays of 
CHANGE	eras/age_VII/annals/age_VII_09.json:EVII-5036.title	The third fleet's	->	An treas cabhlach's	|	The third fleet's first tank-hull reaches Ceann
CHANGE	eras/age_VII/annals/age_VII_09.json:EVII-5036.body	the third fleet's	->	An treas cabhlach's	|	A week after its raising at Baile ghorm the third fleet's first tank-hull, her number c
CHANGE	eras/age_VII/annals/age_VII_09.json:EVII-5038.body	The fourth regiment	->	An ceathramh rèisimeid	|	The fourth regiment sends Corporal Dùghall mac Ia
CHANGE	eras/age_VII/annals/age_VII_09.json:EVII-5040.body	the Grey Night	->	Oidhche Glaise	|	e comes into Baile chrom after dark on the eve of the Grey Night to find no lamp lit, no dog l
CHANGE	eras/age_VII/annals/age_VII_09.json:EVII-5041.body	the Grey Night	->	Oidhche Glaise	|	old woman named Margaret Crane sits alone keeping the Grey Night as she has kept it since befo
CHANGE	eras/age_VII/annals/age_VII_09.json:EVII-5047.body	the ninth regiment	->	An naoidheamh rèisimeid	|	Two days after an Nollaig the raising of the ninth regiment at the southern Seann Skell i
CHANGE	eras/age_VII/annals/age_VII_09.json:EVII-5047.body	the fourth regiment's	->	An ceathramh rèisimeid's	|	giment at the southern Seann Skell is read out in the fourth regiment's guardroom at Ceann mhòr.
CHANGE	eras/age_VII/annals/age_VII_10.json:EVII-5504.title	The Moot's	->	Tional nan Tuathach's	|	The Moot's register adds the names of Àt
CHANGE	eras/age_VII/annals/age_VII_10.json:EVII-5504.body	the Moot's	->	Tional nan Tuathach's	|	he enters the dead and maimed of Àth leathan into the Moot's register column by column, an
CHANGE	eras/age_VII/annals/age_VII_10.json:EVII-5505.body	the Tuathaich Church's	->	Eaglais nan Tuathach's	|	Martha Greaves stands at the back of the Tuathaich Church's own Easter service at the cha
CHANGE	eras/age_VII/annals/age_VII_10.json:EVII-5509.title	The fourth regiment's	->	An ceathramh rèisimeid's	|	The fourth regiment's year of patrols on the Ceann 
CHANGE	eras/age_VII/annals/age_VII_10.json:EVII-5509.body	the fourth regiment	->	An ceathramh rèisimeid	|	Through the whole quartered year the fourth regiment keeps its patrols on the Cean
CHANGE	eras/age_VII/annals/age_VII_10.json:EVII-5515.body	the fourth regiment's	->	An ceathramh rèisimeid's	|	e second season of the patrols, to lift a hand to the fourth regiment's file as it passes.
CHANGE	eras/age_VII/annals/age_VII_10.json:EVII-5518.body	the Moot	->	Tional nan Tuathach	|	rk of the Board stationed at Cnoc thais writes to the Moot that the hill paths above the
CHANGE	eras/age_VII/annals/age_VII_10.json:EVII-5523.body	The royal chronicler	->	Seanchaidh na Rìoghachd	|	The royal chronicler asks every town on the column
CHANGE	eras/age_VII/annals/age_VII_10.json:EVII-5528.body	The first regiment's	->	A' chiad rèisimeid's	|	The first regiment's quartermaster requires the fa
CHANGE	eras/age_VII/annals/age_VII_10.json:EVII-5528.body	the fair court's	->	Cùirt na Fèille's	|	ed ground for the first and third regiments, over the fair court's own market set for the ninth.
CHANGE	eras/age_VII/annals/age_VII_10.json:EVII-5530.title	The third regiment	->	An treas rèisimeid	|	The third regiment camps on the cleared fair-gro
CHANGE	eras/age_VII/annals/age_VII_10.json:EVII-5530.body	The third regiment	->	An treas rèisimeid	|	The third regiment pitches its tents where the i
CHANGE	eras/age_VII/annals/age_VII_10.json:EVII-5531.title	The first regiment	->	A' chiad rèisimeid	|	The first regiment fills Muileann òg
CHANGE	eras/age_VII/annals/age_VII_10.json:EVII-5531.body	The first regiment	->	A' chiad rèisimeid	|	The first regiment comes down the same evening a
CHANGE	eras/age_VII/annals/age_VII_10.json:EVII-5532.title	The fair court	->	Cùirt na Fèille	|	The fair court keeps its small business thro
CHANGE	eras/age_VII/annals/age_VII_10.json:EVII-5532.body	the fair court	->	Cùirt na Fèille	|	Ùna nic Ailein keeps the fair court open through the regiments' c
CHANGE	eras/age_VII/annals/age_VII_10.json:EVII-5536.body	the Library's	->	an Leabharlann's	|	ave asked nothing else. It is the only writing in the Library's file that can be set to a han
CHANGE	eras/age_VII/annals/age_VII_10.json:EVII-5540.body	The open record	->	An Clàr Foscailte	|	ked back to before the guns find them either way. The open record names him nowhere.
CHANGE	eras/age_VII/annals/age_VII_10.json:EVII-5541.body	The third regiment's	->	An treas rèisimeid's	|	The third regiment's four field pieces, hauled the
CHANGE	eras/age_VII/annals/age_VII_10.json:EVII-5542.body	the third regiment	->	An treas rèisimeid	|	A corporal of the third regiment draws up the regiments' dead 
CHANGE	eras/age_VII/annals/age_VII_10.json:EVII-5543.body	the open record	->	An Clàr Foscailte	|	 column's own dead does, and is the nearest thing the open record holds to one.
CHANGE	eras/age_VII/annals/age_VII_10.json:EVII-5545.body	The first regiment's	->	A' chiad rèisimeid's	|	The first regiment's colonel writes that the colum
CHANGE	eras/age_VII/annals/age_VII_10.json:EVII-5546.body	the Brothers' War	->	Cogadh nam Bràithrean	|	an older name, the taken ground, from a battle of the Brothers' War fought on the same ground two
CHANGE	eras/age_VII/annals/age_VII_10.json:EVII-5548.body	the open record	->	An Clàr Foscailte	|	eann ghlas by two lanterns and a banked fire, and the open record notes that he made no distinc
CHANGE	eras/age_VII/annals/age_VII_10.json:EVII-5549.body	the seventh regiment's	->	An seachdamh rèisimeid's	|	A lame old man of Cnoc thais comes down to the seventh regiment's northernmost post on the Àth 
CHANGE	eras/age_VII/annals/age_VII_10.json:EVII-5550.body	the seventh regiment's	->	An seachdamh rèisimeid's	|	At the seventh regiment's northernmost post the sergean
CHANGE	eras/age_VII/annals/age_VII_10.json:EVII-5551.body	the coal line's	->	Slighe a' Ghuail's	|	 he says afterward that his first thought was for the coal line's timetable and the wounded's c
CHANGE	eras/age_VII/annals/age_VII_10.json:EVII-5552.body	the coal line's	->	Slighe a' Ghuail's	|	st weeks of the peace Somhairle mac Lachlainn has the coal line's schedule for the war's wounde
CHANGE	eras/age_VII/annals/age_VII_10.json:EVII-5554.title	The beacon at Àth dhearg	->	Taigh-solais Àth dhearg	|	The beacon at Àth dhearg sees no fleet
CHANGE	eras/age_VII/annals/age_VII_11.json:EVII-6001.body	the seventh regiment	->	An seachdamh rèisimeid	|	In am Màrt the seventh regiment pours the first concrete over
CHANGE	eras/age_VII/annals/age_VII_11.json:EVII-6002.body	the seventh regiment	->	An seachdamh rèisimeid	|	A sergeant of the seventh regiment tells Somhairle mac Lachlainn
CHANGE	eras/age_VII/annals/age_VII_11.json:EVII-6003.title	the Sloc Mòr	->	An Sloc Mòr	|	The Board ends the coal trade outside the Sloc Mòr
CHANGE	eras/age_VII/annals/age_VII_11.json:EVII-6003.body	the Sloc Mòr	->	An Sloc Mòr	|	 what the Board still cuts for its own account at the Sloc Mòr: not forbidden by any law, bu
CHANGE	eras/age_VII/annals/age_VII_11.json:EVII-6005.title	The first regiment's	->	A' chiad rèisimeid's	|	The first regiment's corporal begins a list
CHANGE	eras/age_VII/annals/age_VII_11.json:EVII-6005.body	the first regiment	->	A' chiad rèisimeid	|	A corporal of the first regiment collecting rents in the distr
CHANGE	eras/age_VII/annals/age_VII_11.json:EVII-6007.body	the coal line	->	Slighe a' Ghuail	|	tha Greaves and Peter Hale take the last carriage the coal line runs toward the boundary ston
CHANGE	eras/age_VII/annals/age_VII_11.json:EVII-6010.body	the Moot's	->	Tional nan Tuathach's	|	e binder at Muileann leathan whose pupils rebound the Moot's minute-books; the man gives n
CHANGE	eras/age_VII/annals/age_VII_11.json:EVII-6011.body	the Christmas	->	an Nollaig	|	c Lachlainn she stood on the bench in the passage the Christmas Martha Greaves carried the Mo
CHANGE	eras/age_VII/annals/age_VII_11.json:EVII-6011.body	the Moot's last petition	->	Athchuinge Dheireannach an Tionail	|	 the passage the Christmas Martha Greaves carried the Moot's last petition in, and means to go on voting
CHANGE	eras/age_VII/annals/age_VII_11.json:EVII-6014.body	the Moot	->	Tional nan Tuathach	|	re holdouts taken at Muileann ghlas are handed to the Moot at the boundary stones; Marth
CHANGE	eras/age_VII/annals/age_VII_11.json:EVII-6015.title	the stone at Cathair mhòr	->	Clach nan Rèisimeidean	|	The heading on the stone at Cathair mhòr
CHANGE	eras/age_VII/annals/age_VII_11.json:EVII-6015.body	The stone at Cathair mhòr	->	Clach nan Rèisimeidean	|	The stone at Cathair mhòr is cut in two columns under a
CHANGE	eras/age_VII/annals/age_VII_11.json:EVII-6017.title	The seventh regiment's	->	An seachdamh rèisimeid's	|	The seventh regiment's first winter at the post
CHANGE	eras/age_VII/annals/age_VII_11.json:EVII-6017.body	The seventh regiment's	->	An seachdamh rèisimeid's	|	The seventh regiment's first winter at the post by À
CHANGE	eras/age_VII/annals/age_VII_11.json:EVII-6018.body	a Treasury clerk	->	a clerk of An t-Ionmhas	|	 the rain on the quay; the market-due is taken by a Treasury clerk under a sailcloth awning, and
CHANGE	eras/age_VII/annals/age_VII_11.json:EVII-6020.body	the Long War	->	An Cogadh Fada	|	doorstep of the old building: the whole record of the Long War is to be shut against every r
CHANGE	eras/age_VII/annals/age_VII_11.json:EVII-6025.title	The seventh regiment's	->	An seachdamh rèisimeid's	|	The seventh regiment's captain lets the cairn stand
CHANGE	eras/age_VII/annals/age_VII_11.json:EVII-6025.body	the field of Àth leathan	->	Àraich Àth leathan	|	r to clear the cairn the Tuathaich have raised on the field of Àth leathan, the Board answers that its c
CHANGE	eras/age_VII/annals/age_VII_11.json:EVII-6027.body	the Fuel-Fitters	->	Comann nan Goibhnean-ceangail	|	Peigi nic Ascaill signs the Fuel-Fitters' contract for the regiments' 
CHANGE	eras/age_VII/annals/age_VII_11.json:EVII-6030.body	the second fleet's	->	An dàrna cabhlach's	|	sees the salt-boat raiders' sail two hours before the second fleet's own lookout and lights, on he
CHANGE	eras/age_VII/annals/age_VII_11.json:EVII-6033.body	the third fleet's	->	An treas cabhlach's	|	For the third fleet's tank-hulls the quays of Baile
CHANGE	eras/age_VII/annals/age_VII_11.json:EVII-6035.title	The Còmhrag	->	Còmhrag Ceann leathan	|	The Còmhrag of Ceann leathan after the wa
CHANGE	eras/age_VII/annals/age_VII_11.json:EVII-6036.body	the stone at Cathair mhòr	->	Clach nan Rèisimeidean	|	 named costs, granaries and flooded pit-heads and the stone at Cathair mhòr, judging that a council grows
CHANGE	eras/age_VII/annals/age_VII_11.json:EVII-6037.title	the Treasury	->	An t-Ionmhas	|	The master of the Treasury asks a figure of the motion
CHANGE	eras/age_VII/annals/age_VII_11.json:EVII-6037.body	the Treasury	->	An t-Ionmhas	|	Uisdean Dubh, master of the Treasury, asks Anna nic Phàil's motion
CHANGE	eras/age_VII/annals/age_VII_11.json:EVII-6037.body	motion for amends	->	Tagradh na h-Èirig	|	bh, master of the Treasury, asks Anna nic Phàil's motion for amends whether its sum has been cost
CHANGE	eras/age_VII/annals/age_VII_11.json:EVII-6038.body	the motion for amends	->	Tagradh na h-Èirig	|	ight sittings running the council's clerk carries the motion for amends forward on the day's business
CHANGE	eras/age_VII/annals/age_VII_11.json:EVII-6040.body	the motion for amends	->	Tagradh na h-Èirig	|	On the eighth day the motion for amends is absent from the business-p
CHANGE	eras/age_VII/annals/age_VII_11.json:EVII-6042.body	the Moot's	->	Tional nan Tuathach's	|	lls Peter Hale plainly that she means to lay down the Moot's chair that year, and that she
CHANGE	eras/age_VII/annals/age_VII_11.json:EVII-6043.body	the Moot	->	Tional nan Tuathach	|	the coal-line's freight, lays the chair down, and the Moot chooses Peter Hale by acclama
CHANGE	eras/age_VII/annals/age_VII_11.json:EVII-6044.body	the Moot's	->	Tional nan Tuathach's	|	young woman, not yet certain what a woman who was the Moot's own voice for seventeen years
CHANGE	eras/age_VII/annals/age_VII_11.json:EVII-6045.body	the eighth regiment's	->	An t-ochdamh rèisimeid's	|	By council order the eighth regiment's officers at Inis uaine are gi
CHANGE	eras/age_VII/annals/age_VII_11.json:EVII-6046.body	the fifth regiment's	->	An còigeamh rèisimeid's	|	The quarrymen of Seann Warr cut the stone for the fifth regiment's barracks through the summer f
CHANGE	eras/age_VII/annals/age_VII_11.json:EVII-6046.body	the Treasury	->	An t-Ionmhas	|	 face that gave the harbour wall, and are paid by the Treasury at a rate the town's masons c
CHANGE	eras/age_VII/annals/age_VII_11.json:EVII-6048.body	The hot springs	->	Fuarain Theth Muileann ruadh	|	The hot springs below Muileann ruadh run so f
CHANGE	eras/age_VII/annals/age_VII_12.json:EVII-6501.body	the Library's	->	an Leabharlann's	|	A carrier bringing salt fish to the Library's kitchen uses the word seann-c
CHANGE	eras/age_VII/annals/age_VII_12.json:EVII-6501.body	the Library's	->	an Leabharlann's	|	es, meaning at first only to ask Raghnall whether the Library's glossary should carry it.
CHANGE	eras/age_VII/annals/age_VII_12.json:EVII-6504.body	the Mine Board	->	Comhairle nam Mèinnean	|	A four-line order from the Mine Board reaches the maor of Achadh dh
CHANGE	eras/age_VII/annals/age_VII_12.json:EVII-6504.body	the Sloc Mòr's	->	An Sloc Mòr's	|	he maor of Achadh dhomhain in an Gearran, closing the Sloc Mòr's upper galleries and the timbe
CHANGE	eras/age_VII/annals/age_VII_12.json:EVII-6505.body	the Sloc Mòr's	->	An Sloc Mòr's	|	s of the town said nothing against the closing of the Sloc Mòr's upper galleries and asked not
CHANGE	eras/age_VII/annals/age_VII_12.json:EVII-6506.body	the coal line's	->	Slighe a' Ghuail's	|	ree days before, that the run he is given will be the coal line's last working under coal's own
CHANGE	eras/age_VII/annals/age_VII_12.json:EVII-6508.body	the wartime tithe	->	Deachamh a' Chogaidh	|	y as given, for a time only, the same three words the wartime tithe was given six years before an
CHANGE	eras/age_VII/annals/age_VII_12.json:EVII-6511.body	the Rite's	->	Deas-ghnàth a' Ghuail's	|	At the swearing of the Rite's twelve hewers at Achadh dhomh
CHANGE	eras/age_VII/annals/age_VII_12.json:EVII-6512.title	The Sloc Mòr's	->	An Sloc Mòr's	|	The Sloc Mòr's upper galleries capped
CHANGE	eras/age_VII/annals/age_VII_12.json:EVII-6512.body	the Sloc Mòr	->	An Sloc Mòr	|	f the Board's order the eleven upper galleries of the Sloc Mòr are capped, their timbering l
CHANGE	eras/age_VII/annals/age_VII_12.json:EVII-6513.title	The ninth regiment's	->	An naoidheamh rèisimeid's	|	The ninth regiment's man at Ceann leathan
CHANGE	eras/age_VII/annals/age_VII_12.json:EVII-6513.body	the Còmhrag	->	Còmhrag Ceann leathan	|	The winner of the Còmhrag in the regiments' first year 
CHANGE	eras/age_VII/annals/age_VII_12.json:EVII-6513.body	the Fuel-Fitters	->	Comann nan Goibhnean-ceangail	|	southern Seann Skell who had fitted engines under the Fuel-Fitters' charter before the regiments
CHANGE	eras/age_VII/annals/age_VII_12.json:EVII-6514.title	the Library	->	an Leabharlann	|	A sentry's word at the Library gate
CHANGE	eras/age_VII/annals/age_VII_12.json:EVII-6514.body	the second regiment's	->	An dàrna rèisimeid's	|	The sergeant of the second regiment's first watch at an Leabharlann
CHANGE	eras/age_VII/annals/age_VII_12.json:EVII-6517.title	The eighth regiment	->	An t-ochdamh rèisimeid	|	The eighth regiment at Inis uaine keeps a school
CHANGE	eras/age_VII/annals/age_VII_12.json:EVII-6517.body	The eighth regiment	->	An t-ochdamh rèisimeid	|	The eighth regiment at Inis uaine keeps a school 
CHANGE	eras/age_VII/annals/age_VII_12.json:EVII-6518.title	the eleven books	->	An t-Aon Leabhar Deug	|	Joe Ashby asks Peter Hale about the eleven books
CHANGE	eras/age_VII/annals/age_VII_12.json:EVII-6518.body	the Library	->	an Leabharlann	|	 Ashby puts to Peter Hale the question of whether the Library means to refuse the eleven bo
CHANGE	eras/age_VII/annals/age_VII_12.json:EVII-6518.body	the eleven books	->	An t-Aon Leabhar Deug	|	e question of whether the Library means to refuse the eleven books outright or only to leave the
CHANGE	eras/age_VII/annals/age_VII_12.json:EVII-6519.title	the Moot's	->	Tional nan Tuathach's	|	Peter Hale opens the Moot's book in his own hand
CHANGE	eras/age_VII/annals/age_VII_12.json:EVII-6519.body	the Moot	->	Tional nan Tuathach	|	 tally: no ruling of any Dia-thìreach court names the Moot a lawful body, and none has e
CHANGE	eras/age_VII/annals/age_VII_12.json:EVII-6520.title	The Treasury clerk	->	An t-Ionmhas's clerk	|	The Treasury clerk at Ros dhomhain keeps a secon
CHANGE	eras/age_VII/annals/age_VII_12.json:EVII-6520.body	The Treasury clerk	->	An t-Ionmhas's clerk	|	The Treasury clerk who weighs and marks the ordi
CHANGE	eras/age_VII/annals/age_VII_12.json:EVII-6520.body	the Treasury	->	An t-Ionmhas	|	he quay for the fleets and the regiments and pays the Treasury nothing, and folds it each qu
CHANGE	eras/age_VII/annals/age_VII_12.json:EVII-6523.title	A Treasury clerk	->	A clerk of An t-Ionmhas	|	A Treasury clerk marks the first and last barr
CHANGE	eras/age_VII/annals/age_VII_12.json:EVII-6523.body	the Treasury	->	An t-Ionmhas	|	At Ros dhomhain a clerk of the Treasury marks the first barrel and th
CHANGE	eras/age_VII/annals/age_VII_12.json:EVII-6524.body	the Fuel-Fitters	->	Comann nan Goibhnean-ceangail	|	inks of the six years since his own name came off the Fuel-Fitters' rolls under a charter writte
CHANGE	eras/age_VII/annals/age_VII_12.json:EVII-6526.title	the eleven books	->	An t-Aon Leabhar Deug	|	The copying of the eleven books
CHANGE	eras/age_VII/annals/age_VII_12.json:EVII-6526.body	The eleven books	->	An t-Aon Leabhar Deug	|	The eleven books of Ellen Marsh's gathering go
CHANGE	eras/age_VII/annals/age_VII_12.json:EVII-6527.title	the eleven books	->	An t-Aon Leabhar Deug	|	A lamp-fitter of Caol mhòr on the eleven books
CHANGE	eras/age_VII/annals/age_VII_12.json:EVII-6527.body	the Fuel-Fitters	->	Comann nan Goibhnean-ceangail	|	An old lamp-fitter of Caol mhòr, let go from the Fuel-Fitters' rolls with Joe Ashby, says a
CHANGE	eras/age_VII/annals/age_VII_12.json:EVII-6527.body	the Library	->	an Leabharlann	|	y, says a book finished is still a book, whatever the Library does with it.
CHANGE	eras/age_VII/annals/age_VII_12.json:EVII-6529.body	the Treasury's	->	An t-Ionmhas's	|	ands out of Ros dhomhain on the morning tide with the Treasury's seal on her hatches, and the 
CHANGE	eras/age_VII/annals/age_VII_12.json:EVII-6532.body	The Sloc Mòr's	->	An Sloc Mòr's	|	The Sloc Mòr's twelve hewers cut the year's 
CHANGE	eras/age_VII/annals/age_VII_12.json:EVII-6532.body	the coal line	->	Slighe a' Ghuail	|	 go south to the southern Seann Skell in a van of the coal line kept for nothing else that we
CHANGE	eras/age_VII/annals/age_VII_12.json:EVII-6539.title	The Còmhrag's	->	Còmhrag Ceann leathan's	|	The Còmhrag's champion falls to a hewer's s
CHANGE	eras/age_VII/annals/age_VII_12.json:EVII-6539.body	the ninth regiment's	->	An naoidheamh rèisimeid's	|	sking for the year's champion against all comers, the ninth regiment's man loses to a twenty-year-ol
CHANGE	eras/age_VII/annals/age_VII_12.json:EVII-6542.title	the First Canoe	->	A' Chiad Churach	|	Ellen Marsh tells the First Canoe again
CHANGE	eras/age_VII/annals/age_VII_12.json:EVII-6542.body	the First Canoe's	->	A' Chiad Churach's	|	ls her eldest pupils, as her own mother told her, the First Canoe's crossing through Manannan's m
CHANGE	eras/age_VII/annals/age_VII_12.json:EVII-6542.body	Manannan's mist	->	Ceò Mhanannain	|	ther told her, the First Canoe's crossing through Manannan's mist with a fire tended turn and t
CHANGE	eras/age_VII/annals/age_VII_12.json:EVII-6543.body	the First Canoe	->	A' Chiad Churach	|	A thirteen-year-old asks Ellen Marsh whose fire the First Canoe carried, since the telling na
CHANGE	eras/age_VII/annals/age_VII_12.json:EVII-6544.body	the Library's	->	an Leabharlann's	|	me she first overheard from a northern carrier in the Library's own yard, black the coal and 
CHANGE	eras/age_VII/annals/age_VII_12.json:EVII-6549.body	the First Canoe	->	A' Chiad Churach	|	the eldest children at Doire ghlas the telling of the First Canoe and of the fire its crew carr
CHANGE	eras/age_VII/annals/age_VII_12.json:EVII-6550.title	The chronicle's	->	Eachdraidh na Rìoghachd's	|	The chronicle's last page of the year left op
CHANGE	eras/age_VII/annals/age_VII_12.json:EVII-6550.body	the royal chronicle	->	Eachdraidh na Rìoghachd	|	Sìleas nic Rath leaves the royal chronicle open on its stand at the year
CHANGE	eras/age_VII/annals/age_VII_12.json:EVII-6551.body	the sixth regiment's	->	An siathamh rèisimeid's	|	horm going south to the fair show their passes at the sixth regiment's posts by the boundary stones,
CHANGE	eras/age_VII/book/02_the_two_surveyors.md:53	the Crown's	->	An Crùn's	|	r days at Caol mhòr. They went first to the maor, the Crown's officer for the shire, a thin
CHANGE	eras/age_VII/book/02_the_two_surveyors.md:53	The Library	->	An Leabharlann	|	 in the grate. He had heard of the fuel, he said. The Library had written to him about it. 
CHANGE	eras/age_VII/book/02_the_two_surveyors.md:131	the fair at Muileann òg	->	Fèill Muileann òg	|	 for its mills, and the carts on the long road to the fair at Muileann òg, and the weather, and the har
CHANGE	eras/age_VII/book/03_the_last_cartload_and_the_crowning.md:7	the fair road	->	Rathad na Fèille	|	he toll-house at Muileann òg, over the arch where the fair road came in, and in winter the ro
CHANGE	eras/age_VII/book/03_the_last_cartload_and_the_crowning.md:23	the fair court	->	Cùirt na Fèille	|	Fionnlagh mac Gille-Chaluim, justice of the fair court, came down to the arch in his
CHANGE	eras/age_VII/book/03_the_last_cartload_and_the_crowning.md:57	the fair court	->	Cùirt na Fèille	|	The day-book of the fair court for that year is in an Leabha
CHANGE	eras/age_VII/book/03_the_last_cartload_and_the_crowning.md:83	the fair road	->	Rathad na Fèille	|	In the summer word went round the fair road that Mairead's reign had ende
CHANGE	eras/age_VII/book/03_the_last_cartload_and_the_crowning.md:85	The fair road	->	Rathad na Fèille	|	he tannery, and were in the streets before light. The fair road was full all the way up. Ther
CHANGE	eras/age_VII/book/03_the_last_cartload_and_the_crowning.md:165	the fair court	->	Cùirt na Fèille	|	The day-book of the fair court is ruled by hand at the start
CHANGE	eras/age_VII/book/03_the_last_cartload_and_the_crowning.md:183	the fair court	->	Cùirt na Fèille	|	nder the totals, in the place where the clerks of the fair court had always written the year's
CHANGE	eras/age_VII/book/06_the_boatwrights_of_caol_fhiadhaich.md:11	the Stone	->	Òrd na Cloiche	|	ne, not for the pilots and not for the priests of the Stone.
CHANGE	eras/age_VII/book/06_the_boatwrights_of_caol_fhiadhaich.md:51	the Stone	->	Òrd na Cloiche	|	 the two brothers of the yard below the church of the Stone; and a young woman, Raonaid n
CHANGE	eras/age_VII/book/11_the_wick_over_the_door.md:7	the far-off house	->	An Sligeanach Fad' às	|	they stood near: the Lion on the north-east road, the far-off house on the east road, the golden 
CHANGE	eras/age_VII/book/11_the_wick_over_the_door.md:7	the golden house	->	An Taigh-seinnse Òir	|	th-east road, the far-off house on the east road, the golden house and the sunny house each on i
CHANGE	eras/age_VII/book/11_the_wick_over_the_door.md:7	the sunny house	->	An Taigh-òsta Grianach	|	-off house on the east road, the golden house and the sunny house each on its own way south, an
CHANGE	eras/age_VII/book/11_the_wick_over_the_door.md:17	the Yellow Lion	->	An Leòmhann Buidhe	|	 moor, stood the house called An Leòmhann Buidhe, the Yellow Lion, which had stood on that spot
CHANGE	eras/age_VII/book/11_the_wick_over_the_door.md:17	(appositive)	->	An Leòmhann Buidhe	|	dropped the English gloss beside An Leòmhann Buidhe
CHANGE	eras/age_VII/book/11_the_wick_over_the_door.md:33	the Rite	->	Deas-ghnàth a' Ghuail	|	r mac Ìomhair, Àrd-choimheadaiche of the order of the Rite, kept a closed carriage of th
CHANGE	eras/age_VII/book/11_the_wick_over_the_door.md:35	the Rite	->	Deas-ghnàth a' Ghuail	|	e custodian came down from Seann Skell's house of the Rite to try it, in his working rob
CHANGE	eras/age_VII/book/11_the_wick_over_the_door.md:49	the Mine Board	->	Comhairle nam Mèinnean	|	s the council kept such carriages of its own, and the Mine Board after it, and a carriage that
CHANGE	eras/age_VII/book/11_the_wick_over_the_door.md:77	the Guild of Hewers	->	Comann nan Gualadairean	|	 never have commanded, and that same spring, when the Guild of Hewers, its own hall at Achadh dhomh
CHANGE	eras/age_VII/book/11_the_wick_over_the_door.md:81	the sunny house	->	An Taigh-òsta Grianach	|	h, a smaller house called An Taigh-òsta Grianach, the sunny house, went further than any inn on
CHANGE	eras/age_VII/book/11_the_wick_over_the_door.md:81	(appositive)	->	An Taigh-òsta Grianach	|	dropped the English gloss beside An Taigh-òsta Grianach
CHANGE	eras/age_VII/book/12_the_engines_laid_up_and_the_pit_quarter_emptied.md:47	the Guild of Hewers	->	Comann nan Gualadairean	|	Tormod mac Dhonnchaidh had been master of the Guild of Hewers for eleven years, and in all 
CHANGE	eras/age_VII/book/12_the_engines_laid_up_and_the_pit_quarter_emptied.md:67	the Rail Board's	->	Comhairle na Slighe-iarainn's	|	ine, some five miles off by the river road, where the Rail Board's tanks and the dubhan works al
CHANGE	eras/age_VII/book/12_the_engines_laid_up_and_the_pit_quarter_emptied.md:71	the Hewers' Row	->	Sreath nan Gualadairean	|	by the plainest name that came to hand, called it the Hewers' Row before the last house was roo
CHANGE	eras/age_VII/book/12_the_engines_laid_up_and_the_pit_quarter_emptied.md:79	the Hewers' Row	->	Sreath nan Gualadairean	|	d the two men walked on down the frozen street of the Hewers' Row in silence, past the well and
CHANGE	eras/age_VII/book/12_the_engines_laid_up_and_the_pit_quarter_emptied.md:85	The druid school	->	Scoiltean nan Draoidhean	|	The druid school at Caol shean, which held the
CHANGE	eras/age_VII/book/12_the_engines_laid_up_and_the_pit_quarter_emptied.md:87	the coal line	->	Slighe a' Ghuail	|	r after, his own road running the other way along the coal line to the capital and back; but 
CHANGE	eras/age_VII/book/13_of_a_name_that_went_before_the_fuel.md:13	The Rail Board's	->	Comhairle na Slighe-iarainn's	|	d it for a settled habit rather than an accident. The Rail Board's own minute-book, which came u
CHANGE	eras/age_VII/book/13_of_a_name_that_went_before_the_fuel.md:13	the Library's	->	an Leabharlann's	|	s own minute-book, which came up twice a year for the Library's copying, wrote it once, in an
CHANGE	eras/age_VII/book/13_of_a_name_that_went_before_the_fuel.md:27	the druid school	->	Scoiltean nan Draoidhean	|	In the same spring a letter came from the druid school at Caol shean, addressed to R
CHANGE	eras/age_VII/book/13_of_a_name_that_went_before_the_fuel.md:27	the Library	->	an Leabharlann	|	 it concerned, the school's letter said, a matter the Library might in time wish to have on
CHANGE	eras/age_VII/book/13_of_a_name_that_went_before_the_fuel.md:31	the Library	->	an Leabharlann	|	t-attempt-that-was-the-one, which they offered to the Library, the letter said, for one rea
CHANGE	eras/age_VII/book/13_of_a_name_that_went_before_the_fuel.md:37	the Library's	->	an Leabharlann's	|	gain that year in anything he wrote. It sat on in the Library's word-list where he had set it
CHANGE	eras/age_VII/book/13_of_a_name_that_went_before_the_fuel.md:41	the Rail Board's	->	Comhairle na Slighe-iarainn's	|	Up at Muileann chrom the next year the Rail Board's own minute-book, the one Sìle
CHANGE	eras/age_VII/book/13_of_a_name_that_went_before_the_fuel.md:43	the coal line	->	Slighe a' Ghuail	|	been called, since it was laid, Slighe a' Ghuail, the coal line, in every timetable the Board
CHANGE	eras/age_VII/book/13_of_a_name_that_went_before_the_fuel.md:43	(appositive)	->	Slighe a' Ghuail	|	dropped the English gloss beside Slighe a' Ghuail
CHANGE	eras/age_VII/book/13_of_a_name_that_went_before_the_fuel.md:45	the coal line	->	Slighe a' Ghuail	|	r in living memory called their road anything but the coal line, went on calling it that in t
CHANGE	eras/age_VII/book/13_of_a_name_that_went_before_the_fuel.md:53	The Guild of Hewers	->	Comann nan Gualadairean	|	The Guild of Hewers dissolved itself in an Cèitea
CHANGE	eras/age_VII/book/13_of_a_name_that_went_before_the_fuel.md:67	the Library's	->	an Leabharlann's	|	particular, which he asked her to see copied into the Library's record rather than filed loos
CHANGE	eras/age_VII/book/13_of_a_name_that_went_before_the_fuel.md:81	the warm springs	->	Fuarain Theth Muileann ruadh	|	 the hewers had built two generations before over the warm springs below Muileann ruadh, for the
CHANGE	eras/age_VII/book/13_of_a_name_that_went_before_the_fuel.md:83	the Rite	->	Deas-ghnàth a' Ghuail	|	rest of the guild's holding, to the custodians of the Rite at the southern Seann Skell, 
CHANGE	eras/age_VII/book/13_of_a_name_that_went_before_the_fuel.md:93	the Hewers' Row	->	Sreath nan Gualadairean	|	re to Seann Toll, to see, he told the doctor, how the Hewers' Row did in its first hard frost, 
CHANGE	eras/age_VII/book/14_of_the_charter_rule.md:7	the Sloc Mòr	->	An Sloc Mòr	|	een built, four generations back, of the spoil of the Sloc Mòr: grey rubble from the tips th
CHANGE	eras/age_VII/book/14_of_the_charter_rule.md:7	the Crown's	->	An Crùn's	|	ubled to dress, hauled up from Achadh dhomhain on the Crown's own carts because the first M
CHANGE	eras/age_VII/book/14_of_the_charter_rule.md:9	the Sloc Mòr's	->	An Sloc Mòr's	|	is clerk to tell him what they meant. He had read the Sloc Mòr's returns every quarter of his 
CHANGE	eras/age_VII/book/14_of_the_charter_rule.md:15	the Crown's	->	An Crùn's	|	"And the Crown's share still comes off the top
CHANGE	eras/age_VII/book/14_of_the_charter_rule.md:19	the Sloc Mòr	->	An Sloc Mòr	|	r gone down a shaft, and whose whole knowledge of the Sloc Mòr was the knowledge of a man wh
CHANGE	eras/age_VII/book/14_of_the_charter_rule.md:19	the Crown	->	An Crùn	|	f; his father had sold half the share outright to the Crown rather than see the whole hou
CHANGE	eras/age_VII/book/14_of_the_charter_rule.md:25	the Mine Board	->	Comhairle nam Mèinnean	|	Coinneach wrote to the Mine Board offering what remained of the
CHANGE	eras/age_VII/book/14_of_the_charter_rule.md:25	the Sloc Mòr's	->	An Sloc Mòr's	|	rd offering what remained of the house's share in the Sloc Mòr's spoil and quarry, the stone-c
CHANGE	eras/age_VII/book/14_of_the_charter_rule.md:25	the fair court	->	Cùirt na Fèille	|	{{date:VI-0042}}, with two witnesses and a fee to the fair court, and Coinneach mac Ùisdein pu
CHANGE	eras/age_VII/book/14_of_the_charter_rule.md:43	the coal line	->	Slighe a' Ghuail	|	el, for the engine and for the trains that ran on the coal line and now the dubhan tanks besi
CHANGE	eras/age_VII/book/14_of_the_charter_rule.md:59	a Crown boat	->	a boat of An Crùn	|	twenty years and had never before this season had a Crown boat come up on him faster than hi
CHANGE	eras/age_VII/book/14_of_the_charter_rule.md:67	the Fuel-Fitters	->	Comann nan Goibhnean-ceangail	|	 shipmasters' works for seven years by the summer the Fuel-Fitters were chartered, and she had k
CHANGE	eras/age_VII/book/14_of_the_charter_rule.md:67	The shipmasters' company	->	Comann nan Sciobairean	|	it, for the better part of a year before it came. The shipmasters' company had wanted it: a guild of its
CHANGE	eras/age_VII/book/14_of_the_charter_rule.md:67	the Crown	->	An Crùn	|	uch surprised, in the spring, when word came that the Crown had granted it.
CHANGE	eras/age_VII/book/14_of_the_charter_rule.md:71	the Hewers	->	Comann nan Gualadairean	|	tered in her lifetime carried some version of it, the Hewers before their own dissolving, 
CHANGE	eras/age_VII/book/14_of_the_charter_rule.md:71	the Rail Board's	->	Comhairle na Slighe-iarainn's	|	on of it, the Hewers before their own dissolving, the Rail Board's drivers, the masons, the smit
CHANGE	eras/age_VII/book/14_of_the_charter_rule.md:73	a Treasury clerk	->	a clerk of An t-Ionmhas	|	 doors thrown open to the harbour for air, before a Treasury clerk sent down from the capital to
CHANGE	eras/age_VII/book/14_of_the_charter_rule.md:73	the Rite	->	Deas-ghnàth a' Ghuail	|	 the capital to read the grant and a custodian of the Rite to bless the guild's new bann
CHANGE	eras/age_VII/book/14_of_the_charter_rule.md:113	The Moot	->	Tional nan Tuathach	|	The Moot met at Caol mhòr on {{date:VI
CHANGE	eras/age_VII/book/14_of_the_charter_rule.md:115	the Moot's	->	Tional nan Tuathach's	|	 of coal cheap enough to buy from the south. What the Moot's vote settled was not whether 
CHANGE	eras/age_VII/book/14_of_the_charter_rule.md:119	the Moot	->	Tional nan Tuathach	|	s carried, whom few in the hall had heard address the Moot before: Ruth Calder, sent tha
CHANGE	eras/age_VII/book/14_of_the_charter_rule.md:121	The Moot's	->	Tional nan Tuathach's	|	She was not long on her feet. The Moot's own minute gave her, as it ga
CHANGE	eras/age_VII/book/14_of_the_charter_rule.md:121	the Moot's	->	Tional nan Tuathach's	|	 it as long as the seams allowed, and did not ask the Moot's leave to do so, only its pati
CHANGE	eras/age_VII/book/14_of_the_charter_rule.md:123	the Moot's	->	Tional nan Tuathach's	|	 recorded and their delegates withdrawn, and that the Moot's granaries, whatever else the 
CHANGE	eras/age_VII/book/14_of_the_charter_rule.md:123	the Moot's	->	Tional nan Tuathach's	|	ffect, declared themselves apart from the rest of the Moot's business. Martha answered tha
CHANGE	eras/age_VII/book/14_of_the_charter_rule.md:123	the Moot's	->	Tional nan Tuathach's	|	household was a hungry household in whatever town the Moot's charter covered, and that she
CHANGE	eras/age_VII/book/15_of_the_fifteenth_year.md:9	the Moot's minutes	->	Cuimhne-coinneimh an Tionail	|	ich had grown no neater in seven years of writing the Moot's minutes and had, if anything, grown f
CHANGE	eras/age_VII/book/15_of_the_fifteenth_year.md:23	the Treasury	->	An t-Ionmhas	|	ffice of record; a private letter from a clerk of the Treasury who owed Raghnall a kindness 
CHANGE	eras/age_VII/book/15_of_the_fifteenth_year.md:23	the Library	->	an Leabharlann	|	ion, posted up in the market towns and brought to the Library folded inside a farmer's alma
CHANGE	eras/age_VII/book/15_of_the_fifteenth_year.md:25	the Treasury's	->	An t-Ionmhas's	|	 had resolved two things at one stroke, as though the Treasury's masters had judged that two c
CHANGE	eras/age_VII/book/15_of_the_fifteenth_year.md:25	the Severance	->	An Dealachadh	|	 that the age of the kingdom, which had run since the Severance under its own count of years,
CHANGE	eras/age_VII/book/15_of_the_fifteenth_year.md:29	the Library's	->	an Leabharlann's	|	ust done to fourteen years of her own record what the Library's reckoners had done, three gen
CHANGE	eras/age_VII/book/15_of_the_fifteenth_year.md:29	the Crossing	->	An t-Aiseag	|	e generations before her time, to the ages before the Crossing, folding a stretch of lived y
CHANGE	eras/age_VII/book/15_of_the_fifteenth_year.md:51	the Dubhan Era	->	Linn an Dubhain	|	t the top of the open page, the fifteenth year of the Dubhan Era, in the same square hand as a
CHANGE	eras/age_VII/book/15_of_the_fifteenth_year.md:61	the Library	->	an Leabharlann	|	hat hand before, three years past, asking whether the Library kept any record of the old in
CHANGE	eras/age_VII/book/15_of_the_fifteenth_year.md:67	the Treasury	->	An t-Ionmhas	|	gger than a loaf, carried by a mounted courier of the Treasury who would not leave them with
CHANGE	eras/age_VII/book/15_of_the_fifteenth_year.md:69	the Hewers' oath-stone	->	Clach-mhionnan nan Gualadairean	|	estion, in the glass case in the front room where the Hewers' oath-stone already stood, the two things
CHANGE	eras/age_VII/book/15_of_the_fifteenth_year.md:79	the Library	->	an Leabharlann	|	ouncil, and sent a copy, as courtesy required, to the Library for its record, protesting th
CHANGE	eras/age_VII/book/15_of_the_fifteenth_year.md:79	the Old Faith	->	An Creideamh Sean	|	n wealth rested, in the last account, on the vein the Old Faith had always held sacred. A sea
CHANGE	eras/age_VII/book/16_of_the_meeting_at_muileann_arsaidh.md:18	the Guild of Hewers	->	Comann nan Gualadairean	|	 was no guild left in the west to make it formal; the Guild of Hewers had dissolved itself four yea
CHANGE	eras/age_VII/book/16_of_the_meeting_at_muileann_arsaidh.md:36	the Moot at Caol mhòr	->	Tional nan Tuathach	|	es and the talk of the south and the talk of what the Moot at Caol mhòr might or might not do, was th
CHANGE	eras/age_VII/book/16_of_the_meeting_at_muileann_arsaidh.md:58	the Moot	->	Tional nan Tuathach	|	t the fuel from the south, and nothing for it. Of the Moot, which none of the four towns
CHANGE	eras/age_VII/book/16_of_the_meeting_at_muileann_arsaidh.md:74	The Moot at Caol mhòr	->	Tional nan Tuathach	|	The Moot at Caol mhòr, when word of the agreement r
CHANGE	eras/age_VII/book/16_of_the_meeting_at_muileann_arsaidh.md:74	the Moot's	->	Tional nan Tuathach's	|	might do. It did not send a delegate north to add the Moot's own name to the sheet, as one
CHANGE	eras/age_VII/book/16_of_the_meeting_at_muileann_arsaidh.md:74	the Moot	->	Tional nan Tuathach	|	t noted the towns' agreement had been reported to the Moot and that the Moot, having hea
CHANGE	eras/age_VII/book/16_of_the_meeting_at_muileann_arsaidh.md:74	the Moot	->	Tional nan Tuathach	|	 agreement had been reported to the Moot and that the Moot, having heard it, saw no caus
CHANGE	eras/age_VII/book/16_of_the_meeting_at_muileann_arsaidh.md:78	the Severance	->	An Dealachadh	|	account the town could give of them, since before the Severance, when the men who dug them ha
CHANGE	eras/age_VII/book/16_of_the_meeting_at_muileann_arsaidh.md:82	the Library at Muileann chaol	->	Leabharlann Muileann chaol	|	earnest, whether Ruth thought it worth writing to the Library at Muileann chaol about the pick-head, and answ
CHANGE	eras/age_VII/book/17_of_the_eleven_books.md:7	the Severance	->	An Dealachadh	|	s, a red well the Dia-thìrich had dug long before the Severance and the Tuathaich had kept di
CHANGE	eras/age_VII/book/17_of_the_eleven_books.md:9	the Severance	->	An Dealachadh	|	ld woman named Annie Drew who had been a child at the Severance, and who had said, the last t
CHANGE	eras/age_VII/book/17_of_the_eleven_books.md:47	the Severance	->	An Dealachadh	|	correct something she had told the children about the Severance, a small thing, a date got wr
CHANGE	eras/age_VII/book/17_of_the_eleven_books.md:49	the Severance	->	An Dealachadh	|	ould keep pace with, town by town, coast to hill, the Severance and the years straight after 
CHANGE	eras/age_VII/book/17_of_the_eleven_books.md:51	the Moot's	->	Tional nan Tuathach's	|	wo of them had sat up late in this same room over the Moot's own sixty-three books and Ell
CHANGE	eras/age_VII/book/17_of_the_eleven_books.md:57	the Library	->	an Leabharlann	|	She wrote the letter to the Library the same evening, at the same
CHANGE	eras/age_VII/book/17_of_the_eleven_books.md:57	the eleven books	->	An t-Aon Leabhar Deug	|	 sentences held the whole of it. It set down what the eleven books were and how they had been ga
CHANGE	eras/age_VII/book/17_of_the_eleven_books.md:57	the eleven books	->	An t-Aon Leabhar Deug	|	 Doire ghlas each month with the shires' returns, the eleven books wrapped together in oilcloth 
CHANGE	eras/age_VII/book/17_of_the_eleven_books.md:65	the eleven books	->	An t-Aon Leabhar Deug	|	ords. This was longer. Her request, he wrote, and the eleven books with it, had been laid before
CHANGE	eras/age_VII/book/17_of_the_eleven_books.md:65	the Library	->	an Leabharlann	|	ooks with it, had been laid before the keepers of the Library in the spring, read entire, a
CHANGE	eras/age_VII/book/17_of_the_eleven_books.md:65	the Library	->	an Leabharlann	|	honestly made; it turned instead on what standing the Library ought to give to witness that
CHANGE	eras/age_VII/book/17_of_the_eleven_books.md:65	the council of the kingdom	->	Comhairle na Rìoghachd	|	at to keep and what to leave. This was a question the council of the kingdom had not yet given its view on
CHANGE	eras/age_VII/book/17_of_the_eleven_books.md:65	the keeper of the Library	->	Neach-gleidhidh an Leabharlainn	|	ad come before it in like form, and until it did, the keeper of the Library had no more authority to shel
CHANGE	eras/age_VII/book/17_of_the_eleven_books.md:71	the eleven books	->	An t-Aon Leabhar Deug	|	etter simply said, in its careful sentences, that the eleven books would lie on a table until a 
CHANGE	eras/age_VII/book/17_of_the_eleven_books.md:77	the census of hands	->	Cunntas nan Làmh	|	hink he needed reminding, and said so — that when the census of hands was last taken in the shires,
CHANGE	eras/age_VII/book/17_of_the_eleven_books.md:77	the Moot's	->	Tional nan Tuathach's	|	ing, but had taken the figures of every town from the Moot's own mouth, written them down 
CHANGE	eras/age_VII/book/17_of_the_eleven_books.md:77	the Moot	->	Tional nan Tuathach	|	fterward in the kingdom's own returns and used by the Moot in its dealings with the coun
CHANGE	eras/age_VII/book/17_of_the_eleven_books.md:77	the Moot's	->	Tional nan Tuathach's	|	day. She had seen the page herself, she wrote, in the Moot's own minute-book, the year the
CHANGE	eras/age_VII/book/17_of_the_eleven_books.md:79	the eleven books	->	An t-Aon Leabhar Deug	|	e that she would not press the council to believe the eleven books over anything the Library alr
CHANGE	eras/age_VII/book/17_of_the_eleven_books.md:79	the Library	->	an Leabharlann	|	council to believe the eleven books over anything the Library already held. She asked only,
CHANGE	eras/age_VII/book/17_of_the_eleven_books.md:101	the Library	->	an Leabharlann	|	tove asked outright whether the books would go to the Library or not, Ellen said, in the sa
CHANGE	eras/age_VII/book/18_of_the_leoid_ruling.md:9	the Moot's	->	Tional nan Tuathach's	|	It was from the Moot's wool mills at Doire ghlas, a 
CHANGE	eras/age_VII/book/18_of_the_leoid_ruling.md:17	the Crown's	->	An Crùn's	|	ere to the strait is burning coal that never paid the Crown's fifth to anybody, and the Boa
CHANGE	eras/age_VII/book/18_of_the_leoid_ruling.md:33	the Crown	->	An Crùn	|	he north had coin enough to buy coal at all, that the Crown never saw a fifth of?"
CHANGE	eras/age_VII/book/18_of_the_leoid_ruling.md:39	the Leòid ruling	->	Breith Leòid	|	t costs the Board. You've told me. Go and find me the Leòid ruling. The whole of it, not the dig
CHANGE	eras/age_VII/book/18_of_the_leoid_ruling.md:43	The Leòid ruling	->	Breith Leòid	|	The Leòid ruling had lain in the Board's own p
CHANGE	eras/age_VII/book/18_of_the_leoid_ruling.md:45	the Crown	->	An Crùn	|	 Tuathaich held under the humans' title passed to the Crown, and that the right to work i
CHANGE	eras/age_VII/book/18_of_the_leoid_ruling.md:45	the Crown's	->	An Crùn's	|	: that the holders' right ran with the payment of the Crown's fifth and failed with it; and
CHANGE	eras/age_VII/book/18_of_the_leoid_ruling.md:61	the Leòid ruling	->	Breith Leòid	|	 ask for one whether I give it or not: that under the Leòid ruling the western seams are the Cro
CHANGE	eras/age_VII/book/18_of_the_leoid_ruling.md:61	the Crown's	->	An Crùn's	|	that under the Leòid ruling the western seams are the Crown's to take back, the holders hav
CHANGE	eras/age_VII/book/18_of_the_leoid_ruling.md:61	the Crown's	->	An Crùn's	|	ut until such time as they are worked again under the Crown's own hand."
CHANGE	eras/age_VII/book/18_of_the_leoid_ruling.md:69	the Leòid ruling	->	Breith Leòid	|	tern seams, their right to work them lapsed under the Leòid ruling for two years' unpaid fifth, 
CHANGE	eras/age_VII/book/18_of_the_leoid_ruling.md:69	the Crown's	->	An Crùn's	|	ruling for two years' unpaid fifth, were declared the Crown's; that the pits at Muileann àr
CHANGE	eras/age_VII/book/18_of_the_leoid_ruling.md:77	the Crown	->	An Crùn	|	on working until the seams themselves were spent, the Crown having never carried their co
CHANGE	eras/age_VII/book/18_of_the_leoid_ruling.md:123	the Severance	->	An Dealachadh	|	the kingdom had sent armed toward the north since the Severance itself, near ninety years gon
CHANGE	eras/age_VII/book/19_of_the_depot_nobody_would_bless.md:17	the Leòid ruling	->	Breith Leòid	|	 forty men and the Board's authority to shut what the Leòid ruling had declared shut, and had ex
CHANGE	eras/age_VII/book/19_of_the_depot_nobody_would_bless.md:17	Manannan's order	->	Òrd Mhanannain	|	three lines long, much like the note the house of Manannan's order would send him in return befo
CHANGE	eras/age_VII/book/19_of_the_depot_nobody_would_bless.md:23	Manannan's order	->	Òrd Mhanannain	|	shed's new door the winter before, a custodian of Manannan's order come down from the house on t
CHANGE	eras/age_VII/book/19_of_the_depot_nobody_would_bless.md:25	Manannan's order	->	Òrd Mhanannain	|	He sent his corporal to the house of Manannan's order in the last week of an Cèitea
CHANGE	eras/age_VII/book/19_of_the_depot_nobody_would_bless.md:25	Manannan's order	->	Òrd Mhanannain	|	irle did not know, three lines long: the house of Manannan's order at Seann Skell did not bless 
CHANGE	eras/age_VII/book/19_of_the_depot_nobody_would_bless.md:39	the high custodian of the Rite	->	Àrd-choimheadaiche	|	He wrote of it to the high custodian of the Rite at the southern Seann Skell t
CHANGE	eras/age_VII/book/19_of_the_depot_nobody_would_bless.md:39	Manannan's order	->	Òrd Mhanannain	|	ern Seann Skell that same afternoon. The house of Manannan's order answered to no one outside it
CHANGE	eras/age_VII/book/19_of_the_depot_nobody_would_bless.md:41	Manannan's order	->	Òrd Mhanannain	|	e Àrd-choimheadaiche would not command a house of Manannan's order, he wrote, no more than the p
CHANGE	eras/age_VII/book/19_of_the_depot_nobody_would_bless.md:41	the Rite	->	Deas-ghnàth a' Ghuail	|	 priest's own master could command a custodian of the Rite; but the Rite blessed what it
CHANGE	eras/age_VII/book/19_of_the_depot_nobody_would_bless.md:41	the Rite	->	Deas-ghnàth a' Ghuail	|	master could command a custodian of the Rite; but the Rite blessed what it was asked to 
CHANGE	eras/age_VII/book/19_of_the_depot_nobody_would_bless.md:45	Manannan's order	->	Òrd Mhanannain	|	 Somhairle's questions in turn about the house of Manannan's order or why the southern house had
CHANGE	eras/age_VII/book/19_of_the_depot_nobody_would_bless.md:53	the Moot's	->	Tional nan Tuathach's	|	She wrote it at the Moot's table, with Peter Hale readin
CHANGE	eras/age_VII/book/19_of_the_depot_nobody_would_bless.md:53	the Moot's	->	Tional nan Tuathach's	|	she set pen to paper. It said, in substance, what the Moot's delegates had been saying to 
CHANGE	eras/age_VII/book/19_of_the_depot_nobody_would_bless.md:53	the Leòid ruling	->	Breith Leòid	|	for a letter carried by a Board's clerk, whatever the Leòid ruling said the seams now were; that
CHANGE	eras/age_VII/book/19_of_the_depot_nobody_would_bless.md:53	the Moot	->	Tional nan Tuathach	|	er the Leòid ruling said the seams now were; that the Moot was no party to the quarrel a
CHANGE	eras/age_VII/book/19_of_the_depot_nobody_would_bless.md:53	the Moot	->	Tional nan Tuathach	|	wished to be none; and that a year's delay, while the Moot itself sent men to treat with
CHANGE	eras/age_VII/book/19_of_the_depot_nobody_would_bless.md:57	the Moot's	->	Tional nan Tuathach's	|	o the capital by the ordinary post, and was read, the Moot's minute later recorded, at a s
CHANGE	eras/age_VII/book/19_of_the_depot_nobody_would_bless.md:57	the Moot	->	Tional nan Tuathach	|	h a paper label in a clerk's hand that said only *the Moot, western towns*, and there it
CHANGE	eras/age_VII/book/19_of_the_depot_nobody_would_bless.md:61	the Moot's	->	Tional nan Tuathach's	|	who had wanted a harder letter and had said so at the Moot's table before Martha wrote the
CHANGE	eras/age_VII/book/19_of_the_depot_nobody_would_bless.md:61	the Moot	->	Tional nan Tuathach	|	yet be opened. Ruth Calder, who had walked out of the Moot five years before and sat now
CHANGE	eras/age_VII/book/19_of_the_depot_nobody_would_bless.md:61	the Moot's	->	Tional nan Tuathach's	|	g the western towns' own people rather than among the Moot's, heard him say it, and said n
CHANGE	eras/age_VII/book/19_of_the_depot_nobody_would_bless.md:61	The Moot's	->	Tional nan Tuathach's	|	 Moot's, heard him say it, and said nothing back. The Moot's letter went into the record a
CHANGE	eras/age_VII/book/19_of_the_depot_nobody_would_bless.md:65	the open record	->	An Clàr Foscailte	|	The first skirmish that the open record does not name happened on the
CHANGE	eras/age_VII/book/19_of_the_depot_nobody_would_bless.md:73	The open record	->	An Clàr Foscailte	|	Neither telling gives a name. The open record gives none either: it was not
CHANGE	eras/age_VII/book/19_of_the_depot_nobody_would_bless.md:91	the royal chronicler	->	Seanchaidh na Rìoghachd	|	comment, a copy of a letter that had come up from the royal chronicler at Muileann chaol, asking the
CHANGE	eras/age_VII/book/19_of_the_depot_nobody_would_bless.md:93	the Library's	->	an Leabharlann's	|	ough the following weeks, who first said aloud in the Library's upper room that the Board's s
CHANGE	eras/age_VII/book/20_of_ruth_calders_letter.md:37	the Kingdom	->	Rìoghachd Dia-thìr	|	he wrote the salutation first, *To the Council of the Kingdom*, and looked at it a long whi
CHANGE	eras/age_VII/book/20_of_ruth_calders_letter.md:39	the Leòid ruling	->	Breith Leòid	|	 Muileann àrsaidh and the wrong done the towns by the Leòid ruling, and reading it back she hear
CHANGE	eras/age_VII/book/20_of_ruth_calders_letter.md:39	the Library	->	an Leabharlann	|	in that voice would be read by whoever read it at the Library as one more northern grievanc
CHANGE	eras/age_VII/book/20_of_ruth_calders_letter.md:45	the Crown's	->	An Crùn's	|	ver else they've said about seams and rulings and the Crown's own right. Offer them the coa
CHANGE	eras/age_VII/book/20_of_ruth_calders_letter.md:57	the Crown's	->	An Crùn's	|	*We will pay the Crown's fifth in coal, the same fifth
CHANGE	eras/age_VII/book/20_of_ruth_calders_letter.md:59	the Leòid ruling	->	Breith Leòid	|	for four years, by the Board's own reckoning, and the Leòid ruling made a great deal turn on tha
CHANGE	eras/age_VII/book/20_of_ruth_calders_letter.md:65	the Severance	->	An Dealachadh	|	 brought word that regiments not called out since the Severance were being spoken of again at
CHANGE	eras/age_VII/book/20_of_ruth_calders_letter.md:69	Manannan's order	->	Òrd Mhanannain	|	thout much sense of contradiction, a custodian of Manannan's order and the humans' own priest so
CHANGE	eras/age_VII/book/20_of_ruth_calders_letter.md:73	Christmas	->	an Nollaig	|	 her father, who had stood in that same pew every Christmas of her life until the last on
CHANGE	eras/age_VII/book/20_of_ruth_calders_letter.md:103	Christmas	->	an Nollaig	|	stayed past his hour rather than leave a stack of Christmas letters to wait another day, 
CHANGE	eras/age_VII/book/20_of_ruth_calders_letter.md:105	eleven books	->	An t-Aon Leabhar Deug	|	ch's own clerk's hand, and laid, as Ellen Marsh's eleven books had been laid two years befor
CHANGE	eras/age_VII/book/20_of_ruth_calders_letter.md:107	the Moot's	->	Tional nan Tuathach's	|	A copy of it went, by a slower road still, into the Moot's own minute at Caol mhòr, carr
CHANGE	eras/age_VII/book/20_of_ruth_calders_letter.md:107	the Moot	->	Tional nan Tuathach	|	 one of the western towns' own people who thought the Moot ought at least to have the si
CHANGE	eras/age_VII/book/20_of_ruth_calders_letter.md:107	the Moot	->	Tional nan Tuathach	|	 ought at least to have the sight of it, whatever the Moot chose to do or not do with th
CHANGE	eras/age_VII/book/20_of_ruth_calders_letter.md:107	the Moot's	->	Tional nan Tuathach's	|	t do with the sight once it had it; and there, in the Moot's own hand, it is recorded to t
CHANGE	eras/age_VII/book/20_of_ruth_calders_letter.md:111	Christmas	->	an Nollaig	|	She did not wish it unsent. Setting it down that Christmas evening with her father's tal
CHANGE	eras/age_VII/book/21_of_the_granaries_and_the_new_chronicler.md:7	the fair road	->	Rathad na Fèille	|	e delegates had come through snow that had closed the fair road three days before and was not
CHANGE	eras/age_VII/book/21_of_the_granaries_and_the_new_chronicler.md:9	the Moot	->	Tional nan Tuathach	|	 now at his temples, who rose first and said that the Moot had sat three sittings runnin
CHANGE	eras/age_VII/book/21_of_the_granaries_and_the_new_chronicler.md:13	Christmas	->	an Nollaig	|	e spoil. The letter Ruth Calder had sent south at Christmas, offering the Crown's own fif
CHANGE	eras/age_VII/book/21_of_the_granaries_and_the_new_chronicler.md:13	the Crown's	->	An Crùn's	|	Ruth Calder had sent south at Christmas, offering the Crown's own fifth in coal if only the
CHANGE	eras/age_VII/book/21_of_the_granaries_and_the_new_chronicler.md:13	the Library	->	an Leabharlann	|	oal if only the Board would carry it, had gone to the Library and had had no answer, not a 
CHANGE	eras/age_VII/book/21_of_the_granaries_and_the_new_chronicler.md:15	the Moot	->	Tional nan Tuathach	|	before, asking the Board for a year's delay while the Moot talked with the western towns
CHANGE	eras/age_VII/book/21_of_the_granaries_and_the_new_chronicler.md:19	the Moot	->	Tional nan Tuathach	|	k, so that whatever comes after, no one can claim the Moot was ever asked and never answ
CHANGE	eras/age_VII/book/21_of_the_granaries_and_the_new_chronicler.md:21	the Moot	->	Tional nan Tuathach	|	 thing Peter Hale had wanted from the start: that the Moot was no party to the quarrel b
CHANGE	eras/age_VII/book/21_of_the_granaries_and_the_new_chronicler.md:35	the Moot's	->	Tional nan Tuathach's	|	artha Greaves of Doire ghlas again and not merely the Moot's speaker. Nine votes would not
CHANGE	eras/age_VII/book/21_of_the_granaries_and_the_new_chronicler.md:39	the Moot's	->	Tional nan Tuathach's	|	wrote, at the foot of the mill's own book and not the Moot's, an order to the miller at Ca
CHANGE	eras/age_VII/book/21_of_the_granaries_and_the_new_chronicler.md:41	the Moot's	->	Tional nan Tuathach's	|	ere hers to spend as she judged, being no part of the Moot's own purse; and both of these 
CHANGE	eras/age_VII/book/21_of_the_granaries_and_the_new_chronicler.md:43	the Moot's	->	Tional nan Tuathach's	|	s so that no one merchant should wonder aloud why the Moot's towns wanted so much of it in
CHANGE	eras/age_VII/book/21_of_the_granaries_and_the_new_chronicler.md:47	the Moot	->	Tional nan Tuathach	|	 years, not even the year of the good barley when the Moot had sold the surplus south at
CHANGE	eras/age_VII/book/21_of_the_granaries_and_the_new_chronicler.md:49	The Moot's	->	Tional nan Tuathach's	|	ody asked her, that year or for some while after. The Moot's own minute, when Thomas Rook 
CHANGE	eras/age_VII/book/21_of_the_granaries_and_the_new_chronicler.md:55	the Library's	->	an Leabharlann's	|	It is told at Muileann chaol, in the Library's own upper room, that the hand
CHANGE	eras/age_VII/book/21_of_the_granaries_and_the_new_chronicler.md:79	the Library's	->	an Leabharlann's	|	d down toward the river road, and that, so far as the Library's own telling goes, was the who
CHANGE	eras/age_VII/book/21_of_the_granaries_and_the_new_chronicler.md:81	the Library	->	an Leabharlann	|	 ordinary business of an ordinary summer's day at the Library, in her own hand entire, and 
CHANGE	eras/age_VII/book/22_of_the_old_names_read_aloud.md:7	the Severance	->	An Dealachadh	|	. It said that certain companies, disbanded since the Severance, were to be reformed for the 
CHANGE	eras/age_VII/book/22_of_the_old_names_read_aloud.md:11	the coal line	->	Slighe a' Ghuail	|	first cold week of an t-Samhain, and rode down by the coal line with a corporal and a leather
CHANGE	eras/age_VII/book/22_of_the_old_names_read_aloud.md:21	the Severance companies	->	Buidhnean an Dealachaidh	|	They were the rolls of the Severance companies, and Somhairle had heard of t
CHANGE	eras/age_VII/book/22_of_the_old_names_read_aloud.md:23	the Severance	->	An Dealachadh	|	can now explain, so that you'll find a company of the Severance called simply the Grey House,
CHANGE	eras/age_VII/book/22_of_the_old_names_read_aloud.md:29	the Rail Board's	->	Comhairle na Slighe-iarainn's	|	rms, and still lay within a day's reach of a road the Rail Board's dubhan carts could use, for a
CHANGE	eras/age_VII/book/22_of_the_old_names_read_aloud.md:33	the coal line	->	Slighe a' Ghuail	|	he final name, a company once raised at a town on the coal line whose muster-ground, the cler
CHANGE	eras/age_VII/book/22_of_the_old_names_read_aloud.md:37	the Severance war	->	Cogadh nam Beann	|	 whole of the kingdom's strength had stood behind the Severance war; but it was more than Somhair
CHANGE	eras/age_VII/book/22_of_the_old_names_read_aloud.md:51	Christmas	->	an Nollaig	|	 to eat. She had left Doire ghlas two days before Christmas, when the Moot's petition was
CHANGE	eras/age_VII/book/22_of_the_old_names_read_aloud.md:51	the Moot's petition	->	Athchuinge Dheireannach an Tionail	|	 left Doire ghlas two days before Christmas, when the Moot's petition was at last agreed word for w
CHANGE	eras/age_VII/book/22_of_the_old_names_read_aloud.md:51	Christmas	->	an Nollaig	|	the stretch into the capital that no coach ran on Christmas Eve.
CHANGE	eras/age_VII/book/22_of_the_old_names_read_aloud.md:55	the Moot	->	Tional nan Tuathach	|	e had meant it. It asked one thing only, in words the Moot had turned over for the bette
CHANGE	eras/age_VII/book/22_of_the_old_names_read_aloud.md:57	Christmas Day	->	an Nollaig	|	 came into Cathair dhearg in the grey forenoon of Christmas Day, with frost lying white and u
CHANGE	eras/age_VII/book/22_of_the_old_names_read_aloud.md:59	the Moot's	->	Tional nan Tuathach's	|	ng the mill at Doire ghlas and her years since in the Moot's own chair, she had sat waitin
CHANGE	eras/age_VII/book/22_of_the_old_names_read_aloud.md:59	the Moot's	->	Tional nan Tuathach's	|	n Thomas Rook had read Daniel Frayne's death into the Moot's own minute and the room had s
CHANGE	eras/age_VII/book/22_of_the_old_names_read_aloud.md:67	the Moot	->	Tional nan Tuathach	|	She was the first speaker of the Moot, in all the years since Walte
CHANGE	eras/age_VII/book/22_of_the_old_names_read_aloud.md:71	the Moot's	->	Tional nan Tuathach's	|	 way Peter Hale had made her practise it twice in the Moot's own hall before she left, slo
CHANGE	eras/age_VII/book/22_of_the_old_names_read_aloud.md:71	the Moot	->	Tional nan Tuathach	|	giving back nothing she could carry home and tell the Moot she had seen, no nod, no frow
CHANGE	eras/age_VII/book/22_of_the_old_names_read_aloud.md:79	the Moot	->	Tional nan Tuathach	|	she thought of the letter she would have to write the Moot when she came home, and of ho
CHANGE	eras/age_VII/book/22_of_the_old_names_read_aloud.md:83	the Moot	->	Tional nan Tuathach	|	 next had reason to open that drawer and ask what the Moot had wanted, that Christmas, a
CHANGE	eras/age_VII/book/22_of_the_old_names_read_aloud.md:83	Christmas	->	an Nollaig	|	hat drawer and ask what the Moot had wanted, that Christmas, and what the council had ans
CHANGE	eras/age_VII/book/23_of_the_arms_trains.md:10	the wartime tithe	->	Deachamh a' Chogaidh	|	> — the council's word on the wartime tithe, DE 21
CHANGE	eras/age_VII/book/23_of_the_arms_trains.md:12	the open record	->	An Clàr Foscailte	|	What is told here of the war comes from the open record, the towns' reports and the T
CHANGE	eras/age_VII/book/23_of_the_arms_trains.md:12	the Tuathaich tellings	->	Sceulachdan nan Tuathach	|	omes from the open record, the towns' reports and the Tuathaich tellings; the rest is sealed. What fol
CHANGE	eras/age_VII/book/23_of_the_arms_trains.md:12	the coal line's	->	Slighe a' Ghuail's	|	was written down at the time: from a footplate on the coal line's western branch, and from a tr
CHANGE	eras/age_VII/book/23_of_the_arms_trains.md:16	the coal line	->	Slighe a' Ghuail	|	Eachann mac Ruairidh had driven on the coal line for three-and-thirty years an
CHANGE	eras/age_VII/book/23_of_the_arms_trains.md:16	the Rail Board's	->	Comhairle na Slighe-iarainn's	|	would take on eight wagons before dawn, loaded by the Rail Board's own men, and that he was not,
CHANGE	eras/age_VII/book/23_of_the_arms_trains.md:20	the Rail Board's	->	Comhairle na Slighe-iarainn's	|	the small hours behind a screen of tarpaulin that the Rail Board's men kept up even inside the s
CHANGE	eras/age_VII/book/23_of_the_arms_trains.md:22	the coal line	->	Slighe a' Ghuail	|	They ran west before first light, the coal line proper past Muileann mhin and
CHANGE	eras/age_VII/book/23_of_the_arms_trains.md:22	the Rail Board	->	Comhairle na Slighe-iarainn	|	e western branch, single-tracked and slower, that the Rail Board had laid twenty years before 
CHANGE	eras/age_VII/book/23_of_the_arms_trains.md:26	the Rail Board's	->	Comhairle na Slighe-iarainn's	|	uld have known from the weight alone and the care the Rail Board's men took loading it, that he 
CHANGE	eras/age_VII/book/23_of_the_arms_trains.md:28	the Rail Board's	->	Comhairle na Slighe-iarainn's	|	 a covered shed and a length of proper stone, and the Rail Board's men unloaded by lantern into 
CHANGE	eras/age_VII/book/23_of_the_arms_trains.md:30	the Rail Board	->	Comhairle na Slighe-iarainn	|	at hurry to find it before he had to. A driver of the Rail Board since he was nineteen, and hi
CHANGE	eras/age_VII/book/23_of_the_arms_trains.md:36	the coal line's	->	Slighe a' Ghuail's	|	times and never once, until that morning, seen on the coal line's western branch, going north, 
CHANGE	eras/age_VII/book/23_of_the_arms_trains.md:40	the Rail Board's	->	Comhairle na Slighe-iarainn's	|	into the dark, and drove on to Seann Bhral, where the Rail Board's men were waiting on the quay 
CHANGE	eras/age_VII/book/23_of_the_arms_trains.md:44	the Muileann àrsaidh agreement's	->	Còrdadh Muileann àrsaidh's	|	er's tally-books and then, these five years past, the Muileann àrsaidh agreement's own accounts, and she had tho
CHANGE	eras/age_VII/book/23_of_the_arms_trains.md:46	the Severance	->	An Dealachadh	|	carried so many feet at once, Ruth thought, since the Severance itself; then from Àth naomh, 
CHANGE	eras/age_VII/book/23_of_the_arms_trains.md:60	Mine Board's	->	Comhairle nam Mèinnean's	|	"Mine Board's, out of Cathair mhòr," he sai
CHANGE	eras/age_VII/book/24_of_blar_ath_leathan.md:7	the coal line's	->	Slighe a' Ghuail's	|	ed by carters who had their own reasons to travel the coal line's western branch and their own 
CHANGE	eras/age_VII/book/24_of_blar_ath_leathan.md:21	the Severance	->	An Dealachadh	|	where a household had a fowling piece from before the Severance and no man left to carry it, 
CHANGE	eras/age_VII/book/24_of_blar_ath_leathan.md:55	the Severance's	->	An Dealachadh's	|	ad done service, he'd told her once, watching for the Severance's ships that never came a secon
CHANGE	eras/age_VII/book/24_of_blar_ath_leathan.md:67	the Church's	->	An Eaglais's	|	of the old captain's men singing something low in the Church's own words, which she followed
CHANGE	eras/age_VII/book/24_of_blar_ath_leathan.md:95	The open record	->	An Clàr Foscailte	|	The open record, kept that year by Sìleas nic
CHANGE	eras/age_VII/book/24_of_blar_ath_leathan.md:95	the Library	->	an Leabharlann	|	open record, kept that year by Sìleas nic Rath at the Library in Muileann chaol from the re
CHANGE	eras/age_VII/book/24_of_blar_ath_leathan.md:97	the open record	->	An Clàr Foscailte	|	to balance a muster roll, are the fullest account the open record gives of anyone who died at À
CHANGE	eras/age_VII/book/24_of_blar_ath_leathan.md:101	the open record	->	An Clàr Foscailte	|	Of the holdouts' dead the open record gives no number at all. It no
CHANGE	eras/age_VII/book/24_of_blar_ath_leathan.md:103	the open record	->	An Clàr Foscailte	|	ince she was never of the kingdom's regiments for the open record to count. It does not stand a
CHANGE	eras/age_VII/book/24_of_blar_ath_leathan.md:103	the open record	->	An Clàr Foscailte	|	cord to count. It does not stand anywhere else in the open record either, that day or after. Th
CHANGE	eras/age_VII/book/24_of_blar_ath_leathan.md:103	the Library	->	an Leabharlann	|	drove path months before, does not appear in what the Library was given to keep; if it surv
CHANGE	eras/age_VII/book/24_of_blar_ath_leathan.md:103	the Library	->	an Leabharlann	|	es, and no one now living has read it. Every page the Library holds open of that spring, an
CHANGE	eras/age_VII/book/24_of_blar_ath_leathan.md:103	the chronicle	->	Eachdraidh na Rìoghachd	|	rivate note kept with her own papers and not with the chronicle proper, that she had looked f
CHANGE	eras/age_VII/book/25_of_the_field_left_unploughed.md:33	the Mine Board	->	Comhairle nam Mèinnean	|	The order to flood the pits came from the Mine Board at Cathair mhòr, and it came,
CHANGE	eras/age_VII/book/25_of_the_field_left_unploughed.md:45	the seventh regiment	->	An seachdamh rèisimeid	|	The order for the seventh regiment was dated the day of the batt
CHANGE	eras/age_VII/book/25_of_the_field_left_unploughed.md:47	the coal line	->	Slighe a' Ghuail	|	t to himself in these words, that had a driver on the coal line signing for weight and not fo
CHANGE	eras/age_VII/book/25_of_the_field_left_unploughed.md:57	the wartime tithe	->	Deachamh a' Chogaidh	|	s of something the maor's own cellar had not paid the wartime tithe on, that a coast town asked t
CHANGE	eras/age_VII/book/25_of_the_field_left_unploughed.md:69	the seventh regiment's	->	An seachdamh rèisimeid's	|	he far side toward the field, going as near it as the seventh regiment's patrols allowed, which was no
CHANGE	eras/age_VII/book/26_of_the_tithe_and_the_fleets.md:7	the fair court	->	Cùirt na Fèille	|	Ùna nic Ailein had kept the fair court at Muileann òg for four-and-t
CHANGE	eras/age_VII/book/26_of_the_tithe_and_the_fleets.md:7	the fair road	->	Rathad na Fèille	|	nto its books every kind of sale a market town on the fair road might see: cattle, cloth, coa
CHANGE	eras/age_VII/book/26_of_the_tithe_and_the_fleets.md:9	the Treasury	->	An t-Ionmhas	|	t the point of sale and not after, and a clerk of the Treasury was to sit at every depot and
CHANGE	eras/age_VII/book/26_of_the_tithe_and_the_fleets.md:11	the Treasury	->	An t-Ionmhas	|	ter the order reached her, that Ùna met the clerk the Treasury had sent to sit beside it.
CHANGE	eras/age_VII/book/26_of_the_tithe_and_the_fleets.md:13	the Treasury's	->	An t-Ionmhas's	|	 in the wrists, with a ledger of his own bound in the Treasury's grey boards and a stool he ha
CHANGE	eras/age_VII/book/26_of_the_tithe_and_the_fleets.md:19	the fair court's	->	Cùirt na Fèille's	|	hing. He wrote her name down, and the tank's, and the fair court's, in his grey book, under a he
CHANGE	eras/age_VII/book/26_of_the_tithe_and_the_fleets.md:25	the Treasury	->	An t-Ionmhas	|	"To the Treasury," said Cailean Ros, "for the 
CHANGE	eras/age_VII/book/26_of_the_tithe_and_the_fleets.md:31	the fair court's	->	Cùirt na Fèille's	|	without another word, and Ùna wrote the sale into the fair court's own book below the line where
CHANGE	eras/age_VII/book/26_of_the_tithe_and_the_fleets.md:31	the Treasury	->	An t-Ionmhas	|	se a smith's dubhan was a smith's dubhan whatever the Treasury took off the top of it, and t
CHANGE	eras/age_VII/book/26_of_the_tithe_and_the_fleets.md:33	the Treasury	->	An t-Ionmhas	|	al cart was the last of its kind: *Cailean Ros of the Treasury sat first at this pump on the
CHANGE	eras/age_VII/book/26_of_the_tithe_and_the_fleets.md:33	the fair court's	->	Cùirt na Fèille's	|	e of Seumas Buidhe's eleven.* It was no more than the fair court's habit of a hundred years, to 
CHANGE	eras/age_VII/book/26_of_the_tithe_and_the_fleets.md:35	the Treasury	->	An t-Ionmhas	|	e worst of the weather, since a wet ledger served the Treasury no better than a dry one serv
CHANGE	eras/age_VII/book/26_of_the_tithe_and_the_fleets.md:45	the Treasury	->	An t-Ionmhas	|	fth part alone, added up: what her looms had paid the Treasury since an Giblean, against wha
CHANGE	eras/age_VII/book/26_of_the_tithe_and_the_fleets.md:55	the fair court's	->	Cùirt na Fèille's	|	She wrote it as Barabal nic Rath had said it, in the fair court's book, under the day's date, t
CHANGE	eras/age_VII/book/26_of_the_tithe_and_the_fleets.md:55	the wartime tithe	->	Deachamh a' Chogaidh	|	he first complaint the court had recorded against the wartime tithe: the weaver's name, the looms
CHANGE	eras/age_VII/book/26_of_the_tithe_and_the_fleets.md:59	the Treasury	->	An t-Ionmhas	|	"Will you send a copy to the Treasury?" he said at last.
CHANGE	eras/age_VII/book/26_of_the_tithe_and_the_fleets.md:67	the fair court's	->	Cùirt na Fèille's	|	ing, faster than she had expected, the one lesson the fair court's own books had taught every cl
CHANGE	eras/age_VII/book/26_of_the_tithe_and_the_fleets.md:73	The first regiment	->	A' chiad rèisimeid	|	The first regiment, raised at Inis mhòr from the
CHANGE	eras/age_VII/book/26_of_the_tithe_and_the_fleets.md:77	the fourth fleet	->	An ceathramh cabhlach	|	king's boats to put in was a low grey hull out of the fourth fleet, with a lieutenant aboard her
CHANGE	eras/age_VII/book/26_of_the_tithe_and_the_fleets.md:131	the fair court's	->	Cùirt na Fèille's	|	of that spring's small transactions side by side: the fair court's book at Muileann òg, where a 
CHANGE	eras/age_VII/book/26_of_the_tithe_and_the_fleets.md:131	the fair court's	->	Cùirt na Fèille's	|	na's book meant to be read; that was the whole of the fair court's hundred-year habit, to set a 
CHANGE	eras/age_VII/book/27_of_the_siege_of_muileann_arsaidh.md:45	the Severance	->	An Dealachadh	|	 buried their dead in that same plot since before the Severance and having, by Weir's own dry
CHANGE	eras/age_VII/book/27_of_the_siege_of_muileann_arsaidh.md:51	the third regiment	->	An treas rèisimeid	|	 seen the thing himself, so that Sarah learned of the third regiment and the fifth both from no re
CHANGE	eras/age_VII/book/27_of_the_siege_of_muileann_arsaidh.md:69	the open record	->	An Clàr Foscailte	|	What the open record gives of that day, Sìleas nic
CHANGE	eras/age_VII/book/27_of_the_siege_of_muileann_arsaidh.md:69	the open record	->	An Clàr Foscailte	|	station through a whole spring and half a summer, the open record says nothing at all, having n
CHANGE	eras/age_VII/book/27_of_the_siege_of_muileann_arsaidh.md:69	the open record's	->	An Clàr Foscailte's	|	d to ask her, never troubled herself greatly over the open record's silence, having long since le
CHANGE	eras/age_VII/book/28_of_the_benches_at_doire_ghlas.md:23	the Moot	->	Tional nan Tuathach	|	aol mhòr the day the room voted nine to none that the Moot was no party to the quarrel a
CHANGE	eras/age_VII/book/28_of_the_benches_at_doire_ghlas.md:29	the Moot	->	Tional nan Tuathach	|	north to feed them and had forbidden nothing that the Moot chose to do about it either, 
CHANGE	eras/age_VII/book/28_of_the_benches_at_doire_ghlas.md:29	the Library	->	an Leabharlann	|	n sort of answer. She wrote to Sìleas nic Rath at the Library that same week, less to ask a
CHANGE	eras/age_VII/book/28_of_the_benches_at_doire_ghlas.md:29	the Library	->	an Leabharlann	|	e Library that same week, less to ask anything of the Library, which she knew by then had n
CHANGE	eras/age_VII/book/28_of_the_benches_at_doire_ghlas.md:29	the Moot	->	Tional nan Tuathach	|	had no more power over the council's silence than the Moot did, than to have the fact se
CHANGE	eras/age_VII/book/28_of_the_benches_at_doire_ghlas.md:29	the Moot	->	Tional nan Tuathach	|	down somewhere outside her own kitchen table that the Moot had acted and the council had
CHANGE	eras/age_VII/book/28_of_the_benches_at_doire_ghlas.md:43	the Moot	->	Tional nan Tuathach	|	 it without yet weighing it, that his father said the Moot would beggar itself feeding h
CHANGE	eras/age_VII/book/28_of_the_benches_at_doire_ghlas.md:43	the Moot	->	Tional nan Tuathach	|	not correct him, a boy of ten owing no speaker of the Moot a careful answer, and she car
CHANGE	eras/age_VII/book/28_of_the_benches_at_doire_ghlas.md:51	the Library	->	an Leabharlann	|	ter the eleven she had already filled and offered the Library, which had answered, by Raghn
CHANGE	eras/age_VII/book/28_of_the_benches_at_doire_ghlas.md:53	the eleven books	->	An t-Aon Leabhar Deug	|	It was not the same work as the eleven books had been. Those had been give
CHANGE	eras/age_VII/book/28_of_the_benches_at_doire_ghlas.md:73	the open record	->	An Clàr Foscailte	|	er name anywhere since the spring. My mother says the open record has all the dead of the battl
CHANGE	eras/age_VII/book/28_of_the_benches_at_doire_ghlas.md:77	Christmas Day	->	an Nollaig	|	wrote them anyway, every one, and the last one on Christmas Day after church, and nobody answ
CHANGE	eras/age_VII/book/28_of_the_benches_at_doire_ghlas.md:79	the open record's	->	An Clàr Foscailte's	|	ny of the things her own mind wanted to add, that the open record's silence on the matter was lik
CHANGE	eras/age_VII/book/29_of_cnoc_thais_and_the_windy_coast.md:24	the Severance	->	An Dealachadh	|	turning over longest after. She had lived through the Severance as a girl, or near enough to 
CHANGE	eras/age_VII/book/29_of_cnoc_thais_and_the_windy_coast.md:28	the open record	->	An Clàr Foscailte	|	untry calls summer, and it fell, by every account the open record afterward gave and every acco
CHANGE	eras/age_VII/book/29_of_cnoc_thais_and_the_windy_coast.md:36	The open record	->	An Clàr Foscailte	|	The open record, when it came to be written, 
CHANGE	eras/age_VII/book/29_of_cnoc_thais_and_the_windy_coast.md:46	the windy coast	->	an Oirthir Ghaothach	|	a boy had called it, without needing to say more, the windy coast.
CHANGE	eras/age_VII/book/29_of_cnoc_thais_and_the_windy_coast.md:54	the open record	->	An Clàr Foscailte	|	that same officer's report, copied afterward into the open record and from there, in time, into
CHANGE	eras/age_VII/book/29_of_cnoc_thais_and_the_windy_coast.md:54	those of no shire	->	Muinntir gun Siorrachd	|	in every paper that troubled to name them at all: those of no shire, a phrase the officer had rea
CHANGE	eras/age_VII/book/29_of_cnoc_thais_and_the_windy_coast.md:58	the windy coast	->	an Oirthir Ghaothach	|	What word reached the windy coast of the rest of that autumn's 
CHANGE	eras/age_VII/book/29_of_cnoc_thais_and_the_windy_coast.md:62	The second fleet	->	An dàrna cabhlach	|	The second fleet, Cairstine said, had been rai
CHANGE	eras/age_VII/book/29_of_cnoc_thais_and_the_windy_coast.md:62	the Rite's	->	Deas-ghnàth a' Ghuail's	|	outhern Seann Skell, out of the harbour towns and the Rite's own boatmen, to hold the east
CHANGE	eras/age_VII/book/29_of_cnoc_thais_and_the_windy_coast.md:62	the first fleet	->	A' chiad chabhlach	|	men, to hold the eastern and southern water while the first fleet and the fourth kept the north
CHANGE	eras/age_VII/book/29_of_cnoc_thais_and_the_windy_coast.md:62	the windy coast	->	an Oirthir Ghaothach	|	he north-west shut against nothing that anyone on the windy coast could rightly say deserved th
CHANGE	eras/age_VII/book/29_of_cnoc_thais_and_the_windy_coast.md:62	the second fleet	->	An dàrna cabhlach	|	t of Baile ìseal, more by luck than by any rescue the second fleet could rightly claim credit fo
CHANGE	eras/age_VII/book/29_of_cnoc_thais_and_the_windy_coast.md:62	the court of the sea	->	Cùirt na Mara	|	brought her in with what was left of her crew for the court of the sea to deal with in its own time 
CHANGE	eras/age_VII/book/29_of_cnoc_thais_and_the_windy_coast.md:70	the windy coast	->	an Oirthir Ghaothach	|	ritten down anywhere, since there was no paper on the windy coast that any of the seven parties
CHANGE	eras/age_VII/book/29_of_cnoc_thais_and_the_windy_coast.md:72	the windy coast	->	an Oirthir Ghaothach	|	not find, that autumn, any word of Ruth Calder on the windy coast, nor any reason to think a wo
CHANGE	eras/age_VII/book/29_of_cnoc_thais_and_the_windy_coast.md:74	the windy coast	->	an Oirthir Ghaothach	|	. Calum Odhar had told him, the week before, that the windy coast kept no calendar of feast day
CHANGE	eras/age_VII/book/30_of_the_ships_round_the_north.md:7	the Severance	->	An Dealachadh	|	rolls that had lain in the council's chests since the Severance, brought out once already tha
CHANGE	eras/age_VII/book/30_of_the_ships_round_the_north.md:9	the Hawk houses	->	Òrd an t-Seabhaig	|	sed first, at Cnoc bheag, the great river port of the Hawk houses in the north-central country,
CHANGE	eras/age_VII/book/30_of_the_ships_round_the_north.md:9	the Hawk order	->	Òrd an t-Seabhaig	|	 alone had its colours blessed before it marched, the Hawk order keeping still, in that one to
CHANGE	eras/age_VII/book/30_of_the_ships_round_the_north.md:9	the Library	->	an Leabharlann	|	hem was an old man, by every account that reached the Library afterwards, and he blessed th
CHANGE	eras/age_VII/book/30_of_the_ships_round_the_north.md:9	the Hawk	->	Òrd an t-Seabhaig	|	 new cloth on an old staff, one that had stood in the Hawk house's own keeping since a w
CHANGE	eras/age_VII/book/30_of_the_ships_round_the_north.md:13	the coal line	->	Slighe a' Ghuail	|	ed at Àth dhìreach, in the east, and set to guard the coal line and the library road together
CHANGE	eras/age_VII/book/30_of_the_ships_round_the_north.md:13	the royal chronicle	->	Eachdraidh na Rìoghachd	|	memory, and Beathag nic Fhionnlaigh, who had kept the royal chronicle for five-and-twenty years bef
CHANGE	eras/age_VII/book/30_of_the_ships_round_the_north.md:15	the Library	->	an Leabharlann	|	to her worth the setting down, whatever anyone at the Library chose to make of it.
CHANGE	eras/age_VII/book/30_of_the_ships_round_the_north.md:25	the Crown's	->	An Crùn's	|	uld hire on short notice, there being no fleet of the Crown's own idle enough that season t
CHANGE	eras/age_VII/book/30_of_the_ships_round_the_north.md:47	the Crown's	->	An Crùn's	|	ay that the town's own maor, a Dia-thìrich man of the Crown's appointing named for that off
CHANGE	eras/age_VII/book/30_of_the_ships_round_the_north.md:47	the Crown's	->	An Crùn's	|	he humans' law was as good a house as any to hold the Crown's, and better than most, being 
CHANGE	eras/age_VII/book/30_of_the_ships_round_the_north.md:51	The Moot's	->	Tional nan Tuathach's	|	The Moot's protest reached the house wit
CHANGE	eras/age_VII/book/30_of_the_ships_round_the_north.md:51	the fourth regiment	->	An ceathramh rèisimeid	|	 know what was being said of the quartering, that the fourth regiment be lodged at its own charge a
CHANGE	eras/age_VII/book/30_of_the_ships_round_the_north.md:53	the Moot at Caol mhòr	->	Tional nan Tuathach	|	 had put into a petition of their own, carried to the Moot at Caol mhòr by a delegation of six, and b
CHANGE	eras/age_VII/book/30_of_the_ships_round_the_north.md:53	the Moot	->	Tional nan Tuathach	|	 Moot at Caol mhòr by a delegation of six, and by the Moot on to the council with no mor
CHANGE	eras/age_VII/book/30_of_the_ships_round_the_north.md:55	the Moot's	->	Tional nan Tuathach's	|	barrel of salt cod consigned, quite genuinely, to the Moot's own stores, on the reasoning 
CHANGE	eras/age_VII/book/30_of_the_ships_round_the_north.md:57	the second fleet	->	An dàrna cabhlach	|	ùghall heard of it third-hand, from a corporal of the second fleet billeted for a night at Ceann
CHANGE	eras/age_VII/book/31_of_the_dark_town.md:7	The third fleet	->	An treas cabhlach	|	The third fleet was raised at Baile ghorm on 
CHANGE	eras/age_VII/book/31_of_the_dark_town.md:9	the third fleet's	->	An treas cabhlach's	|	rn coast, and nothing else. That was the whole of the third fleet's business, her master said, a 
CHANGE	eras/age_VII/book/31_of_the_dark_town.md:13	the Moot's	->	Tional nan Tuathach's	|	n magistrate's house on the rise above the water, the Moot's protest against that quarteri
CHANGE	eras/age_VII/book/31_of_the_dark_town.md:31	the Tuathaich Church	->	Eaglais nan Tuathach	|	e town, that it was the eve of some observance of the Tuathaich Church, having heard two of his own 
CHANGE	eras/age_VII/book/31_of_the_dark_town.md:49	the fourth regiment	->	An ceathramh rèisimeid	|	r who had served two seasons on that coast before the fourth regiment ever came to it, that the vig
CHANGE	eras/age_VII/book/31_of_the_dark_town.md:59	the open record	->	An Clàr Foscailte	|	 Board's order the same day the roads opened, and the open record, when Dùghall came to see a c
CHANGE	eras/age_VII/book/31_of_the_dark_town.md:63	Christmas Day	->	an Nollaig	|	On Christmas Day that year the ninth regiment 
CHANGE	eras/age_VII/book/31_of_the_dark_town.md:63	the ninth regiment	->	An naoidheamh rèisimeid	|	On Christmas Day that year the ninth regiment was raised at the southern Se
CHANGE	eras/age_VII/book/32_of_the_quartered_year.md:18	the Moot's	->	Tional nan Tuathach's	|	n Moot business three times that spring, carrying the Moot's papers down from her own mill
CHANGE	eras/age_VII/book/32_of_the_quartered_year.md:22	the Moot's	->	Tional nan Tuathach's	|	he fitter who had turned the Baile chrom light on the Moot's own coin and now held no guil
CHANGE	eras/age_VII/book/32_of_the_quartered_year.md:24	the Moot's minutes	->	Cuimhne-coinneimh an Tionail	|	te book that evening, the one she kept apart from the Moot's minutes and showed to no council, bec
CHANGE	eras/age_VII/book/32_of_the_quartered_year.md:34	The Moot	->	Tional nan Tuathach	|	The Moot kept its register in the same
CHANGE	eras/age_VII/book/32_of_the_quartered_year.md:34	the Severance	->	An Dealachadh	|	own house at Caol mhòr where it had kept it since the Severance, a single long shelf of bound
CHANGE	eras/age_VII/book/32_of_the_quartered_year.md:36	The open record	->	An Clàr Foscailte	|	The battle was thirteen months gone by then. The open record had counted the kingdom's own
CHANGE	eras/age_VII/book/32_of_the_quartered_year.md:36	the open record	->	An Clàr Foscailte	|	, and had let the holdouts' dead go uncounted, as the open record let a great many things go un
CHANGE	eras/age_VII/book/32_of_the_quartered_year.md:36	the Moot's	->	Tional nan Tuathach's	|	 record let a great many things go uncounted that the Moot's own register did not; and it 
CHANGE	eras/age_VII/book/32_of_the_quartered_year.md:36	the Moot's	->	Tional nan Tuathach's	|	the Moot's own register did not; and it had taken the Moot's own clerks the better part of
CHANGE	eras/age_VII/book/32_of_the_quartered_year.md:36	the open record	->	An Clàr Foscailte	|	isarming, to put together a fuller reckoning than the open record had ever meant to give. Peter
CHANGE	eras/age_VII/book/32_of_the_quartered_year.md:36	the Moot's	->	Tional nan Tuathach's	|	hen carried the rebound minute-books through half the Moot's own business the way his grea
CHANGE	eras/age_VII/book/32_of_the_quartered_year.md:42	the Tuathaich Church	->	Eaglais nan Tuathach	|	apel above the mill at Doire ghlas on the morning the Tuathaich Church kept its Easter, less from an
CHANGE	eras/age_VII/book/32_of_the_quartered_year.md:42	the Church's	->	An Eaglais's	|	ept its Easter, less from any faith of her own in the Church's rite than from a long habit o
CHANGE	eras/age_VII/book/32_of_the_quartered_year.md:42	the Moot	->	Tional nan Tuathach	|	oken to anyone, set down only in the private book the Moot never saw.
CHANGE	eras/age_VII/book/32_of_the_quartered_year.md:44	the Moot	->	Tional nan Tuathach	|	 kind of clerk she had not set out to become when the Moot first gave her Daniel Frayne'
CHANGE	eras/age_VII/book/32_of_the_quartered_year.md:58	the Severance	->	An Dealachadh	|	itten its own record into the north as plainly as the Severance had, and that she did not yet
CHANGE	eras/age_VII/book/32_of_the_quartered_year.md:62	The fourth regiment	->	An ceathramh rèisimeid	|	The fourth regiment kept its patrols on the Ceann
CHANGE	eras/age_VII/book/32_of_the_quartered_year.md:78	the Moot's	->	Tional nan Tuathach's	|	f it from a letter out of Cnoc thais that reached the Moot's own house in the last week of
CHANGE	eras/age_VII/book/32_of_the_quartered_year.md:82	the Moot's	->	Tional nan Tuathach's	|	Martha read the carrier's note at her own desk in the Moot's low room, with the register's
CHANGE	eras/age_VII/book/32_of_the_quartered_year.md:84	the open record	->	An Clàr Foscailte	|	n, nor where it would end, nor what name, if any, the open record would ever trouble to give th
CHANGE	eras/age_VII/book/32_of_the_quartered_year.md:84	the Moot's	->	Tional nan Tuathach's	|	to her satchel beside the papers that had carried the Moot's whole quartered year, that th
CHANGE	eras/age_VII/book/33_the_columns_road.md:5	the open record	->	An Clàr Foscailte	|	two do not always agree even on the weather. What the open record gives is this: that in the la
CHANGE	eras/age_VII/book/33_the_columns_road.md:5	the fair road	->	Rathad na Fèille	|	lk from the capital, with two regiments come down the fair road to meet it. Why it went is no
CHANGE	eras/age_VII/book/33_the_columns_road.md:5	the open record	->	An Clàr Foscailte	|	n the fair road to meet it. Why it went is not in the open record, nor in any town's report, no
CHANGE	eras/age_VII/book/33_the_columns_road.md:5	the Tuathaich tellings	->	Sceulachdan nan Tuathach	|	he open record, nor in any town's report, nor, if the Tuathaich tellings are to be believed on this on
CHANGE	eras/age_VII/book/33_the_columns_road.md:5	The open record	->	An Clàr Foscailte	|	found. The tellings give his name as Owen Barrow. The open record gives no name at all, only "a
CHANGE	eras/age_VII/book/33_the_columns_road.md:9	the Library's	->	an Leabharlann's	|	thirtieth of an Dàmhair and copied afterward into the Library's file on the column, says that
CHANGE	eras/age_VII/book/33_the_columns_road.md:15	the Library at Muileann chaol	->	Leabharlann Muileann chaol	|	y are no longer news to the man carrying them, to the Library at Muileann chaol, where Sìleas nic Rath entere
CHANGE	eras/age_VII/book/33_the_columns_road.md:27	the Library	->	an Leabharlann	|	le preserves, copied twice more before it reached the Library, the wording unchanged each t
CHANGE	eras/age_VII/book/33_the_columns_road.md:35	the Library's	->	an Leabharlann's	|	ike him that the two reports, set side by side in the Library's file, read as though they mig
CHANGE	eras/age_VII/book/33_the_columns_road.md:39	the Library's	->	an Leabharlann's	|	entually, by way of the Board's local clerk, into the Library's file with the rest, and Sìlea
CHANGE	eras/age_VII/book/33_the_columns_road.md:45	the fair court	->	Cùirt na Fèille	|	Ùna nic Ailein had kept the books of the fair court at Muileann òg for the better
CHANGE	eras/age_VII/book/33_the_columns_road.md:45	the charter rule	->	Riaghailt na Cairte	|	hed the toll-house, and in all that time, through the charter rule and the granary votes and the
CHANGE	eras/age_VII/book/33_the_columns_road.md:45	the fair road	->	Rathad na Fèille	|	iet stretch of the war years when nothing crossed the fair road but the ordinary carts, she h
CHANGE	eras/age_VII/book/33_the_columns_road.md:47	the first regiment's	->	A' chiad rèisimeid's	|	It came from the first regiment's quartermaster, a brisk youngi
CHANGE	eras/age_VII/book/33_the_columns_road.md:59	the third regiment	->	An treas rèisimeid	|	s own books went back, and the first companies of the third regiment came onto it before full dark
CHANGE	eras/age_VII/book/33_the_columns_road.md:61	The first regiment	->	A' chiad rèisimeid	|	The first regiment came down the same evening, i
CHANGE	eras/age_VII/book/33_the_columns_road.md:63	the fair court	->	Cùirt na Fèille	|	She kept the fair court open through it, as the justi
CHANGE	eras/age_VII/book/33_the_columns_road.md:69	the fair road	->	Rathad na Fèille	|	nd did not mean to, and the road between the two, the fair road her own court's charter took 
CHANGE	eras/age_VII/book/34_of_blar_muileann_ghlas.md:7	the open record	->	An Clàr Foscailte	|	> — the open record, 10 an Dùbhlachd, DE 22
CHANGE	eras/age_VII/book/34_of_blar_muileann_ghlas.md:13	The open record	->	An Clàr Foscailte	|	The open record, which is what this book must
CHANGE	eras/age_VII/book/34_of_blar_muileann_ghlas.md:13	the Library's	->	an Leabharlann's	|	ly follow here, since the rest is kept from it by the Library's own hand, gives the day in th
CHANGE	eras/age_VII/book/34_of_blar_muileann_ghlas.md:13	The first regiment	->	A' chiad rèisimeid	|	 the years the north would spend telling it over. The first regiment held the ground nearest the r
CHANGE	eras/age_VII/book/34_of_blar_muileann_ghlas.md:13	those of no shire	->	Muinntir gun Siorrachd	|	hich the record calls, when it calls it anything, those of no shire, held the line of a low bank 
CHANGE	eras/age_VII/book/34_of_blar_muileann_ghlas.md:15	the third regiment	->	An treas rèisimeid	|	the day at first light with the guns, four pieces the third regiment had brought down from the cap
CHANGE	eras/age_VII/book/34_of_blar_muileann_ghlas.md:15	the coal line	->	Slighe a' Ghuail	|	ird regiment had brought down from the capital on the coal line and hauled the last two miles
CHANGE	eras/age_VII/book/34_of_blar_muileann_ghlas.md:15	the open record	->	An Clàr Foscailte	|	 hand through ground too soft for the horses, and the open record gives their number and not th
CHANGE	eras/age_VII/book/34_of_blar_muileann_ghlas.md:15	The open record	->	An Clàr Foscailte	|	 close range, through most of the short forenoon. The open record says only that the field was 
CHANGE	eras/age_VII/book/34_of_blar_muileann_ghlas.md:17	the third regiment	->	An treas rèisimeid	|	p for their own, a list drawn up by a corporal of the third regiment at a trestle table in the mil
CHANGE	eras/age_VII/book/34_of_blar_muileann_ghlas.md:17	the open record	->	An Clàr Foscailte	|	e end, to write mostly by feel. The column's dead the open record does not count. Some tried to
CHANGE	eras/age_VII/book/34_of_blar_muileann_ghlas.md:17	the open record	->	An Clàr Foscailte	|	rdinary way of requisitions, is the nearest thing the open record holds to a number for the col
CHANGE	eras/age_VII/book/34_of_blar_muileann_ghlas.md:19	the first regiment	->	A' chiad rèisimeid	|	 account, once when the column drove out a picket the first regiment had set in it before dawn and
CHANGE	eras/age_VII/book/34_of_blar_muileann_ghlas.md:19	the first regiment	->	A' chiad rèisimeid	|	 regiment had set in it before dawn and once when the first regiment took it back with the guns al
CHANGE	eras/age_VII/book/34_of_blar_muileann_ghlas.md:21	the first regiment	->	A' chiad rèisimeid	|	The colonel of the first regiment, who is not named twice in th
CHANGE	eras/age_VII/book/34_of_blar_muileann_ghlas.md:21	the open record	->	An Clàr Foscailte	|	 of the first regiment, who is not named twice in the open record and whose own report of the d
CHANGE	eras/age_VII/book/34_of_blar_muileann_ghlas.md:23	the Brothers' War	->	Cogadh nam Bràithrean	|	boy, the low place in the same field where men of the Brothers' War had fought two centuries and 
CHANGE	eras/age_VII/book/34_of_blar_muileann_ghlas.md:25	The first regiment's	->	A' chiad rèisimeid's	|	 field the regiments now commanded on every side. The first regiment's colonel, whose name the open 
CHANGE	eras/age_VII/book/34_of_blar_muileann_ghlas.md:25	the open record	->	An Clàr Foscailte	|	ry side. The first regiment's colonel, whose name the open record gives once and not again, sen
CHANGE	eras/age_VII/book/34_of_blar_muileann_ghlas.md:25	the open record	->	An Clàr Foscailte	|	d fire, and made no distinction between them that the open record, at least, thought worth sett
CHANGE	eras/age_VII/book/34_of_blar_muileann_ghlas.md:31	the open record	->	An Clàr Foscailte	|	r stood on that ground*, which is a kind of proof the open record cannot offer and does not try
CHANGE	eras/age_VII/book/34_of_blar_muileann_ghlas.md:35	the open record	->	An Clàr Foscailte	|	The tellings give the column's leader a name the open record never once sets down: Owen Ba
CHANGE	eras/age_VII/book/34_of_blar_muileann_ghlas.md:37	the open record	->	An Clàr Foscailte	|	llings are, in their way, both more and less than the open record. They are less because no tel
CHANGE	eras/age_VII/book/34_of_blar_muileann_ghlas.md:37	the open record	->	An Clàr Foscailte	|	to a book. They are more because they keep, where the open record does not, the names of those 
CHANGE	eras/age_VII/book/34_of_blar_muileann_ghlas.md:45	the seventh regiment	->	An seachdamh rèisimeid	|	gh ground and along the Àth leathan road to where the seventh regiment had kept its posts through tw
CHANGE	eras/age_VII/book/34_of_blar_muileann_ghlas.md:47	The seventh regiment's	->	An seachdamh rèisimeid's	|	The seventh regiment's own return for those days, wh
CHANGE	eras/age_VII/book/34_of_blar_muileann_ghlas.md:47	the seventh regiment's	->	An seachdamh rèisimeid's	|	r than the corporal's list at Muileann ghlas, for the seventh regiment's war had been, whatever else i
CHANGE	eras/age_VII/book/34_of_blar_muileann_ghlas.md:51	The seventh regiment's	->	An seachdamh rèisimeid's	|	n àrsaidh chief among them, was not a great deal. The seventh regiment's sergeant at the northernmost 
CHANGE	eras/age_VII/book/34_of_blar_muileann_ghlas.md:51	the open record	->	An Clàr Foscailte	|	f his comment on the matter, and it is, so far as the open record allows this book to say, very
CHANGE	eras/age_VII/book/34_of_blar_muileann_ghlas.md:51	the Long War	->	An Cogadh Fada	|	here on the island in the name of An Cogadh Fada, the Long War, which had begun on a bitter 
CHANGE	eras/age_VII/book/34_of_blar_muileann_ghlas.md:51	(appositive)	->	An Cogadh Fada	|	dropped the English gloss beside An Cogadh Fada
CHANGE	eras/age_VII/book/34_of_blar_muileann_ghlas.md:55	the coal line's	->	Slighe a' Ghuail's	|	le in a room the Board had given over to him near the coal line's own offices, and the open rec
CHANGE	eras/age_VII/book/34_of_blar_muileann_ghlas.md:55	the open record's	->	An Clàr Foscailte's	|	over to him near the coal line's own offices, and the open record's silence on his own movements 
CHANGE	eras/age_VII/book/34_of_blar_muileann_ghlas.md:55	the sealed archive	->	Ciste-chuimhne Dhùinte	|	k cannot tell, because the record of it went into the sealed archive with the rest, and the man hi
CHANGE	eras/age_VII/book/34_of_blar_muileann_ghlas.md:55	the Library	->	an Leabharlann	|	 in the years since, has kept to it as closely as the Library does.
CHANGE	eras/age_VII/book/34_of_blar_muileann_ghlas.md:57	the coal line's	->	Slighe a' Ghuail's	|	ght on hearing it, before any other, had been for the coal line's timetable, whether the wounde
CHANGE	eras/age_VII/book/34_of_blar_muileann_ghlas.md:59	the Severance	->	An Dealachadh	|	llowing year, the first soldier so honoured since the Severance, and he sat in it, by every a
CHANGE	eras/age_VII/book/34_of_blar_muileann_ghlas.md:59	the coal line's	->	Slighe a' Ghuail's	|	ce, by his own clerk's later account, was to have the coal line's schedule for the wounded chec
CHANGE	eras/age_VII/book/34_of_blar_muileann_ghlas.md:61	the Long War	->	An Cogadh Fada	|	So ended An Cogadh Fada, the Long War, twenty months from the bitte
CHANGE	eras/age_VII/book/34_of_blar_muileann_ghlas.md:61	(appositive)	->	An Cogadh Fada	|	dropped the English gloss beside An Cogadh Fada
CHANGE	eras/age_VII/book/35_of_the_stations_kept.md:10	the Moot's	->	Tional nan Tuathach's	|	> — the Moot's minute on the motion for amen
CHANGE	eras/age_VII/book/35_of_the_stations_kept.md:10	the motion for amends	->	Tagradh na h-Èirig	|	> — the Moot's minute on the motion for amends, DE 25
CHANGE	eras/age_VII/book/35_of_the_stations_kept.md:14	the open record	->	An Clàr Foscailte	|	om the better part of two years and more men than the open record cared to total in one place; 
CHANGE	eras/age_VII/book/35_of_the_stations_kept.md:14	the wartime tithe	->	Deachamh a' Chogaidh	|	ne place; keeping them, at their own stations, on the wartime tithe that had been laid on every b
CHANGE	eras/age_VII/book/35_of_the_stations_kept.md:14	the Treasury's	->	An t-Ionmhas's	|	 the second month of the fighting, cost a line in the Treasury's book and nothing else that an
CHANGE	eras/age_VII/book/35_of_the_stations_kept.md:16	the coal line's	->	Slighe a' Ghuail's	|	that first spring of the peace, to the rooms near the coal line's own offices that the Board ha
CHANGE	eras/age_VII/book/35_of_the_stations_kept.md:16	the Mine Board	->	Comhairle nam Mèinnean	|	im, forwarded by Fearghas mac Aonghais, master of the Mine Board at Cathair mhòr, with a cover
CHANGE	eras/age_VII/book/35_of_the_stations_kept.md:16	the Crown's	->	An Crùn's	|	th a covering note two lines long: the seams were the Crown's by the Leòid ruling, as the B
CHANGE	eras/age_VII/book/35_of_the_stations_kept.md:16	the Leòid ruling	->	Breith Leòid	|	ote two lines long: the seams were the Crown's by the Leòid ruling, as the Board had declared th
CHANGE	eras/age_VII/book/35_of_the_stations_kept.md:16	the seventh regiment	->	An seachdamh rèisimeid	|	tler than concrete and men enough to pour it, and the seventh regiment, quartered at the western Sea
CHANGE	eras/age_VII/book/35_of_the_stations_kept.md:20	the Àth leathan post's	->	Freiceadan Àth leathan's	|	 seventh, a broad man named Iain Mòr who had held the Àth leathan post's ground since the last month o
CHANGE	eras/age_VII/book/35_of_the_stations_kept.md:20	the seventh regiment	->	An seachdamh rèisimeid	|	ad already begun, in his own mind, to wonder what the seventh regiment was for, now that the war it 
CHANGE	eras/age_VII/book/35_of_the_stations_kept.md:22	the second fleet	->	An dàrna cabhlach	|	ol ruadh, whose harbour had fed the garrisons and the second fleet through both years of the fig
CHANGE	eras/age_VII/book/35_of_the_stations_kept.md:24	the Sloc Mòr	->	An Sloc Mòr	|	the Board itself still cut for its own account at the Sloc Mòr, was at an end on the island;
CHANGE	eras/age_VII/book/35_of_the_stations_kept.md:24	The Sloc Mòr's	->	An Sloc Mòr's	|	e along it is left that anyone still wants to go. The Sloc Mòr's own galleries were named nowh
CHANGE	eras/age_VII/book/35_of_the_stations_kept.md:26	the Rail Board	->	Comhairle na Slighe-iarainn	|	burned on dubhan, every lorry and every engine of the Rail Board besides, and a man could go t
CHANGE	eras/age_VII/book/35_of_the_stations_kept.md:30	the Moot	->	Tional nan Tuathach	|	Martha Greaves had sat as speaker of the Moot long enough by then to have l
CHANGE	eras/age_VII/book/35_of_the_stations_kept.md:32	the first regiment's	->	A' chiad rèisimeid's	|	 had come out of the byres unarmed on the promise the first regiment's colonel had given them that n
CHANGE	eras/age_VII/book/35_of_the_stations_kept.md:32	the Moot's	->	Tional nan Tuathach's	|	back and had earned, she thought, more say in how the Moot's part of this ended than any o
CHANGE	eras/age_VII/book/35_of_the_stations_kept.md:34	the Severance	->	An Dealachadh	|	had always stood, set some ninety years before at the Severance and never once, in all that t
CHANGE	eras/age_VII/book/35_of_the_stations_kept.md:34	the first regiment	->	A' chiad rèisimeid	|	s of shepherds waiting out a shower. A company of the first regiment was drawn up on the southern 
CHANGE	eras/age_VII/book/35_of_the_stations_kept.md:36	the Moot's	->	Tional nan Tuathach's	|	ese were released on the council's order and were the Moot's charge from this point north;
CHANGE	eras/age_VII/book/35_of_the_stations_kept.md:38	The Moot	->	Tional nan Tuathach	|	The Moot had kept, since the Severance
CHANGE	eras/age_VII/book/35_of_the_stations_kept.md:38	the Severance	->	An Dealachadh	|	The Moot had kept, since the Severance, one long list of its dead an
CHANGE	eras/age_VII/book/35_of_the_stations_kept.md:40	the Moot's	->	Tional nan Tuathach's	|	 at Muileann leathan whose old pupils had rebound the Moot's minute-books at Daniel Frayne
CHANGE	eras/age_VII/book/35_of_the_stations_kept.md:44	the first regiment's	->	A' chiad rèisimeid's	|	o go north past the stones under no guard at all, the first regiment's company having no order to do
CHANGE	eras/age_VII/book/35_of_the_stations_kept.md:50	the Severance war	->	Cogadh nam Beann	|	ldier to hold a chair there since the captains of the Severance war, whose own names, he had occa
CHANGE	eras/age_VII/book/35_of_the_stations_kept.md:50	the coal line's	->	Slighe a' Ghuail's	|	m, spoke that day mostly of the harvest tithe and the coal line's autumn schedule and other mat
CHANGE	eras/age_VII/book/35_of_the_stations_kept.md:52	the Christmas	->	an Nollaig	|	 much preamble, that she had sat among the twelve the Christmas three years before when Marth
CHANGE	eras/age_VII/book/35_of_the_stations_kept.md:52	the Moot's last petition	->	Athchuinge Dheireannach an Tionail	|	as three years before when Martha Greaves carried the Moot's last petition into that same room, and had 
CHANGE	eras/age_VII/book/35_of_the_stations_kept.md:54	The seventh regiment	->	An seachdamh rèisimeid	|	The seventh regiment, meanwhile, having capped the
CHANGE	eras/age_VII/book/35_of_the_stations_kept.md:54	the Àth leathan post	->	Freiceadan Àth leathan	|	sts had used from the first order that raised it, the Àth leathan post, and Somhairle, reading that 
CHANGE	eras/age_VII/book/35_of_the_stations_kept.md:60	the first regiment	->	A' chiad rèisimeid	|	, and gave it, some weeks later, to a corporal of the first regiment who came through the district
CHANGE	eras/age_VII/book/35_of_the_stations_kept.md:62	The stone at Cathair mhòr	->	Clach nan Rèisimeidean	|	The stone at Cathair mhòr was raised in an Dùbhlachd, a
CHANGE	eras/age_VII/book/35_of_the_stations_kept.md:62	the house of Mac Ùisdein	->	Taigh Mhic Ùisdein	|	the battle it named, beside the market cross that the house of Mac Ùisdein had kept at the town's centre
CHANGE	eras/age_VII/book/35_of_the_stations_kept.md:66	the open record	->	An Clàr Foscailte	|	ves could need and never once counted by any hand the open record trusted; the sixty who had co
CHANGE	eras/age_VII/book/35_of_the_stations_kept.md:66	the open record	->	An Clàr Foscailte	|	ad been asked to cut, in a field or a chapel yard the open record had no occasion ever to visit
CHANGE	eras/age_VII/book/35_of_the_stations_kept.md:66	the coal line's	->	Slighe a' Ghuail's	|	hairle, folding the paper at last and turning for the coal line's carriage that would carry him
CHANGE	eras/age_VII/book/36_of_the_sealed_room.md:13	the Long War	->	An Cogadh Fada	|	 gives an order of that kind. The whole record of the Long War, from the first muster to the
CHANGE	eras/age_VII/book/36_of_the_sealed_room.md:13	the Library's	->	an Leabharlann's	|	s from that day. A room was to be found for it in the Library's own keeping, and the key was 
CHANGE	eras/age_VII/book/36_of_the_sealed_room.md:13	the Moot's	->	Tional nan Tuathach's	|	hen there are any set down at all, go in a minute the Moot's own clerks never see and this
CHANGE	eras/age_VII/book/36_of_the_sealed_room.md:15	the Library	->	an Leabharlann	|	Raghnall had kept the Library five-and-twenty years by then
CHANGE	eras/age_VII/book/36_of_the_sealed_room.md:15	the Library	->	an Leabharlann	|	 not think Ailean Leabhar, who had said once that the Library settles nothing and only keep
CHANGE	eras/age_VII/book/36_of_the_sealed_room.md:19	the Library	->	an Leabharlann	|	"He never foresaw an order asking the Library to keep a thing from its own 
CHANGE	eras/age_VII/book/36_of_the_sealed_room.md:25	the open record	->	An Clàr Foscailte	|	 and cross-referenced in her own hand, everything the open record left out set down in it as pl
CHANGE	eras/age_VII/book/36_of_the_sealed_room.md:25	the Library's	->	an Leabharlann's	|	oo far from proof to put in any chronicle bearing the Library's own name, and had kept anyway
CHANGE	eras/age_VII/book/36_of_the_sealed_room.md:37	the open record	->	An Clàr Foscailte	|	l of the second year, kept the number of holdouts the open record had always given for it. The 
CHANGE	eras/age_VII/book/36_of_the_sealed_room.md:39	the Library's	->	an Leabharlann's	|	e had written it: that this was the whole of what the Library's own chronicle held open for t
CHANGE	eras/age_VII/book/36_of_the_sealed_room.md:41	the Library	->	an Leabharlann	|	ce told a young chronicler new to the office that the Library keeps and does not chase, and
CHANGE	eras/age_VII/book/36_of_the_sealed_room.md:45	the seventh regiment	->	An seachdamh rèisimeid	|	a standing man, raised without any leave asked of the seventh regiment whose post lay not half a mil
CHANGE	eras/age_VII/book/36_of_the_sealed_room.md:45	the Crown	->	An Crùn	|	 no charge laid on him to move stones off a field the Crown had no present use for, and t
CHANGE	eras/age_VII/book/36_of_the_sealed_room.md:51	the Treasury	->	An t-Ionmhas	|	At Cathair dhearg that same spring the Treasury carried the wartime tithe for
CHANGE	eras/age_VII/book/36_of_the_sealed_room.md:51	the wartime tithe	->	Deachamh a' Chogaidh	|	hair dhearg that same spring the Treasury carried the wartime tithe forward on the pumps for anot
CHANGE	eras/age_VII/book/36_of_the_sealed_room.md:53	the Treasury's	->	An t-Ionmhas's	|	In the same season the Treasury's clerks fixed the market-due, 
CHANGE	eras/age_VII/book/36_of_the_sealed_room.md:53	Treasury clerk	->	An t-Ionmhas's clerk	|	ch charter the kingdom would grant, had its first Treasury clerk that spring, a young man out 
CHANGE	eras/age_VII/book/36_of_the_sealed_room.md:53	the Crown	->	An Crùn	|	had never before had cause to house an officer of the Crown at all. The wartime tithe on 
CHANGE	eras/age_VII/book/36_of_the_sealed_room.md:53	The wartime tithe	->	Deachamh a' Chogaidh	|	ad cause to house an officer of the Crown at all. The wartime tithe on dubhan the Treasury kept a
CHANGE	eras/age_VII/book/36_of_the_sealed_room.md:53	the Treasury	->	An t-Ionmhas	|	 of the Crown at all. The wartime tithe on dubhan the Treasury kept apart from the new marke
CHANGE	eras/age_VII/book/36_of_the_sealed_room.md:53	the Treasury's	->	An t-Ionmhas's	|	ce to the market that sold it on, and no clerk of the Treasury's, so far as this book has foun
CHANGE	eras/age_VII/book/36_of_the_sealed_room.md:57	The Guild of Fuel-Fitters at Seann Skell	->	Comann nan Goibhnean-ceangail	|	The Guild of Fuel-Fitters at Seann Skell took, that same spring, the c
CHANGE	eras/age_VII/book/36_of_the_sealed_room.md:57	The charter rule	->	Riaghailt na Cairte	|	e in it anywhere that named the Tuathaich at all. The charter rule held under the new contract e
CHANGE	eras/age_VII/book/36_of_the_sealed_room.md:59	the Crown's	->	An Crùn's	|	ir own districts since before the war began, took the Crown's contract that same season for
CHANGE	eras/age_VII/book/36_of_the_sealed_room.md:65	the open record	->	An Clàr Foscailte	|	d not stood down, three had work that spring that the open record was glad enough to set down i
CHANGE	eras/age_VII/book/36_of_the_sealed_room.md:65	The second fleet	->	An dàrna cabhlach	|	 in full, having no cause to shut any of it away. The second fleet, working the eastern water of
CHANGE	eras/age_VII/book/36_of_the_sealed_room.md:65	the second fleet's	->	An dàrna cabhlach's	|	es of wind and tide, an account of the chase that the second fleet's own captain thought worth cop
CHANGE	eras/age_VII/book/36_of_the_sealed_room.md:67	The fourth fleet	->	An ceathramh cabhlach	|	The fourth fleet, kept on the Tuathaich coast 
CHANGE	eras/age_VII/book/36_of_the_sealed_room.md:69	The third fleet	->	An treas cabhlach	|	The third fleet, at Baile ghorm on the wester
CHANGE	eras/age_VII/book/36_of_the_sealed_room.md:69	the Moot	->	Tional nan Tuathach	|	epots at Doire ghlas and Caol mhòr, on a contract the Moot had asked for itself and the 
CHANGE	eras/age_VII/book/36_of_the_sealed_room.md:69	the Moot's	->	Tional nan Tuathach's	|	, on a contract the Moot had asked for itself and the Moot's own purse paid the freight of
CHANGE	eras/age_VII/book/36_of_the_sealed_room.md:69	the Moot's	->	Tional nan Tuathach's	|	e freight of, purse for purse, out of what little the Moot's fund had left over from feedi
CHANGE	eras/age_VII/book/36_of_the_sealed_room.md:69	the Moot's	->	Tional nan Tuathach's	|	or themselves rather than had laid upon them, and the Moot's own minute on it, brief as it
CHANGE	eras/age_VII/book/36_of_the_sealed_room.md:69	the third fleet's	->	An treas cabhlach's	|	at the freight was agreed at a fair rate and that the third fleet's captain, a Dia-thìreach who h
CHANGE	eras/age_VII/book/36_of_the_sealed_room.md:75	the Library's	->	an Leabharlann's	|	kingdom, and she had watched enough chronicles in the Library's own stacks fall into that hab
CHANGE	eras/age_VII/book/36_of_the_sealed_room.md:77	the Library	->	an Leabharlann	|	every working morning since before Sìleas came to the Library at all, and if he laid his ha
CHANGE	eras/age_VII/book/37_of_the_motion_allowed_to_die.md:7	The fourth fleet's	->	An ceathramh cabhlach's	|	The fourth fleet's log for that year, kept as ev
CHANGE	eras/age_VII/book/37_of_the_motion_allowed_to_die.md:9	the windy coast	->	an Oirthir Ghaothach	|	ng seen off that cape. The Tuathaich fishermen of the windy coast had a name for whatever it wa
CHANGE	eras/age_VII/book/37_of_the_motion_allowed_to_die.md:9	the royal chronicle	->	Eachdraidh na Rìoghachd	|	st to the years when Gormshuil nic Dhùghaill kept the royal chronicle, for she had set down a sight
CHANGE	eras/age_VII/book/37_of_the_motion_allowed_to_die.md:9	The fourth fleet's	->	An ceathramh cabhlach's	|	 do harm to any boat that let it pass unremarked. The fourth fleet's own men, being Dia-thìrich an
CHANGE	eras/age_VII/book/37_of_the_motion_allowed_to_die.md:11	the windy coast	->	an Oirthir Ghaothach	|	year off the north-west cape, and no fisherman of the windy coast troubled to ask the fourth fl
CHANGE	eras/age_VII/book/37_of_the_motion_allowed_to_die.md:11	the fourth fleet	->	An ceathramh cabhlach	|	d no fisherman of the windy coast troubled to ask the fourth fleet what its log said, there bein
CHANGE	eras/age_VII/book/37_of_the_motion_allowed_to_die.md:15	the Moot's last petition	->	Athchuinge Dheireannach an Tionail	|	Anna nic Phàil had kept a copy of the Moot's last petition in her own writing-case for f
CHANGE	eras/age_VII/book/37_of_the_motion_allowed_to_die.md:25	the Treasury	->	An t-Ionmhas	|	It was the master of the Treasury who spoke first, a heavy, car
CHANGE	eras/age_VII/book/37_of_the_motion_allowed_to_die.md:25	the Treasury's	->	An t-Ionmhas's	|	the mover had costed the sum she proposed against the Treasury's own roll for the year, since 
CHANGE	eras/age_VII/book/37_of_the_motion_allowed_to_die.md:25	the Treasury's	->	An t-Ionmhas's	|	and answered it plainly: a sum, she said, was for the Treasury's own clerks to set, being thei
CHANGE	eras/age_VII/book/37_of_the_motion_allowed_to_die.md:29	the Treasury's	->	An t-Ionmhas's	|	, in the end, had cause to give. Nobody said that the Treasury's roll could not bear it, thoug
CHANGE	eras/age_VII/book/37_of_the_motion_allowed_to_die.md:31	the Treasury	->	An t-Ionmhas	|	said only that the times were not easy for asking the Treasury for anything new, and left th
CHANGE	eras/age_VII/book/37_of_the_motion_allowed_to_die.md:37	the motion for amends	->	Tagradh na h-Èirig	|	being asked to explain an omission from it, where the motion for amends had gone. He told her, in the
CHANGE	eras/age_VII/book/37_of_the_motion_allowed_to_die.md:37	the Treasury	->	An t-Ionmhas	|	than something he had decided, that the master of the Treasury had asked that it stand over 
CHANGE	eras/age_VII/book/37_of_the_motion_allowed_to_die.md:39	the Treasury's	->	An t-Ionmhas's	|	act been set a day, and was told that it had not, the Treasury's figures being, the clerk unde
CHANGE	eras/age_VII/book/37_of_the_motion_allowed_to_die.md:41	The Moot's	->	Tional nan Tuathach's	|	The Moot's own minute on the matter, whe
CHANGE	eras/age_VII/book/37_of_the_motion_allowed_to_die.md:47	the Moot	->	Tional nan Tuathach	|	iving it a proper name. She had sat as speaker of the Moot since the winter Daniel Frayn
CHANGE	eras/age_VII/book/37_of_the_motion_allowed_to_die.md:47	the Moot	->	Tional nan Tuathach	|	ad just let this one die to look at anything else the Moot might bring it.
CHANGE	eras/age_VII/book/37_of_the_motion_allowed_to_die.md:51	the Moot	->	Tional nan Tuathach	|	e had known him, put himself forward for anything the Moot had to give. He asked her ins
CHANGE	eras/age_VII/book/37_of_the_motion_allowed_to_die.md:51	the Moot	->	Tional nan Tuathach	|	just shown the whole north it thought of anything the Moot troubled to bring it, and Mar
CHANGE	eras/age_VII/book/37_of_the_motion_allowed_to_die.md:51	the Moot's	->	Tional nan Tuathach's	|	han nothing to the room it actually sat in, since the Moot's own minute-books, unbroken si
CHANGE	eras/age_VII/book/37_of_the_motion_allowed_to_die.md:51	the Moot	->	Tional nan Tuathach	|	efore, and said at last that he would take it, if the Moot itself, and not only its outg
CHANGE	eras/age_VII/book/37_of_the_motion_allowed_to_die.md:53	the Moot's	->	Tional nan Tuathach's	|	 the wool, that she laid the chair down, and that the Moot's own custom, unbroken since it
CHANGE	eras/age_VII/book/37_of_the_motion_allowed_to_die.md:55	the Moot's	->	Tional nan Tuathach's	|	at she did not know yet what a woman who had been the Moot's own voice for seventeen years
CHANGE	eras/age_VII/book/37_of_the_motion_allowed_to_die.md:57	the motion for amends	->	Tagradh na h-Èirig	|	That same autumn, while the motion for amends still sat, unsummoned, on wha
CHANGE	eras/age_VII/book/37_of_the_motion_allowed_to_die.md:57	the fifth regiment	->	An còigeamh rèisimeid	|	 Martha's own chair had been given. At Seann Warr the fifth regiment, quartered there since the wa
CHANGE	eras/age_VII/book/37_of_the_motion_allowed_to_die.md:57	the eighth regiment's	->	An t-ochdamh rèisimeid's	|	r town's trade settled than tented. At Inis uaine the eighth regiment's watch on the eastern dubhan t
CHANGE	eras/age_VII/book/37_of_the_motion_allowed_to_die.md:57	the fourth regiment	->	An ceathramh rèisimeid	|	Sunday round. And at Ceann mhòr, in an Dùbhlachd, the fourth regiment marched out of the old magist
CHANGE	eras/age_VII/book/37_of_the_motion_allowed_to_die.md:57	the Moot	->	Tional nan Tuathach	|	 a journey the men had waited four years to make; the Moot asked, as it had asked once b
CHANGE	eras/age_VII/book/37_of_the_motion_allowed_to_die.md:57	the Moot's	->	Tional nan Tuathach's	|	's answer came within the season and was granted; the Moot's own letter had asked the hous
CHANGE	eras/age_VII/book/37_of_the_motion_allowed_to_die.md:57	the Crown	->	An Crùn	|	se passed, in its plain wording, from one hand of the Crown to another, and the town that
CHANGE	eras/age_VII/book/37_of_the_motion_allowed_to_die.md:57	the fourth regiment	->	An ceathramh rèisimeid	|	d magistrate's house than it had been the morning the fourth regiment first marched in under it.
CHANGE	eras/age_VII/book/38_of_the_old_reckoning_and_the_last_hewers.md:14	the eleven books	->	An t-Aon Leabhar Deug	|	uth that spoke for more than a minute together of the eleven books Ellen Marsh had asked the Lib
CHANGE	eras/age_VII/book/38_of_the_old_reckoning_and_the_last_hewers.md:14	the Library	->	an Leabharlann	|	ogether of the eleven books Ellen Marsh had asked the Library to keep, or of the motion for
CHANGE	eras/age_VII/book/38_of_the_old_reckoning_and_the_last_hewers.md:14	the motion for amends	->	Tagradh na h-Èirig	|	 Ellen Marsh had asked the Library to keep, or of the motion for amends that Anna nic Phàil had carri
CHANGE	eras/age_VII/book/38_of_the_old_reckoning_and_the_last_hewers.md:18	the coal line	->	Slighe a' Ghuail	|	s heard the word first from a carrier who came up the coal line road with salt fish for the L
CHANGE	eras/age_VII/book/38_of_the_old_reckoning_and_the_last_hewers.md:18	the Library's	->	an Leabharlann's	|	who came up the coal line road with salt fish for the Library's own kitchen and stood talking
CHANGE	eras/age_VII/book/38_of_the_old_reckoning_and_the_last_hewers.md:18	the Library's	->	an Leabharlann's	|	to ask Raghnall, when the season allowed, whether the Library's own glossary of the north's s
CHANGE	eras/age_VII/book/38_of_the_old_reckoning_and_the_last_hewers.md:20	the coal line's	->	Slighe a' Ghuail's	|	 a page otherwise given over to a Board return on the coal line's autumn schedule, noting only 
CHANGE	eras/age_VII/book/38_of_the_old_reckoning_and_the_last_hewers.md:20	the Library's	->	an Leabharlann's	|	that year in more than one northern town, joining the Library's tabled request of nine years 
CHANGE	eras/age_VII/book/38_of_the_old_reckoning_and_the_last_hewers.md:24	the Sloc Mòr	->	An Sloc Mòr	|	The order to shut the upper galleries of the Sloc Mòr came down from the Mine Board
CHANGE	eras/age_VII/book/38_of_the_old_reckoning_and_the_last_hewers.md:24	the Mine Board	->	Comhairle nam Mèinnean	|	he upper galleries of the Sloc Mòr came down from the Mine Board to the maor of Achadh dhomhai
CHANGE	eras/age_VII/book/38_of_the_old_reckoning_and_the_last_hewers.md:24	the Library's	->	an Leabharlann's	|	single sheet not unlike the order that had sealed the Library's own war record two years befo
CHANGE	eras/age_VII/book/38_of_the_old_reckoning_and_the_last_hewers.md:24	the Rite	->	Deas-ghnàth a' Ghuail	|	 workings, and that face was given over entire to the Rite, to cut altar-coal for the ho
CHANGE	eras/age_VII/book/38_of_the_old_reckoning_and_the_last_hewers.md:24	the Rite's	->	Deas-ghnàth a' Ghuail's	|	baskets a year, no more, and no less either, than the Rite's own accounting required.
CHANGE	eras/age_VII/book/38_of_the_old_reckoning_and_the_last_hewers.md:26	the Guild of Hewers	->	Comann nan Gualadairean	|	zen still living who had learned the trade before the Guild of Hewers dissolved itself fourteen yea
CHANGE	eras/age_VII/book/38_of_the_old_reckoning_and_the_last_hewers.md:26	the Rite	->	Deas-ghnàth a' Ghuail	|	ewers dissolved itself fourteen years before, and the Rite, having no oath of its own re
CHANGE	eras/age_VII/book/38_of_the_old_reckoning_and_the_last_hewers.md:26	the Library	->	an Leabharlann	|	olls, which Tormod mac Dhonnchaidh had carried to the Library with his own hands in the yea
CHANGE	eras/age_VII/book/38_of_the_old_reckoning_and_the_last_hewers.md:28	the Sloc Mòr	->	An Sloc Mòr	|	iest, an old man well past sixty who had hewed at the Sloc Mòr since before Cathal was crown
CHANGE	eras/age_VII/book/38_of_the_old_reckoning_and_the_last_hewers.md:34	the open record	->	An Clàr Foscailte	|	Of two things that same summer the open record kept a plainer account, and S
CHANGE	eras/age_VII/book/38_of_the_old_reckoning_and_the_last_hewers.md:34	The ninth regiment's	->	An naoidheamh rèisimeid's	|	ey first taught them how much a crowd would bear. The ninth regiment's man, a broad quiet Dia-thìrea
CHANGE	eras/age_VII/book/38_of_the_old_reckoning_and_the_last_hewers.md:34	the Còmhrag	->	Còmhrag Ceann leathan	|	r and no softer than it had cheered any winner of the Còmhrag in the years before the regim
CHANGE	eras/age_VII/book/38_of_the_old_reckoning_and_the_last_hewers.md:36	the second regiment	->	An dàrna rèisimeid	|	At Muileann chaol that same season the second regiment, quartered at Àth dhìreach to
CHANGE	eras/age_VII/book/38_of_the_old_reckoning_and_the_last_hewers.md:36	the coal line	->	Slighe a' Ghuail	|	cond regiment, quartered at Àth dhìreach to guard the coal line and the library road as it ha
CHANGE	eras/age_VII/book/38_of_the_old_reckoning_and_the_last_hewers.md:36	the Library's	->	an Leabharlann's	|	 trouble to explain: a guard of six men, stood at the Library's own gate through every hour o
CHANGE	eras/age_VII/book/38_of_the_old_reckoning_and_the_last_hewers.md:36	the Library's	->	an Leabharlann's	|	day and night, over a room whose existence beyond the Library's own walls no more than a doze
CHANGE	eras/age_VII/book/38_of_the_old_reckoning_and_the_last_hewers.md:36	the Library	->	an Leabharlann	|	e she quite knew what to make of it herself, that the Library had not asked for a guard, ha
CHANGE	eras/age_VII/book/38_of_the_old_reckoning_and_the_last_hewers.md:36	the Library's	->	an Leabharlann's	|	he whole of its history needed one to keep a room the Library's own lock already held shut, a
CHANGE	eras/age_VII/book/38_of_the_old_reckoning_and_the_last_hewers.md:38	the second regiment's	->	An dàrna rèisimeid's	|	 The guard has stood its watch since, relieved by the second regiment's own rota without a word from 
CHANGE	eras/age_VII/book/38_of_the_old_reckoning_and_the_last_hewers.md:38	the Library's	->	an Leabharlann's	|	he second regiment's own rota without a word from the Library's own gate to the soldiers' ten
CHANGE	eras/age_VII/book/38_of_the_old_reckoning_and_the_last_hewers.md:44	the coal line	->	Slighe a' Ghuail	|	Eachann mac Ruairidh drove the coal line on the tenth of an t-Sultain 
CHANGE	eras/age_VII/book/38_of_the_old_reckoning_and_the_last_hewers.md:44	the coal line	->	Slighe a' Ghuail	|	ed to tell him: that this would be the last train the coal line carried under that name for c
CHANGE	eras/age_VII/book/38_of_the_old_reckoning_and_the_last_hewers.md:50	the coal line's	->	Slighe a' Ghuail's	|	ine before any bell announced them, that this was the coal line's last coal working under that 
CHANGE	eras/age_VII/book/38_of_the_old_reckoning_and_the_last_hewers.md:54	the coal line	->	Slighe a' Ghuail	|	's run to his own wife beyond the plain fact that the coal line had carried its last coal, an
CHANGE	eras/age_VII/book/38_of_the_old_reckoning_and_the_last_hewers.md:58	the sixth regiment's	->	An siathamh rèisimeid's	|	n no order she would herself have chosen, so that the sixth regiment's northern posts and the fair's
CHANGE	eras/age_VII/book/38_of_the_old_reckoning_and_the_last_hewers.md:58	the Severance	->	An Dealachadh	|	 burned as men said, and for the first time since the Severance itself a Tuathach going south
CHANGE	eras/age_VII/book/38_of_the_old_reckoning_and_the_last_hewers.md:58	the Library	->	an Leabharlann	|	lves. The council's minute on it, when it reached the Library, called the passes a measure 
CHANGE	eras/age_VII/book/38_of_the_old_reckoning_and_the_last_hewers.md:58	the wartime tithe	->	Deachamh a' Chogaidh	|	 measure for a time only, in the same three words the wartime tithe had been given five years bef
CHANGE	eras/age_VII/book/38_of_the_old_reckoning_and_the_last_hewers.md:60	The fair at Muileann òg	->	Fèill Muileann òg	|	The fair at Muileann òg that same season kept the sha
CHANGE	eras/age_VII/book/38_of_the_old_reckoning_and_the_last_hewers.md:60	the sixth regiment's	->	An siathamh rèisimeid's	|	hat, and Sìleas, setting the fair's return beside the sixth regiment's own pass-list on the same pag
CHANGE	eras/age_VII/book/38_of_the_old_reckoning_and_the_last_hewers.md:60	the chronicle	->	Eachdraidh na Rìoghachd	|	erself thinking, though she wrote none of it into the chronicle proper, that a trade six gene
CHANGE	eras/age_VII/book/38_of_the_old_reckoning_and_the_last_hewers.md:64	the Library	->	an Leabharlann	|	fair age and no more; and Sìleas, who had come to the Library at two-and-thirty with a fair
CHANGE	eras/age_VII/book/38_of_the_old_reckoning_and_the_last_hewers.md:66	the Library	->	an Leabharlann	|	d at her sister's house at Àth dhìreach, and that the Library owed to her hand the first no
CHANGE	eras/age_VII/book/39_of_the_charter_of_export.md:7	the Còmhrag	->	Còmhrag Ceann leathan	|	 all that time he had never once gone up to watch the Còmhrag, though the men he fitted for
CHANGE	eras/age_VII/book/39_of_the_charter_of_export.md:9	the third regiment	->	An treas rèisimeid	|	That year was not one of the fair years. A man of the third regiment took a stave-blow above the e
CHANGE	eras/age_VII/book/39_of_the_charter_of_export.md:9	the Còmhrag	->	Còmhrag Ceann leathan	|	a fact about the year, one line among the others: the Còmhrag was fought, and one man died 
CHANGE	eras/age_VII/book/39_of_the_charter_of_export.md:11	eleven books	->	An t-Aon Leabhar Deug	|	more, which was that the copying of Ellen Marsh's eleven books was finished at last in the s
CHANGE	eras/age_VII/book/39_of_the_charter_of_export.md:11	the Severance	->	An Dealachadh	|	ly that the books held the north's own telling of the Severance and the years after it, going
CHANGE	eras/age_VII/book/39_of_the_charter_of_export.md:11	the Library at Muileann chaol	->	Leabharlann Muileann chaol	|	n she had finally carried the whole of it down to the Library at Muileann chaol and offered it for the record
CHANGE	eras/age_VII/book/39_of_the_charter_of_export.md:11	the Library	->	an Leabharlann	|	 at Muileann chaol and offered it for the record, the Library had taken her letter and file
CHANGE	eras/age_VII/book/39_of_the_charter_of_export.md:11	the Library	->	an Leabharlann	|	 had asked Peter Hale once, straight out, whether the Library meant to refuse them outright
CHANGE	eras/age_VII/book/39_of_the_charter_of_export.md:13	The Moot	->	Tional nan Tuathach	|	The Moot met that year at Caol mhòr as
CHANGE	eras/age_VII/book/39_of_the_charter_of_export.md:13	the Moot	->	Tional nan Tuathach	|	, though every one of those had tried its hand at the Moot in its turn. Peter Hale opene
CHANGE	eras/age_VII/book/39_of_the_charter_of_export.md:13	the Moot	->	Tional nan Tuathach	|	 no ruling from any Dia-thìreach court that named the Moot a lawful body, and no request
CHANGE	eras/age_VII/book/39_of_the_charter_of_export.md:15	the charter rule	->	Riaghailt na Cairte	|	 whatever a man could pay him, and had done since the charter rule put his name off the Fuel-Fit
CHANGE	eras/age_VII/book/39_of_the_charter_of_export.md:15	the Fuel-Fitters	->	Comann nan Goibhnean-ceangail	|	 had done since the charter rule put his name off the Fuel-Fitters' rolls along with every other
CHANGE	eras/age_VII/book/39_of_the_charter_of_export.md:17	the Library	->	an Leabharlann	|	d that a book finished was still a book, whatever the Library chose to do with it, and that
CHANGE	eras/age_VII/book/39_of_the_charter_of_export.md:21	the Company's	->	A' Chompanaidh's	|	as mending, which at least, being his own and not the Company's nor the council's, he was sti
CHANGE	eras/age_VII/book/39_of_the_charter_of_export.md:25	the Treasury	->	An t-Ionmhas	|	 had once been pegged to the vein's own coal, and the Treasury took its tithe on every sale 
CHANGE	eras/age_VII/book/39_of_the_charter_of_export.md:25	the wartime tithe	->	Deachamh a' Chogaidh	|	hundred on every sale the market towns made, with the wartime tithe carried forward on its own li
CHANGE	eras/age_VII/book/39_of_the_charter_of_export.md:25	The windy coast	->	An Oirthir Ghaothach	|	ince the war that made it was said to have ended. The windy coast paid neither due, being recko
CHANGE	eras/age_VII/book/39_of_the_charter_of_export.md:27	Treasury clerk	->	An t-Ionmhas's clerk	|	irst opened at the southern Seann Skell, the same Treasury clerk who weighed and marked them f
CHANGE	eras/age_VII/book/39_of_the_charter_of_export.md:29	the council of the kingdom	->	Comhairle na Rìoghachd	|	What stopped the council of the kingdom that year, and held its twelv
CHANGE	eras/age_VII/book/39_of_the_charter_of_export.md:29	the Severance	->	An Dealachadh	|	dhearg had granted to any goods of Dia-thìr since the Severance closed the crossing.
CHANGE	eras/age_VII/book/39_of_the_charter_of_export.md:39	the chronicle	->	Eachdraidh na Rìoghachd	|	 draft of it, which Sìleas copied twice, once for the chronicle and once at the clerk of coun
CHANGE	eras/age_VII/book/39_of_the_charter_of_export.md:41	the Moot's	->	Tional nan Tuathach's	|	uncil had given to Anna nic Phàil's own asking on the Moot's behalf: allowed to die. Both 
CHANGE	eras/age_VII/book/39_of_the_charter_of_export.md:41	the chronicle	->	Eachdraidh na Rìoghachd	|	ld not wait so long. She set neither thought into the chronicle, a chronicler's private suspi
CHANGE	eras/age_VII/book/39_of_the_charter_of_export.md:43	the motion for amends	->	Tagradh na h-Èirig	|	he had not expected it from Anna, who had brought the motion for amends before this same council not 
CHANGE	eras/age_VII/book/39_of_the_charter_of_export.md:45	the Treasury	->	An t-Ionmhas	|	om the clerk's draft two days before it was read: the Treasury to set the measure sold in an
CHANGE	eras/age_VII/book/39_of_the_charter_of_export.md:45	the Treasury	->	An t-Ionmhas	|	omhain and nowhere else on the island, a clerk of the Treasury to take his tithe on every ba
CHANGE	eras/age_VII/book/39_of_the_charter_of_export.md:45	the Moot's	->	Tional nan Tuathach's	|	 every barrel there, the kingdom's own depots and the Moot's to be served before any barre
CHANGE	eras/age_VII/book/39_of_the_charter_of_export.md:47	the Treasury's	->	An t-Ionmhas's	|	rms, in full, as the clerk had given them to her: the Treasury's measure, the loading at Ros d
CHANGE	eras/age_VII/book/39_of_the_charter_of_export.md:51	a Treasury clerk	->	a clerk of An t-Ionmhas	|	ded over three days at the quay under the eyes of a Treasury clerk who marked the first barrel a
CHANGE	eras/age_VII/book/39_of_the_charter_of_export.md:51	the Crossing	->	An t-Aiseag	|	bound for the water beyond the mist had run since the Crossing first found the one passage t
CHANGE	eras/age_VII/book/39_of_the_charter_of_export.md:53	the Fuel-Fitters	->	Comann nan Goibhnean-ceangail	|	he thirteen years since his own name had come off the Fuel-Fitters' rolls under a charter writte
CHANGE	eras/age_VII/book/39_of_the_charter_of_export.md:53	the Library's	->	an Leabharlann's	|	 book finished at Doire ghlas and the one line in the Library's catalogue that named the aski
CHANGE	eras/age_VII/book/39_of_the_charter_of_export.md:55	the fleet of the Sundering	->	Cabhlach an Scaraidh	|	t now living could name from his own memory, over the fleet of the Sundering that never sailed home; they 
CHANGE	eras/age_VII/book/39_of_the_charter_of_export.md:59	the Còmhrag	->	Còmhrag Ceann leathan	|	So the year closed on that account: a man dead of the Còmhrag whose name went unrecorded at
CHANGE	eras/age_VII/book/39_of_the_charter_of_export.md:59	the Severance	->	An Dealachadh	|	ast the water his own kingdom had kept shut since the Severance. The north's old rhyme asked 
CHANGE	eras/age_VII/book/40_of_the_four_baskets.md:7	the Sloc Mòr	->	An Sloc Mòr	|	The twelve came up out of the one open face of the Sloc Mòr in the first days of an Dàmha
CHANGE	eras/age_VII/book/40_of_the_four_baskets.md:7	the Rite	->	Deas-ghnàth a' Ghuail	|	ss than the year's cutting had ever come to since the Rite took the working over, and th
CHANGE	eras/age_VII/book/40_of_the_four_baskets.md:7	the coal line	->	Slighe a' Ghuail	|	ainst the rain, and from there they went south by the coal line that no longer carried coal, 
CHANGE	eras/age_VII/book/40_of_the_four_baskets.md:9	the Rite	->	Deas-ghnàth a' Ghuail	|	se's mark folded into a cup that had once, before the Rite took to keeping its lots in a
CHANGE	eras/age_VII/book/40_of_the_four_baskets.md:23	the Library	->	an Leabharlann	|	ailed earlier at Muileann chaol than any clerk of the Library could remember it failing, or
CHANGE	eras/age_VII/book/40_of_the_four_baskets.md:25	the coal line	->	Slighe a' Ghuail	|	t afternoon at a little after three, the sky over the coal line already the colour of slate, 
CHANGE	eras/age_VII/book/40_of_the_four_baskets.md:25	the Treasury's	->	An t-Ionmhas's	|	e year before and the year before that: a line on the Treasury's roll, a line on the regiments
CHANGE	eras/age_VII/book/40_of_the_four_baskets.md:25	the coal line	->	Slighe a' Ghuail	|	n the regiments' stations, a line on the state of the coal line and the state of the north.
CHANGE	eras/age_VII/book/40_of_the_four_baskets.md:27	the Library	->	an Leabharlann	|	 civil letters that never once asked for anything the Library was willing to give, through 
CHANGE	eras/age_VII/book/40_of_the_four_baskets.md:37	The Còmhrag's	->	Còmhrag Ceann leathan's	|	The Còmhrag's own reckoning for that year, 
CHANGE	eras/age_VII/book/40_of_the_four_baskets.md:37	the ninth regiment's	->	An naoidheamh rèisimeid's	|	losed a business Sìleas had opened in the autumn: the ninth regiment's man, having won it the summer
CHANGE	eras/age_VII/book/40_of_the_four_baskets.md:37	the Còmhrag	->	Còmhrag Ceann leathan	|	ote nothing of the finding, as plain an answer as the Còmhrag had ever given anybody to any
CHANGE	eras/age_VII/book/40_of_the_four_baskets.md:53	The sixth regiment's	->	An siathamh rèisimeid's	|	rth had thinned to their ordinary winter trickle. The sixth regiment's pass-table at the boundary st
CHANGE	eras/age_VII/book/40_of_the_four_baskets.md:53	The Moot's	->	Tional nan Tuathach's	|	though she added no comment of her own beside it. The Moot's own minute-book, copied south
CHANGE	eras/age_VII/book/40_of_the_four_baskets.md:53	the eleven books	->	An t-Aon Leabhar Deug	|	orthern day, the tithe collected without protest, the eleven books still kept in the north and s
CHANGE	eras/age_VII/book/40_of_the_four_baskets.md:53	the Library's	->	an Leabharlann's	|	ks still kept in the north and still not named in the Library's own catalogue, which listed, 
CHANGE	eras/age_VII/book/40_of_the_four_baskets.md:55	The Moot's	->	Tional nan Tuathach's	|	order, before the noon bell had finished ringing. The Moot's minute for the day, come up w
CHANGE	eras/age_VII/book/40_of_the_four_baskets.md:55	the Moot's	->	Tional nan Tuathach's	|	 same morning, gave the shortest day one line, as the Moot's minute gave every year's shor
CHANGE	eras/age_VII/book/40_of_the_four_baskets.md:55	the Moot	->	Tional nan Tuathach	|	ry year's shortest day one line, noting only that the Moot had met, that Peter Hale had 
CHANGE	eras/age_VII/book/40_of_the_four_baskets.md:57	the Severance	->	An Dealachadh	|	ower than any leave the kingdom had granted since the Severance. The Dia-thìrich held the cap
CHANGE	eras/age_VII/book/40_of_the_four_baskets.md:59	the Library's	->	an Leabharlann's	|	years before, from a Tuathach carrier standing in the Library's own yard with salt fish for t
CHANGE	eras/age_VII/book/40_of_the_four_baskets.md:59	the open record	->	An Clàr Foscailte	|	0157}}, no answer of her own, there being none in the open record, so far as her years of keepi
CHANGE	eras/age_VII/book/40_of_the_four_baskets.md:61	the coal line	->	Slighe a' Ghuail	|	t of that short day's light had already gone from the coal line and from the yard where the s
CHANGE	eras/age_VII/book/40_of_the_four_baskets.md:61	the Library's	->	an Leabharlann's	|	the yard where the sentry still stood his hour at the Library's gate, and Sìleas sat on a whi
CHANGE	eras/age_VII/book/40_of_the_four_baskets.md:61	the open record	->	An Clàr Foscailte	|	of the lamplight, no word to set beside them that the open record had not already given her.
CHANGE	eras/age_VII/gazetteer/01_the_southern_works_and_the_fair.json:431.history	the Lighthouse Board	->	Comhairle nan Taighean-solais	|	 Cathair dhearg; Peigi nic Ascaill came down from the Lighthouse Board to see them, fitted her baffl
CHANGE	eras/age_VII/gazetteer/01_the_southern_works_and_the_fair.json:431.history	the Fuel-Fitters	->	Comann nan Goibhnean-ceangail	|	e as master-fitter. In the long shed of the works the Fuel-Fitters were chartered in {{year:VI-0
CHANGE	eras/age_VII/gazetteer/01_the_southern_works_and_the_fair.json:431.history	the charter rule	->	Riaghailt na Cairte	|	sworn under a banner of a black swan on grey, and the charter rule let go the Tuathaich hands wh
CHANGE	eras/age_VII/gazetteer/01_the_southern_works_and_the_fair.json:431.history	the second fleet	->	An dàrna cabhlach	|	ern and let burn out on Brìde's altar. In the war the second fleet and then the ninth regiment w
CHANGE	eras/age_VII/gazetteer/01_the_southern_works_and_the_fair.json:431.history	the ninth regiment	->	An naoidheamh rèisimeid	|	ìde's altar. In the war the second fleet and then the ninth regiment were raised at the town, the 
CHANGE	eras/age_VII/gazetteer/01_the_southern_works_and_the_fair.json:431.history	the Rite	->	Deas-ghnàth a' Ghuail	|	 the coast. In the present year the altar-coal of the Rite is drawn here by lot among th
CHANGE	eras/age_VII/gazetteer/01_the_southern_works_and_the_fair.json:431.known_for	the Fuel-Fitters	->	Comann nan Goibhnean-ceangail	|	the shipmasters' dubhan works, the Fuel-Fitters' charter and the lot of the a
CHANGE	eras/age_VII/gazetteer/01_the_southern_works_and_the_fair.json:151.history	the fair road	->	Rathad na Fèille	|	The fair town on the fair road below the capital kept its gr
CHANGE	eras/age_VII/gazetteer/01_the_southern_works_and_the_fair.json:151.history	the fair court	->	Cùirt na Fèille	|	d his cart and kept his horse, and the justice of the fair court, Fionnlagh mac Gille-Chaluim,
CHANGE	eras/age_VII/gazetteer/01_the_southern_works_and_the_fair.json:151.history	the Treasury	->	An t-Ionmhas	|	th no entry in the year of the column. In the war the Treasury set a clerk at the town's dub
CHANGE	eras/age_VII/gazetteer/01_the_southern_works_and_the_fair.json:151.history	the fair road	->	Rathad na Fèille	|	hird regiments camped on it before they went down the fair road to Muileann ghlas. The fair c
CHANGE	eras/age_VII/gazetteer/01_the_southern_works_and_the_fair.json:151.known_for	the fair court's	->	Cùirt na Fèille's	|	the fair court's scraped board, and the fair-g
CHANGE	eras/age_VII/gazetteer/01_the_southern_works_and_the_fair.json:246.history	the royal chronicler	->	Seanchaidh na Rìoghachd	|	me up the valley in the eleventh year as clerk to the royal chronicler, and began here the box of sl
CHANGE	eras/age_VII/gazetteer/01_the_southern_works_and_the_fair.json:246.history	the royal chronicle	->	Eachdraidh na Rìoghachd	|	athag nic Fhionnlaigh re-headed fourteen years of the royal chronicle in the house by lamplight whe
CHANGE	eras/age_VII/gazetteer/01_the_southern_works_and_the_fair.json:246.history	the Hewers	->	Comann nan Gualadairean	|	he new count of the years was proclaimed, and set the Hewers' dies beside their oath-stone
CHANGE	eras/age_VII/gazetteer/01_the_southern_works_and_the_fair.json:246.history	the second regiment	->	An dàrna rèisimeid	|	wer gallery. The town saw its first soldiery when the second regiment was raised at Àth dhìreach to
CHANGE	eras/age_VII/gazetteer/01_the_southern_works_and_the_fair.json:95.history	the Mine Board's	->	Comhairle nam Mèinnean's	|	e first year, and the first to be asked about it: the Mine Board's two surveyors lodged four day
CHANGE	eras/age_VII/gazetteer/01_the_southern_works_and_the_fair.json:95.history	the Moot	->	Tional nan Tuathach	|	ìris, and were told nothing. Tional nan Tuathach, the Moot, sat at Caol mhòr through the
CHANGE	eras/age_VII/gazetteer/01_the_southern_works_and_the_fair.json:95.history	the charter rule	->	Riaghailt na Cairte	|	ol mhòr turned the light at Baile chrom, and when the charter rule let them go from the southern
CHANGE	eras/age_VII/gazetteer/01_the_southern_works_and_the_fair.json:95.history	the Moot	->	Tional nan Tuathach	|	e south. The five western pit towns walked out of the Moot here in {{year:VI-0055}}, and
CHANGE	eras/age_VII/gazetteer/01_the_southern_works_and_the_fair.json:95.history	the fourth fleet	->	An ceathramh cabhlach	|	d in the roll with nothing after them. In the war the fourth fleet searched the harbour's boats 
CHANGE	eras/age_VII/gazetteer/01_the_southern_works_and_the_fair.json:95.history	the Moot's	->	Tional nan Tuathach's	|	the fourth fleet searched the harbour's boats and the Moot's granaries were opened to the 
CHANGE	eras/age_VII/gazetteer/01_the_southern_works_and_the_fair.json:95.history	the Moot's	->	Tional nan Tuathach's	|	present year Peter Hale keeps the chair and opens the Moot's book in his own hand.
CHANGE	eras/age_VII/gazetteer/01_the_southern_works_and_the_fair.json:95.history	(appositive)	->	Tional nan Tuathach	|	dropped the English gloss beside Tional nan Tuathach
CHANGE	eras/age_VII/gazetteer/02_the_five_lights.json:285.history	the second fleet	->	An dàrna cabhlach	|	ould take no lecture from it. In {{year:VI-0133}} the second fleet ran down off Baile ìseal the 
CHANGE	eras/age_VII/gazetteer/02_the_five_lights.json:398.history	the Rite	->	Deas-ghnàth a' Ghuail	|	ned coal-lit for more than a century, be given to the Rite and not merely let go out. It
CHANGE	eras/age_VII/gazetteer/02_the_five_lights.json:327.history	the charter rule	->	Riaghailt na Cairte	|	ear a fitter let go from the southern works under the charter rule was taken on at Muileann bhea
CHANGE	eras/age_VII/gazetteer/02_the_five_lights.json:402.history	the Old Ones	->	Seann-Dhaoine	|	The old landing town of the Old Ones' stones on the north-east coa
CHANGE	eras/age_VII/gazetteer/02_the_five_lights.json:402.history	the Lighthouse Board	->	Comhairle nan Taighean-solais	|	d the dubhan tank to Taigh-solais Àth dhearg, and the Lighthouse Board had the crane walked up the c
CHANGE	eras/age_VII/gazetteer/02_the_five_lights.json:402.history	the Old Ones	->	Seann-Dhaoine	|	ope carried from the south. The landing stones of the Old Ones stand below the town as they 
CHANGE	eras/age_VII/gazetteer/02_the_five_lights.json:305.history	the Grey Night	->	Oidhche Glaise	|	 Tuathaich town under the Baile chrom light keeps the Grey Night vigil. Its light was turned t
CHANGE	eras/age_VII/gazetteer/02_the_five_lights.json:305.history	the Lighthouse Board	->	Comhairle nan Taighean-solais	|	bhan in {{year:VI-0018}} by fitters of Caol mhòr, the Lighthouse Board having none of its own to sen
CHANGE	eras/age_VII/gazetteer/02_the_five_lights.json:305.history	the fourth regiment	->	An ceathramh rèisimeid	|	t winter of the regiments in the north, a file of the fourth regiment was sent round by the headlan
CHANGE	eras/age_VII/gazetteer/02_the_five_lights.json:305.history	the Grey Night	->	Oidhche Glaise	|	 search the town, and found it dark and silent on the Grey Night, every door shut and every la
CHANGE	eras/age_VII/gazetteer/02_the_five_lights.json:305.history	the vigil of the Grey Night	->	Oidhche Glaise	|	 light on the headland, its houses of grey stone; the vigil of the Grey Night is kept in every house with i
CHANGE	eras/age_VII/gazetteer/02_the_five_lights.json:305.known_for	the Grey Night	->	Oidhche Glaise	|	the Grey Night vigil kept against a search
CHANGE	eras/age_VII/gazetteer/03_the_roads_and_the_rails.json:234.history	the Moot	->	Tional nan Tuathach	|	ying school, and when he died there as speaker of the Moot in {{year:VI-0020}} he was bu
CHANGE	eras/age_VII/gazetteer/03_the_roads_and_the_rails.json:234.history	The Moot	->	Tional nan Tuathach	|	 laid in his grave by the pupils who carried him. The Moot sent those pupils, the binder
CHANGE	eras/age_VII/gazetteer/03_the_roads_and_the_rails.json:234.known_for	the Moot's	->	Tional nan Tuathach's	|	Daniel Frayne's grave and the binders of the Moot's books
CHANGE	eras/age_VII/gazetteer/03_the_roads_and_the_rails.json:354.history	the coal line's	->	Slighe a' Ghuail's	|	The great mill on the river bend is the coal line's yard, and the age changed it 
CHANGE	eras/age_VII/gazetteer/03_the_roads_and_the_rails.json:354.history	The Rail Board's	->	Comhairle na Slighe-iarainn's	|	he age changed it more than any town on the line. The Rail Board's first dubhan engine was haule
CHANGE	eras/age_VII/gazetteer/03_the_roads_and_the_rails.json:354.history	the coal line's	->	Slighe a' Ghuail's	|	 not for goods; in the present year Eachann drove the coal line's last run of coal.
CHANGE	eras/age_VII/gazetteer/03_the_roads_and_the_rails.json:354.known_for	the coal line's	->	Slighe a' Ghuail's	|	the coal line's yard and the first dubhan eng
CHANGE	eras/age_VII/gazetteer/03_the_roads_and_the_rails.json:395.history	the Moot	->	Tional nan Tuathach	|	actors sold oats to the western pit towns through the Moot in the years of the holdouts,
CHANGE	eras/age_VII/gazetteer/03_the_roads_and_the_rails.json:324.history	the first fleet's	->	A' chiad chabhlach's	|	 the war a third column for the tithe. In the war the first fleet's hulls lay in its harbour, a s
CHANGE	eras/age_VII/gazetteer/04_the_guild_and_the_seal.json:313.history	the Hewers' Row	->	Sreath nan Gualadairean	|	w row as each house was roofed; the town calls it the Hewers' Row. Few of them took to the rive
CHANGE	eras/age_VII/gazetteer/04_the_guild_and_the_seal.json:313.history	the Guild of Hewers	->	Comann nan Gualadairean	|	nding. Tormod mac Dhonnchaidh, the last master of the Guild of Hewers, came back to Seann Toll when
CHANGE	eras/age_VII/gazetteer/04_the_guild_and_the_seal.json:313.history	the royal chronicler	->	Seanchaidh na Rìoghachd	|	dissolved and died there in {{year:VI-0040}}, and the royal chronicler entered his death herself. Th
CHANGE	eras/age_VII/gazetteer/04_the_guild_and_the_seal.json:313.history	the Còmhrag	->	Còmhrag Ceann leathan	|	herself. The river landing is also the landing of the Còmhrag crowds going down to Ceann le
CHANGE	eras/age_VII/gazetteer/04_the_guild_and_the_seal.json:313.history	the Hewers' Row	->	Sreath nan Gualadairean	|	n to Ceann leathan by boat, and in the fair weeks the Hewers' Row lets rooms to them; the row's
CHANGE	eras/age_VII/gazetteer/04_the_guild_and_the_seal.json:313.known_for	the Hewers' Row	->	Sreath nan Gualadairean	|	the Hewers' Row
CHANGE	eras/age_VII/gazetteer/04_the_guild_and_the_seal.json:491.history	the druid school	->	Scoiltean nan Draoidhean	|	aretaker to keep with the graves, and once a year the druid school at Caol shean sends a teacher
CHANGE	eras/age_VII/gazetteer/04_the_guild_and_the_seal.json:197.history	the druid school	->	Scoiltean nan Draoidhean	|	at eastern river port and pilgrims' landing keeps the druid school, which in the fourth year dis
CHANGE	eras/age_VII/gazetteer/04_the_guild_and_the_seal.json:197.known_for	the druid school	->	Scoiltean nan Draoidhean	|	the druid school, and the word dubhan-tùsail
CHANGE	eras/age_VII/gazetteer/04_the_guild_and_the_seal.json:135.history	the Sloc Mòr	->	An Sloc Mòr	|	The deep-field town of the camps' granaries above the Sloc Mòr was the hewers' own. The Guil
CHANGE	eras/age_VII/gazetteer/04_the_guild_and_the_seal.json:135.history	The Guild of Hewers	->	Comann nan Gualadairean	|	granaries above the Sloc Mòr was the hewers' own. The Guild of Hewers kept its hall there and its d
CHANGE	eras/age_VII/gazetteer/04_the_guild_and_the_seal.json:135.history	The Mine Board	->	Comhairle nam Mèinnean	|	ve the pumps; the oath-stone went to the library. The Mine Board bought the last private share
CHANGE	eras/age_VII/gazetteer/04_the_guild_and_the_seal.json:135.history	the great pit	->	An Sloc Mòr	|	. The Mine Board bought the last private share in the great pit when the house of Mac Ùisdein
CHANGE	eras/age_VII/gazetteer/04_the_guild_and_the_seal.json:135.history	the house of Mac Ùisdein	->	Taigh Mhic Ùisdein	|	ught the last private share in the great pit when the house of Mac Ùisdein moved to shipping, and its pu
CHANGE	eras/age_VII/gazetteer/04_the_guild_and_the_seal.json:135.history	the Sloc Mòr	->	An Sloc Mòr	|	han from the thirteenth year. In {{year:VI-0144}} the Sloc Mòr was closed, one face kept for
CHANGE	eras/age_VII/gazetteer/04_the_guild_and_the_seal.json:135.history	the Rite	->	Deas-ghnàth a' Ghuail	|	0144}} the Sloc Mòr was closed, one face kept for the Rite, its upper galleries capped; 
CHANGE	eras/age_VII/gazetteer/04_the_guild_and_the_seal.json:135.known_for	the Hewers	->	Comann nan Gualadairean	|	the Hewers' hall, the Sloc Mòr and the a
CHANGE	eras/age_VII/gazetteer/04_the_guild_and_the_seal.json:135.known_for	the Sloc Mòr	->	An Sloc Mòr	|	the Hewers' hall, the Sloc Mòr and the altar-coal
CHANGE	eras/age_VII/gazetteer/04_the_guild_and_the_seal.json:229.history	the hot springs	->	Fuarain Theth Muileann ruadh	|	The small town of the hot springs had the Hewers' bath-house fo
CHANGE	eras/age_VII/gazetteer/04_the_guild_and_the_seal.json:229.history	the Hewers	->	Comann nan Gualadairean	|	The small town of the hot springs had the Hewers' bath-house for their sick, a
CHANGE	eras/age_VII/gazetteer/04_the_guild_and_the_seal.json:229.history	the Rite	->	Deas-ghnàth a' Ghuail	|	 passed with its other goods to the custodians of the Rite in {{year:VI-0039}}, who kept
CHANGE	eras/age_VII/gazetteer/04_the_guild_and_the_seal.json:229.known_for	the hot springs	->	Fuarain Theth Muileann ruadh	|	the hot springs and the Hewers' bath-house gi
CHANGE	eras/age_VII/gazetteer/04_the_guild_and_the_seal.json:229.known_for	the Hewers	->	Comann nan Gualadairean	|	the hot springs and the Hewers' bath-house given to the Rite
CHANGE	eras/age_VII/gazetteer/04_the_guild_and_the_seal.json:229.known_for	the Rite	->	Deas-ghnàth a' Ghuail	|	e hot springs and the Hewers' bath-house given to the Rite
CHANGE	eras/age_VII/gazetteer/04_the_guild_and_the_seal.json:27.history	The house of Mac Ùisdein	->	Taigh Mhic Ùisdein	|	ch engines that went into the first engine-boats. The house of Mac Ùisdein put its money into dubhan shi
CHANGE	eras/age_VII/gazetteer/04_the_guild_and_the_seal.json:27.history	the court of the sea	->	Cùirt na Mara	|	utran the raiders; the eleven taken were tried in the court of the sea, the eight Dia-thìrich sent t
CHANGE	eras/age_VII/gazetteer/04_the_guild_and_the_seal.json:27.history	charter of export	->	Cairt na h-Às-mhalairt	|	e present year the first tank-hull under Dubhan's charter of export, An Eala Dhubh, was loaded at
CHANGE	eras/age_VII/gazetteer/04_the_guild_and_the_seal.json:27.history	the Treasury's	->	An t-Ionmhas's	|	rd Bhrìde, and stood out on the morning tide with the Treasury's seal on her hatches.
CHANGE	eras/age_VII/gazetteer/04_the_guild_and_the_seal.json:27.known_for	the court of the sea	->	Cùirt na Mara	|	the court of the sea, Mac Ùisdein's hulls and the 
CHANGE	eras/age_VII/gazetteer/05_the_western_pit_towns.json:372.history	the open record	->	An Clàr Foscailte	|	r dhearg of the hills, and its pits were flooded; the open record names no holdouts taken there
CHANGE	eras/age_VII/gazetteer/05_the_western_pit_towns.json:372.history	the windy coast	->	an Oirthir Ghaothach	|	 A man of Àth naomh went with Tom Varley's six to the windy coast. Its citadel over the ford, o
CHANGE	eras/age_VII/gazetteer/05_the_western_pit_towns.json:346.history	the Moot	->	Tional nan Tuathach	|	s of the five towns, and was their spokeswoman in the Moot until they walked out. In the
CHANGE	eras/age_VII/gazetteer/05_the_western_pit_towns.json:346.history	the seventh regiment	->	An seachdamh rèisimeid	|	ped by the Board's order in {{year:VI-0122}} with the seventh regiment standing by, and the regiment
CHANGE	eras/age_VII/gazetteer/05_the_western_pit_towns.json:269.history	the windy coast	->	an Oirthir Ghaothach	|	ed a hand to him as he went up the rabbit path to the windy coast. In the quartered year a hill
CHANGE	eras/age_VII/gazetteer/05_the_western_pit_towns.json:476.history	the Severance	->	An Dealachadh	|	 Annie Drew, gave Ellen Marsh the last telling of the Severance there in the seventeenth year
CHANGE	eras/age_VII/gazetteer/05_the_western_pit_towns.json:476.history	the Moot	->	Tional nan Tuathach	|	 every day they put out; its fishermen petitioned the Moot, folding the petition into a 
CHANGE	eras/age_VII/gazetteer/06_the_moot_and_the_chronicle.json:209.history	the Moot's	->	Tional nan Tuathach's	|	ke's school gave its schoolroom to the binders of the Moot's books and its back room to El
CHANGE	eras/age_VII/gazetteer/06_the_moot_and_the_chronicle.json:209.history	the Tuathaich tellings	->	Sceulachdan nan Tuathach	|	s and its back room to Ellen Marsh's gathering of the Tuathaich tellings, eleven books from {{year:VI-
CHANGE	eras/age_VII/gazetteer/06_the_moot_and_the_chronicle.json:209.history	The Moot's	->	Tional nan Tuathach's	|	g at the library was asked and laid on the table. The Moot's wool mills bought the holdout
CHANGE	eras/age_VII/gazetteer/06_the_moot_and_the_chronicle.json:209.history	the eleven books	->	An t-Aon Leabhar Deug	|	when she laid down the chair. In the present year the eleven books go from school to school to b
CHANGE	eras/age_VII/gazetteer/06_the_moot_and_the_chronicle.json:209.history	the First Canoe	->	A' Chiad Churach	|	len Marsh told the eldest children the telling of the First Canoe.
CHANGE	eras/age_VII/gazetteer/06_the_moot_and_the_chronicle.json:209.known_for	the eleven books	->	An t-Aon Leabhar Deug	|	Agnes Pike's school, the eleven books, and the Moot's granaries
CHANGE	eras/age_VII/gazetteer/06_the_moot_and_the_chronicle.json:209.known_for	the Moot's	->	Tional nan Tuathach's	|	Agnes Pike's school, the eleven books, and the Moot's granaries
CHANGE	eras/age_VII/gazetteer/06_the_moot_and_the_chronicle.json:338.history	the second regiment's	->	An dàrna rèisimeid's	|	The small eastern town of the second regiment's garrison was quiet until the 
CHANGE	eras/age_VII/gazetteer/06_the_moot_and_the_chronicle.json:338.history	the second regiment's	->	An dàrna rèisimeid's	|	ear:VI-0074}} and went there to live, and watched the second regiment's camp being pitched from her g
CHANGE	eras/age_VII/gazetteer/06_the_moot_and_the_chronicle.json:338.history	the coal line	->	Slighe a' Ghuail	|	ing to Sìleas nic Rath of it. The regiment guards the coal line and the library road. She die
CHANGE	eras/age_VII/gazetteer/06_the_moot_and_the_chronicle.json:338.history	the coal line's	->	Slighe a' Ghuail's	|	-0144}}. The town is small, a street of houses on the coal line's embankment and the regiment's
CHANGE	eras/age_VII/gazetteer/06_the_moot_and_the_chronicle.json:338.history	the coal line	->	Slighe a' Ghuail	|	ts went up the next spring from timber brought by the coal line, and the town's one inn has t
CHANGE	eras/age_VII/gazetteer/06_the_moot_and_the_chronicle.json:338.known_for	the second regiment	->	An dàrna rèisimeid	|	the second regiment, and the old chronicler's las
CHANGE	eras/age_VII/gazetteer/06_the_moot_and_the_chronicle.json:26.history	the Moot	->	Tional nan Tuathach	|	ouncil. As its councillor she gave the speaker of the Moot the smallest incline of the h
CHANGE	eras/age_VII/gazetteer/06_the_moot_and_the_chronicle.json:26.history	the Moot's last petition	->	Athchuinge Dheireannach an Tionail	|	incline of the head across the council table when the Moot's last petition was carried in, and in {{year
CHANGE	eras/age_VII/gazetteer/06_the_moot_and_the_chronicle.json:26.history	the motion for amends	->	Tagradh na h-Èirig	|	s carried in, and in {{year:VI-0137}} she brought the motion for amends to the western towns, cutting
CHANGE	eras/age_VII/gazetteer/06_the_moot_and_the_chronicle.json:26.history	the house of Mac Ùisdein	->	Taigh Mhic Ùisdein	|	there from the southern works by sea, in hulls of the house of Mac Ùisdein, to be carted the short road 
CHANGE	eras/age_VII/gazetteer/06_the_moot_and_the_chronicle.json:26.known_for	motion for amends	->	Tagradh na h-Èirig	|	Anna nic Phàil's motion for amends
CHANGE	eras/age_VII/gazetteer/07_the_western_depot.json:489.history	Manannan's order	->	Òrd Mhanannain	|	s built there in {{year:VI-0066}}: the priests of Manannan's order at the town's house refused t
CHANGE	eras/age_VII/gazetteer/07_the_western_depot.json:489.history	the seventh regiment	->	An seachdamh rèisimeid	|	he western road to camp beside the enforcers, and the seventh regiment was raised at the town, its r
CHANGE	eras/age_VII/gazetteer/07_the_western_depot.json:489.known_for	the seventh regiment	->	An seachdamh rèisimeid	|	the enforcers' depot nobody would bless, and the seventh regiment
CHANGE	eras/age_VII/gazetteer/07_the_western_depot.json:47.history	the order of Manannan	->	Òrd Mhanannain	|	The west-coast harbour of the order of Manannan lay at the end of the coal li
CHANGE	eras/age_VII/gazetteer/07_the_western_depot.json:47.history	the coal line's	->	Slighe a' Ghuail's	|	arbour of the order of Manannan lay at the end of the coal line's western branch. The Board's d
CHANGE	eras/age_VII/gazetteer/07_the_western_depot.json:47.history	the Leòid ruling	->	Breith Leòid	|	 that the western seams were the kingdom's, under the Leòid ruling, went out through its offices
CHANGE	eras/age_VII/gazetteer/07_the_western_depot.json:47.history	the Rail Board	->	Comhairle na Slighe-iarainn	|	n {{year:VI-0064}}. In the first month of the war the Rail Board carried arms and dubhan to Se
CHANGE	eras/age_VII/gazetteer/07_the_western_depot.json:47.history	the coal line	->	Slighe a' Ghuail	|	l Board carried arms and dubhan to Seann Bhral by the coal line, the yard at Muileann chrom l
CHANGE	eras/age_VII/gazetteer/07_the_western_depot.json:47.history	the stone at Cathair mhòr	->	Clach nan Rèisimeidean	|	 hour of the same morning, and their names are on the stone at Cathair mhòr. The coal line's western bran
CHANGE	eras/age_VII/gazetteer/07_the_western_depot.json:47.history	The coal line's	->	Slighe a' Ghuail's	|	and their names are on the stone at Cathair mhòr. The coal line's western branch ends at its ha
CHANGE	eras/age_VII/gazetteer/07_the_western_depot.json:47.history	the order of Manannan	->	Òrd Mhanannain	|	; the town's own fishing boats took engines late, the order of Manannan having been slow to bless the
CHANGE	eras/age_VII/gazetteer/07_the_western_depot.json:47.known_for	the coal line	->	Slighe a' Ghuail	|	the western end of the coal line, and its house of Manannan
CHANGE	eras/age_VII/gazetteer/08_the_regiments_raised.json:2.history	the Severance	->	An Dealachadh	|	 the capital had barracks empty of soldiers since the Severance, let by its maor to the farme
CHANGE	eras/age_VII/gazetteer/08_the_regiments_raised.json:2.history	the first regiment	->	A' chiad rèisimeid	|	s maor to the farmers of Seann Vell for hay. When the first regiment was raised there in {{year:VI
CHANGE	eras/age_VII/gazetteer/08_the_regiments_raised.json:2.known_for	the first regiment's	->	A' chiad rèisimeid's	|	the first regiment's barracks
CHANGE	eras/age_VII/gazetteer/08_the_regiments_raised.json:50.history	the first fleet's	->	A' chiad chabhlach's	|	The walled ford town is the first fleet's station, its hulls lying in t
CHANGE	eras/age_VII/gazetteer/08_the_regiments_raised.json:50.history	the first fleet	->	A' chiad chabhlach	|	grain and passengers after at a higher fare. When the first fleet was raised in {{year:VI-0089}
CHANGE	eras/age_VII/gazetteer/08_the_regiments_raised.json:50.known_for	the first fleet's	->	A' chiad chabhlach's	|	the first fleet's station, and its ferry
CHANGE	eras/age_VII/gazetteer/08_the_regiments_raised.json:282.history	the fourth fleet's	->	An ceathramh cabhlach's	|	The west-coast harbour of Cuan shean is the fourth fleet's. Its crier read the proclamat
CHANGE	eras/age_VII/gazetteer/08_the_regiments_raised.json:282.history	the fourth fleet	->	An ceathramh cabhlach	|	ether it changed the day of the fish-market. When the fourth fleet was raised there in {{year:VI
CHANGE	eras/age_VII/gazetteer/08_the_regiments_raised.json:282.known_for	the fourth fleet's	->	An ceathramh cabhlach's	|	the fourth fleet's harbour
CHANGE	eras/age_VII/gazetteer/08_the_regiments_raised.json:73.history	the First Canoe	->	A' Chiad Churach	|	north over waters the Tuathaich have fished since the First Canoe, and its houses are built wit
CHANGE	eras/age_VII/gazetteer/08_the_regiments_raised.json:23.history	the Mine Board	->	Comhairle nam Mèinnean	|	 great city beside the old outpost is the seat of the Mine Board, in the old stone house of Ma
CHANGE	eras/age_VII/gazetteer/08_the_regiments_raised.json:23.history	the Sloc Mòr's	->	An Sloc Mòr's	|	e named there for the northern inquiry, it bought the Sloc Mòr's last private share, its maste
CHANGE	eras/age_VII/gazetteer/08_the_regiments_raised.json:23.history	the Leòid ruling	->	Breith Leòid	|	 Aonghais called for the northern returns and had the Leòid ruling read again, and Somhairle mac
CHANGE	eras/age_VII/gazetteer/08_the_regiments_raised.json:23.history	The third regiment	->	An treas rèisimeid	|	uth Calder's letter was received and filed there. The third regiment was raised under the market c
CHANGE	eras/age_VII/gazetteer/08_the_regiments_raised.json:23.history	the house of Mac Ùisdein	->	Taigh Mhic Ùisdein	|	ird regiment was raised under the market cross of the house of Mac Ùisdein in {{year:VI-0092}}. Beside t
CHANGE	eras/age_VII/gazetteer/08_the_regiments_raised.json:23.history	the Sloc Mòr	->	An Sloc Mòr	|	 that year the Board ended the coal trade outside the Sloc Mòr. The Board's house keeps its 
CHANGE	eras/age_VII/gazetteer/08_the_regiments_raised.json:23.history	the Leòid ruling	->	Breith Leòid	|	its northern returns, its surveys and its copy of the Leòid ruling with the circuit rulings in i
CHANGE	eras/age_VII/gazetteer/08_the_regiments_raised.json:23.history	the house of Mac Ùisdein	->	Taigh Mhic Ùisdein	|	s; the master of the Board sits in the room where the house of Mac Ùisdein once sat, and the house's arm
CHANGE	eras/age_VII/gazetteer/08_the_regiments_raised.json:23.known_for	the Mine Board's	->	Comhairle nam Mèinnean's	|	the Mine Board's house and the stone of the si
CHANGE	eras/age_VII/gazetteer/08_the_regiments_raised.json:64.history	the fifth regiment	->	An còigeamh rèisimeid	|	bour on the lake shore west of the capital raised the fifth regiment in {{year:VI-0093}}; it muste
CHANGE	eras/age_VII/gazetteer/08_the_regiments_raised.json:64.history	The fifth regiment's	->	An còigeamh rèisimeid's	|	and been told to wait for the shipwrights' guild. The fifth regiment's barracks were raised in stone
CHANGE	eras/age_VII/gazetteer/08_the_regiments_raised.json:64.history	the fifth regiment's	->	An còigeamh rèisimeid's	|	hips in a calm; the lake shore below the walls is the fifth regiment's drill ground, and the town's 
CHANGE	eras/age_VII/gazetteer/08_the_regiments_raised.json:64.known_for	the fifth regiment's	->	An còigeamh rèisimeid's	|	the fifth regiment's walled harbour and stone barr
CHANGE	eras/age_VII/gazetteer/09_the_regiments_in_the_north.json:20.history	the Hawk houses	->	Òrd an t-Seabhaig	|	The great river port of the Hawk houses in the north-central country 
CHANGE	eras/age_VII/gazetteer/09_the_regiments_in_the_north.json:20.history	The sixth regiment	->	An siathamh rèisimeid	|	 a second band of carving no one living had seen. The sixth regiment was raised at Cnoc bheag in {
CHANGE	eras/age_VII/gazetteer/09_the_regiments_in_the_north.json:20.history	the Hawk houses	->	Òrd an t-Seabhaig	|	uathaich shires and the middle of the island, and the Hawk houses blessed its colours by their 
CHANGE	eras/age_VII/gazetteer/09_the_regiments_in_the_north.json:20.history	the ninth regiment's	->	An naoidheamh rèisimeid's	|	show their passes. A hewer's son of the town beat the ninth regiment's man at the Còmhrag of the pre
CHANGE	eras/age_VII/gazetteer/09_the_regiments_in_the_north.json:20.history	the Còmhrag	->	Còmhrag Ceann leathan	|	 son of the town beat the ninth regiment's man at the Còmhrag of the present year. The Hawk
CHANGE	eras/age_VII/gazetteer/09_the_regiments_in_the_north.json:20.history	The Hawk houses	->	Òrd an t-Seabhaig	|	egiment's man at the Còmhrag of the present year. The Hawk houses of the town keep their own ri
CHANGE	eras/age_VII/gazetteer/09_the_regiments_in_the_north.json:20.known_for	the sixth regiment	->	An siathamh rèisimeid	|	the carved stone and the sixth regiment
CHANGE	eras/age_VII/gazetteer/09_the_regiments_in_the_north.json:475.history	the fourth regiment	->	An ceathramh rèisimeid	|	The river port of the north-east raised the fourth regiment in {{year:VI-0103}}. It march
CHANGE	eras/age_VII/gazetteer/09_the_regiments_in_the_north.json:475.known_for	the fourth regiment's	->	An ceathramh rèisimeid's	|	the fourth regiment's home
CHANGE	eras/age_VII/gazetteer/09_the_regiments_in_the_north.json:143.history	The fourth regiment	->	An ceathramh rèisimeid	|	an depots from {{year:VI-0048}}, supplied by sea. The fourth regiment was landed there in the first
CHANGE	eras/age_VII/gazetteer/09_the_regiments_in_the_north.json:143.history	The Moot	->	Tional nan Tuathach	|	nd moving his household into the two upper rooms. The Moot protested and was answered th
CHANGE	eras/age_VII/gazetteer/09_the_regiments_in_the_north.json:143.history	the Moot	->	Tional nan Tuathach	|	 them as they passed. When the regiment went home the Moot asked that the house be given
CHANGE	eras/age_VII/gazetteer/09_the_regiments_in_the_north.json:103.history	the eighth regiment	->	An t-ochdamh rèisimeid	|	The eastern town on the Abhainn chaol raised the eighth regiment in {{year:VI-0106}} to guard 
CHANGE	eras/age_VII/gazetteer/09_the_regiments_in_the_north.json:103.known_for	the eighth regiment's	->	An t-ochdamh rèisimeid's	|	the eighth regiment's guard on the eastern tanks
CHANGE	eras/age_VII/gazetteer/09_the_regiments_in_the_north.json:170.history	The third fleet	->	An treas cabhlach	|	 quays in the fifteenth, the first on that coast. The third fleet was raised there in {{year:VI
CHANGE	eras/age_VII/gazetteer/09_the_regiments_in_the_north.json:170.known_for	the third fleet's	->	An treas cabhlach's	|	the third fleet's anchorage and tank-hulls
CHANGE	eras/age_VII/gazetteer/09_the_regiments_in_the_north.json:215.history	the fourth regiment	->	An ceathramh rèisimeid	|	ghorm put out the hired dubhan hulls that carried the fourth regiment round the north coast in the 
CHANGE	eras/age_VII/gazetteer/09_the_regiments_in_the_north.json:215.history	the fourth regiment's	->	An ceathramh rèisimeid's	|	uay was the only one on the coast long enough for the fourth regiment's whole embarkation in one tide
CHANGE	eras/age_VII/gazetteer/09_the_regiments_in_the_north.json:215.known_for	the fourth regiment	->	An ceathramh rèisimeid	|	the hired hulls of the fourth regiment
CHANGE	eras/age_VII/gazetteer/10_the_column.json:142.history	the Moot	->	Tional nan Tuathach	|	h year, and they sent nothing west and nothing to the Moot. In the war its people sent t
CHANGE	eras/age_VII/gazetteer/10_the_column.json:142.history	the sixth regiment's	->	An siathamh rèisimeid's	|	st; in the present year they show their passes at the sixth regiment's posts going south to the fair
CHANGE	eras/age_VII/gazetteer/10_the_column.json:142.history	the Moot	->	Tional nan Tuathach	|	arkets and councils and it sends its delegates to the Moot.
CHANGE	eras/age_VII/gazetteer/10_the_column.json:248.history	the open record	->	An Clàr Foscailte	|	road. Its report in {{year:VI-0112}} is the first the open record copies: the smith's boy woke 
CHANGE	eras/age_VII/gazetteer/10_the_column.json:360.history	the fair road	->	Rathad na Fèille	|	The small mill town on the fair road a day's walk from the capital
CHANGE	eras/age_VII/gazetteer/10_the_column.json:360.history	the Long War	->	An Cogadh Fada	|	e its name to both the old battle and the last of the Long War. The column camped on its fie
CHANGE	eras/age_VII/gazetteer/10_the_column.json:360.history	the fair road	->	Rathad na Fèille	|	13}}, and the first and third regiments came down the fair road to meet it. In the morning's 
CHANGE	eras/age_VII/gazetteer/10_the_column.json:360.history	the third regiment's	->	An treas rèisimeid's	|	ts out of whatever corner the fighting last left; the third regiment's four guns, hauled the last tw
CHANGE	eras/age_VII/gazetteer/10_the_column.json:360.history	the first regiment	->	A' chiad rèisimeid	|	s farmer hands the weapons his plough turns up to the first regiment, which keeps a list. The mill
CHANGE	eras/age_VII/gazetteer/10_the_column.json:360.known_for	the Long War	->	An Cogadh Fada	|	Blàr Muileann ghlas, the last battle of the Long War
CHANGE	eras/age_VII/gazetteer/11_the_peace.json:15.history	the second fleet	->	An dàrna cabhlach	|	ves, and its harbour victualled the garrisons and the second fleet through the war; for that it 
CHANGE	eras/age_VII/gazetteer/11_the_peace.json:86.history	a Treasury clerk	->	a clerk of An t-Ionmhas	|	d it boiled the brine as well as coal. In the war a Treasury clerk sat at the pump by the pans t
CHANGE	eras/age_VII/gazetteer/11_the_peace.json:86.history	the Treasury's	->	An t-Ionmhas's	|	ns are boiled with dubhan now, bought at the pump the Treasury's clerk sits beside, and the sa
CHANGE	eras/age_VII/gazetteer/11_the_peace.json:286.history	the fourth fleet's	->	An ceathramh cabhlach's	|	 road of the Cuan shean shire, where the carts of the fourth fleet's harbour go up and down all da
CHANGE	eras/age_VII/gazetteer/11_the_peace.json:7001.history	the seventh regiment	->	An seachdamh rèisimeid	|	The post of the seventh regiment on the road below Àth leathan
CHANGE	eras/age_VII/gazetteer/11_the_peace.json:7001.history	the Àth leathan post	->	Freiceadan Àth leathan	|	 regimental lists call it Freiceadan Àth leathan, the Àth leathan post; the town calls it something 
CHANGE	eras/age_VII/gazetteer/11_the_peace.json:7001.history	the seventh regiment's	->	An seachdamh rèisimeid's	|	kell. The last holdouts of the hills came down to the seventh regiment's posts on this road to give up
CHANGE	eras/age_VII/gazetteer/11_the_peace.json:7001.history	(appositive)	->	Freiceadan Àth leathan	|	dropped the English gloss beside Freiceadan Àth leathan
CHANGE	eras/age_VII/gazetteer/11_the_peace.json:7001.known_for	the seventh regiment's	->	An seachdamh rèisimeid's	|	the seventh regiment's post, called something else i
CHANGE	eras/age_VII/gazetteer/12_the_present_year.json:19.history	the Severance companies	->	Buidhnean an Dealachaidh	|	the humans' names. In the drill hall the rolls of the Severance companies were read out, dead towns str
CHANGE	eras/age_VII/gazetteer/12_the_present_year.json:19.history	the Moot's last petition	->	Athchuinge Dheireannach an Tionail	|	dead towns struck through; in the council chamber the Moot's last petition was received. The regiments w
CHANGE	eras/age_VII/gazetteer/12_the_present_year.json:19.history	The council of twelve	->	Comhairle na Rìoghachd	|	passes of the northern office were printed there. The council of twelve seated Somhairle mac Lachlain
CHANGE	eras/age_VII/gazetteer/12_the_present_year.json:19.history	the motion for amends	->	Tagradh na h-Èirig	|	le mac Lachlainn, fixed the market-due, held over the motion for amends, and in the present year gran
CHANGE	eras/age_VII/gazetteer/12_the_present_year.json:19.history	charter of export	->	Cairt na h-Às-mhalairt	|	 amends, and in the present year granted Dubhan's charter of export at the third hearing. The las
CHANGE	eras/age_VII/gazetteer/12_the_present_year.json:19.history	the coal line	->	Slighe a' Ghuail	|	 of export at the third hearing. The last coal of the coal line came into its goods-yard behi
CHANGE	eras/age_VII/gazetteer/12_the_present_year.json:19.known_for	the charter of export	->	Cairt na h-Às-mhalairt	|	the council, the crowning, and the charter of export
CHANGE	eras/age_VII/gazetteer/12_the_present_year.json:22.history	the Còmhrag	->	Còmhrag Ceann leathan	|	The harbour town of the Còmhrag holds the annual melee on its
CHANGE	eras/age_VII/gazetteer/12_the_present_year.json:22.history	the ninth regiment's	->	An naoidheamh rèisimeid's	|	he regiments were entered in {{year:VI-0146}} and the ninth regiment's man won it; and in the presen
CHANGE	eras/age_VII/gazetteer/12_the_present_year.json:22.history	the ninth regiment's	->	An naoidheamh rèisimeid's	|	in an added bout a hewer's son of Cnoc bheag beat the ninth regiment's man in the third exchange.
CHANGE	eras/age_VII/appendices/A_rulers.md:3	the Age of Dubhan	->	An Aois Dhubhain	|	Rìoghachd Dia-thìr kept in the Age of Dubhan the shape it had given itself
CHANGE	eras/age_VII/appendices/A_rulers.md:3	the Severance Era	->	Linn an Dealachaidh	|	he Age of Dubhan the shape it had given itself in the Severance Era: a crowned ruler at Cathair d
CHANGE	eras/age_VII/appendices/A_rulers.md:3	the royal chronicler	->	Seanchaidh na Rìoghachd	|	ices that the vein had made and that outlived it, the royal chronicler, the keeper of the great libr
CHANGE	eras/age_VII/appendices/A_rulers.md:3	the high custodian of the Rite	->	Àrd-choimheadaiche	|	oyal chronicler, the keeper of the great library, the high custodian of the Rite, the Mine Board and its maste
CHANGE	eras/age_VII/appendices/A_rulers.md:3	the Mine Board	->	Comhairle nam Mèinnean	|	he great library, the high custodian of the Rite, the Mine Board and its master. To these the 
CHANGE	eras/age_VII/appendices/A_rulers.md:3	the commander of the regiments	->	Ceannard nan Rèisimeidean	|	Board and its master. To these the age added one, the commander of the regiments, and one office it did not ma
CHANGE	eras/age_VII/appendices/A_rulers.md:3	the Moot's	->	Tional nan Tuathach's	|	 each office as the rolls, the open chronicle and the Moot's minute-books give it at the c
CHANGE	eras/age_VII/appendices/A_rulers.md:3	the Severance	->	An Dealachadh	|	049a}}; years before it are given in the count of the Severance. Ages are given at the taking
CHANGE	eras/age_VII/appendices/A_rulers.md:9	the Severance Era	->	Linn an Dealachaidh	|	:VI-0006}}. She was born in the twentieth year of the Severance Era and was thirty-eight when she
CHANGE	eras/age_VII/appendices/A_rulers.md:9	The chronicle	->	Eachdraidh na Rìoghachd	|	rst trials still failed more than they succeeded. The chronicle of her last years gives the l
CHANGE	eras/age_VII/appendices/A_rulers.md:11	the Severance Era	->	Linn an Dealachaidh	|	sent year. He was born in the forty-fifth year of the Severance Era and was twenty-eight when he 
CHANGE	eras/age_VII/appendices/A_rulers.md:11	the charter of export	->	Cairt na h-Às-mhalairt	|	cord, the seating of the regiments' commander and the charter of export were all done in his name. He
CHANGE	eras/age_VII/appendices/A_rulers.md:11	The open record	->	An Clàr Foscailte	|	He is fifty-two at the close of the present year. The open record gives no word of his own on a
CHANGE	eras/age_VII/appendices/A_rulers.md:15	the Moot's	->	Tional nan Tuathach's	|	 an Dubhain; it received Ruth Calder's letter and the Moot's petitions and filed them; it 
CHANGE	eras/age_VII/appendices/A_rulers.md:15	the motion for amends	->	Tagradh na h-Èirig	|	their old names in {{year:VI-0075}}; it held over the motion for amends until it died; and at its thi
CHANGE	eras/age_VII/appendices/A_rulers.md:15	charter of export	->	Cairt na h-Às-mhalairt	|	third sitting on the petition it granted Dubhan's charter of export. The open record names few of
CHANGE	eras/age_VII/appendices/A_rulers.md:15	The open record	->	An Clàr Foscailte	|	e petition it granted Dubhan's charter of export. The open record names few of its members. Two
CHANGE	eras/age_VII/appendices/A_rulers.md:17	the Severance Era	->	Linn an Dealachaidh	|	s and after. She was born in the fortieth year of the Severance Era. She gave the speaker of the 
CHANGE	eras/age_VII/appendices/A_rulers.md:17	the Moot	->	Tional nan Tuathach	|	ear of the Severance Era. She gave the speaker of the Moot the smallest incline of the h
CHANGE	eras/age_VII/appendices/A_rulers.md:17	the Moot's last petition	->	Athchuinge Dheireannach an Tionail	|	incline of the head across the council table when the Moot's last petition was carried in, on the day of
CHANGE	eras/age_VII/appendices/A_rulers.md:17	the motion for amends	->	Tagradh na h-Èirig	|	d in {{year:VI-0137}}, at fifty-five, she brought the motion for amends on the Moot's petition and sp
CHANGE	eras/age_VII/appendices/A_rulers.md:17	the Moot's petition	->	Athchuinge Dheireannach an Tionail	|	 fifty-five, she brought the motion for amends on the Moot's petition and spoke for it once. It was
CHANGE	eras/age_VII/appendices/A_rulers.md:17	the charter of export	->	Cairt na h-Às-mhalairt	|	 the present year she asked at the council, while the charter of export was heard, how the vein was t
CHANGE	eras/age_VII/appendices/A_rulers.md:19	the Severance war	->	Cogadh nam Beann	|	 first soldier to sit there since the captains of the Severance war. His offices are given below.
CHANGE	eras/age_VII/appendices/A_rulers.md:21	the Treasury	->	An t-Ionmhas	|	The master of the Treasury sits with the council without
CHANGE	eras/age_VII/appendices/A_rulers.md:21	the open record	->	An Clàr Foscailte	|	hout a seat on it and answers to it for the roll; the open record does not name him in the age.
CHANGE	eras/age_VII/appendices/A_rulers.md:21	the motion for amends	->	Tagradh na h-Èirig	|	ot name him in the age. It was he who asked, when the motion for amends was laid, what figure the mot
CHANGE	eras/age_VII/appendices/A_rulers.md:25	The royal chronicler	->	Seanchaidh na Rìoghachd	|	The royal chronicler keeps the kingdom's year-book
CHANGE	eras/age_VII/appendices/A_rulers.md:27	the Severance Era	->	Linn an Dealachaidh	|	-0074}}. She was born in the twenty-first year of the Severance Era, took the office at forty-fou
CHANGE	eras/age_VII/appendices/A_rulers.md:27	the chronicle	->	Eachdraidh na Rìoghachd	|	 had not seen it; she re-headed fourteen years of the chronicle by lamplight when the new cou
CHANGE	eras/age_VII/appendices/A_rulers.md:27	the second regiment's	->	An dàrna rèisimeid's	|	d went to live at Àth dhìreach, where she watched the second regiment's camp pitched below her garden
CHANGE	eras/age_VII/appendices/A_rulers.md:29	the Severance Era	->	Linn an Dealachaidh	|	ent year. She was born in the forty-ninth year of the Severance Era and came up the library road 
CHANGE	eras/age_VII/appendices/A_rulers.md:29	the Guild of Hewers	->	Comann nan Gualadairean	|	e slip-box of the fuel's spellings and signed for the Guild of Hewers' goods when the guild dissolv
CHANGE	eras/age_VII/appendices/A_rulers.md:33	the Severance Era	->	Linn an Dealachaidh	|	nt year. He was born in the twenty-fourth year of the Severance Era and became keeper at forty-si
CHANGE	eras/age_VII/appendices/A_rulers.md:33	the Tuathaich tellings	->	Sceulachdan nan Tuathach	|	 own fund; he answered Ellen Marsh's request that the Tuathaich tellings be kept beside the record tha
CHANGE	eras/age_VII/appendices/A_rulers.md:33	the second regiment	->	An dàrna rèisimeid	|	and wears its key on a cord under his shirt. When the second regiment set a guard at the library in
CHANGE	eras/age_VII/appendices/A_rulers.md:37	the Severance Era	->	Linn an Dealachaidh	|	le of the age. He was born in the twelfth year of the Severance Era. His letter of the fourth yea
CHANGE	eras/age_VII/appendices/A_rulers.md:37	the Rite	->	Deas-ghnàth a' Ghuail	|	 Litir an Àrd-choimheadaiche, told every house of the Rite that the new fuel was not for
CHANGE	eras/age_VII/appendices/A_rulers.md:37	the houses of the Rite	->	Deas-ghnàth a' Ghuail	|	resent year, at eighty-five, he drew by lot among the houses of the Rite the four baskets of altar-coa
CHANGE	eras/age_VII/appendices/A_rulers.md:37	the Rite's	->	Deas-ghnàth a' Ghuail's	|	of the Rite the four baskets of altar-coal cut by the Rite's twelve hewers at the Sloc Mòr
CHANGE	eras/age_VII/appendices/A_rulers.md:37	the Sloc Mòr	->	An Sloc Mòr	|	 of altar-coal cut by the Rite's twelve hewers at the Sloc Mòr.
CHANGE	eras/age_VII/appendices/A_rulers.md:41	The Mine Board	->	Comhairle nam Mèinnean	|	The Mine Board at Cathair mhòr, in the old s
CHANGE	eras/age_VII/appendices/A_rulers.md:41	the Severance Era	->	Linn an Dealachaidh	|	 mac Aonghais**, born in the twenty-fifth year of the Severance Era. Under him the Board bought t
CHANGE	eras/age_VII/appendices/A_rulers.md:41	the Sloc Mòr's	->	An Sloc Mòr's	|	 of the Severance Era. Under him the Board bought the Sloc Mòr's last private share in the thi
CHANGE	eras/age_VII/appendices/A_rulers.md:41	the Leòid ruling	->	Breith Leòid	|	nd declared the western seams the kingdom's under the Leòid ruling in {{year:VI-0064}}; it sent 
CHANGE	eras/age_VII/appendices/A_rulers.md:41	the Sloc Mòr	->	An Sloc Mòr	|	fter the war, and in the twenty-sixth year closed the Sloc Mòr, one face left in the Rite's 
CHANGE	eras/age_VII/appendices/A_rulers.md:41	the Rite's	->	Deas-ghnàth a' Ghuail's	|	-sixth year closed the Sloc Mòr, one face left in the Rite's keeping. He is seventy-two at
CHANGE	eras/age_VII/appendices/A_rulers.md:43	the Severance Era	->	Linn an Dealachaidh	|	 Ruadh mac Nèill**, born in the fifteenth year of the Severance Era, the senior surveyor, was sen
CHANGE	eras/age_VII/appendices/A_rulers.md:47	the Severance Era	->	Linn an Dealachaidh	|	sent year. He was born in the forty-sixth year of the Severance Era and rose among the Board's en
CHANGE	eras/age_VII/appendices/A_rulers.md:47	the Severance companies	->	Buidhnean an Dealachaidh	|	formed regiments at forty-four, when the rolls of the Severance companies were brought out of the counc
CHANGE	eras/age_VII/appendices/A_rulers.md:47	the stone at Cathair mhòr	->	Clach nan Rèisimeidean	|	. He read the sixty-one names at the unveiling of the stone at Cathair mhòr. When he was asked at the cha
CHANGE	eras/age_VII/appendices/A_rulers.md:51	the Moot	->	Tional nan Tuathach	|	Tional nan Tuathach, the Moot, sits at Caol mhòr and keeps 
CHANGE	eras/age_VII/appendices/A_rulers.md:51	the Moot's	->	Tional nan Tuathach's	|	egates of the northern towns and keeps the key of the Moot's press on the speaker's ring. 
CHANGE	eras/age_VII/appendices/A_rulers.md:51	(appositive)	->	Tional nan Tuathach	|	dropped the English gloss beside Tional nan Tuathach
CHANGE	eras/age_VII/appendices/A_rulers.md:53	the Severance Era	->	Linn an Dealachaidh	|	{date:VI-0020}}. He was born in the fifth year of the Severance Era, the first speaker born after
CHANGE	eras/age_VII/appendices/A_rulers.md:53	the Severance	->	An Dealachadh	|	f the Severance Era, the first speaker born after the Severance, a pupil of Agnes Pike's scho
CHANGE	eras/age_VII/appendices/A_rulers.md:55	the Severance Era	->	Linn an Dealachaidh	|	VI-0139}}. She was born in the nineteenth year of the Severance Era, a mill manager of Doire ghla
CHANGE	eras/age_VII/appendices/A_rulers.md:55	the Moot	->	Tional nan Tuathach	|	hlas, and took the chair at fifty-nine. Under her the Moot had its minute-books rebound,
CHANGE	eras/age_VII/appendices/A_rulers.md:55	the Moot's last petition	->	Athchuinge Dheireannach an Tionail	|	nt, and fed the families of the west. She carried the Moot's last petition to the council in person on t
CHANGE	eras/age_VII/appendices/A_rulers.md:55	the motion for amends	->	Tagradh na h-Èirig	|	e laid the chair down at seventy-six, in the year the motion for amends was let die, and went home to
CHANGE	eras/age_VII/appendices/A_rulers.md:57	the Severance Era	->	Linn an Dealachaidh	|	how of hands. He was born in the fortieth year of the Severance Era, a great-grandson of the Moot
CHANGE	eras/age_VII/appendices/A_rulers.md:57	the Moot's	->	Tional nan Tuathach's	|	th year of the Severance Era, a great-grandson of the Moot's first speaker, and was fifty-
CHANGE	eras/age_VII/appendices/A_rulers.md:57	the Moot's petition	->	Athchuinge Dheireannach an Tionail	|	he rebound minute-books from Muileann leathan and the Moot's petition in its leather folder, and to
CHANGE	eras/age_VII/appendices/A_rulers.md:57	the Moot	->	Tional nan Tuathach	|	e Moot's petition in its leather folder, and told the Moot that a filed letter was bette
CHANGE	eras/age_VII/appendices/A_rulers.md:61	the Severance Era	->	Linn an Dealachaidh	|	| Office | Holder | Born (year of the Severance Era) | From | To | Age at taking 
CHANGE	eras/age_VII/appendices/A_rulers.md:69	the Mine Board	->	Comhairle nam Mèinnean	|	| Master of the Mine Board | Fearghas mac Aonghais | 25 
CHANGE	eras/age_VII/appendices/A_rulers.md:71	the Moot	->	Tional nan Tuathach	|	| Speaker of the Moot | Daniel Frayne | 5 | {{date:
CHANGE	eras/age_VII/appendices/A_rulers.md:72	the Moot	->	Tional nan Tuathach	|	| Speaker of the Moot | Martha Greaves | 19 | {{dat
CHANGE	eras/age_VII/appendices/A_rulers.md:73	the Moot	->	Tional nan Tuathach	|	| Speaker of the Moot | Peter Hale | 40 | {{date:VI
CHANGE	eras/age_VII/appendices/B_hosts.md:3	the Severance	->	An Dealachadh	|	The kingdom had kept no army since the Severance. What it had in the first twe
CHANGE	eras/age_VII/appendices/B_hosts.md:3	the Mine Board's	->	Comhairle nam Mèinnean's	|	t it had in the first twenty years of the age was the Mine Board's enforcers, a few score men wh
CHANGE	eras/age_VII/appendices/B_hosts.md:3	the Long War	->	An Cogadh Fada	|	e raiders off the southern trade. An Cogadh Fada, the Long War, was fought in two summers, t
CHANGE	eras/age_VII/appendices/B_hosts.md:3	the open record	->	An Clàr Foscailte	|	endix gives the hosts as the regimental lists and the open record give them: the enforcers and 
CHANGE	eras/age_VII/appendices/B_hosts.md:3	the Tuathaich tellings	->	Sceulachdan nan Tuathach	|	esent year, the companies of the western towns as the Tuathaich tellings count them, the campaign in o
CHANGE	eras/age_VII/appendices/B_hosts.md:3	the open record	->	An Clàr Foscailte	|	s count them, the campaign in outline, the counts the open record allows, the stone at Cathair 
CHANGE	eras/age_VII/appendices/B_hosts.md:3	the stone at Cathair mhòr	->	Clach nan Rèisimeidean	|	gn in outline, the counts the open record allows, the stone at Cathair mhòr, and the posts and passes tha
CHANGE	eras/age_VII/appendices/B_hosts.md:3	(appositive)	->	An Cogadh Fada	|	dropped the English gloss beside An Cogadh Fada
CHANGE	eras/age_VII/appendices/B_hosts.md:11	the Severance	->	An Dealachadh	|	e twentieth year by the names of the companies of the Severance, whose rolls were brought out
CHANGE	eras/age_VII/appendices/B_hosts.md:11	the coal line	->	Slighe a' Ghuail	|	ries runs on dubhan, which is carried up to it by the coal line, the western branch and the t
CHANGE	eras/age_VII/appendices/B_hosts.md:11	the third fleet's	->	An treas cabhlach's	|	up to it by the coal line, the western branch and the third fleet's tank-hulls. The musters below
CHANGE	eras/age_VII/appendices/B_hosts.md:13	the first regiment	->	A' chiad rèisimeid	|	**A' chiad rèisimeid**, the first regiment, raised at Inis mhòr on {{dat
CHANGE	eras/age_VII/appendices/B_hosts.md:15	the coal line	->	Slighe a' Ghuail	|	dhìreach in the east on {{date:VI-0102}} to guard the coal line and the library road. Its cam
CHANGE	eras/age_VII/appendices/B_hosts.md:17	the house of Mac Ùisdein	->	Taigh Mhic Ùisdein	|	hòr on {{date:VI-0092}} under the market cross of the house of Mac Ùisdein. It fought at Muileann ghlas,
CHANGE	eras/age_VII/appendices/B_hosts.md:23	the Hawk houses	->	Òrd an t-Seabhaig	|	bheag on {{date:VI-0101}}, its colours blessed by the Hawk houses by their own rite. It holds t
CHANGE	eras/age_VII/appendices/B_hosts.md:25	the field of Àth leathan	->	Àraich Àth leathan	|	th leathan. It holds the road behind the army and the field of Àth leathan, stood by at every capping of
CHANGE	eras/age_VII/appendices/B_hosts.md:29	the Còmhrag	->	Còmhrag Ceann leathan	|	eann Skells apart by river and coast. Its man won the Còmhrag at Ceann leathan in the twent
CHANGE	eras/age_VII/appendices/B_hosts.md:35	the first fleet	->	A' chiad chabhlach	|	**A' chiad chabhlach**, the first fleet, raised on {{date:VI-0089}} f
CHANGE	eras/age_VII/appendices/B_hosts.md:37	the fourth fleet	->	An ceathramh cabhlach	|	**An ceathramh cabhlach**, the fourth fleet, raised at Cuan shean on {{da
CHANGE	eras/age_VII/appendices/B_hosts.md:39	the second fleet	->	An dàrna cabhlach	|	**An dàrna cabhlach**, the second fleet, raised at the southern Seann
CHANGE	eras/age_VII/appendices/B_hosts.md:41	the third fleet	->	An treas cabhlach	|	**An treas cabhlach**, the third fleet, raised at Baile ghorm on {{d
CHANGE	eras/age_VII/appendices/B_hosts.md:41	the Moot	->	Tional nan Tuathach	|	o the Tuathaich depots on the council's contract, the Moot paying the freight. It has on
CHANGE	eras/age_VII/appendices/B_hosts.md:45	The open record	->	An Clàr Foscailte	|	The open record names the holdouts only as Mu
CHANGE	eras/age_VII/appendices/B_hosts.md:45	those of no shire	->	Muinntir gun Siorrachd	|	ames the holdouts only as Muinntir gun Siorrachd, those of no shire. Their companies are known fr
CHANGE	eras/age_VII/appendices/B_hosts.md:45	the Tuathaich tellings	->	Sceulachdan nan Tuathach	|	those of no shire. Their companies are known from the Tuathaich tellings, from Ruth Calder's list at t
CHANGE	eras/age_VII/appendices/B_hosts.md:45	(appositive)	->	Muinntir gun Siorrachd	|	dropped the English gloss beside Muinntir gun Siorrachd
CHANGE	eras/age_VII/appendices/B_hosts.md:47	the open record	->	An Clàr Foscailte	|	dle of the island toward the capital, is given in the open record as some hundreds strong. Who 
CHANGE	eras/age_VII/appendices/B_hosts.md:47	the Tuathaich tellings	->	Sceulachdan nan Tuathach	|	some hundreds strong. Who led it is named only in the Tuathaich tellings, as Owen Barrow. Why it march
CHANGE	eras/age_VII/appendices/B_hosts.md:51	the windy coast	->	an Oirthir Ghaothach	|	 some of its people went on beyond the hills onto the windy coast of the far north-west; the re
CHANGE	eras/age_VII/appendices/B_hosts.md:53	the fourth regiment	->	An ceathramh rèisimeid	|	e quartered year.* Through the twenty-second year the fourth regiment patrolled the Ceann mhòr road
CHANGE	eras/age_VII/appendices/B_hosts.md:53	the fair road	->	Rathad na Fèille	|	. The first and third regiments were brought down the fair road from their camp on the fair-g
CHANGE	eras/age_VII/appendices/B_hosts.md:55	the seventh regiment	->	An seachdamh rèisimeid	|	he holdouts still there came down to the posts of the seventh regiment on the Àth leathan road and w
CHANGE	eras/age_VII/appendices/B_hosts.md:59	The open record	->	An Clàr Foscailte	|	The open record counts the kingdom's dead at 
CHANGE	eras/age_VII/appendices/B_hosts.md:59	the Tuathaich tellings	->	Sceulachdan nan Tuathach	|	gdom's dead at Àth leathan and not the holdouts'; the Tuathaich tellings put theirs in the hundreds. A
CHANGE	eras/age_VII/appendices/B_hosts.md:59	the siege of Muileann àrsaidh	->	Sèist Muileann àrsaidh	|	field and gives no count of the column's dead. Of the siege of Muileann àrsaidh it gives the day the town fel
CHANGE	eras/age_VII/appendices/B_hosts.md:59	the first regiment	->	A' chiad rèisimeid	|	n the capital's gaol until {{date:VI-0123}}, when the first regiment marched them north and handed
CHANGE	eras/age_VII/appendices/B_hosts.md:59	the Moot	->	Tional nan Tuathach	|	st regiment marched them north and handed them to the Moot at the boundary stones, and t
CHANGE	eras/age_VII/appendices/B_hosts.md:59	the Moot	->	Tional nan Tuathach	|	nded them to the Moot at the boundary stones, and the Moot entered their names in a colu
CHANGE	eras/age_VII/appendices/B_hosts.md:63	the house of Mac Ùisdein	->	Taigh Mhic Ùisdein	|	r on {{date:VI-0126}}, beside the market cross of the house of Mac Ùisdein. It is cut in two columns und
CHANGE	eras/age_VII/appendices/B_hosts.md:63	the field of Àth leathan	->	Àraich Àth leathan	|	 dead of the western towns. Their cairn stands on the field of Àth leathan, built by the Tuathaich famil
CHANGE	eras/age_VII/appendices/B_hosts.md:67	the fourth fleet	->	An ceathramh cabhlach	|	the library, the eighth at the eastern tanks, and the fourth fleet on the Tuathaich coast. The w
CHANGE	eras/age_VII/appendices/B_hosts.md:67	the Treasury's	->	An t-Ionmhas's	|	the Tuathaich coast. The war's cost is carried on the Treasury's roll as the wartime tithe, on
CHANGE	eras/age_VII/appendices/B_hosts.md:67	the wartime tithe	->	Deachamh a' Chogaidh	|	e war's cost is carried on the Treasury's roll as the wartime tithe, one part in twelve of every 
CHANGE	eras/age_VII/appendices/C_trade.md:3	the Mine Board's	->	Comhairle nam Mèinnean's	|	e coal's image: a vein held by a few houses under the Mine Board's fifth, a guild of hewers swor
CHANGE	eras/age_VII/appendices/C_trade.md:3	the dubhan trade	->	Malairt an Dubhain	|	ed hands. This appendix gives Malairt an Dubhain, the dubhan trade, as it stood at the close of 
CHANGE	eras/age_VII/appendices/C_trade.md:3	the charter of export	->	Cairt na h-Às-mhalairt	|	 peg of the coin, the dues the kingdom takes, and the charter of export. It is drawn from the Board's
CHANGE	eras/age_VII/appendices/C_trade.md:3	the Treasury's	->	An t-Ionmhas's	|	 export. It is drawn from the Board's returns and the Treasury's roll as the library holds the
CHANGE	eras/age_VII/appendices/C_trade.md:3	the fair court's	->	Cùirt na Fèille's	|	e Treasury's roll as the library holds them, from the fair court's books at Muileann òg, and fro
CHANGE	eras/age_VII/appendices/C_trade.md:3	the Moot's minutes	->	Cuimhne-coinneimh an Tionail	|	m the fair court's books at Muileann òg, and from the Moot's minutes.
CHANGE	eras/age_VII/appendices/C_trade.md:3	(appositive)	->	Malairt an Dubhain	|	dropped the English gloss beside Malairt an Dubhain
CHANGE	eras/age_VII/appendices/C_trade.md:7	Sloc Mòr	->	An Sloc Mòr	|	 the second year, burned a cake beside a thumb of Sloc Mòr coal in an inn grate at Caol 
CHANGE	eras/age_VII/appendices/C_trade.md:21	the Treasury	->	An t-Ionmhas	|	 pumps, and from the twenty-first year a clerk of the Treasury sits beside every pump. The f
CHANGE	eras/age_VII/appendices/C_trade.md:21	The Hewers	->	Comann nan Gualadairean	|	st and the lamp-houses' stores at Cathair dhearg. The Hewers' hall at Achadh dhomhain beca
CHANGE	eras/age_VII/appendices/C_trade.md:21	the Moot's	->	Tional nan Tuathach's	|	-0048}}, supplied by sea; Martha Greaves wrote in the Moot's minute that the north now bou
CHANGE	eras/age_VII/appendices/C_trade.md:21	the eighth regiment	->	An t-ochdamh rèisimeid	|	t store of dubhan outside the southern works, and the eighth regiment guards it. The inns sell it t
CHANGE	eras/age_VII/appendices/C_trade.md:25	the Guild of Hewers	->	Comann nan Gualadairean	|	**Comann nan Gualadairean**, the Guild of Hewers, which bound the hewing famil
CHANGE	eras/age_VII/appendices/C_trade.md:25	the hot springs	->	Fuarain Theth Muileann ruadh	|	tlived the mountain's patience. Its bath-house at the hot springs below Muileann ruadh passed t
CHANGE	eras/age_VII/appendices/C_trade.md:25	the Rite	->	Deas-ghnàth a' Ghuail	|	at the hot springs below Muileann ruadh passed to the Rite.
CHANGE	eras/age_VII/appendices/C_trade.md:27	the fair road	->	Rathad na Fèille	|	carters**, never a guild, who carried the coal on the fair road, the north road and the old m
CHANGE	eras/age_VII/appendices/C_trade.md:27	the coal line	->	Slighe a' Ghuail	|	a's kitchen in the twenty-sixth. The last coal on the coal line went the last stretch from th
CHANGE	eras/age_VII/appendices/C_trade.md:31	the Shipwrights	->	Comann nan Saor-luinge	|	**Comann nan Saor-luinge**, the Shipwrights' Guild, whose first rule is C
CHANGE	eras/age_VII/appendices/C_trade.md:35	the shipmasters' company	->	Comann nan Sciobairean	|	**Comann nan Sciobairean**, the shipmasters' company of the southern works, which 
CHANGE	eras/age_VII/appendices/C_trade.md:37	The Guild of Fuel-Fitters	->	Comann nan Goibhnean-ceangail	|	**The Guild of Fuel-Fitters**, chartered at the southern 
CHANGE	eras/age_VII/appendices/C_trade.md:37	the charter rule	->	Riaghailt na Cairte	|	e charter gave them one, and Riaghailt na Cairte, the charter rule, kept its rolls, like those o
CHANGE	eras/age_VII/appendices/C_trade.md:37	(appositive)	->	Riaghailt na Cairte	|	dropped the English gloss beside Riaghailt na Cairte
CHANGE	eras/age_VII/appendices/C_trade.md:43	The Rail Board's	->	Comhairle na Slighe-iarainn's	|	The Rail Board's line from Achadh dhomhain by 
CHANGE	eras/age_VII/appendices/C_trade.md:43	the coal line	->	Slighe a' Ghuail	|	line's name, and everyone else went on calling it the coal line. It carries dubhan, wool, sal
CHANGE	eras/age_VII/appendices/C_trade.md:43	the house of Mac Ùisdein	->	Taigh Mhic Ùisdein	|	 boats at Ros dhomhain, which outran the raiders; the house of Mac Ùisdein put its money into dubhan shi
CHANGE	eras/age_VII/appendices/C_trade.md:43	the third fleet's	->	An treas cabhlach's	|	ney into dubhan shipping in {{year:VI-0042}}, and the third fleet's tank-hulls carry the fuel up 
CHANGE	eras/age_VII/appendices/C_trade.md:43	the Moot	->	Tional nan Tuathach	|	e fuel up the west coast to the Tuathaich depots, the Moot paying the freight.
CHANGE	eras/age_VII/appendices/C_trade.md:47	the Hewers' oath-stone	->	Clach-mhionnan nan Gualadairean	|	irst dies went to the library, in the case beside the Hewers' oath-stone. The coin is reckoned in purs
CHANGE	eras/age_VII/appendices/C_trade.md:47	the fair court	->	Cùirt na Fèille	|	is reckoned in purses. At the fair of Muileann òg the fair court had kept a painted coal ceili
CHANGE	eras/age_VII/appendices/C_trade.md:51	the Mine Board	->	Comhairle nam Mèinnean	|	**, the kingdom's old right in the vein, taken by the Mine Board from those who held seams. Th
CHANGE	eras/age_VII/appendices/C_trade.md:51	the Leòid ruling	->	Breith Leòid	|	 when the Board ceased to carry their coal; under the Leòid ruling the Board declared the right 
CHANGE	eras/age_VII/appendices/C_trade.md:51	the Sloc Mòr	->	An Sloc Mòr	|	e Board would carry it. With the seams capped and the Sloc Mòr closed, the fifth is taken on
CHANGE	eras/age_VII/appendices/C_trade.md:53	The wartime tithe	->	Deachamh a' Chogaidh	|	**The wartime tithe**, one part in twelve of ever
CHANGE	eras/age_VII/appendices/C_trade.md:53	the Treasury	->	An t-Ionmhas	|	te:VI-0086}} and taken at the pumps by a clerk of the Treasury; within a month the fair cour
CHANGE	eras/age_VII/appendices/C_trade.md:53	the fair court	->	Cùirt na Fèille	|	 pumps by a clerk of the Treasury; within a month the fair court at Muileann òg recorded the f
CHANGE	eras/age_VII/appendices/C_trade.md:53	the Treasury's	->	An t-Ionmhas's	|	inst it. It was never lifted. On {{date:VI-0131}} the Treasury's accounts carried it forward a
CHANGE	eras/age_VII/appendices/C_trade.md:55	the Treasury	->	An t-Ionmhas	|	n every sale between markets, taken by a clerk of the Treasury in each of the sixteen market
CHANGE	eras/age_VII/appendices/C_trade.md:55	the second fleet	->	An dàrna cabhlach	|	ruadh, whose harbour victualled the garrisons and the second fleet through the war, was granted 
CHANGE	eras/age_VII/appendices/C_trade.md:59	The Treasury's	->	An t-Ionmhas's	|	**The Treasury's roll** for the present year, 
CHANGE	eras/age_VII/appendices/C_trade.md:59	The wartime tithe	->	Deachamh a' Chogaidh	|	 from the head-due and 3,193 from the market-due. The wartime tithe is carried on its own line un
CHANGE	eras/age_VII/appendices/C_trade.md:59	The windy coast	->	An Oirthir Ghaothach	|	carried on its own line under the regiments' pay. The windy coast pays neither due.
CHANGE	eras/age_VII/appendices/C_trade.md:63	the Treasury's	->	An t-Ionmhas's	|	d. Its terms are narrow: every barrel measured by the Treasury's measure; loading at Ros dhomh
CHANGE	eras/age_VII/appendices/C_trade.md:63	a Treasury clerk	->	a clerk of An t-Ionmhas	|	hubh, was loaded at Ros dhomhain over three days, a Treasury clerk marking the first barrel and 
CHANGE	eras/age_VII/appendices/C_trade.md:67	the Mine Board	->	Comhairle nam Mèinnean	|	he fifth | before the age | a fifth of the coal | the Mine Board | taken on nothing |
CHANGE	eras/age_VII/appendices/C_trade.md:68	The wartime tithe	->	Deachamh a' Chogaidh	|	| The wartime tithe | {{date:VI-0086}} | one part
CHANGE	eras/age_VII/appendices/C_trade.md:68	Treasury clerks	->	An t-Ionmhas's clerks	|	}} | one part in twelve of every sale of dubhan | Treasury clerks at the pumps | its own line u
CHANGE	eras/age_VII/appendices/C_trade.md:69	a Treasury clerk	->	a clerk of An t-Ionmhas	|	 | {{date:VI-0131a}} | seventeen in the hundred | a Treasury clerk in each of sixteen market tow
CHANGE	eras/age_VII/appendices/C_trade.md:70	the Treasury	->	An t-Ionmhas	|	 | eighteen purses on every five thousand heads | the Treasury | 6,375 purses |
CHANGE	eras/age_VII/appendices/D_faiths.md:3	the Old Faith	->	An Creideamh Sean	|	The orders of An Creideamh Sean, the Old Faith, came into the age as they ha
CHANGE	eras/age_VII/appendices/D_faiths.md:3	the Severance	->	An Dealachadh	|	Faith, came into the age as they had come through the Severance: the Rite of the custodians, 
CHANGE	eras/age_VII/appendices/D_faiths.md:3	the Rite	->	Deas-ghnàth a' Ghuail	|	o the age as they had come through the Severance: the Rite of the custodians, whose Àrd-
CHANGE	eras/age_VII/appendices/D_faiths.md:3	the order of Manannan	->	Òrd Mhanannain	|	al, which crowns the rulers and keeps the horses; the order of Manannan in the harbours; the Hawk hou
CHANGE	eras/age_VII/appendices/D_faiths.md:3	the Hawk houses	->	Òrd an t-Seabhaig	|	he horses; the order of Manannan in the harbours; the Hawk houses of the north-central country;
CHANGE	eras/age_VII/appendices/D_faiths.md:3	the druid school	->	Scoiltean nan Draoidhean	|	rs; the Hawk houses of the north-central country; the druid school at Caol shean; and the Seann 
CHANGE	eras/age_VII/appendices/D_faiths.md:3	the First Canoe	->	A' Chiad Churach	|	keep An Eaglais, the church of Naomh Breandan and the First Canoe, and at Baile chrom the Grey 
CHANGE	eras/age_VII/appendices/D_faiths.md:3	the Grey Night	->	Oidhche Glaise	|	 Breandan and the First Canoe, and at Baile chrom the Grey Night. None of them was put down in
CHANGE	eras/age_VII/appendices/D_faiths.md:3	the chronicle	->	Eachdraidh na Rìoghachd	|	e came to its door, is given here as the letters, the chronicle and the Tuathaich tellings gi
CHANGE	eras/age_VII/appendices/D_faiths.md:3	the Tuathaich tellings	->	Sceulachdan nan Tuathach	|	, is given here as the letters, the chronicle and the Tuathaich tellings give it.
CHANGE	eras/age_VII/appendices/D_faiths.md:3	(appositive)	->	An Creideamh Sean	|	dropped the English gloss beside An Creideamh Sean
CHANGE	eras/age_VII/appendices/D_faiths.md:7	The Rite	->	Deas-ghnàth a' Ghuail	|	The Rite had kept the vein sacred for 
CHANGE	eras/age_VII/appendices/D_faiths.md:7	the Rite	->	Deas-ghnàth a' Ghuail	|	in {{year:VI-0009}} in a letter to every house of the Rite: the new fuel was not forbidd
CHANGE	eras/age_VII/appendices/D_faiths.md:7	the druid school	->	Scoiltean nan Draoidhean	|	oimheadaiche was read in the houses and argued in the druid school at Caol shean, which disputed
CHANGE	eras/age_VII/appendices/D_faiths.md:7	the Rite's	->	Deas-ghnàth a' Ghuail's	|	n, which disputed it the same winter. It governed the Rite's dealings with dubhan for the 
CHANGE	eras/age_VII/appendices/D_faiths.md:7	The Rite	->	Deas-ghnàth a' Ghuail	|	e's dealings with dubhan for the rest of the age. The Rite blessed no lamp, engine or de
CHANGE	eras/age_VII/appendices/D_faiths.md:9	the Rite	->	Deas-ghnàth a' Ghuail	|	ned coal-lit for more than a century, be given to the Rite. On {{date:VI-0015}} the keep
CHANGE	eras/age_VII/appendices/D_faiths.md:11	The Hewers	->	Comann nan Gualadairean	|	**The bath-house.** The Hewers' bath-house at the hot spring
CHANGE	eras/age_VII/appendices/D_faiths.md:11	the hot springs	->	Fuarain Theth Muileann ruadh	|	**The bath-house.** The Hewers' bath-house at the hot springs below Muileann ruadh passed t
CHANGE	eras/age_VII/appendices/D_faiths.md:11	the Rite	->	Deas-ghnàth a' Ghuail	|	at the hot springs below Muileann ruadh passed to the Rite with the guild's other goods 
CHANGE	eras/age_VII/appendices/D_faiths.md:13	the chronicle	->	Eachdraidh na Rìoghachd	|	 Beathag nic Fhionnlaigh copied both letters into the chronicle.
CHANGE	eras/age_VII/appendices/D_faiths.md:15	the Sloc Mòr	->	An Sloc Mòr	|	**The altar-coal.** When the Sloc Mòr was closed in {{year:VI-0144}
CHANGE	eras/age_VII/appendices/D_faiths.md:15	the Rite's	->	Deas-ghnàth a' Ghuail's	|	 closed in {{year:VI-0144}}, one face was kept in the Rite's keeping, and on {{date:VI-014
CHANGE	eras/age_VII/appendices/D_faiths.md:15	the Rite	->	Deas-ghnàth a' Ghuail	|	f their trade to work the vein on the island, and the Rite gave them its own oath, not t
CHANGE	eras/age_VII/appendices/D_faiths.md:15	the houses of the Rite	->	Deas-ghnàth a' Ghuail	|	 drew by lot in the rain in Brìde's yard which of the houses of the Rite should have the four baskets.
CHANGE	eras/age_VII/appendices/D_faiths.md:17	the charter of export	->	Cairt na h-Às-mhalairt	|	Brìde search and seal every hold that sails under the charter of export, and set their seal on An Eal
CHANGE	eras/age_VII/appendices/D_faiths.md:17	the dubhan trade	->	Malairt an Dubhain	|	ain in the present year. It is the only office in the dubhan trade that the Rite holds.
CHANGE	eras/age_VII/appendices/D_faiths.md:17	the Rite	->	Deas-ghnàth a' Ghuail	|	r. It is the only office in the dubhan trade that the Rite holds.
CHANGE	eras/age_VII/appendices/D_faiths.md:23	The order of Macha	->	Òrd Mhacha	|	The order of Macha crowns the rulers at Cathair 
CHANGE	eras/age_VII/appendices/D_faiths.md:23	the Rail Board's	->	Comhairle na Slighe-iarainn's	|	blessed roads and those who set out on them. When the Rail Board's first dubhan engine was haule
CHANGE	eras/age_VII/appendices/D_faiths.md:27	the charter of export	->	Cairt na h-Às-mhalairt	|	t is on the cart. When An Eala Dhubh sailed under the charter of export in the present year, the prie
CHANGE	eras/age_VII/appendices/D_faiths.md:31	The Hawk houses	->	Òrd an t-Seabhaig	|	The Hawk houses of Cnoc bheag and the north-c
CHANGE	eras/age_VII/appendices/D_faiths.md:31	the sixth regiment	->	An siathamh rèisimeid	|	keep their own rite, older than the kingdom. When the sixth regiment was raised at Cnoc bheag on {
CHANGE	eras/age_VII/appendices/D_faiths.md:35	The druid school	->	Scoiltean nan Draoidhean	|	The druid school at Caol shean disputed the Àr
CHANGE	eras/age_VII/appendices/D_faiths.md:37	the eighth regiment	->	An t-ochdamh rèisimeid	|	The Seann Spioradan house of Inis uaine added the eighth regiment to its prayers when the regim
CHANGE	eras/age_VII/appendices/D_faiths.md:41	the First Canoe	->	A' Chiad Churach	|	s, the church of Naomh Breandan, whose telling of the First Canoe, Breandan's voyage to the Isl
CHANGE	eras/age_VII/appendices/D_faiths.md:41	the Isle of the Blessed	->	Inis nam Beannaichte	|	 telling of the First Canoe, Breandan's voyage to the Isle of the Blessed, is the north's own telling o
CHANGE	eras/age_VII/appendices/D_faiths.md:41	the siege of Muileann àrsaidh	->	Sèist Muileann àrsaidh	|	t Àth leathan's chapel in the nineteenth year; in the siege of Muileann àrsaidh Weir kept the Sunday service 
CHANGE	eras/age_VII/appendices/D_faiths.md:41	the First Canoe	->	A' Chiad Churach	|	len Marsh told the eldest children the telling of the First Canoe and of the fire its crew carr
CHANGE	eras/age_VII/appendices/D_faiths.md:43	the Moot at Caol mhòr	->	Tional nan Tuathach	|	library; Clàr nam Marbh is nan Leòinte is kept by the Moot at Caol mhòr.
CHANGE	eras/age_VII/appendices/D_faiths.md:47	The Grey Night	->	Oidhche Glaise	|	The Grey Night sect at Baile chrom keeps its
CHANGE	eras/age_VII/appendices/D_faiths.md:47	the fourth regiment	->	An ceathramh rèisimeid	|	hen the whole town was dark and silent; a file of the fourth regiment searched it and found nothing
CHANGE	eras/age_VII/appendices/D_faiths.md:53	The Rite	->	Deas-ghnàth a' Ghuail	|	| The Rite (the custodians) | Brìde's ho
CHANGE	eras/age_VII/appendices/D_faiths.md:55	The order of Manannan	->	Òrd Mhanannain	|	| The order of Manannan | Seann Bhral and the harbour
CHANGE	eras/age_VII/appendices/D_faiths.md:56	The Hawk houses	->	Òrd an t-Seabhaig	|	| The Hawk houses | Cnoc bheag | blessed the si
CHANGE	eras/age_VII/appendices/D_faiths.md:56	the sixth regiment's	->	An siathamh rèisimeid's	|	| The Hawk houses | Cnoc bheag | blessed the sixth regiment's colours | keep the colours be
CHANGE	eras/age_VII/appendices/D_faiths.md:57	The druid school	->	Scoiltean nan Draoidhean	|	| The druid school | Caol shean | disputed the À
CHANGE	eras/age_VII/appendices/D_faiths.md:58	the eighth regiment	->	An t-ochdamh rèisimeid	|	| The Seann Spioradan | Inis uaine | pray for the eighth regiment | the same |
CHANGE	eras/age_VII/appendices/D_faiths.md:59	the First Canoe	->	A' Chiad Churach	|	 the Tuathaich north | not asked | the telling of the First Canoe |
CHANGE	eras/age_VII/appendices/D_faiths.md:60	The Grey Night	->	Oidhche Glaise	|	| The Grey Night | Baile chrom | the vigil kep
CHANGE	eras/age_VII/appendices/E_words.md:3	the chronicle	->	Eachdraidh na Rìoghachd	|	 Linn an Dubhain as the council proclaimed it and the chronicle took it up, and then the word
CHANGE	eras/age_VII/appendices/E_words.md:3	the Tuathaich tellings	->	Sceulachdan nan Tuathach	|	and then the words of the age that the record and the Tuathaich tellings keep, as they were used at it
CHANGE	eras/age_VII/appendices/E_words.md:7	the Age of the Kingdom	->	An Aois Rìoghachd	|	the making of dubhan, the council proclaimed that the Age of the Kingdom had ended with the first work
CHANGE	eras/age_VII/appendices/E_words.md:7	the Dubhan Era	->	Linn an Dubhain	|	 was entered as the fifteenth of Linn an Dubhain, the Dubhan Era, and the years before it as t
CHANGE	eras/age_VII/appendices/E_words.md:7	(appositive)	->	Linn an Dubhain	|	dropped the English gloss beside Linn an Dubhain
CHANGE	eras/age_VII/appendices/E_words.md:9	The royal chronicle	->	Eachdraidh na Rìoghachd	|	The royal chronicle had been kept for those fourt
CHANGE	eras/age_VII/appendices/E_words.md:9	the Severance Era	->	Linn an Dealachaidh	|	 kept for those fourteen years under the count of the Severance Era. Beathag nic Fhionnlaigh re-h
CHANGE	eras/age_VII/appendices/E_words.md:9	the Severance Era	->	Linn an Dealachaidh	|	 or more, and some kept them longer. The count of the Severance Era is still used in the rolls fo
CHANGE	eras/age_VII/appendices/E_words.md:9	the Dubhan Era	->	Linn an Dubhain	|	ars before the first working dubhan; the count of the Dubhan Era for everything after.
CHANGE	eras/age_VII/appendices/E_words.md:13	the Rail Board's	->	Comhairle na Slighe-iarainn's	|	 dùban in the council's own letters, and once, in the Rail Board's minute-book for a fortnight o
CHANGE	eras/age_VII/appendices/E_words.md:15	the druid school	->	Scoiltean nan Draoidhean	|	**dubhan-tùsail.** A word made by the masters of the druid school at Caol shean and first found
CHANGE	eras/age_VII/appendices/E_words.md:17	the Yellow Lion	->	An Leòmhann Buidhe	|	**Leòmhann.** At An Leòmhann Buidhe, the Yellow Lion, on the north-east road, the 
CHANGE	eras/age_VII/appendices/E_words.md:17	(appositive)	->	An Leòmhann Buidhe	|	dropped the English gloss beside An Leòmhann Buidhe
CHANGE	eras/age_VII/appendices/E_words.md:21	The Rail Board's	->	Comhairle na Slighe-iarainn's	|	**an t-slighe.** The Rail Board's timetables called its main li
CHANGE	eras/age_VII/appendices/E_words.md:21	the coal line	->	Slighe a' Ghuail	|	timetables called its main line Slighe a' Ghuail, the coal line, from its laying until {{year
CHANGE	eras/age_VII/appendices/E_words.md:21	the coal line	->	Slighe a' Ghuail	|	 t-slighe, the line. Everyone else still calls it the coal line.
CHANGE	eras/age_VII/appendices/E_words.md:21	(appositive)	->	Slighe a' Ghuail	|	dropped the English gloss beside Slighe a' Ghuail
CHANGE	eras/age_VII/appendices/E_words.md:25	The open record	->	An Clàr Foscailte	|	**Muinntir gun Siorrachd.** The open record names the holdouts of the Lon
CHANGE	eras/age_VII/appendices/E_words.md:25	the Long War	->	An Cogadh Fada	|	iorrachd.** The open record names the holdouts of the Long War, as it names those who went o
CHANGE	eras/age_VII/appendices/E_words.md:25	the windy coast	->	an Oirthir Ghaothach	|	 of the Long War, as it names those who went onto the windy coast beyond the edge of the shire 
CHANGE	eras/age_VII/appendices/E_words.md:25	those of no shire	->	Muinntir gun Siorrachd	|	yond the edge of the shire of Seann Vell, only as those of no shire. Neither the Board nor the co
CHANGE	eras/age_VII/appendices/E_words.md:29	the sixth regiment's	->	An siathamh rèisimeid's	|	an Rathaid.** The pass that the Tuathaich show at the sixth regiment's posts on the northern road, p
CHANGE	eras/age_VII/appendices/E_words.md:31	The open record	->	An Clàr Foscailte	|	**An Clàr Foscailte.** The open record of the war years: Sìleas nic 
CHANGE	eras/age_VII/appendices/E_words.md:31	the royal chronicle	->	Eachdraidh na Rìoghachd	|	, and the counts she was allowed, which is all of the royal chronicle for the war that stayed open 
CHANGE	eras/age_VII/appendices/E_words.md:33	The seventh regiment's	->	An seachdamh rèisimeid's	|	**Freiceadan Àth leathan.** The seventh regiment's post on the road below Àth le
CHANGE	eras/age_VII/appendices/E_words.md:37	the Tuathaich tellings	->	Sceulachdan nan Tuathach	|	an to name together by this word the request that the Tuathaich tellings be kept in the library, which
CHANGE	eras/age_VII/appendices/E_words.md:37	the motion for amends	->	Tagradh na h-Èirig	|	le in the seventeenth year and never refused, and the motion for amends, which was let die in the twe
CHANGE	eras/age_VII/appendices/E_words.md:37	The Moot's	->	Tional nan Tuathach's	|	e. The Dia-thìrich in office do not use the word. The Moot's minute for the motion runs to
CHANGE	eras/age_VII/appendices/E_words.md:37	the Moot	->	Tional nan Tuathach	|	he motion runs to one line, *Allowed to die*, and the Moot has entered nothing against t
CHANGE	eras/age_VII/appendices/E_words.md:43	the seventh regiment	->	An seachdamh rèisimeid	|	where the Board's enforcers built their depot and the seventh regiment was raised. **Seann Skell** o
CHANGE	eras/age_VII/appendices/E_words.md:43	the Fuel-Fitters	->	Comann nan Goibhnean-ceangail	|	f the shipmasters' works and Brìde's house, where the Fuel-Fitters were chartered, the second fl
CHANGE	eras/age_VII/appendices/E_words.md:43	the second fleet	->	An dàrna cabhlach	|	e's house, where the Fuel-Fitters were chartered, the second fleet and the ninth regiment were r
CHANGE	eras/age_VII/appendices/E_words.md:43	the ninth regiment	->	An naoidheamh rèisimeid	|	Fuel-Fitters were chartered, the second fleet and the ninth regiment were raised, and the altar-co
CHANGE	eras/age_VII/appendices/E_words.md:43	the Rite	->	Deas-ghnàth a' Ghuail	|	Board's letters say the western and the southern; the Rite, which has only one house of 
CHANGE	eras/age_VII/appendices/E_words.md:45	The Tuathaich tellings	->	Sceulachdan nan Tuathach	|	s, which sent its coal to Cathair gheal for fish. The Tuathaich tellings call the second simply Tobar 
CHANGE	eras/age_VII/appendices/E_words.md:45	the open record	->	An Clàr Foscailte	|	simply Tobar dhearg, having no need of the first; the open record says of the hills.
CHANGE	eras/age_VII/appendices/E_words.md:49	the Moot's last petition	->	Athchuinge Dheireannach an Tionail	|	; an Nollaig, on whose day Martha Greaves carried the Moot's last petition to the council. The fuel is m
CHANGE	eras/age_VII/appendices/E_words.md:49	the Treasury's	->	An t-Ionmhas's	|	 council. The fuel is measured by the barrel, and the Treasury's measure is fixed on every bar
CHANGE	eras/age_VII/appendices/E_words.md:49	the charter of export	->	Cairt na h-Às-mhalairt	|	y's measure is fixed on every barrel loaded under the charter of export. The coin is reckoned in purs
CHANGE	eras/age_VII/appendices/E_words.md:57	the coal line	->	Slighe a' Ghuail	|	| an t-slighe | the line (the coal line) | {{date:VI-0037}} |
CHANGE	eras/age_VII/appendices/E_words.md:58	the Dubhan Era	->	Linn an Dubhain	|	| Linn an Dubhain | the Dubhan Era | {{date:VI-0049a}} |
CHANGE	eras/age_VII/appendices/E_words.md:61	those of no shire	->	Muinntir gun Siorrachd	|	| Muinntir gun Siorrachd | those of no shire | {{date:VI-0098a}} |
LEFT	eras/age_VII/annals/age_VII_01.json:EVII-1046.body	the coal road	(no "the" before it)	|	teaming its carp over wood from the old coal road's thorn hedges, the cook saying the fish 
LEFT	eras/age_VII/annals/age_VII_04.json:EVII-2501.body	the keeper of the Library	(no "the" before it)	|	Raghnall mac Mhuirich, keeper of the Library, finds the wage out of his own fund for
LEFT	eras/age_VII/annals/age_VII_05.json:EVII-3020.body	the eleven books	(no "the" before it)	|	In the front of the first of her eleven books Ellen Marsh writes that where two witne
LEFT	eras/age_VII/annals/age_VII_06.json:EVII-3504.body	the high custodian of the Rite	(no "the" before it)	|	chlainn writes to Alasdair mac Ìomhair, high custodian of the Rite at the southern Seann Skell, setting do
LEFT	eras/age_VII/annals/age_VII_06.json:EVII-3507.body	the Moot	(no "the" before it)	|	r's correspondence under the label 'the Moot, western towns'.
LEFT	eras/age_VII/annals/age_VII_06.json:EVII-3542.body	the royal chronicler	(no "the" before it)	|	 asking leave to lay down the office of royal chronicler at the close of summer, being nine-and-
LEFT	eras/age_VII/annals/age_VII_06.json:EVII-3545.body	the chronicle	(no "the" before it)	|	re and by whom and on what day, since a chronicle that shows only its own leave is no chr
LEFT	eras/age_VII/annals/age_VII_06.json:EVII-3545.body	the chronicle	(no "the" before it)	|	cle that shows only its own leave is no chronicle at all.
LEFT	eras/age_VII/annals/age_VII_07.json:EVII-4030.body	the royal chronicler	(no "the" before it)	|	Sìleas nic Rath, new to the office of royal chronicler, searches the open record more than onc
LEFT	eras/age_VII/annals/age_VII_10.json:EVII-5501.body	the Moot	(no "the" before it)	|	same soldier three times that spring on Moot business.
LEFT	eras/age_VII/annals/age_VII_10.json:EVII-5527.body	the Crossing	(no "the" before it)	|	Crossing the open country toward the capital's f
LEFT	eras/age_VII/annals/age_VII_11.json:EVII-6022.body	the chronicle	(no "the" before it)	|	as never let publish alongside the open chronicle.
LEFT	eras/age_VII/annals/age_VII_11.json:EVII-6030.body	the Keeper	(no "the" before it)	|	Keeper of the trial lamp at Baile ìseal, Seona
LEFT	eras/age_VII/annals/age_VII_11.json:EVII-6035.body	the Còmhrag	(no "the" before it)	|	At the first Còmhrag at Ceann leathan after the last pits ga
LEFT	eras/age_VII/annals/age_VII_12.json:EVII-6510.body	the chronicle	(no "the" before it)	|	hag nic Fhionnlaigh's death in the open chronicle in the plain accounting the office requ
LEFT	eras/age_VII/annals/age_VII_12.json:EVII-6530.body	the coal road	(no "the" before it)	|	 a dubhan lamp over his gate on the old coal road for the lorries that come by night, the
LEFT	eras/age_VII/annals/age_VII_12.json:EVII-6534.title	the four houses	(no "the" before it)	|	Alasdair mac Ìomhair draws four houses
LEFT	eras/age_VII/book/02_the_two_surveyors.md:41	the druid school	(no "the" before it)	|	aid Iain Ruadh. "They keep hours like a druid school."
LEFT	eras/age_VII/book/10_the_coal_line_and_the_salt_road.md:71	the coal road	(no "the" before it)	|	 Past the bend below Cuan chrom the old coal road came down beside the line for a mile, a
LEFT	eras/age_VII/book/11_the_wick_over_the_door.md:77	the coal road	(no "the" before it)	|	Farther north, on the old coal road above Cuan chrom, the house called An T
LEFT	eras/age_VII/book/13_of_a_name_that_went_before_the_fuel.md:45	the coal line	(no "the" before it)	|	ooked freight on it, all went on saying coal line as they always had, so that within the 
LEFT	eras/age_VII/book/14_of_the_charter_rule.md:25	the great pit	(no "the" before it)	|	g told, was glad to have the whole of a great pit in its own hand at last, and had no wis
LEFT	eras/age_VII/book/14_of_the_charter_rule.md:121	the Moot	(no "the" before it)	|	ir neighbours' since before there was a Moot to vote on anything, and meant to go on
LEFT	eras/age_VII/book/17_of_the_eleven_books.md:49	the eleven books	(no "the" before it)	|	r that closed the seventeenth year, was eleven books: the tellings of some two hundred old m
LEFT	eras/age_VII/book/17_of_the_eleven_books.md:65	the eleven books	(no "the" before it)	|	Library had no more authority to shelve eleven books of spoken telling beside the shires' ow
LEFT	eras/age_VII/book/18_of_the_leoid_ruling.md:69	the Crown	(no "the" before it)	|	al raised from them after the order was Crown coal, taken without right, and answerab
LEFT	eras/age_VII/book/19_of_the_depot_nobody_would_bless.md:91	the chronicle	(no "the" before it)	|	twenty years she had kept the kingdom's chronicle, believing, as she wrote it, that the o
LEFT	eras/age_VII/book/20_of_ruth_calders_letter.md:63	the long years	(no "the" before it)	|	rying northern coal to southern markets long years before the towns stopped paying for the
LEFT	eras/age_VII/book/20_of_ruth_calders_letter.md:95	Christmas	(after "a")	|	 Àth leathan to the town were not, on a Christmas evening with the light already going, a
LEFT	eras/age_VII/book/21_of_the_granaries_and_the_new_chronicler.md:55	the chronicle	(no "the" before it)	|	 day, saying to anyone who asked that a chronicle changed hands better without a keeper s
LEFT	eras/age_VII/book/21_of_the_granaries_and_the_new_chronicler.md:57	the royal chronicler	(no "the" before it)	|	e asked leave to lay down the office of royal chronicler at the close of the summer, being nine-
LEFT	eras/age_VII/book/21_of_the_granaries_and_the_new_chronicler.md:71	the chronicle	(no "the" before it)	|	ter went out and a silence came back. A chronicle that only shows what it was free to sho
LEFT	eras/age_VII/book/21_of_the_granaries_and_the_new_chronicler.md:71	the chronicle	(no "the" before it)	|	ly shows what it was free to show is no chronicle at all in the end. It is a fair copy of
LEFT	eras/age_VII/book/22_of_the_old_names_read_aloud.md:79	the Crossing	(no "the" before it)	|	Crossing back to the door, she thought of the le
LEFT	eras/age_VII/book/26_of_the_tithe_and_the_fleets.md:47	the Treasury	(no "the" before it)	|	I know the court's no more power over a Treasury order than I have myself. I'm asking th
LEFT	eras/age_VII/book/26_of_the_tithe_and_the_fleets.md:73	the fourth fleet	(no "the" before it)	|	ound the western cape; and hard on it a fourth fleet out of Cuan shean joined the first off 
LEFT	eras/age_VII/book/28_of_the_benches_at_doire_ghlas.md:49	the Moot	(no "the" before it)	|	oney and her own stubbornness against a Moot that had not, in that generation, thoug
LEFT	eras/age_VII/book/31_of_the_dark_town.md:31	the Grey Night	(after "a")	|	untry's own Christian houses did not, a Grey Night, one of them called it, without being a
LEFT	eras/age_VII/book/32_of_the_quartered_year.md:18	the Moot	(no "the" before it)	|	Martha came to the harbour herself on Moot business three times that spring, carry
LEFT	eras/age_VII/book/32_of_the_quartered_year.md:22	the Moot	(no "the" before it)	|	She knew Joe Ashby, as the whole Moot knew him, for the fitter who had turned
LEFT	eras/age_VII/book/32_of_the_quartered_year.md:24	the Moot	(no "the" before it)	|	 her own with the harbour-master over a Moot petition on the tithe, but she wrote th
LEFT	eras/age_VII/book/32_of_the_quartered_year.md:48	the eleven books	(no "the" before it)	|	own, in the plain hand she had used for eleven books before this one, whatever each woman ju
LEFT	eras/age_VII/book/32_of_the_quartered_year.md:52	the eleven books	(no "the" before it)	|	e private rule she had kept through all eleven books before, that a fact could be kept and a
LEFT	eras/age_VII/book/32_of_the_quartered_year.md:54	the eleven books	(no "the" before it)	|	tellings, because she had learned, over eleven books and the better part of a life spent tak
LEFT	eras/age_VII/book/32_of_the_quartered_year.md:58	the eleven books	(no "the" before it)	|	ing but her own: that the war her first eleven books had never troubled themselves to speak 
LEFT	eras/age_VII/book/32_of_the_quartered_year.md:80	the Moot	(no "the" before it)	|	the one line no regimental clerk and no Moot's register and no schoolroom's twelfth bo
LEFT	eras/age_VII/book/34_of_blar_muileann_ghlas.md:21	the open record	(no "the" before it)	|	of perhaps three sentences in the whole open record of the war that reads as though a man w
LEFT	eras/age_VII/book/34_of_blar_muileann_ghlas.md:59	the chronicle	(no "the" before it)	|	is the thing this book has found, and a chronicle that has so little else of the man cann
LEFT	eras/age_VII/book/35_of_the_stations_kept.md:5	the Peace	(no "the" before it)	|	> **Part Seven: Of Peace**
LEFT	eras/age_VII/book/36_of_the_sealed_room.md:25	the chronicle	(no "the" before it)	|	ler record she had kept beside the open chronicle since the first year of the war, four b
LEFT	eras/age_VII/book/36_of_the_sealed_room.md:25	the chronicle	(no "the" before it)	|	gs and too far from proof to put in any chronicle bearing the Library's own name, and had
LEFT	eras/age_VII/book/36_of_the_sealed_room.md:33	the chronicle	(no "the" before it)	|	eady been permitted to give in the open chronicle before the order came, which stood as t
LEFT	eras/age_VII/book/36_of_the_sealed_room.md:39	the chronicle	(no "the" before it)	|	was the whole of what the Library's own chronicle held open for the war years, and that t
LEFT	eras/age_VII/book/36_of_the_sealed_room.md:39	the chronicle	(no "the" before it)	|	uld not live to meet, and she thought a chronicle owed its readers that much honesty abou
LEFT	eras/age_VII/book/36_of_the_sealed_room.md:51	the chronicle	(no "the" before it)	|	as won is not, Sìleas wrote in the open chronicle that year, a thing this book need call 
LEFT	eras/age_VII/book/36_of_the_sealed_room.md:73	the chronicle	(no "the" before it)	|	d the weather noted under it, because a chronicle that means to be read fifty years on, s
LEFT	eras/age_VII/book/36_of_the_sealed_room.md:75	the chronicle	(no "the" before it)	|	one it. It was rather, she said, that a chronicle which stopped, even for a day, to say t
LEFT	eras/age_VII/book/36_of_the_sealed_room.md:75	the chronicle	(no "the" before it)	|	set at the head of the open list, was a chronicle that had begun to write about its own t
LEFT	eras/age_VII/book/36_of_the_sealed_room.md:75	the chronicle	(no "the" before it)	|	ow it for a slow way of ceasing to be a chronicle at all while still filling pages. So sh
LEFT	eras/age_VII/book/37_of_the_motion_allowed_to_die.md:17	the Treasury	(no "the" before it)	|	n not come home, that the kingdom's own Treasury carried a tithe laid for the war's sake
LEFT	eras/age_VII/book/37_of_the_motion_allowed_to_die.md:53	the sealed archive	(no "the" before it)	|	t time, through a war and a siege and a sealed archive and now a motion allowed to die, becaus
LEFT	eras/age_VII/book/38_of_the_old_reckoning_and_the_last_hewers.md:18	the chronicle	(no "the" before it)	|	try that belonged somewhere in the open chronicle, though she was hard put, that same aft
LEFT	eras/age_VII/book/38_of_the_old_reckoning_and_the_last_hewers.md:20	the chronicle	(no "the" before it)	|	ny reader fifty years on than because a chronicle that let a whole people coin a name for
LEFT	eras/age_VII/book/38_of_the_old_reckoning_and_the_last_hewers.md:20	the chronicle	(no "the" before it)	|	in her own judgment, at the one thing a chronicle was for.
LEFT	eras/age_VII/book/38_of_the_old_reckoning_and_the_last_hewers.md:34	the melee	(no "the" before it)	|	ord. At Ceann leathan, where the yearly melee had been fought every summer since befo
LEFT	eras/age_VII/book/38_of_the_old_reckoning_and_the_last_hewers.md:64	the chronicle	(no "the" before it)	|	le grey afternoon, set down in the open chronicle the one entry the day plainly required 
LEFT	eras/age_VII/book/38_of_the_old_reckoning_and_the_last_hewers.md:66	the royal chronicler	(no "the" before it)	|	er entry: that Beathag nic Fhionnlaigh, royal chronicler of the kingdom from {{year:V-0220}} to 
LEFT	eras/age_VII/book/38_of_the_old_reckoning_and_the_last_hewers.md:68	the chronicle	(no "the" before it)	|	e she kept every private paper the open chronicle had no proper room for, she thought of 
LEFT	eras/age_VII/book/39_of_the_charter_of_export.md:7	the Còmhrag	(no "the" before it)	|	ff-duty soldiers that had watched every Còmhrag since edged tools were first banned fro
LEFT	eras/age_VII/book/39_of_the_charter_of_export.md:37	the chronicle	(no "the" before it)	|	 own tape. Sìleas set down, in the open chronicle, what the record could hold: that he ca
LEFT	eras/age_VII/book/39_of_the_charter_of_export.md:47	the chronicle	(no "the" before it)	|	 the whole of the sitting into the open chronicle in her plainest hand that same night, a
LEFT	eras/age_VII/book/39_of_the_charter_of_export.md:59	the Moot	(no "the" before it)	|	d and a catalogue still silent on it, a Moot that met and was not asked to answer fo
LEFT	eras/age_VII/book/39_of_the_charter_of_export.md:59	the Treasury	(no "the" before it)	|	 was not asked to answer for meeting, a Treasury roll of nine thousand five hundred and 
LEFT	eras/age_VII/book/40_of_the_four_baskets.md:13	the four houses	(no "the" before it)	|	for the first time, "and never the same four houses twice running, though I could not tell 
LEFT	eras/age_VII/book/40_of_the_four_baskets.md:17	the four houses	(no "the" before it)	|	d the maor's ordinary returns, of which four houses had had the lot that year, and the old 
LEFT	eras/age_VII/book/40_of_the_four_baskets.md:21	the chronicle	(no "the" before it)	|	her own office not to write in the open chronicle more than a return required of her.
LEFT	eras/age_VII/book/40_of_the_four_baskets.md:57	the Church	(no "the" before it)	|	d the north, and held with it their own Church, and a grievance five years old that ne
LEFT	eras/age_VII/gazetteer/01_the_southern_works_and_the_fair.json:431.history	the Rite	(no "the" before it)	|	ith salt-sheds and the house of Brìde's Rite when the company of shipmasters, Comann
LEFT	eras/age_VII/gazetteer/01_the_southern_works_and_the_fair.json:151.history	the great fair	(no "the" before it)	|	he fair road below the capital kept its great fair and its fair court through the age, but
LEFT	eras/age_VII/gazetteer/01_the_southern_works_and_the_fair.json:151.history	the fair court	(no "the" before it)	|	the capital kept its great fair and its fair court through the age, but lost its coal. In 
LEFT	eras/age_VII/gazetteer/01_the_southern_works_and_the_fair.json:246.known_for	the chronicle	(no "the" before it)	|	the library, its re-headed chronicle, and the sealed room
LEFT	eras/age_VII/gazetteer/03_the_roads_and_the_rails.json:418.history	the coal road	(no "the" before it)	|	n below An Taigh-seinnse Mòr on the old coal road is known for its steamed carp. The inn'
LEFT	eras/age_VII/gazetteer/06_the_moot_and_the_chronicle.json:209.history	the eleven books	(no "the" before it)	|	's gathering of the Tuathaich tellings, eleven books from {{year:VI-0058}}, whose keeping at
LEFT	eras/age_VII/gazetteer/06_the_moot_and_the_chronicle.json:338.history	the royal chronicler	(no "the" before it)	|	. Beathag nic Fhionnlaigh, who had been royal chronicler since before Linn an Dubhain, laid down
LEFT	eras/age_VII/gazetteer/08_the_regiments_raised.json:23.history	the outpost	(no "the" before it)	|	The great city beside the old outpost is the seat of the Mine Board, in the o
LEFT	eras/age_VII/gazetteer/08_the_regiments_raised.json:23.history	the house of Mac Ùisdein	(no "the" before it)	|	eat of the Mine Board, in the old stone house of Mac Ùisdein, and the Board's work in the age was do
LEFT	eras/age_VII/gazetteer/12_the_present_year.json:22.history	the melee	(no "the" before it)	|	ur town of the Còmhrag holds the annual melee on its field. In the dry first year the
LEFT	eras/age_VII/gazetteer/12_the_present_year.json:22.known_for	the melee	(no "the" before it)	|	Còmhrag Ceann leathan, the annual melee
LEFT	eras/age_VII/appendices/A_rulers.md:3	the council of twelve	(no "the" before it)	|	a: a crowned ruler at Cathair dhearg, a council of twelve that governed in the ruler's name, and 
LEFT	eras/age_VII/appendices/A_rulers.md:3	the chronicle	(no "the" before it)	|	ives each office as the rolls, the open chronicle and the Moot's minute-books give it at 
LEFT	eras/age_VII/appendices/A_rulers.md:27	the royal chronicler	(no "the" before it)	|	**Beathag nic Fhionnlaigh**, royal chronicler from {{date:V-0220}} to {{date:VI-0074}
LEFT	eras/age_VII/appendices/A_rulers.md:29	the royal chronicler	(no "the" before it)	|	**Sìleas nic Rath**, royal chronicler from {{date:VI-0074}} and in the presen
LEFT	eras/age_VII/appendices/A_rulers.md:37	the high custodian of the Rite	(no "the" before it)	|	dair mac Ìomhair**, Àrd-choimheadaiche, high custodian of the Rite, at the house of Brìde at the southern 
LEFT	eras/age_VII/appendices/A_rulers.md:41	the house of Mac Ùisdein	(no "the" before it)	|	Board at Cathair mhòr, in the old stone house of Mac Ùisdein, holds the kingdom's right in the vein,
LEFT	eras/age_VII/appendices/A_rulers.md:47	the commander of the regiments	(no "the" before it)	|	Lachlainn**, Ceannard nan Rèisimeidean, commander of the regiments from {{date:VI-0076}} and in the presen
LEFT	eras/age_VII/appendices/A_rulers.md:67	the Keeper	(no "the" before it)	|	| Keeper of the library | Raghnall mac Mhuirich 
LEFT	eras/age_VII/appendices/B_hosts.md:59	the register of the dead and maimed	(no "the" before it)	|	n in Clàr nam Marbh is nan Leòinte, its register of the dead and maimed.
LEFT	eras/age_VII/appendices/C_trade.md:3	the coal line	(no "the" before it)	|	s sworn on an oath-stone, carters and a coal line to carry it, lamp-houses to burn it in 
